climate_region,urbanicity,urbanicity_short,catchment_type,catchment_code,catchment_label,population_2010,housing_units_2010,population_density_sqmi,housing_unit_density_sqmi,housing_unit_coverage_percentile,population_density_percentile,population_coverage_percentile,location_score,selection_rank,selected,station_distance_miles,selected_station_name,selected_station_number,selected_station_lat,selected_station_lon,centroid_lat,centroid_lon
Cold & Very Cold,higher density urban,HDU,CBSA,35620,"New York-Newark-Jersey City, NY-NJ",19536376,7902744,3938.3,1593.1,1.0,1.0,1.0,1.0,1,True,3.6,NY_PORT-AUTH-DOWNTN-MANHATTAN,720553,40.701,-74.009,40.72585,-73.94867
Cold & Very Cold,higher density urban,HDU,CBSA,12180,"Auburn, NY",26475,13092,3176.4,1570.7,0.6,0.6,0.6,0.6,2,False,26.4,NY_SYRACUSE-HANCOCK-IAP,725190,43.111,-76.104,42.93194,-76.56581
Cold & Very Cold,higher density urban,HDU,CBSA,41620,"Salt Lake City-Murray, UT",1217674,449102,3012.2,1111.0,0.8,0.2,0.8,0.59,3,False,9.4,UT_SALT-LAKE-CITY-IAP,725720,40.771,-111.965,40.63539,-111.9459
Cold & Very Cold,higher density urban,HDU,CBSA,36580,"Oneonta, NY",14467,6053,3317.4,1388.0,0.2,0.8,0.2,0.41,4,False,49.8,NY_BINGHAMTON-EDWIN-A-LINK-FL,725150,42.207,-75.98,42.45755,-75.06659
Cold & Very Cold,higher density urban,HDU,CBSA,11220,"Amsterdam, NY",18162,9318,3093.0,1586.9,0.4,0.4,0.4,0.4,5,False,13.7,NY_SCHENECTADY,744994,42.85,-73.95,42.94463,-74.18883
Cold & Very Cold,lower density urban,LDU,CBSA,16980,"Chicago-Naperville-Elgin, IL-IN",9120795,3791792,2564.0,1065.9,1.0,0.986301,1.0,0.995205,1,True,7.2,IL_CHICAGO-OHARE-IAP,725300,41.96,-87.932,41.86845,-87.86651
Cold & Very Cold,lower density urban,LDU,CBSA,19740,"Denver-Aurora-Centennial, CO",2824175,1199285,2709.2,1150.5,0.972603,1.0,0.972603,0.982192,2,False,10.7,CO_AURORA-BUCKLEY-FLD-ANGB,724695,39.717,-104.75,39.7133,-104.95186
Cold & Very Cold,lower density urban,LDU,CBSA,19820,"Detroit-Warren-Dearborn, MI",4176730,1836874,2004.8,881.7,0.986301,0.924658,0.986301,0.964726,3,False,4.1,MI_OAKLAND-TROY-AP,720113,42.543,-83.178,42.48662,-83.20223
Cold & Very Cold,lower density urban,LDU,CBSA,14460,"Boston-Cambridge-Newton, MA-NH",4855226,2020798,1626.9,677.2,0.993151,0.773973,0.993151,0.916439,4,False,6.6,MA_BOSTON-LOGAN-IAP,725090,42.361,-71.01,42.42498,-71.10715
Cold & Very Cold,lower density urban,LDU,CBSA,17820,"Colorado Springs, CO",676070,274074,2016.5,817.5,0.876712,0.938356,0.876712,0.898287,5,False,6.4,CO_COLORADO-SPRINGS-MUNI-AP,724660,38.809,-104.689,38.87868,-104.76671
Cold & Very Cold,lower density urban,LDU,CBSA,33460,"Minneapolis-St. Paul-Bloomington, MN-WI",3340235,1388330,1545.7,642.4,0.979452,0.732877,0.979452,0.893151,6,False,6.7,MN_MINNEAPOLIS-CRYSTAL,726575,45.062,-93.351,44.98785,-93.26184
Cold & Very Cold,lower density urban,LDU,CBSA,36540,"Omaha, NE-IA",851224,355478,1798.2,750.9,0.90411,0.863014,0.90411,0.889726,7,False,4.6,NE_MILLARD,720308,41.196,-96.112,41.23838,-96.04486
Cold & Very Cold,lower density urban,LDU,CBSA,14260,"Boise City, ID",686006,270335,1899.7,748.6,0.869863,0.89726,0.883562,0.882192,8,False,6.3,ID_NAMPA-MUNI-AP,720734,43.581,-116.523,43.61367,-116.40468
Cold & Very Cold,lower density urban,LDU,CBSA,39340,"Provo-Orem-Lehi, UT",648003,193552,2085.7,623.0,0.821918,0.952055,0.863014,0.875685,9,False,4.4,UT_PROVO-MUNI(AWOS),725724,40.219,-111.723,40.27865,-111.75008
Cold & Very Cold,lower density urban,LDU,CBSA,18140,"Columbus, OH",1877831,803476,1550.4,663.4,0.945205,0.746575,0.945205,0.875684,10,False,3.7,OH_COLUMBUS-PORT-COLUMBUS-IAP,724280,39.991,-82.877,40.0075,-82.94395
Cold & Very Cold,lower density urban,LDU,CBSA,26900,"Indianapolis-Carmel-Greenwood, IN",1892768,809228,1471.2,629.0,0.952055,0.691781,0.952055,0.860959,11,False,9.6,IN_EAGLE-CREEK,724384,39.825,-86.296,39.82628,-86.116
Cold & Very Cold,lower density urban,LDU,CBSA,36260,"Ogden, UT",606987,206636,1803.9,614.1,0.828767,0.869863,0.849315,0.84726,12,False,0.9,UT_OGDEN-HILL-AFB,725755,41.117,-111.967,41.10555,-111.97694
Cold & Very Cold,lower density urban,LDU,CBSA,17410,"Cleveland, OH",2052375,966800,1398.7,658.9,0.965753,0.609589,0.965753,0.841096,13,False,4.9,OH_BURKE-LAKEFRONT,725245,41.526,-81.669,41.45576,-81.67568
Cold & Very Cold,lower density urban,LDU,CBSA,14860,"Bridgeport-Stamford-Danbury, CT",942350,372973,1486.3,588.3,0.910959,0.705479,0.917808,0.840411,14,False,12.3,CT_DANBURY-MUNI-AP,725086,41.372,-73.483,41.21175,-73.37891
Cold & Very Cold,lower density urban,LDU,CBSA,15380,"Buffalo-Cheektowaga, NY",1083532,504432,1444.7,672.6,0.924658,0.664384,0.924658,0.833562,15,False,3.7,NY_BUFFALO-NIAGARA-IAP,725280,42.94,-78.736,42.93843,-78.8088
Cold & Very Cold,lower density urban,LDU,CBSA,30700,"Lincoln, NE",298365,128780,2239.9,966.8,0.753425,0.979452,0.746575,0.831164,16,False,5.3,NE_LINCOLN-MUNI-AP,725510,40.848,-96.765,40.80614,-96.6791
Cold & Very Cold,lower density urban,LDU,CBSA,33340,"Milwaukee-Waukesha, WI",1520844,676300,1410.0,627.0,0.931507,0.636986,0.931507,0.828425,17,False,2.8,WI_MILWAUKEE-TIMMERMAN,726405,43.109,-88.031,43.07055,-88.0496
Cold & Very Cold,lower density urban,LDU,CBSA,39300,"Providence-Warwick, RI-MA",1618104,701482,1366.1,592.2,0.938356,0.582192,0.938356,0.813699,18,False,6.5,RI_PROVIDENCE-GREEN-STATE-AP,725070,41.723,-71.432,41.77261,-71.32567
Cold & Very Cold,lower density urban,LDU,CBSA,17140,"Cincinnati, OH-KY-IN",2021687,865550,1322.9,566.4,0.958904,0.527397,0.958904,0.807877,19,False,7.9,OH_CINCINNATI-MUNI-AP-LUNKI,724297,39.106,-84.416,39.21247,-84.4678
Cold & Very Cold,lower density urban,LDU,CBSA,35300,"New Haven, CT",566803,247217,1543.7,673.3,0.849315,0.726027,0.842466,0.804794,20,False,6.0,CT_NEW-HAVEN-TWEED-AP,725045,41.259,-72.889,41.34517,-72.8895
Cold & Very Cold,lower density urban,LDU,CBSA,14500,"Boulder, CO",300849,128680,1854.6,793.2,0.746575,0.876712,0.760274,0.794863,21,False,3.2,CO_BOULDER-MUNI-AP,720533,40.033,-105.217,40.06223,-105.1689
Cold & Very Cold,lower density urban,LDU,CBSA,45780,"Toledo, OH",528379,243943,1485.8,686.0,0.842466,0.69863,0.828767,0.789384,22,False,8.1,MI_LAMBERTVILLE,720275,41.736,-83.655,41.61938,-83.63505
Cold & Very Cold,lower density urban,LDU,CBSA,22020,"Fargo, ND-MN",214697,98947,1692.4,780.0,0.705479,0.828767,0.705479,0.74863,23,False,5.0,ND_FARGO-HECTOR-IAP,727530,46.924,-96.812,46.85209,-96.82396
Cold & Very Cold,lower density urban,LDU,CBSA,19780,"Des Moines-West Des Moines, IA",616160,265745,1321.9,570.1,0.863014,0.520548,0.856164,0.741781,24,False,5.6,IA_DES-MOINES-IAP,725460,41.534,-93.653,41.61554,-93.65733
Cold & Very Cold,lower density urban,LDU,CBSA,44140,"Springfield, MA",439621,185895,1399.7,591.9,0.808219,0.616438,0.808219,0.741096,25,False,5.5,MA_CHICOPEE-FALLS-WEST,744910,42.2,-72.533,42.12715,-72.57621
Cold & Very Cold,lower density urban,LDU,CBSA,45060,"Syracuse, NY",496146,222268,1336.9,598.9,0.835616,0.547945,0.821918,0.732192,26,False,3.2,NY_SYRACUSE-HANCOCK-IAP,725190,43.111,-76.104,43.10595,-76.1674
Cold & Very Cold,lower density urban,LDU,CBSA,40380,"Rochester, NY",873532,390937,1228.3,549.7,0.917808,0.376712,0.910959,0.727055,27,False,5.0,NY_GREATER-ROCHESTER-IAP,725290,43.117,-77.675,43.13576,-77.57871
Cold & Very Cold,lower density urban,LDU,CBSA,40420,"Rockford, IL",282605,123603,1447.5,633.1,0.739726,0.671233,0.739726,0.715753,28,False,21.5,WI_SOUTHERN-WISC-RGNL-AP,726415,42.617,-89.033,42.30533,-89.02543
Cold & Very Cold,lower density urban,LDU,CBSA,14010,"Bloomington, IL",129918,58523,1898.7,855.3,0.616438,0.890411,0.60274,0.709589,29,False,1.5,IL_CENTRAL-ILLINOIS-RG,724397,40.483,-88.95,40.49513,-88.97358
Cold & Very Cold,lower density urban,LDU,CBSA,11260,"Anchorage, AK",318329,130662,1383.3,567.8,0.760274,0.60274,0.767123,0.706507,30,False,1349.5,WA_QUILLAYUTE-STATE-AP,727970,47.937,-124.558,61.26372,-149.7401
Cold & Very Cold,lower density urban,LDU,CBSA,23060,"Fort Wayne, IN",373090,159826,1335.0,571.9,0.794521,0.534247,0.80137,0.704795,31,False,9.1,IN_FORT-WAYNE-IAP,725330,40.972,-85.206,41.09353,-85.13954
Cold & Very Cold,lower density urban,LDU,CBSA,19430,"Dayton-Kettering-Beavercreek, OH",747287,344753,1206.1,556.4,0.89726,0.349315,0.890411,0.704109,32,False,7.3,OH_DAYTON-WRIGHT-PATTERSON,745700,39.833,-84.05,39.77608,-84.1662
Cold & Very Cold,lower density urban,LDU,CBSA,10580,"Albany-Schenectady-Troy, NY",748763,344592,1194.2,549.6,0.890411,0.328767,0.89726,0.695205,33,False,3.0,NY_ALBANY-CO-AP,725180,42.747,-73.799,42.78993,-73.79602
Cold & Very Cold,lower density urban,LDU,CBSA,19340,"Davenport-Moline-Rock Island, IA-IL",299186,137932,1294.9,597.0,0.767123,0.465753,0.753425,0.658904,34,False,4.6,IL_MOLINE-QUAD-CITY-IAP,725440,41.448,-90.524,41.51281,-90.50319
Cold & Very Cold,lower density urban,LDU,CBSA,10420,"Akron, OH",655896,299950,1155.5,528.4,0.883562,0.246575,0.869863,0.657877,35,False,6.3,OH_AKRON-FULTON-IAP,724303,41.037,-81.463,41.12811,-81.47379
Cold & Very Cold,lower density urban,LDU,CBSA,29620,"Lansing-East Lansing, MI",360596,162963,1231.5,556.5,0.80137,0.390411,0.794521,0.656165,36,False,4.9,MI_LANSING-CAPITAL-CITY-AP,725390,42.776,-84.6,42.71482,-84.55006
Cold & Very Cold,lower density urban,LDU,CBSA,26980,"Iowa City, IA",129088,57072,1545.8,683.4,0.60274,0.739726,0.59589,0.649315,37,False,1.3,IA_IOWA-CITY-MUNI,725462,41.639,-91.545,41.65463,-91.55828
Cold & Very Cold,lower density urban,LDU,CBSA,24300,"Grand Junction, CO",134210,58309,1501.6,652.4,0.609589,0.712329,0.609589,0.645548,38,False,3.2,CO_GRAND-JUNCTION-WALKER-FLD,724760,39.134,-108.541,39.08824,-108.54983
Cold & Very Cold,lower density urban,LDU,CBSA,24580,"Green Bay, WI",230425,99596,1319.1,570.2,0.712329,0.5,0.719178,0.639384,39,False,5.7,WI_GREEN-BAY-AUSTIN-IAP,726450,44.48,-88.137,44.50648,-88.02767
Cold & Very Cold,lower density urban,LDU,CBSA,31540,"Madison, WI",542769,247450,1152.2,525.3,0.856164,0.226027,0.835616,0.631506,40,False,5.4,WI_MADISON-DANE-CO-RGNL-AP,726410,43.141,-89.345,43.07678,-89.40617
Cold & Very Cold,lower density urban,LDU,CBSA,47930,"Waterbury-Shelton, CT",446455,189509,1175.1,498.8,0.815068,0.287671,0.815068,0.630479,41,False,5.3,CT_OXFORD(AWOS),725029,41.483,-73.133,41.52006,-73.04343
Cold & Very Cold,lower density urban,LDU,CBSA,13740,"Billings, MT",136813,62434,1407.2,642.2,0.630137,0.630137,0.623288,0.628767,42,False,2.9,MT_BILLINGS-LOGAN-IAP,726770,45.807,-108.546,45.77004,-108.57483
Cold & Very Cold,lower density urban,LDU,CBSA,43620,"Sioux Falls, SD-MN",231558,99910,1241.1,535.5,0.719178,0.410959,0.726027,0.612671,43,False,3.8,SD_SIOUX-FALLS-FOSS-FIELD,726510,43.578,-96.754,43.52679,-96.72579
Cold & Very Cold,lower density urban,LDU,CBSA,22660,"Fort Collins-Loveland, CO",333266,144795,1172.9,509.6,0.780822,0.280822,0.780822,0.605822,44,False,4.5,CO_FORT-COLLINS-LOVELAND-AP,724769,40.45,-105.017,40.49591,-105.07701
Cold & Very Cold,lower density urban,LDU,CBSA,27460,"Jamestown-Dunkirk, NY",63079,32053,1730.3,879.2,0.479452,0.856164,0.452055,0.605822,45,False,7.5,NY_CHATAUQUA-CO-JAMESTO,725235,42.15,-79.25,42.25713,-79.27497
Cold & Very Cold,lower density urban,LDU,CBSA,16300,"Cedar Rapids, IA",212207,95024,1269.0,568.2,0.69863,0.431507,0.69863,0.605137,46,False,9.9,IA_CEDAR-RAPIDS-MUNI-AP,725450,41.883,-91.725,42.01198,-91.64212
Cold & Very Cold,lower density urban,LDU,CBSA,16940,"Cheyenne, WY",79194,36489,1602.4,738.3,0.506849,0.767123,0.506849,0.597945,47,False,1.1,WY_CHEYENNE-MUNI-AP,725640,41.158,-104.808,41.14498,-104.79663
Cold & Very Cold,lower density urban,LDU,CBSA,13780,"Binghamton, NY",159230,75130,1277.4,602.7,0.671233,0.452055,0.657534,0.591781,48,False,7.2,NY_BINGHAMTON-EDWIN-A-LINK-FL,725150,42.207,-75.98,42.10381,-75.99053
Cold & Very Cold,lower density urban,LDU,CBSA,14020,"Bloomington, IN",115334,53631,1380.6,642.0,0.582192,0.59589,0.575342,0.585616,49,False,4.6,IN_MONROE-CO,724375,39.143,-86.617,39.16014,-86.53467
Cold & Very Cold,lower density urban,LDU,CBSA,39500,"Quincy, IL-MO",39096,18851,2012.4,970.3,0.40411,0.931507,0.376712,0.583219,50,False,9.8,IL_QUINCY-RGNL-BALDWIN-FLD-AP,724430,39.937,-91.197,39.93026,-91.38189
Cold & Very Cold,lower density urban,LDU,CBSA,36780,"Oshkosh-Neenah, WI",148855,66509,1290.6,576.6,0.643836,0.458904,0.636986,0.57774,51,False,8.5,WI_WITTMAN-RGNL-AP,726456,43.987,-88.556,44.10747,-88.52323
Cold & Very Cold,lower density urban,LDU,CBSA,11460,"Ann Arbor, MI",328471,142050,1149.9,497.3,0.773973,0.212329,0.773973,0.577398,52,False,2.9,MI_ANN-ARBOR-MUNI-AP,725374,42.224,-83.74,42.26023,-83.71068
Cold & Very Cold,lower density urban,LDU,CBSA,43580,"Sioux City, IA-NE-SD",109144,43635,1404.8,561.6,0.547945,0.623288,0.554795,0.575685,53,False,7.0,IA_SIOUX-CITY-SIOUX-GATEWAY-A,725570,42.392,-96.379,42.49281,-96.39919
Cold & Very Cold,lower density urban,LDU,CBSA,29020,"Kokomo, IN",58156,29274,1674.0,842.6,0.445205,0.821918,0.431507,0.574315,54,False,5.8,IN_KOKOMO(AWOS),724387,40.528,-86.059,40.46884,-86.13608
Cold & Very Cold,lower density urban,LDU,CBSA,39380,"Pueblo, CO",144914,62235,1315.6,565.0,0.623288,0.479452,0.630137,0.574315,55,False,7.3,CO_PUEBLO-MEM-AP,724640,38.289,-104.506,38.27557,-104.63895
Cold & Very Cold,lower density urban,LDU,CBSA,15940,"Canton-Massillon, OH",337454,152655,1120.5,506.9,0.787671,0.171233,0.787671,0.571918,56,False,6.1,OH_AKRON-AKRON-CANTON-RGNL-AP,725210,40.918,-81.443,40.84088,-81.38527
Cold & Very Cold,lower density urban,LDU,CBSA,30300,"Lewiston, ID-WA",40486,17220,1949.8,829.3,0.376712,0.90411,0.383562,0.562671,57,False,1.4,ID_LEWISTON-NEZ-PERCE-CNTY-AP,727830,46.375,-117.015,46.39448,-117.00882
Cold & Very Cold,lower density urban,LDU,CBSA,15580,"Butte-Silver Bow, MT",29468,14719,2060.6,1029.2,0.356164,0.945205,0.349315,0.560959,58,False,2.1,MT_BERT-MOONEY-AP,727740,45.964,-112.501,45.99176,-112.51952
Cold & Very Cold,lower density urban,LDU,CBSA,16580,"Champaign-Urbana, IL",191243,88647,1186.9,550.2,0.691781,0.315068,0.691781,0.559931,59,False,7.4,IL_UNIV-OF-ILLINOIS-WI,725315,40.032,-88.275,40.13759,-88.25749
Cold & Very Cold,lower density urban,LDU,CBSA,24220,"Grand Forks, ND-MN",75507,35176,1439.4,670.6,0.5,0.650685,0.493151,0.55137,60,False,8.4,ND_GRAND-FORKS-IAP,727570,47.943,-97.183,47.89652,-97.01596
Cold & Very Cold,lower density urban,LDU,CBSA,39540,"Racine-Mount Pleasant, WI",169843,72844,1193.6,511.9,0.657534,0.321918,0.671233,0.542808,61,False,5.0,WI_RACINE-J-H-BATTEN,726424,42.759,-87.818,42.7267,-87.90557
Cold & Very Cold,lower density urban,LDU,CBSA,21780,"Evansville, IN",225912,103792,1139.5,523.5,0.726027,0.19863,0.712329,0.538698,62,False,3.8,IN_EVANSVILLE-RGNL-AP,724320,38.05,-87.515,37.995,-87.52404
Cold & Very Cold,lower density urban,LDU,CBSA,41060,"St. Cloud, MN",110683,45909,1315.8,545.8,0.568493,0.486301,0.561644,0.538356,63,False,7.4,MN_ST-CLOUD-RGNL-AP,726550,45.544,-94.052,45.57076,-94.19931
Cold & Very Cold,lower density urban,LDU,CBSA,44220,"Springfield, OH",99347,45839,1319.4,608.8,0.561644,0.506849,0.541096,0.538356,64,False,6.1,OH_SPRINGFIELD-BECKLEY,724295,39.84,-83.84,39.9276,-83.84272
Cold & Very Cold,lower density urban,LDU,CBSA,40340,"Rochester, MN",150293,65042,1196.0,517.6,0.636986,0.335616,0.643836,0.532877,65,False,1.5,MN_ST-MARY-HOSPITAL-HEL,720972,44.017,-92.483,44.03828,-92.48326
Cold & Very Cold,lower density urban,LDU,CBSA,39940,"Rexburg, ID",38808,10432,2146.7,577.1,0.267123,0.965753,0.369863,0.532191,66,False,1.2,ID_REXBURG,726818,43.832,-111.808,43.81788,-111.7924
Cold & Very Cold,lower density urban,LDU,CBSA,18500,"Corning, NY",25185,13442,1979.6,1056.6,0.335616,0.917808,0.280822,0.528424,67,False,20.7,NY_ELMIRA-CORNING-RGNL-AP,725156,42.157,-76.903,42.23637,-77.29352
Cold & Very Cold,lower density urban,LDU,CBSA,29200,"Lafayette-West Lafayette, IN",169695,73038,1159.4,499.0,0.664384,0.260274,0.664384,0.522945,68,False,3.3,IN_LAFAYETTE-PURDUE-UNIV-AP,724386,40.412,-86.947,40.42337,-86.88653
Cold & Very Cold,lower density urban,LDU,CBSA,43780,"South Bend-Mishawaka, IN-MI",267212,116785,1068.3,466.9,0.732877,0.130137,0.732877,0.521918,69,False,5.5,IN_SOUTH-BEND-MICHIANA-RGNL-A,725350,41.707,-86.316,41.69213,-86.21073
Cold & Very Cold,lower density urban,LDU,CBSA,22060,"Faribault-Northfield, MN",49479,17499,1591.1,562.7,0.383562,0.760274,0.410959,0.520891,70,False,4.6,MN_FARIBAULT-MUNI,726563,44.333,-93.317,44.37343,-93.24427
Cold & Very Cold,lower density urban,LDU,CBSA,33500,"Minot, ND",53085,25366,1444.4,690.2,0.424658,0.657534,0.424658,0.506165,71,False,1.3,ND_MINOT-FAA-AP,727676,48.252,-101.269,48.25051,-101.29807
Cold & Very Cold,lower density urban,LDU,CBSA,30860,"Logan, UT-ID",111631,37314,1272.6,425.4,0.520548,0.445205,0.568493,0.503767,72,False,3.4,UT_LOGAN-CACHE-AP,724796,41.787,-111.852,41.74105,-111.82809
Cold & Very Cold,lower density urban,LDU,CBSA,22300,"Findlay, OH",44880,21238,1452.3,687.3,0.410959,0.678082,0.40411,0.503082,73,False,2.6,OH_FINDLAY-AP,725366,41.014,-83.668,41.04704,-83.64332
Cold & Very Cold,lower density urban,LDU,CBSA,38540,"Pocatello, ID",76622,30848,1316.2,529.9,0.465753,0.493151,0.5,0.482192,74,False,6.6,ID_POCATELLO-RGNL-AP,725780,42.92,-112.572,42.88948,-112.44831
Cold & Very Cold,lower density urban,LDU,CBSA,46540,"Utica-Rome, NY",184932,83996,1060.9,481.9,0.684932,0.10274,0.684932,0.481165,75,False,10.7,NY_GRIFFISS-AFB-ROME,725196,43.224,-75.396,43.10469,-75.2601
Cold & Very Cold,lower density urban,LDU,CBSA,28450,"Kenosha, WI",155434,67291,1105.9,478.7,0.650685,0.164384,0.650685,0.48048,76,False,2.2,WI_KENOSHA-RGNL-AP,726505,42.595,-87.938,42.571,-87.91105
Cold & Very Cold,lower density urban,LDU,CBSA,19500,"Decatur, IL",71667,36595,1269.5,648.2,0.513699,0.438356,0.472603,0.47911,77,False,4.5,IL_DECATUR,725316,39.831,-88.872,39.84811,-88.95314
Cold & Very Cold,lower density urban,LDU,CBSA,11540,"Appleton, WI",181142,75836,1061.2,444.3,0.678082,0.109589,0.678082,0.479109,78,False,7.1,WI_APPLETON-OUTAGAMIE,726457,44.267,-88.517,44.27146,-88.373
Cold & Very Cold,lower density urban,LDU,CBSA,12860,"Batavia, NY",20098,10200,1716.3,871.1,0.260274,0.835616,0.232877,0.456164,79,False,24.7,NY_GREATER-ROCHESTER-IAP,725290,43.117,-77.675,42.99597,-78.13569
Cold & Very Cold,lower density urban,LDU,CBSA,13180,"Beaver Dam, WI",41850,18129,1366.0,591.7,0.390411,0.575342,0.390411,0.455137,80,False,2.6,WI_JUNEAU-DODGE-CO,726509,43.426,-88.703,43.44821,-88.74385
Cold & Very Cold,lower density urban,LDU,CBSA,32020,"Marion, OH",44672,18175,1347.6,548.3,0.39726,0.554795,0.39726,0.452397,81,False,3.6,OH_MARION-MUNI-AP,725208,40.616,-83.067,40.584,-83.12134
Cold & Very Cold,lower density urban,LDU,CBSA,46300,"Twin Falls, ID",79389,30534,1237.8,476.1,0.458904,0.40411,0.513699,0.450685,82,False,7.8,ID_JOSLIN-FLD-MAGIC-VA,725866,42.478,-114.477,42.59015,-114.48285
Cold & Very Cold,lower density urban,LDU,CBSA,30900,"Logansport, IN",17928,7645,2210.9,942.8,0.143836,0.972603,0.164384,0.438014,83,False,3.2,IN_LOGANSPORT-CASS-CO,720961,40.711,-86.375,40.75474,-86.3557
Cold & Very Cold,lower density urban,LDU,CBSA,43260,"Sheridan, WY",18709,8884,1857.0,881.8,0.19863,0.883562,0.184932,0.435617,84,False,2.3,WY_SHERIDAN-CO-AP,726660,44.76,-106.974,44.7921,-106.95915
Cold & Very Cold,lower density urban,LDU,CBSA,17660,"Coeur d'Alene, ID",135196,56707,1062.1,445.5,0.59589,0.116438,0.616438,0.432191,85,False,2.7,ID_COEUR-D-ALENE(AWOS),727834,47.767,-116.817,47.73258,-116.84524
Cold & Very Cold,lower density urban,LDU,CBSA,47180,"Vincennes, IN",18712,9310,1726.4,858.9,0.219178,0.842466,0.191781,0.431849,86,False,8.0,IL_LAWRENCEVILLE-VINCEN,725342,38.76,-87.599,38.69304,-87.47771
Cold & Very Cold,lower density urban,LDU,CBSA,24500,"Great Falls, MT",67767,31089,1200.0,550.5,0.472603,0.342466,0.458904,0.424315,87,False,4.4,MT_MALMSTROM-AFB,727755,47.517,-111.183,47.50184,-111.27562
Cold & Very Cold,lower density urban,LDU,CBSA,26820,"Idaho Falls, ID",128121,45468,1074.9,381.5,0.554795,0.143836,0.589041,0.417809,88,False,3.7,ID_IDAHO-FALLS-FANNING-FIELD,725785,43.52,-112.068,43.51485,-111.99394
Cold & Very Cold,lower density urban,LDU,CBSA,23140,"Frankfort, IN",14609,6154,2569.3,1082.3,0.10274,0.993151,0.116438,0.417123,89,False,22.2,IN_INDIANAPOLIS-EXEC-AP,720575,40.031,-86.251,40.28298,-86.51163
Cold & Very Cold,lower density urban,LDU,CBSA,20740,"Eau Claire, WI",103927,45912,1066.5,471.1,0.575342,0.123288,0.547945,0.411644,90,False,2.4,WI_EAU-CLAIRE-CO-AP,726435,44.867,-91.488,44.83808,-91.45941
Cold & Very Cold,lower density urban,LDU,CBSA,42980,"Seymour, IN",19885,8397,1665.1,703.1,0.171233,0.815068,0.219178,0.406164,91,False,21.5,IN_COLUMBUS-BAKALAR,724363,39.267,-85.9,38.95666,-85.8855
Cold & Very Cold,lower density urban,LDU,CBSA,33540,"Missoula, MT",90408,41989,1077.7,500.5,0.541096,0.150685,0.534247,0.403082,92,False,5.2,MT_MISSOULA-IAP,727730,46.921,-114.094,46.85985,-114.02852
Cold & Very Cold,lower density urban,LDU,CBSA,16260,"Cedar City, UT",28119,9671,1433.5,493.0,0.232877,0.643836,0.335616,0.39726,93,False,1.4,UT_CEDAR-CITY-MUNI-AP,724755,37.707,-113.097,37.70117,-113.07247
Cold & Very Cold,lower density urban,LDU,CBSA,21540,"Escanaba, MI",16812,8641,1655.2,850.7,0.184932,0.794521,0.143836,0.390069,94,False,2.7,MI_DELTA-CO,726480,45.733,-87.083,45.76872,-87.06128
Cold & Very Cold,lower density urban,LDU,CBSA,23340,"Fremont, NE",25017,10765,1378.9,593.3,0.280822,0.589041,0.273973,0.387329,95,False,1.8,NE_FREMONT-MUNI-AP,725564,41.449,-96.52,41.43627,-96.49045
Cold & Very Cold,lower density urban,LDU,CBSA,47940,"Waterloo-Cedar Falls, IA",119907,54131,1001.1,452.0,0.589041,0.006849,0.582192,0.383904,96,False,2.5,IA_WATERLOO-MUNI-AP,725480,42.554,-92.401,42.5203,-92.38467
Cold & Very Cold,lower density urban,LDU,CBSA,23380,"Fremont, OH",32276,15057,1264.0,589.7,0.363014,0.424658,0.356164,0.383219,97,False,27.2,OH_METCALF-FIELD,724287,41.563,-83.477,41.32659,-83.05797
Cold & Very Cold,lower density urban,LDU,CBSA,20220,"Dubuque, IA",73246,33223,1126.6,511.0,0.493151,0.178082,0.486301,0.381507,98,False,7.4,IA_DUBUQUE-RGNL-AP,725470,42.398,-90.709,42.50403,-90.72619
Cold & Very Cold,lower density urban,LDU,CBSA,43380,"Sidney, OH",18599,8530,1563.3,717.0,0.178082,0.753425,0.178082,0.379452,99,False,18.9,OH_BELLEFONTAINE-RGNL-A,720944,40.367,-83.817,40.29527,-84.1635
Cold & Very Cold,lower density urban,LDU,CBSA,16220,"Casper, WY",68994,32257,1138.1,532.1,0.486301,0.191781,0.465753,0.379109,100,False,8.5,WY_CASPER-NATRONA-CO-IAP,725690,42.898,-106.474,42.83226,-106.33233
Cold & Very Cold,lower density urban,LDU,CBSA,35580,"New Ulm, MN",11174,4927,2102.4,927.0,0.054795,0.958904,0.054795,0.371233,101,False,2.2,MN_NEW-ULM-MUNI(AWOS),726567,44.319,-94.502,44.30629,-94.4609
Cold & Very Cold,lower density urban,LDU,CBSA,21300,"Elmira, NY",58725,28286,1154.4,556.0,0.438356,0.239726,0.445205,0.370205,102,False,4.7,NY_ELMIRA-CORNING-RGNL-AP,725156,42.157,-76.903,42.11511,-76.83028
Cold & Very Cold,lower density urban,LDU,CBSA,44580,"Sterling, IL",28226,14151,1251.5,627.5,0.342466,0.417808,0.342466,0.368836,103,False,5.3,IL_STERLING-ROCKFALLS,725326,41.743,-89.676,41.79534,-89.75021
Cold & Very Cold,lower density urban,LDU,CBSA,34620,"Muncie, IN",82852,38328,1042.9,482.5,0.534247,0.061644,0.520548,0.366096,104,False,2.7,IN_DELAWARE-CO-JOHNSON,725336,40.235,-85.394,40.19839,-85.41362
Cold & Very Cold,lower density urban,LDU,CBSA,29660,"Laramie, WY",32387,15353,1212.6,574.8,0.369863,0.356164,0.363014,0.363699,105,False,5.3,WY_LARAMIE-GENERAL-BREES-FIEL,725645,41.317,-105.673,41.31687,-105.57021
Cold & Very Cold,lower density urban,LDU,CBSA,11180,"Ames, IA",87534,37356,1038.4,443.2,0.527397,0.047945,0.527397,0.359589,106,False,3.5,IA_AMES-MUNI-AP,725472,41.99,-93.619,42.02978,-93.66069
Cold & Very Cold,lower density urban,LDU,CBSA,15460,"Burlington, IA-IL",27977,14239,1219.4,620.6,0.349315,0.363014,0.328767,0.35,107,False,2.4,IA_SE-IOWA-RGNL-AP,725420,40.773,-91.125,40.80757,-91.12512
Cold & Very Cold,lower density urban,LDU,CBSA,18820,"Crawfordsville, IN",14483,6214,1646.0,706.2,0.109589,0.780822,0.109589,0.344521,108,False,25.7,IN_LAFAYETTE-PURDUE-UNIV-AP,724386,40.412,-86.947,40.04275,-86.89414
Cold & Very Cold,lower density urban,LDU,CBSA,33940,"Montrose, CO",22407,10185,1321.4,600.6,0.253425,0.513699,0.246575,0.343151,109,False,2.9,CO_MONTROSE-RGNL-AP,724765,38.505,-107.898,38.47082,-107.86693
Cold & Very Cold,lower density urban,LDU,CBSA,34700,"Muscatine, IA",24461,10764,1309.3,576.2,0.273973,0.472603,0.267123,0.342123,110,False,6.9,IA_MUSCATINE,725487,41.367,-91.15,41.43616,-91.05354
Cold & Very Cold,lower density urban,LDU,CBSA,44460,"Steamboat Springs, CO",12455,8046,1514.3,978.2,0.150685,0.719178,0.075342,0.334589,111,False,5.6,CO_YAMPA-VALLEY-AP,725710,40.481,-107.218,40.50185,-107.32154
Cold & Very Cold,lower density urban,LDU,CBSA,27940,"Juneau, AK",13127,5159,1659.3,652.1,0.068493,0.80137,0.089041,0.32911,112,False,820.2,WA_EASTSOUND-ORCAS-ISLA,722208,48.708,-122.911,58.39817,-134.55859
Cold & Very Cold,lower density urban,LDU,CBSA,33900,"Monticello, IN",5176,2699,1952.5,1018.1,0.006849,0.910959,0.006849,0.323287,113,False,20.5,IN_LOGANSPORT-CASS-CO,720961,40.711,-86.375,40.74551,-86.76402
Cold & Very Cold,lower density urban,LDU,CBSA,15620,"Cadillac, MI",9682,4433,1729.2,791.7,0.034247,0.849315,0.047945,0.32226,114,False,2.5,MI_CADILLAC-WEXFORD-CO-AP,726384,44.283,-85.417,44.24729,-85.41062
Cold & Very Cold,lower density urban,LDU,CBSA,47780,"Washington, IN",12103,5252,1653.6,717.6,0.075342,0.787671,0.061644,0.321918,115,False,3.6,IN_DAVIESS-CO,720903,38.7,-87.13,38.66091,-87.1732
Cold & Very Cold,lower density urban,LDU,CBSA,22540,"Fond du Lac, WI",58663,26821,1047.7,479.0,0.431507,0.075342,0.438356,0.308219,116,False,1.1,WI_FOND-DU-LAC-CO,726506,43.77,-88.491,43.78567,-88.48924
Cold & Very Cold,lower density urban,LDU,CBSA,31860,"Mankato, MN",72269,29949,1021.8,423.4,0.452055,0.020548,0.479452,0.306507,117,False,4.1,MN_MANKATA-RGNL-AP,726585,44.217,-93.917,44.18831,-93.99038
Cold & Very Cold,lower density urban,LDU,CBSA,19860,"Dickinson, ND",25482,11861,1185.7,551.9,0.308219,0.308219,0.287671,0.304109,118,False,6.2,ND_DICKINSON-T-ROOSEVELT,727630,46.8,-102.797,46.88998,-102.78839
Cold & Very Cold,lower density urban,LDU,CBSA,23300,"Freeport, IL",24157,12399,1179.6,605.4,0.321918,0.30137,0.260274,0.302397,119,False,4.0,IL_ALBERTUS,722082,42.246,-89.582,42.28759,-89.6376
Cold & Very Cold,lower density urban,LDU,CBSA,25880,"Hillsdale, MI",7200,2896,1665.1,669.8,0.013699,0.815068,0.020548,0.295548,120,False,1.9,MI_HILLSDALE-MUNI-AP,725409,41.921,-84.586,41.92295,-84.62244
Cold & Very Cold,lower density urban,LDU,CBSA,10660,"Albert Lea, MN",17368,8300,1336.4,638.7,0.164384,0.541096,0.157534,0.294863,121,False,1.7,MN_ALBERT-LEA(AWOS),726589,43.683,-93.367,43.65791,-93.36911
Cold & Very Cold,lower density urban,LDU,CBSA,36940,"Owatonna, MN",25926,11249,1171.8,508.4,0.294521,0.273973,0.294521,0.287329,122,False,3.4,MN_OWATONNA(AWOS),726568,44.123,-93.261,44.08667,-93.21455
Cold & Very Cold,lower density urban,LDU,CBSA,18020,"Columbus, IN",50904,22948,1036.0,467.0,0.417808,0.041096,0.417808,0.285959,123,False,2.7,IN_COLUMBUS-BAKALAR,724363,39.267,-85.9,39.22897,-85.91072
Cold & Very Cold,lower density urban,LDU,CBSA,15100,"Brookings, SD",22525,9033,1236.0,495.7,0.205479,0.39726,0.253425,0.282192,124,False,0.6,SD_BROOKINGS(AWOS),726515,44.3,-96.8,44.29921,-96.78732
Cold & Very Cold,lower density urban,LDU,CBSA,49100,"Winona, MN",27031,12244,1140.7,516.7,0.315068,0.205479,0.321918,0.278082,125,False,3.2,MN_WINONA-MUNI(AWOS),726588,44.077,-91.708,44.04497,-91.66086
Cold & Very Cold,lower density urban,LDU,CBSA,12380,"Austin, MN",26724,11249,1151.3,484.6,0.294521,0.219178,0.315068,0.27226,126,False,2.5,MN_AUSTIN-MUNI,727566,43.665,-92.933,43.66529,-92.98302
Cold & Very Cold,lower density urban,LDU,CBSA,18220,"Connersville, IN",13266,6370,1360.9,653.5,0.123288,0.561644,0.09589,0.271233,127,False,35.5,IN_SHELBYVILLE-MUNI,724356,39.585,-85.8,39.65074,-85.13851
Cold & Very Cold,lower density urban,LDU,CBSA,37940,"Peru, IN",14871,6081,1365.4,558.4,0.09589,0.568493,0.123288,0.266781,128,False,6.1,IN_GRISSOM-ARB,725335,40.65,-86.15,40.72661,-86.09202
Cold & Very Cold,lower density urban,LDU,CBSA,43940,"Spearfish, SD",7152,4236,1460.5,865.0,0.020548,0.684932,0.013699,0.251713,129,False,3.7,SD_SPEARFISH-CLYDE-ICE,726605,44.483,-103.783,44.4365,-103.81911
Cold & Very Cold,lower density urban,LDU,CBSA,31940,"Marinette, WI-MI",19070,9733,1160.1,592.1,0.246575,0.267123,0.19863,0.244178,130,False,1.6,MI_MENOMINEE-MARINETTE,726487,45.117,-87.633,45.09465,-87.62312
Cold & Very Cold,lower density urban,LDU,CBSA,24100,"Gloversville, NY",26255,13279,1051.6,531.9,0.328767,0.082192,0.308219,0.238356,131,False,23.2,NY_SCHENECTADY,744994,42.85,-73.95,43.03711,-74.33045
Cold & Very Cold,lower density urban,LDU,CBSA,18660,"Cortland, NY",26210,11495,1053.8,462.1,0.30137,0.09589,0.30137,0.229452,132,False,16.3,NY_ITHACA-TOMPKINS-CO,725155,42.483,-76.467,42.60405,-76.19308
Cold & Very Cold,lower density urban,LDU,CBSA,45380,"Taylorville, IL",15143,7374,1229.1,598.5,0.136986,0.383562,0.130137,0.221918,133,False,6.1,IL_TAYLORSVILLE,744662,39.534,-89.328,39.49746,-89.22484
Cold & Very Cold,lower density urban,LDU,CBSA,48820,"Willmar, MN",20539,8753,1152.8,491.3,0.191781,0.232877,0.239726,0.215754,134,False,4.1,MN_WILLMAR-MUNI-AP,720386,45.117,-95.133,45.12211,-95.04999
Cold & Very Cold,lower density urban,LDU,CBSA,10940,"Alma, MI",17975,5913,1176.1,386.9,0.089041,0.294521,0.171233,0.177397,135,False,5.8,MI_ALMA,725405,43.322,-84.688,43.39581,-84.63202
Cold & Very Cold,lower density urban,LDU,CBSA,47980,"Watertown, SD",19891,9697,1028.3,501.3,0.239726,0.027397,0.226027,0.162671,136,False,1.5,SD_WATERTOWN-MUNI-AP,726546,44.905,-97.15,44.90883,-97.11891
Cold & Very Cold,lower density urban,LDU,CBSA,25200,"Hailey, ID",8489,4844,1225.3,699.2,0.047945,0.369863,0.034247,0.157877,137,False,4.0,ID_HAILEY-FRIEDMAN-MEM,725865,43.5,-114.3,43.55674,-114.31544
Cold & Very Cold,lower density urban,LDU,CBSA,20420,"Durango, CO",19513,9353,1035.7,496.4,0.226027,0.034247,0.212329,0.156164,138,False,11.6,CO_DURANGO-LA-PLATA-CO,724625,37.143,-107.76,37.28425,-107.87544
Cold & Very Cold,lower density urban,LDU,CBSA,16460,"Centralia, IL",19178,9105,1042.6,495.0,0.212329,0.054795,0.205479,0.155822,139,False,4.1,IL_CENTRALIA-MUNI,744657,38.515,-89.092,38.56581,-89.05361
Cold & Very Cold,lower density urban,LDU,CBSA,17650,"Cody, WY",17188,8151,1073.2,508.9,0.157534,0.136986,0.150685,0.148972,140,False,7.2,WY_CODY-MUNI(AWOS),726700,44.517,-109.017,44.60848,-108.94698
Cold & Very Cold,lower density urban,LDU,CBSA,38700,"Pontiac, IL",12897,5575,1157.4,500.3,0.082192,0.253425,0.082192,0.142124,141,False,3.3,IL_PONTIAC-AP,722171,40.924,-88.624,40.94423,-88.56608
Cold & Very Cold,lower density urban,LDU,CBSA,47340,"Wabash, IN",15437,7328,1045.2,496.1,0.130137,0.068493,0.136986,0.109931,142,False,23.2,IN_GRISSOM-ARB,725335,40.65,-86.15,40.86436,-85.80886
Cold & Very Cold,lower density urban,LDU,CBSA,37800,"Pella, IA",12121,5061,1082.3,451.9,0.061644,0.157534,0.068493,0.096575,143,False,0.6,IA_PELLA,720312,41.4,-92.946,41.39152,-92.94611
Cold & Very Cold,lower density urban,LDU,CBSA,43020,"Shawano, WI",9494,4468,1133.3,533.4,0.041096,0.184932,0.041096,0.091439,144,False,1.5,WI_SHAWANO-MUNI-AP,720589,44.783,-88.55,44.77908,-88.57968
Cold & Very Cold,lower density urban,LDU,CBSA,46780,"Van Wert, OH",14155,6329,1010.1,451.6,0.116438,0.013699,0.10274,0.07774,145,False,28.6,OH_LIMA-ALLEN-CO-AP,724298,40.708,-84.021,40.85341,-84.53266
Cold & Very Cold,lower density urban,LDU,CBSA,19810,"Detroit Lakes, MN",8337,4310,1052.4,544.1,0.027397,0.089041,0.027397,0.048972,146,False,2.4,MN_DETROIT-LAKES-WETHIN,727457,46.833,-95.883,46.8144,-95.83911
Cold & Very Cold,suburban/small town,Suburban,CBSA,24340,"Grand Rapids-Wyoming-Kentwood, MI",945567,378510,975.1,390.3,0.995305,0.957746,0.995305,0.982159,1,True,10.7,MI_GRAND-RAPIDS-KENT-CO-INT,726350,42.882,-85.523,42.94052,-85.71783
Cold & Very Cold,suburban/small town,Suburban,CBSA,49660,"Youngstown-Warren, OH",358814,172188,994.5,477.2,0.976526,0.995305,0.967136,0.981221,2,False,8.9,OH_YOUNGSTOWN-RGNL-AP,725250,41.255,-80.674,41.12913,-80.70807
Cold & Very Cold,suburban/small town,Suburban,CBSA,31700,"Manchester-Nashua, NH",376237,155645,984.3,407.2,0.962441,0.971831,0.976526,0.968544,3,False,5.2,NH_MANCHESTER-AP,743945,42.93,-71.436,42.87064,-71.49806
Cold & Very Cold,suburban/small town,Suburban,CBSA,25540,"Hartford-West Hartford-East Hartford, CT",1110419,482492,912.8,396.6,1.0,0.896714,1.0,0.96385,4,False,0.4,CT_HARTFORD-BRAINARD-FD,725087,41.735,-72.651,41.73236,-72.6449
Cold & Very Cold,suburban/small town,Suburban,CBSA,22420,"Flint, MI",370181,170334,890.4,409.7,0.971831,0.887324,0.971831,0.942254,5,False,3.8,MI_FLINT-BISHOP-IAP,726370,42.967,-83.75,43.00023,-83.69057
Cold & Very Cold,suburban/small town,Suburban,CBSA,24540,"Greeley, CO",280145,101962,944.9,343.9,0.948357,0.910798,0.962441,0.938028,6,False,13.0,CO_GREELEY-WELD-CO,724768,40.436,-104.632,40.31869,-104.82623
Cold & Very Cold,suburban/small town,Suburban,CBSA,28020,"Kalamazoo-Portage, MI",225605,99726,945.6,418.0,0.943662,0.915493,0.943662,0.933803,7,False,3.8,MI_KALAMAZOO-BATTLE-CR,726357,42.228,-85.546,42.26567,-85.59882
Cold & Very Cold,suburban/small town,Suburban,CBSA,44100,"Springfield, IL",144420,72021,957.5,477.5,0.934272,0.938967,0.920188,0.933098,8,False,4.9,IL_SPRINGFIELD-CAPITAL-AP,724390,39.845,-89.684,39.77683,-89.65535
Cold & Very Cold,suburban/small town,Suburban,CBSA,37900,"Peoria, IL",266494,125113,868.0,407.5,0.957746,0.849765,0.957746,0.919953,9,False,5.7,IL_GREATER-PEORIA-AP,725320,40.667,-89.684,40.69806,-89.58283
Cold & Very Cold,suburban/small town,Suburban,CBSA,49340,"Worcester, MA",811908,331998,794.7,324.9,0.99061,0.765258,0.99061,0.911737,10,False,4.7,MA_WORCESTER-RGNL-AP,725100,42.271,-71.873,42.29744,-71.78849
Cold & Very Cold,suburban/small town,Suburban,CBSA,28880,"Kiryas Joel-Poughkeepsie-Newburgh, NY",601817,229269,774.9,295.2,0.985915,0.7277,0.985915,0.89554,11,False,1.8,NY_STEWART-FIELD,725038,41.5,-74.1,41.51945,-74.07788
Cold & Very Cold,suburban/small town,Suburban,CBSA,15540,"Burlington-South Burlington, VT",142532,62477,875.8,383.9,0.910798,0.86385,0.915493,0.895305,12,False,2.8,VT_BURLINGTON-IAP,726170,44.468,-73.15,44.50567,-73.17162
Cold & Very Cold,suburban/small town,Suburban,CBSA,21140,"Elkhart-Goshen, IN",173336,69667,838.9,337.2,0.929577,0.807512,0.934272,0.887793,13,False,5.6,IN_ELKHART-MUNI,725354,41.717,-85.983,41.6514,-85.918
Cold & Very Cold,suburban/small town,Suburban,CBSA,14580,"Bozeman, MT",87301,38115,990.5,432.4,0.826291,0.981221,0.84507,0.884272,14,False,6.2,MT_BOZEMAN-GALLATIN-FLD,726797,45.788,-111.162,45.7089,-111.10247
Cold & Very Cold,suburban/small town,Suburban,CBSA,41100,"St. George, UT",152474,63217,813.6,337.3,0.920188,0.779343,0.929577,0.87277,15,False,3.1,UT_ST-GEORGE-MUNI-AP,724754,37.1,-113.6,37.11199,-113.54608
Cold & Very Cold,suburban/small town,Suburban,CBSA,40980,"Saginaw, MI",135476,62624,820.1,379.1,0.915493,0.788732,0.906103,0.869249,16,False,6.1,MI_SAGINAW,722125,43.433,-83.867,43.4385,-83.98905
Cold & Very Cold,suburban/small town,Suburban,CBSA,13900,"Bismarck, ND",97107,44528,877.6,402.4,0.85446,0.868545,0.859155,0.860329,17,False,3.5,ND_BISMARCK-MUNI-AP,727640,46.782,-100.758,46.81831,-100.8106
Cold & Very Cold,suburban/small town,Suburban,CBSA,20260,"Duluth, MN-WI",174481,81467,762.5,356.0,0.938967,0.704225,0.938967,0.856807,18,False,4.8,MN_DULUTH-IAP,727450,46.844,-92.187,46.89787,-92.25119
Cold & Very Cold,suburban/small town,Suburban,CBSA,27500,"Janesville-Beloit, WI",119798,51052,803.1,342.3,0.892019,0.774648,0.901408,0.852817,19,False,1.9,WI_SOUTHERN-WISC-RGNL-AP,726415,42.617,-89.033,42.64313,-89.02334
Cold & Very Cold,suburban/small town,Suburban,CBSA,43100,"Sheboygan, WI",86017,38786,872.7,393.5,0.830986,0.859155,0.840376,0.842723,20,False,3.7,WI_SHEBOYGAN,726425,43.775,-87.849,43.74716,-87.78511
Cold & Very Cold,suburban/small town,Suburban,CBSA,35980,"Norwich-New London-Willimantic, CT",247733,111877,690.7,311.9,0.953052,0.586854,0.953052,0.824883,21,False,9.5,CT_GROTON-NEW-LONDON-AP,725046,41.328,-72.049,41.45991,-72.1017
Cold & Very Cold,suburban/small town,Suburban,CBSA,12700,"Barnstable Town, MA",227544,161956,666.6,474.5,0.967136,0.549296,0.948357,0.817136,22,False,3.2,MA_BARNSTABLE-MUNI-BOA,725067,41.672,-70.27,41.68812,-70.32792
Cold & Very Cold,suburban/small town,Suburban,CBSA,24260,"Grand Island, NE",58112,23604,990.8,402.4,0.713615,0.985915,0.751174,0.816432,23,False,2.3,NE_GRAND-IS-CENTRAL-NE-RGNL-A,725520,40.961,-98.313,40.93315,-98.33876
Cold & Very Cold,suburban/small town,Suburban,CBSA,29100,"La Crosse-Onalaska, WI-MN",115876,52724,731.1,332.7,0.896714,0.657277,0.896714,0.812911,24,False,3.6,WI_LA-CROSSE-MUNI-AP,726430,43.879,-91.253,43.8342,-91.21668
Cold & Very Cold,suburban/small town,Suburban,CBSA,31820,"Manitowoc, WI",52026,24742,983.3,467.6,0.737089,0.967136,0.70892,0.811972,25,False,2.8,WI_MANITOWAC-MUNI(AWOS),726455,44.133,-87.667,44.09346,-87.68173
Cold & Very Cold,suburban/small town,Suburban,CBSA,35660,"Niles, MI",109383,53193,729.5,354.7,0.901408,0.647887,0.887324,0.809859,26,False,8.6,MI_BENTON-HARBOR-ROSS,726355,42.129,-86.415,42.00502,-86.40393
Cold & Very Cold,suburban/small town,Suburban,CBSA,27100,"Jackson, MI",105825,46041,748.5,325.6,0.868545,0.694836,0.877934,0.809625,27,False,3.3,MI_JACKSON-REYNOLDS-FIELD,725395,42.264,-84.456,42.23511,-84.40493
Cold & Very Cold,suburban/small town,Suburban,CBSA,45460,"Terre Haute, IN",102402,47076,745.7,342.8,0.873239,0.690141,0.868545,0.808216,28,False,2.3,IN_TERRE-HAUTE-HULMAN-RGNL-AP,724373,39.443,-87.322,39.46077,-87.35945
Cold & Very Cold,suburban/small town,Suburban,CBSA,48140,"Wausau, WI",76137,33672,862.5,381.4,0.788732,0.830986,0.812207,0.808216,29,False,0.3,WI_WAUSAU-MUNI-AP,726463,44.927,-89.625,44.93049,-89.62251
Cold & Very Cold,suburban/small town,Suburban,CBSA,34740,"Muskegon-Norton Shores, MI",152081,65388,686.1,295.0,0.924883,0.57277,0.924883,0.801643,30,False,4.5,MI_MUSKEGON-CO-AP,726360,43.171,-86.237,43.23579,-86.22945
Cold & Very Cold,suburban/small town,Suburban,CBSA,38860,"Portland-South Portland, ME",388752,195817,624.3,314.5,0.981221,0.464789,0.981221,0.80047,31,False,3.4,ME_PORTLAND-INTL-JETPORT,726060,43.642,-70.304,43.61179,-70.35855
Cold & Very Cold,suburban/small town,Suburban,CBSA,24020,"Glens Falls, NY",57449,28005,868.6,423.4,0.760563,0.85446,0.746479,0.79061,32,False,2.4,NY_FLOYD-BENNETT-MEM-AP,725220,43.338,-73.61,43.31991,-73.64995
Cold & Very Cold,suburban/small town,Suburban,CBSA,48260,"Weirton-Steubenville, WV-OH",70331,34989,781.2,388.6,0.807512,0.741784,0.779343,0.778873,33,False,15.2,WV_WHEELING-OHIO-CO-AP,724275,40.17,-80.644,40.38803,-80.60941
Cold & Very Cold,suburban/small town,Suburban,CBSA,28100,"Kankakee, IL",76126,32323,789.0,335.0,0.779343,0.755869,0.807512,0.776761,34,False,6.0,IL_GREATER-KANKAKEE-AP,722127,41.071,-87.846,41.15774,-87.86104
Cold & Very Cold,suburban/small town,Suburban,CBSA,30620,"Lima, OH",76709,34375,758.9,340.1,0.798122,0.699531,0.821596,0.76831,35,False,6.3,OH_LIMA-ALLEN-CO-AP,724298,40.708,-84.021,40.75451,-84.12361
Cold & Very Cold,suburban/small town,Suburban,CBSA,48060,"Watertown-Fort Drum, NY",51746,23531,887.9,403.8,0.704225,0.882629,0.704225,0.766666,36,False,6.2,NY_FORT-DRUM-WHEELER-S,743700,44.05,-75.733,44.00643,-75.84171
Cold & Very Cold,suburban/small town,Suburban,CBSA,33780,"Monroe, MI",111127,47802,655.7,282.1,0.887324,0.535211,0.892019,0.765023,37,False,3.4,MI_MONROE,725418,41.94,-83.435,41.89249,-83.45557
Cold & Very Cold,suburban/small town,Suburban,CBSA,48540,"Wheeling, WV-OH",83493,41998,701.1,352.6,0.84507,0.610329,0.830986,0.760094,38,False,10.6,WV_WHEELING-OHIO-CO-AP,724275,40.17,-80.644,40.04344,-80.75896
Cold & Very Cold,suburban/small town,Suburban,CBSA,33140,"Michigan City-La Porte, IN",76699,34347,737.2,330.1,0.793427,0.671362,0.816901,0.755399,39,False,3.0,IN_MICHIGAN-CITY-MUNI-AP,726358,41.703,-86.821,41.66029,-86.81719
Cold & Very Cold,suburban/small town,Suburban,CBSA,31900,"Mansfield, OH",90721,40088,687.8,303.9,0.840376,0.58216,0.85446,0.752817,40,False,4.2,OH_MANSFIELD-LAHM-RGNL-AP,724200,40.82,-82.518,40.76184,-82.54316
Cold & Very Cold,suburban/small town,Suburban,CBSA,48020,"Watertown-Fort Atkinson, WI",43036,18812,962.6,420.8,0.647887,0.943662,0.652582,0.752347,41,False,9.2,WI_WATERTOWN,726464,43.167,-88.717,43.05284,-88.80947
Cold & Very Cold,suburban/small town,Suburban,CBSA,27060,"Ithaca, NY",65361,29773,770.2,350.9,0.765258,0.723005,0.769953,0.751408,42,False,2.3,NY_ITHACA-TOMPKINS-CO,725155,42.483,-76.467,42.4511,-76.4793
Cold & Very Cold,suburban/small town,Suburban,CBSA,12980,"Battle Creek, MI",100942,45471,666.4,300.2,0.859155,0.544601,0.86385,0.75,43,False,5.3,MI_BATTLE-CREEK-KELLOGG-AP,725396,42.312,-85.241,42.30705,-85.13836
Cold & Very Cold,suburban/small town,Suburban,CBSA,28740,"Kingston, NY",104113,47361,639.2,290.8,0.877934,0.507042,0.873239,0.747183,44,False,16.8,NY_POUGHKEEPSIE-DUTCHESS-CO,725036,41.626,-73.882,41.83793,-74.04297
Cold & Very Cold,suburban/small town,Suburban,CBSA,30340,"Lewiston-Auburn, ME",68837,30654,740.7,329.8,0.774648,0.680751,0.774648,0.741784,45,False,5.3,ME_AUBURN-LEWISTON,726184,44.05,-70.283,44.0916,-70.19287
Cold & Very Cold,suburban/small town,Suburban,CBSA,31980,"Marion, IN",38902,18345,951.2,448.6,0.643192,0.920188,0.638498,0.739202,46,False,3.7,IN_MARION-MUNI-AP,744214,40.483,-85.683,40.53296,-85.65698
Cold & Very Cold,suburban/small town,Suburban,CBSA,13020,"Bay City, MI",73174,34976,701.0,335.1,0.802817,0.605634,0.793427,0.731925,47,False,10.3,MI_SAGINAW-TRI-CITY-IAP,726379,43.528,-84.081,43.60437,-83.90328
Cold & Very Cold,suburban/small town,Suburban,CBSA,34380,"Mount Pleasant, MI",32212,14021,998.3,434.5,0.577465,1.0,0.600939,0.730047,48,False,2.6,MI_MT-PLEASANT-MUNI,725424,43.622,-84.737,43.59168,-84.76806
Cold & Very Cold,suburban/small town,Suburban,CBSA,41780,"Sandusky, OH",75069,45700,638.1,388.5,0.86385,0.502347,0.802817,0.725117,49,False,27.6,OH_ELYRIA-LORAIN-CO,725214,41.346,-82.179,41.44668,-82.69352
Cold & Very Cold,suburban/small town,Suburban,CBSA,39660,"Rapid City, SD",107053,47528,608.0,269.9,0.882629,0.41784,0.882629,0.719953,50,False,8.0,SD_ELLSWORTH-AFB,726625,44.15,-103.1,44.09662,-103.24362
Cold & Very Cold,suburban/small town,Suburban,CBSA,48580,"Whitewater-Elkhorn, WI",73095,39358,645.4,347.5,0.835681,0.525822,0.788732,0.717841,51,False,12.5,WI_BURLINGTON-AP,722059,42.69,-88.304,42.66526,-88.54739
Cold & Very Cold,suburban/small town,Suburban,CBSA,39980,"Richmond, IN",47905,23007,778.7,374.0,0.694836,0.737089,0.680751,0.706808,52,False,33.6,OH_DARKE-COUNTY-AP,720713,40.204,-84.532,39.82255,-84.9263
Cold & Very Cold,suburban/small town,Suburban,CBSA,11200,"Amherst Town-Northampton, MA",137548,57738,567.3,238.1,0.906103,0.333333,0.910798,0.706572,53,False,7.7,MA_CHICOPEE-FALLS-WEST,744910,42.2,-72.533,42.30999,-72.56226
Cold & Very Cold,suburban/small town,Suburban,CBSA,48780,"Williston, ND",30247,15339,834.8,423.4,0.600939,0.798122,0.577465,0.665258,54,False,31.7,ND_WATFORD-CITY-MUNI-AP,720868,47.796,-103.254,48.16975,-103.65084
Cold & Very Cold,suburban/small town,Suburban,CBSA,36837,"Ottawa, IL",77596,36389,578.4,271.3,0.816901,0.356808,0.826291,0.657746,55,False,8.7,IL_PERU-AP,722149,41.352,-89.153,41.33384,-88.9861
Cold & Very Cold,suburban/small town,Suburban,CBSA,16660,"Charleston-Mattoon, IL",35307,17498,769.9,381.5,0.629108,0.71831,0.615023,0.657512,56,False,0.7,IL_MATTOON-CHARLESTON,725317,39.474,-88.272,39.48416,-88.26899
Cold & Very Cold,suburban/small town,Suburban,CBSA,49780,"Zanesville, OH",44219,20873,731.0,345.1,0.657277,0.652582,0.666667,0.657512,57,False,6.8,OH_ZANESVILLE-MUNI-AP,724286,39.946,-81.893,39.94568,-82.02088
Cold & Very Cold,suburban/small town,Suburban,CBSA,28060,"Kalispell, MT",55388,23624,644.0,274.7,0.71831,0.516432,0.737089,0.651409,58,False,5.7,MT_KALISPELL-GLACIER-PK-IAP,727790,48.304,-114.264,48.22292,-114.28952
Cold & Very Cold,suburban/small town,Suburban,CBSA,45860,"Torrington, CT",53730,25129,624.6,292.1,0.741784,0.469484,0.732394,0.644601,59,False,22.2,CT_HARTFORD-BRADLEY-IAP,725080,41.937,-72.682,41.81565,-73.08187
Cold & Very Cold,suburban/small town,Suburban,CBSA,14940,"Brigham City, UT-ID",31588,10944,929.2,321.9,0.460094,0.906103,0.591549,0.642488,60,False,1.4,UT_BRIGHAM-CITY-AP,720567,41.552,-112.062,41.57166,-112.07069
Cold & Very Cold,suburban/small town,Suburban,CBSA,38340,"Pittsfield, MA",85931,43907,531.9,271.8,0.849765,0.258216,0.835681,0.639906,61,False,6.3,MA_PITTSFIELD-MUNI,744104,42.427,-73.289,42.49917,-73.2132
Cold & Very Cold,suburban/small town,Suburban,CBSA,44620,"Stevens Point-Plover, WI",40403,17971,728.4,324.0,0.633803,0.638498,0.647887,0.638263,62,False,2.4,WI_STEVENS-POINT,726426,44.55,-89.533,44.51672,-89.5483
Cold & Very Cold,suburban/small town,Suburban,CBSA,41400,"Salem, OH",53102,26061,616.7,302.7,0.746479,0.446009,0.71831,0.635681,63,False,15.6,PA_BEAVER-FALLS-AP,725204,40.767,-80.4,40.78858,-80.6973
Cold & Very Cold,suburban/small town,Suburban,CBSA,23660,"Galesburg, IL",33648,15968,731.3,347.0,0.615023,0.661972,0.605634,0.629577,64,False,3.7,IL_GALESBURG-AP,722089,40.933,-90.433,40.95085,-90.36659
Cold & Very Cold,suburban/small town,Suburban,CBSA,33220,"Midland, MI",52110,23100,631.7,280.0,0.699531,0.488263,0.713615,0.628404,65,False,2.3,MI_JACK-BARSTOW-AP,720629,43.663,-84.261,43.63528,-84.23619
Cold & Very Cold,suburban/small town,Suburban,CBSA,39020,"Portsmouth, OH",34262,16252,726.7,344.7,0.619718,0.633803,0.610329,0.62277,66,False,17.5,KY_ASHLAND-RGNL,720449,38.555,-82.738,38.75115,-82.94197
Cold & Very Cold,suburban/small town,Suburban,CBSA,12620,"Bangor, ME",72898,33659,551.1,254.5,0.784038,0.286385,0.784038,0.609859,67,False,7.1,ME_BANGOR-IAP,726070,44.798,-68.819,44.89108,-68.75919
Cold & Very Cold,suburban/small town,Suburban,CBSA,16060,"Carbondale, IL",30412,17406,699.3,400.2,0.624413,0.600939,0.58216,0.607746,68,False,3.7,IL_SOUTHERN-ILLINOIS,724336,37.783,-89.245,37.7297,-89.24362
Cold & Very Cold,suburban/small town,Suburban,CBSA,21820,"Fairbanks-College, AK",59604,27031,570.9,258.9,0.751174,0.338028,0.755869,0.607512,69,False,1435.9,WA_EASTSOUND-ORCAS-ISLA,722208,48.708,-122.911,64.82235,-147.65357
Cold & Very Cold,suburban/small town,Suburban,CBSA,36900,"Ottumwa, IA",26624,12054,790.9,358.1,0.516432,0.760563,0.521127,0.602817,70,False,5.8,IA_OTTUMWA-INDUSTRIAL-AP,725465,41.101,-92.445,41.01852,-92.42105
Cold & Very Cold,suburban/small town,Suburban,CBSA,18180,"Concord, NH",88523,36754,455.4,189.1,0.821596,0.164319,0.849765,0.597183,71,False,1.9,NH_CONCORD-MUNI-AP,726050,43.205,-71.503,43.20871,-71.53964
Cold & Very Cold,suburban/small town,Suburban,CBSA,38460,"Plattsburgh, NY",29929,14413,723.1,348.2,0.586854,0.629108,0.56338,0.596948,72,False,4.3,NY_PLATTSBURGH-IAP,726225,44.639,-73.463,44.70047,-73.46925
Cold & Very Cold,suburban/small town,Suburban,CBSA,49220,"Wisconsin Rapids-Marshfield, WI",48864,23664,589.7,285.6,0.723005,0.370892,0.685446,0.592254,73,False,10.2,WI_WISCONSIN-RAPIDS,726452,44.359,-89.837,44.48245,-89.95125
Cold & Very Cold,suburban/small town,Suburban,CBSA,31930,"Marietta, OH",23983,12092,785.2,395.9,0.521127,0.746479,0.455399,0.586855,74,False,3.6,WV_PARKERSBURG-WOOD-CO-AP,724273,39.339,-81.444,39.38496,-81.47467
Cold & Very Cold,suburban/small town,Suburban,CBSA,49300,"Wooster, OH",65348,27855,536.7,228.8,0.755869,0.267606,0.765258,0.586855,75,False,2.4,OH_WOOSTER,725216,40.873,-81.889,40.8495,-81.85521
Cold & Very Cold,suburban/small town,Suburban,CBSA,35740,"Norfolk, NE",25333,11263,799.4,355.4,0.483568,0.769953,0.488263,0.584742,76,False,4.6,NE_NORFOLK-KARL-STEFAN-MEM-AP,725560,41.98,-97.434,42.04572,-97.42145
Cold & Very Cold,suburban/small town,Suburban,CBSA,45900,"Traverse City, MI",73437,35311,449.1,216.0,0.812207,0.15493,0.798122,0.579343,77,False,4.1,MI_TRAVERSE-CITY-CHERRY-CAP,726387,44.739,-85.568,44.72577,-85.64888
Cold & Very Cold,suburban/small town,Suburban,CBSA,24640,"Greenfield, MA",25597,12335,738.8,356.0,0.525822,0.676056,0.497653,0.57277,78,False,13.5,MA_ORANGE(ASOS),725085,42.57,-72.287,42.60181,-72.54854
Cold & Very Cold,suburban/small town,Suburban,CBSA,32260,"Marshalltown, IA",27825,11059,766.4,304.6,0.478873,0.70892,0.544601,0.572535,79,False,4.9,IA_MARSHALL-TOWN-MUNI,725461,42.111,-92.916,42.04089,-92.92099
Cold & Very Cold,suburban/small town,Suburban,CBSA,35940,"Norwalk, OH",27904,12862,694.7,320.2,0.558685,0.596244,0.549296,0.569953,80,False,25.9,OH_ELYRIA-LORAIN-CO,725214,41.346,-82.179,41.22511,-82.65145
Cold & Very Cold,suburban/small town,Suburban,CBSA,44780,"Sturgis, MI",23362,9962,864.7,368.7,0.41784,0.835681,0.446009,0.569718,81,False,5.6,MI_STURGIS-KIRSH-MUNI,725383,41.817,-85.433,41.8688,-85.51783
Cold & Very Cold,suburban/small town,Suburban,CBSA,19180,"Danville, IL",49270,23601,564.6,270.5,0.70892,0.319249,0.690141,0.568779,82,False,3.4,IL_VERMILION-CO,722076,40.2,-87.6,40.15583,-87.62885
Cold & Very Cold,suburban/small town,Suburban,CBSA,32100,"Marquette, MI",39950,18047,616.5,278.5,0.638498,0.43662,0.643192,0.568779,83,False,12.2,MI_SAWYER-IAP,726284,46.35,-87.4,46.51712,-87.4829
Cold & Very Cold,suburban/small town,Suburban,CBSA,25740,"Helena, MT",53291,24501,534.3,245.7,0.7277,0.262911,0.723005,0.564085,84,False,0.9,MT_HELENA-RGNL-AP,727720,46.604,-111.989,46.59304,-111.97833
Cold & Very Cold,suburban/small town,Suburban,CBSA,12660,"Baraboo, WI",32138,15285,635.7,302.3,0.596244,0.492958,0.596244,0.560094,85,False,5.0,WI_BARABOO-WISC-DELLS,726503,43.522,-89.774,43.45898,-89.82356
Cold & Very Cold,suburban/small town,Suburban,CBSA,28260,"Kearney, NE",36593,15562,617.9,262.8,0.605634,0.450704,0.629108,0.556103,86,False,4.7,NE_KEARNEY-MUNI,725526,40.733,-99.0,40.70705,-99.08196
Cold & Very Cold,suburban/small town,Suburban,CBSA,25720,"Heber, UT",51684,22803,554.9,244.8,0.685446,0.295775,0.699531,0.551878,87,False,7.5,UT_HEBER-CITY-MUNI-RUSS,720565,40.482,-111.429,40.587,-111.46682
Cold & Very Cold,suburban/small town,Suburban,CBSA,17540,"Clinton, IA",24473,12347,703.2,354.8,0.530516,0.615023,0.483568,0.550704,88,False,6.1,IA_CLINTON-MUNI(AWOS),725473,41.833,-90.333,41.84941,-90.21739
Cold & Very Cold,suburban/small town,Suburban,CBSA,27300,"Jacksonville, IL",21278,9804,823.5,379.4,0.403756,0.793427,0.403756,0.540141,89,False,3.6,IL_JACKSONVILLE,744666,39.78,-90.238,39.72778,-90.24012
Cold & Very Cold,suburban/small town,Suburban,CBSA,27540,"Jasper, IN",19409,8250,963.9,409.7,0.314554,0.948357,0.328638,0.539202,90,False,8.4,IN_HUNTINGBURG,724365,38.249,-86.954,38.3708,-86.94047
Cold & Very Cold,suburban/small town,Suburban,CBSA,30150,"Lebanon-Claremont, NH-VT",43663,18930,566.4,245.6,0.652582,0.323944,0.657277,0.538498,91,False,3.7,NH_LEBANON-MUNI-AP,726116,43.627,-72.305,43.59099,-72.24903
Cold & Very Cold,suburban/small town,Suburban,CBSA,12300,"Augusta-Waterville, ME",61553,30224,415.6,204.1,0.769953,0.103286,0.760563,0.534742,92,False,7.1,ME_AUGUSTA-AP,726185,44.316,-69.797,44.40944,-69.73677
Cold & Very Cold,suburban/small town,Suburban,CBSA,10300,"Adrian, MI",53668,22259,521.1,216.1,0.680751,0.234742,0.7277,0.534038,93,False,5.9,MI_ADRIAN,725404,41.868,-84.079,41.92892,-83.99851
Cold & Very Cold,suburban/small town,Suburban,CBSA,13340,"Bellefontaine, OH",22829,13849,666.1,404.1,0.57277,0.539906,0.43662,0.534038,94,False,2.8,OH_BELLEFONTAINE-RGNL-A,720944,40.367,-83.817,40.40448,-83.79529
Cold & Very Cold,suburban/small town,Suburban,CBSA,35420,"New Philadelphia-Dover, OH",47131,21271,537.7,242.7,0.661972,0.2723,0.676056,0.528404,95,False,3.1,OH_NEW-PHILADELPHIA,725224,40.47,-81.422,40.50526,-81.45955
Cold & Very Cold,suburban/small town,Suburban,CBSA,26780,"Hutchinson, MN",20320,8975,845.4,373.4,0.366197,0.812207,0.375587,0.524178,96,False,3.7,MN_HUTCHINSON(AWOS),726569,44.859,-94.382,44.85216,-94.30675
Cold & Very Cold,suburban/small town,Suburban,CBSA,40090,"Rifle, CO",19074,8818,868.0,401.3,0.361502,0.849765,0.319249,0.523943,97,False,2.0,CO_SUNLIGHT,726392,39.433,-107.383,39.45231,-107.35394
Cold & Very Cold,suburban/small town,Suburban,CBSA,11900,"Athens, OH",26857,10339,720.0,277.2,0.43662,0.624413,0.525822,0.520188,98,False,10.1,OH_OHIO-UNIV-AP-SNYDER,720397,39.217,-82.233,39.336,-82.12218
Cold & Very Cold,suburban/small town,Suburban,CBSA,17060,"Chillicothe, OH",36333,14979,576.7,237.7,0.591549,0.352113,0.624413,0.514319,99,False,32.3,OH_COLUMBUS-RICKENBACKE-ANG,724285,39.817,-82.933,39.35356,-83.01237
Cold & Very Cold,suburban/small town,Suburban,CBSA,34880,"Nantucket, MA",12642,8350,964.7,637.2,0.323944,0.953052,0.15493,0.510329,100,False,2.4,MA_NANTUCKET-MEM-AP,725060,41.254,-70.059,41.26737,-70.10126
Cold & Very Cold,suburban/small town,Suburban,CBSA,32060,"Marion-Herrin, IL",44836,22145,485.3,239.7,0.676056,0.192488,0.671362,0.505868,101,False,2.1,IL_MARION-RGNL-AP,724339,37.75,-89.0,37.77932,-88.99356
Cold & Very Cold,suburban/small town,Suburban,CBSA,32380,"Mason City, IA",27429,14220,596.9,309.4,0.58216,0.384977,0.539906,0.504695,102,False,6.4,IA_MASON-CITY-MUNI-AP,725485,43.154,-93.326,43.14461,-93.19928
Cold & Very Cold,suburban/small town,Suburban,CBSA,47700,"Warsaw, IN",44197,21310,485.4,234.1,0.666667,0.197183,0.661972,0.501409,103,False,1.8,IN_WARSAW-MUNI-AP,720266,41.275,-85.84,41.27239,-85.80564
Cold & Very Cold,suburban/small town,Suburban,CBSA,15860,"Cañon City, CO",29520,10225,677.9,234.8,0.42723,0.558685,0.558685,0.49953,104,False,28.4,CO_CHEYENNE-MTN-AS,720642,38.75,-104.85,38.43476,-105.18831
Cold & Very Cold,suburban/small town,Suburban,CBSA,26090,"Holland, MI",56552,24563,345.9,150.2,0.732394,0.028169,0.741784,0.487793,105,False,17.6,MI_HOLLAND-TULIP-CITY,725394,42.746,-86.097,42.61565,-85.79818
Cold & Very Cold,suburban/small town,Suburban,CBSA,35220,"New Castle, IN",20888,9995,716.2,342.7,0.422535,0.619718,0.389671,0.484976,106,False,18.8,IN_ANDERSON-MUNI-AP,724385,40.117,-85.617,39.91927,-85.3728
Cold & Very Cold,suburban/small town,Suburban,CBSA,40540,"Rock Springs, WY",19439,7667,860.2,339.3,0.276995,0.826291,0.338028,0.481455,107,False,12.0,WY_ROCK-SPRINGS-AP,725744,41.595,-109.053,41.57589,-109.28352
Cold & Very Cold,suburban/small town,Suburban,CBSA,37020,"Owosso, MI",24031,11644,628.8,304.7,0.492958,0.474178,0.460094,0.479812,108,False,2.1,MI_OWOSSO-COMMUNITY-AP,722346,42.993,-84.139,42.96302,-84.14204
Cold & Very Cold,suburban/small town,Suburban,CBSA,19940,"Dixon, IL",15185,6309,991.0,411.7,0.173709,0.99061,0.239437,0.47277,109,False,12.7,IL_STERLING-ROCKFALLS,725326,41.743,-89.676,41.85728,-89.48354
Cold & Very Cold,suburban/small town,Suburban,CBSA,35820,"North Platte, NE",23710,11751,616.6,305.6,0.507042,0.441315,0.450704,0.47277,110,False,5.8,NE_NORTH-PLATTE-RGNL-AP,725620,41.122,-100.669,41.13646,-100.77826
Cold & Very Cold,suburban/small town,Suburban,CBSA,39480,"Putnam, CT",50720,21697,399.1,170.7,0.671362,0.089202,0.694836,0.472301,111,False,15.1,CT_WINDHAM-AP-WILL,725084,41.742,-72.182,41.80742,-71.90258
Cold & Very Cold,suburban/small town,Suburban,CBSA,29060,"Laconia, NH",37401,22892,408.3,249.9,0.690141,0.093897,0.633803,0.470188,112,False,2.7,NH_LACONIA-MUNI(AWOS),726155,43.567,-71.433,43.5404,-71.47263
Cold & Very Cold,suburban/small town,Suburban,CBSA,40860,"Rutland, VT",21462,11044,630.8,324.6,0.474178,0.483568,0.413146,0.465258,113,False,6.1,VT_RUTLAND-STATE,725165,43.533,-72.95,43.61943,-72.97637
Cold & Very Cold,suburban/small town,Suburban,CBSA,42300,"Sault Ste. Marie, MI",19392,7423,835.2,319.7,0.248826,0.802817,0.323944,0.457746,114,False,4.8,MI_SAULT-STE-MARIE-SNDRSN-FLD,727340,46.48,-84.358,46.41438,-84.38985
Cold & Very Cold,suburban/small town,Suburban,CBSA,14660,"Brainerd, MN",27023,12646,559.3,261.7,0.539906,0.305164,0.530516,0.455868,115,False,5.9,MN_BRAINERD-WIELAND,726555,46.402,-94.127,46.36032,-94.23603
Cold & Very Cold,suburban/small town,Suburban,CBSA,32390,"Massena-Ogdensburg, NY",27380,10700,609.8,238.3,0.441315,0.422535,0.535211,0.453521,116,False,17.3,NY_MASSENA-AP,726223,44.933,-74.848,44.77346,-75.12036
Cold & Very Cold,suburban/small town,Suburban,CBSA,24820,"Greenville, OH",13418,6529,955.8,465.1,0.192488,0.929577,0.187793,0.44953,117,False,8.7,OH_DARKE-COUNTY-AP,720713,40.204,-84.532,40.10105,-84.62629
Cold & Very Cold,suburban/small town,Suburban,CBSA,15340,"Bucyrus, OH",28242,13695,519.0,251.7,0.568075,0.230047,0.553991,0.446948,118,False,14.9,OH_MARION-MUNI-AP,725208,40.616,-83.067,40.77004,-82.8669
Cold & Very Cold,suburban/small town,Suburban,CBSA,30660,"Lincoln, IL",14184,6714,907.1,429.4,0.197183,0.892019,0.211268,0.443193,119,False,2.2,IL_LINCOLN,744672,40.158,-89.335,40.15237,-89.37515
Cold & Very Cold,suburban/small town,Suburban,CBSA,31380,"Macomb, IL",14772,7388,855.0,427.6,0.244131,0.821596,0.225352,0.442488,120,False,4.3,IL_MACOMB-AP,722157,40.52,-90.652,40.45959,-90.67094
Cold & Very Cold,suburban/small town,Suburban,CBSA,28300,"Keene, NH",22923,10271,618.0,276.9,0.431925,0.455399,0.441315,0.442019,121,False,3.4,NH_DILLANT-HOPKINS,726165,42.9,-72.267,42.94699,-72.28571
Cold & Very Cold,suburban/small town,Suburban,CBSA,34540,"Mount Vernon, OH",30021,13460,498.2,223.4,0.56338,0.206573,0.568075,0.439437,122,False,6.6,OH_KNOX-CO-AP,720414,40.333,-82.517,40.40361,-82.43388
Cold & Very Cold,suburban/small town,Suburban,CBSA,25580,"Hastings, NE",24043,10992,594.2,271.7,0.469484,0.380282,0.464789,0.437324,123,False,1.8,NE_HASTINGS-MUNI-AP,725525,40.6,-98.426,40.59219,-98.39291
Cold & Very Cold,suburban/small town,Suburban,CBSA,43890,"Sparta, WI",21423,9910,629.9,291.4,0.413146,0.478873,0.408451,0.435211,124,False,2.8,WI_MCCOY(USA-AF),726437,43.967,-90.733,43.96473,-90.67725
Cold & Very Cold,suburban/small town,Suburban,CBSA,22800,"Fort Madison, IA",22032,10933,607.7,301.6,0.455399,0.408451,0.42723,0.433333,125,False,5.3,IA_KEOKUK-MUNI,725456,40.46,-91.428,40.52955,-91.38428
Cold & Very Cold,suburban/small town,Suburban,CBSA,38500,"Plymouth, IN",17676,7651,769.2,332.9,0.2723,0.713615,0.305164,0.433333,126,False,21.1,IN_KNOX-STARKE-CO-AP,720593,41.333,-86.667,41.37507,-86.26355
Cold & Very Cold,suburban/small town,Suburban,CBSA,39860,"Red Wing, MN",18121,8306,729.5,334.4,0.319249,0.647887,0.309859,0.432394,127,False,8.0,MN_RED-WING,726564,44.589,-92.485,44.53536,-92.62958
Cold & Very Cold,suburban/small town,Suburban,CBSA,22700,"Fort Dodge, IA",25386,11662,561.1,257.8,0.497653,0.309859,0.492958,0.430986,128,False,2.7,IA_FORT-DODGE(AWOS),725490,42.55,-94.183,42.51136,-94.17523
Cold & Very Cold,suburban/small town,Suburban,CBSA,26340,"Houghton, MI",16388,7023,814.2,348.9,0.220657,0.784038,0.276995,0.429108,129,False,2.2,MI_HANCOCK-HOUGHTON-CO-AP,727440,47.166,-88.481,47.1521,-88.52338
Cold & Very Cold,suburban/small town,Suburban,CBSA,12740,"Barre, VT",24473,11974,548.5,268.4,0.511737,0.28169,0.483568,0.425587,130,False,2.4,VT_MONTPELIER-AP,726145,44.205,-72.565,44.21541,-72.51949
Cold & Very Cold,suburban/small town,Suburban,CBSA,45660,"Tiffin, OH",36251,15936,393.1,172.8,0.610329,0.075117,0.619718,0.424883,131,False,23.4,OH_FINDLAY-AP,725366,41.014,-83.668,41.12365,-83.24271
Cold & Very Cold,suburban/small town,Suburban,CBSA,18100,"Columbus, NE",31090,12420,461.0,184.1,0.535211,0.178404,0.586854,0.420657,132,False,3.4,NE_COLUMBUS-MUNI,725565,41.448,-97.343,41.43955,-97.27856
Cold & Very Cold,suburban/small town,Suburban,CBSA,23940,"Gillette, WY",30088,12829,448.1,191.0,0.553991,0.150235,0.57277,0.416432,133,False,5.0,WY_GILLETTE-GILLETTE-C,726650,44.34,-105.542,44.28057,-105.48294
Cold & Very Cold,suburban/small town,Suburban,CBSA,32140,"Marshall, MN",15944,7170,776.2,349.1,0.230047,0.732394,0.262911,0.412441,134,False,3.2,MN_SW-MINNESOTA-RGNL-AP,726559,44.45,-95.817,44.42211,-95.76489
Cold & Very Cold,suburban/small town,Suburban,CBSA,22820,"Fort Morgan, CO",13022,5198,982.1,392.0,0.093897,0.962441,0.164319,0.411972,135,False,6.8,CO_FORT-MORGAN-MUNI-AP,720535,40.333,-103.8,40.25278,-103.72684
Cold & Very Cold,suburban/small town,Suburban,CBSA,10820,"Alexandria, MN",15208,7774,735.2,375.8,0.286385,0.666667,0.244131,0.411033,136,False,1.8,MN_ALEXANDRIA-MUNI-AP,726557,45.868,-95.394,45.88005,-95.36066
Cold & Very Cold,suburban/small town,Suburban,CBSA,42420,"Scottsbluff, NE",25895,11725,509.4,230.6,0.502347,0.215962,0.507042,0.403051,137,False,3.7,NE_SCOTTSBLUFF-HEILIG-FIELD,725660,41.875,-103.601,41.8508,-103.66424
Cold & Very Cold,suburban/small town,Suburban,CBSA,10980,"Alpena, MI",11259,5921,929.1,488.6,0.150235,0.901408,0.089202,0.400939,138,False,5.5,MI_ALPENA-COUNTY-RGNL-AP,726390,45.072,-83.565,45.07538,-83.45315
Cold & Very Cold,suburban/small town,Suburban,CBSA,41760,"Sandpoint, ID",11683,5289,956.9,433.2,0.098592,0.934272,0.122066,0.395775,139,False,1.4,ID_SANDPOINT,720322,48.299,-116.56,48.27891,-116.55848
Cold & Very Cold,suburban/small town,Suburban,CBSA,10100,"Aberdeen, SD",26591,12746,442.5,212.1,0.544601,0.131455,0.516432,0.394366,140,False,3.4,SD_ABERDEEN-RGNL-AP,726590,45.444,-98.414,45.4698,-98.47481
Cold & Very Cold,suburban/small town,Suburban,CBSA,13260,"Bedford, IN",24147,11350,516.1,242.6,0.488263,0.220657,0.474178,0.391784,141,False,21.9,IN_MONROE-CO,724375,39.143,-86.617,38.84022,-86.49329
Cold & Very Cold,suburban/small town,Suburban,CBSA,36460,"Olean, NY",19527,9224,611.0,288.6,0.380282,0.431925,0.342723,0.390845,142,False,12.2,NY_CATTARAUGUS-CO-OLEAN-AP,725283,42.241,-78.371,42.08077,-78.47316
Cold & Very Cold,suburban/small town,Suburban,CBSA,36820,"Oskaloosa, IA",12205,5468,887.8,397.8,0.117371,0.877934,0.14554,0.389202,143,False,9.2,IA_OSKALOOSA-MUNI,720351,41.226,-92.491,41.29861,-92.63918
Cold & Very Cold,suburban/small town,Suburban,CBSA,47240,"Vineyard Haven, MA",10230,7897,740.9,572.0,0.300469,0.685446,0.046948,0.384507,144,False,4.1,MA_MARTHAS-VINEYARD,725066,41.393,-70.616,41.44976,-70.59343
Cold & Very Cold,suburban/small town,Suburban,CBSA,16140,"Carroll, IA",10374,4904,986.8,466.5,0.065728,0.976526,0.056338,0.382629,145,False,4.4,IA_CARROLL,725468,42.046,-94.789,42.07212,-94.86646
Cold & Very Cold,suburban/small town,Suburban,CBSA,47540,"Wapakoneta, OH",20988,9884,567.0,267.0,0.408451,0.328638,0.394366,0.377699,146,False,19.0,OH_LIMA-ALLEN-CO-AP,724298,40.708,-84.021,40.53866,-84.30617
Cold & Very Cold,suburban/small town,Suburban,CBSA,26540,"Huntington, IN",20032,8688,607.9,263.6,0.347418,0.413146,0.361502,0.37324,147,False,16.9,IN_FORT-WAYNE-IAP,725330,40.972,-85.206,40.87929,-85.50533
Cold & Very Cold,suburban/small town,Suburban,CBSA,14710,"Brattleboro, VT",11250,5757,866.3,443.3,0.13615,0.840376,0.084507,0.3723,148,False,14.1,NH_DILLANT-HOPKINS,726165,42.9,-72.267,42.92707,-72.54272
Cold & Very Cold,suburban/small town,Suburban,CBSA,31500,"Madison, IN",17456,7606,655.3,285.5,0.267606,0.530516,0.295775,0.365258,149,False,38.0,KY_LOUISVILLE-BOWMAN-FIELD,724235,38.23,-85.663,38.74245,-85.409
Cold & Very Cold,suburban/small town,Suburban,CBSA,33910,"Monticello, NY",25737,12784,369.8,183.7,0.549296,0.046948,0.502347,0.364084,150,False,9.8,NY_MONTICELLO(AWOS),725145,41.701,-74.795,41.66703,-74.61035
Cold & Very Cold,suburban/small town,Suburban,CBSA,15900,"Canton, IL",15974,7357,687.0,316.4,0.239437,0.577465,0.267606,0.363381,151,False,19.3,IL_GREATER-PEORIA-AP,725320,40.667,-89.684,40.57936,-90.03338
Cold & Very Cold,suburban/small town,Suburban,CBSA,34300,"Mountain Home, ID",11577,3916,953.8,322.6,0.028169,0.924883,0.107981,0.357981,152,False,7.6,ID_MOUNTAIN-HOME-AFB,726815,43.05,-115.867,43.11508,-115.74577
Cold & Very Cold,suburban/small town,Suburban,CBSA,36620,"Ontario, OR-ID",21649,8542,572.9,226.1,0.338028,0.342723,0.41784,0.355634,153,False,3.4,OR_ONTARIO-MUNI-AP,726837,44.014,-117.008,44.0177,-116.94075
Cold & Very Cold,suburban/small town,Suburban,CBSA,47420,"Wahpeton, ND-MN",11416,5383,849.0,400.3,0.112676,0.816901,0.093897,0.355399,154,False,2.4,ND_WAHPETON,722004,46.244,-96.607,46.27821,-96.60198
Cold & Very Cold,suburban/small town,Suburban,CBSA,12140,"Auburn, IN",21849,9505,522.0,227.1,0.384977,0.239437,0.422535,0.34155,155,False,4.3,IN_DE-KALB-CO-AP,720543,41.3,-85.067,41.36272,-85.06779
Cold & Very Cold,suburban/small town,Suburban,CBSA,43980,"Spencer, IA",8831,4439,885.2,445.0,0.032864,0.873239,0.028169,0.326056,156,False,3.9,IA_SPENCER,726500,43.168,-95.21,43.14833,-95.13807
Cold & Very Cold,suburban/small town,Suburban,CBSA,34140,"Moscow, ID",26506,10963,367.5,152.0,0.464789,0.037559,0.511737,0.324648,157,False,6.7,WA_PULLMAN-MOSCOW-RGNL-AP,727857,46.744,-117.116,46.74128,-116.97444
Cold & Very Cold,suburban/small town,Suburban,CBSA,32860,"Menomonie, WI",19838,7763,581.5,227.5,0.28169,0.361502,0.352113,0.323709,158,False,2.8,WI_MENOMONIE-AFLD,720327,44.892,-91.868,44.8755,-91.92028
Cold & Very Cold,suburban/small town,Suburban,CBSA,19580,"Defiance, OH",20044,9136,518.2,236.2,0.375587,0.225352,0.366197,0.321127,159,False,4.3,OH_DEFIANCE-MEM,725254,41.336,-84.429,41.27497,-84.44585
Cold & Very Cold,suburban/small town,Suburban,CBSA,49460,"Yankton, SD",15686,7174,618.3,282.8,0.234742,0.460094,0.258216,0.31831,160,False,1.0,SD_CHAN-GURNEY-MUNI,726525,42.879,-97.364,42.88821,-97.37959
Cold & Very Cold,suburban/small town,Suburban,CBSA,11740,"Ashland, OH",24056,10772,385.4,172.6,0.446009,0.056338,0.469484,0.314319,161,False,10.2,OH_MANSFIELD-LAHM-RGNL-AP,724200,40.82,-82.518,40.85538,-82.32853
Cold & Very Cold,suburban/small town,Suburban,CBSA,13420,"Bemidji, MN",20501,9588,444.1,207.7,0.389671,0.14554,0.380282,0.302347,162,False,3.0,MN_BEMIDJI-MUNI-AP,727550,47.5,-94.933,47.49534,-94.86844
Cold & Very Cold,suburban/small town,Suburban,CBSA,46860,"Vernal, UT",11213,4646,788.9,326.9,0.051643,0.751174,0.079812,0.302113,163,False,1.1,UT_VERNAL-AP,725705,40.443,-109.513,40.43865,-109.53392
Cold & Very Cold,suburban/small town,Suburban,CBSA,27020,"Iron Mountain, MI-WI",20022,9787,444.1,217.1,0.394366,0.14554,0.356808,0.299765,164,False,4.0,MI_IRON-MOUNTAIN-FORD,727437,45.813,-88.113,45.8102,-88.03058
Cold & Very Cold,suburban/small town,Suburban,CBSA,14720,"Breckenridge, CO",15099,10843,438.0,314.5,0.450704,0.122066,0.234742,0.292488,165,False,1.2,CO_COPPER-MOUNTAIN-RE,722061,39.467,-106.15,39.48012,-106.13411
Cold & Very Cold,suburban/small town,Suburban,CBSA,27420,"Jamestown, ND",16167,7878,558.7,272.3,0.29108,0.300469,0.2723,0.29061,166,False,1.9,ND_JAMESTOWN-MUNI-AP,727535,46.926,-98.67,46.91294,-98.70631
Cold & Very Cold,suburban/small town,Suburban,CBSA,38420,"Platteville, WI",16552,6499,610.8,239.8,0.183099,0.42723,0.28169,0.288263,167,False,7.4,WI_PLATTEVILLE-MUNI,720586,42.683,-90.45,42.77083,-90.53504
Cold & Very Cold,suburban/small town,Suburban,CBSA,31220,"Ludington, MI",11619,6757,637.8,370.9,0.201878,0.497653,0.112676,0.287559,168,False,1.7,MI_LUDINGTON-MASON,726364,43.963,-86.408,43.97059,-86.4409
Cold & Very Cold,suburban/small town,Suburban,CBSA,39960,"Rice Lake, WI",12388,6289,641.1,325.5,0.169014,0.511737,0.150235,0.285211,169,False,4.5,WI_RICE-LAKE-MUNI-AP,726467,45.419,-91.773,45.47578,-91.72781
Cold & Very Cold,suburban/small town,Suburban,CBSA,44020,"Spirit Lake, IA",9368,8352,586.3,522.7,0.328638,0.366197,0.037559,0.283568,170,False,17.0,IA_SPENCER,726500,43.168,-95.21,43.40468,-95.11974
Cold & Very Cold,suburban/small town,Suburban,CBSA,40180,"Riverton, WY",20728,9044,419.5,183.0,0.370892,0.107981,0.384977,0.28169,171,False,7.8,WY_RIVERTON-RGNL-AP,726720,43.062,-108.447,42.96736,-108.53015
Cold & Very Cold,suburban/small town,Suburban,CBSA,15740,"Cambridge, OH",17253,8708,469.9,237.2,0.352113,0.183099,0.29108,0.280751,172,False,17.0,OH_ZANESVILLE-MUNI-AP,724286,39.946,-81.893,40.01518,-81.58559
Cold & Very Cold,suburban/small town,Suburban,CBSA,49380,"Worthington, MN",14151,5020,682.5,242.1,0.079812,0.568075,0.206573,0.276056,173,False,1.6,MN_WORTHINGTON(AWOS),726587,43.645,-95.58,43.62507,-95.59542
Cold & Very Cold,suburban/small town,Suburban,CBSA,26460,"Hudson, NY",18981,9792,389.4,200.9,0.399061,0.065728,0.314554,0.265493,174,False,24.8,MA_PITTSFIELD-MUNI,744104,42.427,-73.289,42.31524,-73.75024
Cold & Very Cold,suburban/small town,Suburban,CBSA,48940,"Wilmington, OH",19745,8743,397.7,176.1,0.356808,0.079812,0.347418,0.257981,175,False,5.2,OH_WILMINGTON-AIRPARK,724296,39.431,-83.777,39.40693,-83.86902
Cold & Very Cold,suburban/small town,Suburban,CBSA,37950,"Petoskey, MI",10859,8049,551.4,408.7,0.305164,0.29108,0.070423,0.253286,176,False,3.9,MI_HARBOR-SPRINGS,722145,45.426,-84.913,45.38603,-84.97073
Cold & Very Cold,suburban/small town,Suburban,CBSA,19540,"Decatur, IN",13409,6063,597.4,270.1,0.159624,0.389671,0.183099,0.244835,177,False,19.1,IN_FORT-WAYNE-IAP,725330,40.972,-85.206,40.78521,-84.93575
Cold & Very Cold,suburban/small town,Suburban,CBSA,30420,"Lexington, NE",14973,5671,606.7,229.8,0.126761,0.403756,0.230047,0.244366,178,False,1.8,NE_LEXINGTON-JIM-KELLY-FLD,725624,40.789,-99.771,40.80016,-99.80224
Cold & Very Cold,suburban/small town,Suburban,CBSA,17740,"Coldwater, MI",13907,6027,590.0,255.7,0.15493,0.375587,0.197183,0.240611,179,False,3.4,MI_COLDWATER,725414,41.933,-85.053,41.93405,-84.98718
Cold & Very Cold,suburban/small town,Suburban,CBSA,16380,"Celina, OH",20178,8549,350.0,148.3,0.342723,0.032864,0.370892,0.239906,180,False,22.8,OH_DARKE-COUNTY-AP,720713,40.204,-84.532,40.53182,-84.58125
Cold & Very Cold,suburban/small town,Suburban,CBSA,18740,"Coshocton, OH",10630,4983,668.1,313.2,0.070423,0.553991,0.065728,0.238733,181,False,21.8,OH_ZANESVILLE-MUNI-AP,724286,39.946,-81.893,40.26004,-81.84762
Cold & Very Cold,suburban/small town,Suburban,CBSA,34500,"Mount Vernon, IL",9965,5034,645.1,325.9,0.084507,0.521127,0.042254,0.228873,182,False,3.5,IL_MOUNT-VERNON(AWOS),724335,38.323,-88.858,38.3352,-88.91978
Cold & Very Cold,suburban/small town,Suburban,CBSA,15420,"Burley, ID",21133,7535,397.9,141.9,0.262911,0.084507,0.399061,0.2277,183,False,0.7,ID_BURLEY-MUNI-AP,725867,42.545,-113.769,42.53449,-113.7703
Cold & Very Cold,suburban/small town,Suburban,CBSA,47920,"Washington Court House, OH",17549,7881,410.6,184.4,0.295775,0.098592,0.300469,0.2277,184,False,19.9,OH_WILMINGTON-AIRPARK,724296,39.431,-83.777,39.53613,-83.42957
Cold & Very Cold,suburban/small town,Suburban,CBSA,28340,"Kendallville, IN",13829,5841,573.4,242.2,0.140845,0.347418,0.192488,0.223474,185,False,19.7,IN_DE-KALB-CO-AP,720543,41.3,-85.067,41.44756,-85.39191
Cold & Very Cold,suburban/small town,Suburban,CBSA,40300,"Rochelle, IL",19413,8464,330.5,144.1,0.333333,0.018779,0.333333,0.223239,186,False,9.4,IL_ROCHELLE-AP,722182,41.893,-89.078,41.99647,-89.19637
Cold & Very Cold,suburban/small town,Suburban,CBSA,21740,"Evanston, WY-UT",8279,3491,693.3,292.4,0.00939,0.591549,0.018779,0.215023,187,False,3.9,WY_EVANSTON-BURNS-FLD,725775,41.273,-111.031,41.24636,-110.96509
Cold & Very Cold,suburban/small town,Suburban,CBSA,42900,"Seneca Falls, NY",17232,8182,369.2,175.3,0.309859,0.042254,0.286385,0.211502,188,False,21.0,NY_PENN-YAN,725194,42.644,-77.053,42.90673,-76.8449
Cold & Very Cold,suburban/small town,Suburban,CBSA,22260,"Fergus Falls, MN",15640,7519,439.0,211.0,0.258216,0.126761,0.253521,0.211268,189,False,4.1,MN_FERGUS-FALLS-MUNI-AP,726572,46.283,-96.15,46.27923,-96.06353
Cold & Very Cold,suburban/small town,Suburban,CBSA,13540,"Bennington, VT",14076,6511,522.9,241.9,0.187793,0.244131,0.201878,0.210328,190,False,4.8,VT_W-H-MORSE-STATE,726166,42.891,-73.247,42.92147,-73.16248
Cold & Very Cold,suburban/small town,Suburban,CBSA,28540,"Ketchikan, AK",13395,6185,539.5,249.1,0.164319,0.276995,0.178404,0.206573,191,False,590.3,WA_EASTSOUND-ORCAS-ISLA,722208,48.708,-122.911,55.36478,-131.65184
Cold & Very Cold,suburban/small town,Suburban,CBSA,39220,"Price, UT",8228,3758,679.2,310.2,0.014085,0.56338,0.014085,0.206338,192,False,3.0,UT_PRICE-CARBON-CO,724700,39.609,-110.755,39.61264,-110.81113
Cold & Very Cold,suburban/small town,Suburban,CBSA,13940,"Blackfoot, ID",22177,7492,317.5,107.2,0.253521,0.014085,0.431925,0.205399,193,False,21.1,ID_IDAHO-FALLS-FANNING-FIELD,725785,43.52,-112.068,43.25257,-112.27154
Cold & Very Cold,suburban/small town,Suburban,CBSA,11420,"Angola, IN",14256,7084,459.6,228.4,0.225352,0.169014,0.215962,0.203756,194,False,20.4,MI_COLDWATER,725414,41.933,-85.053,41.63885,-85.01191
Cold & Very Cold,suburban/small town,Suburban,CBSA,20780,"Edwards, CO",11978,6894,497.5,286.3,0.211268,0.201878,0.13615,0.192958,195,False,12.5,CO_EAGLE-CO-AP,724675,39.65,-106.917,39.502,-106.78078
Cold & Very Cold,suburban/small town,Suburban,CBSA,46500,"Urbana, OH",11448,5320,562.8,261.5,0.107981,0.314554,0.098592,0.178404,196,False,17.7,OH_BELLEFONTAINE-RGNL-A,720944,40.367,-83.817,40.11597,-83.75122
Cold & Very Cold,suburban/small town,Suburban,CBSA,38180,"Pierre, SD",14740,6789,435.9,200.8,0.206573,0.117371,0.220657,0.178169,197,False,1.7,MN_PIERRE-RGNL-AP,726560,44.382,-100.286,44.38243,-100.31984
Cold & Very Cold,suburban/small town,Suburban,CBSA,13660,"Big Rapids, MI",10300,4474,598.1,259.8,0.037559,0.394366,0.051643,0.165258,198,False,2.3,MI_BIG-RAPIDS,725416,43.717,-85.5,43.68854,-85.47767
Cold & Very Cold,suburban/small town,Suburban,CBSA,24600,"Greencastle, IN",15404,6352,387.4,159.8,0.178404,0.061033,0.248826,0.151409,199,False,29.1,IN_INDIANAPOLIS-IAP,724380,39.725,-86.282,39.65972,-86.82306
Cold & Very Cold,suburban/small town,Suburban,CBSA,24330,"Grand Rapids, MN",8133,3848,600.4,284.1,0.018779,0.399061,0.00939,0.15,200,False,1.6,MN_GRAND-RAPIDS(AWOS),727458,47.211,-93.51,47.22199,-93.54009
Cold & Very Cold,suburban/small town,Suburban,CBSA,33580,"Mitchell, SD",11564,5647,454.7,222.1,0.122066,0.159624,0.103286,0.131455,201,False,5.3,SD_MITCHELL-MUNI,726545,43.774,-98.038,43.69813,-98.02243
Cold & Very Cold,suburban/small town,Suburban,CBSA,10480,"Alamosa, CO",11666,5018,507.3,218.2,0.075117,0.211268,0.117371,0.131221,202,False,2.8,CO_ALAMOSA-SAN-LUIS-VAL-RGNL-,724620,37.439,-105.862,37.47238,-105.89128
Cold & Very Cold,suburban/small town,Suburban,CBSA,27220,"Jackson, WY-ID",12826,6921,277.3,149.6,0.215962,0.004695,0.159624,0.130751,203,False,8.0,WY_JACKSON-HOLE,725776,43.6,-110.733,43.50252,-110.81885
Cold & Very Cold,suburban/small town,Suburban,CBSA,30180,"Le Mars, IA",10956,4677,524.6,223.9,0.056338,0.248826,0.075117,0.127465,204,False,1.8,IA_LE-MARS,725484,42.778,-96.194,42.78871,-96.16211
Cold & Very Cold,suburban/small town,Suburban,CBSA,20820,"Effingham, IL",13044,5916,372.4,168.9,0.14554,0.051643,0.169014,0.117371,205,False,28.3,IL_MATTOON-CHARLESTON,725317,39.474,-88.272,39.12615,-88.55032
Cold & Very Cold,suburban/small town,Suburban,CBSA,13100,"Beatrice, NE",9347,4632,527.3,261.3,0.046948,0.253521,0.032864,0.116432,206,False,2.2,NE_BEATRICE-MUNI-AP,725515,40.301,-96.754,40.27859,-96.72411
Cold & Very Cold,suburban/small town,Suburban,CBSA,44740,"Storm Lake, IA",11778,4520,459.7,176.4,0.042254,0.173709,0.126761,0.105165,207,False,3.7,IA_STORM-LAKE,725496,42.597,-95.241,42.64327,-95.20606
Cold & Very Cold,suburban/small town,Suburban,CBSA,26700,"Huron, SD",13364,5723,338.6,145.0,0.131455,0.023474,0.173709,0.102112,208,False,2.9,SD_HURON-RGNL-AP,726540,44.379,-98.223,44.33721,-98.22704
Cold & Very Cold,suburban/small town,Suburban,CBSA,21860,"Fairmont, MN",10426,5158,443.8,219.6,0.089202,0.13615,0.061033,0.1,209,False,2.9,MN_FAIRMONT-MUNI(AWOS),726586,43.65,-94.417,43.64136,-94.47357
Cold & Very Cold,suburban/small town,Suburban,CBSA,44540,"Sterling, CO",11833,5300,393.0,176.0,0.103286,0.070423,0.131455,0.097418,210,False,3.2,CO_STERLING-MUNI-AP,720544,40.617,-103.267,40.63326,-103.20933
Cold & Very Cold,suburban/small town,Suburban,CBSA,46820,"Vermillion, SD",12013,4780,432.2,172.0,0.061033,0.112676,0.140845,0.09507,211,False,23.2,SD_CHAN-GURNEY-MUNI,726525,42.879,-97.364,42.77539,-96.92775
Cold & Very Cold,suburban/small town,Suburban,CBSA,23680,"Gallipolis, OH",3601,1867,484.0,250.9,0.004695,0.187793,0.004695,0.068779,212,False,22.9,OH_JAMES-A-RHODES,720705,38.981,-82.578,38.79855,-82.22295
Cold & Very Cold,suburban/small town,Suburban,CBSA,24700,"Greensburg, IN",8530,3899,315.5,144.2,0.023474,0.00939,0.023474,0.018545,213,False,21.1,IN_COLUMBUS-BAKALAR,724363,39.267,-85.9,39.34846,-85.51951
Cold & Very Cold,rural,Rural,County,23031,Census Tract 200.01; York County; Maine,90689,43616,119.6,57.5,1.0,0.968439,1.0,0.988954,1,True,5.5,ME_SANFORD-MUNI(AWOS),726064,43.394,-70.708,43.47293,-70.71205
Cold & Very Cold,rural,Rural,County,23005,Census Tract 46; Cumberland County; Maine,55235,32956,119.3,71.2,0.987542,0.967608,0.980066,0.97907,2,False,12.4,ME_AUBURN-LEWISTON,726184,44.05,-70.283,43.90966,-70.43853
Cold & Very Cold,rural,Rural,County,26087,Census Tract 3300; Lapeer County; Michigan,65128,26873,107.9,44.5,0.974252,0.952658,0.990033,0.96985,3,False,1.1,MI_DUPONT-LAPEER,720902,43.067,-83.267,43.0625,-83.24537
Cold & Very Cold,rural,Rural,County,36067,Census Tract 104; Onondaga County; New York,54161,24089,107.9,48.0,0.965116,0.952658,0.978405,0.963413,4,False,8.8,NY_SYRACUSE-HANCOCK-IAP,725190,43.111,-76.104,43.00436,-76.1977
Cold & Very Cold,rural,Rural,County,26005,Census Tract 303.01; Allegan County; Michigan,64361,27699,97.3,41.9,0.978405,0.928571,0.988372,0.962956,5,False,13.3,MI_HOLLAND-TULIP-CITY,725394,42.746,-86.097,42.59826,-85.93021
Cold & Very Cold,rural,Rural,County,23011,Census Tract 106.01; Kennebec County; Maine,64061,32916,89.1,45.8,0.986711,0.909468,0.987542,0.959842,6,False,5.5,ME_AUGUSTA-AP,726185,44.316,-69.797,44.38877,-69.75333
Cold & Very Cold,rural,Rural,County,33013,Census Tract 32.02; Merrimack County; New Hampshire,66495,29326,90.0,39.7,0.980897,0.913621,0.990864,0.959344,7,False,9.4,NH_CONCORD-MUNI-AP,726050,43.205,-71.503,43.2885,-71.65038
Cold & Very Cold,rural,Rural,County,36071,Census Tract 106.01; Orange County; New York,51164,19546,143.7,54.9,0.922757,0.990033,0.97093,0.955938,8,False,9.0,NY_ORANGE-CO,725015,41.509,-74.265,41.39384,-74.34567
Cold & Very Cold,rural,Rural,County,36069,Census Tract 501.06; Ontario County; New York,52988,26345,92.4,46.0,0.971761,0.918605,0.974252,0.953655,9,False,19.1,NY_PENN-YAN,725194,42.644,-77.053,42.85975,-77.2884
Cold & Very Cold,rural,Rural,County,26021,Census Tract 19; Berrien County; Michigan,44028,23934,105.4,57.3,0.961794,0.948505,0.94186,0.953156,10,False,13.5,MI_BENTON-HARBOR-ROSS,726355,42.129,-86.415,41.93387,-86.41154
Cold & Very Cold,rural,Rural,County,36111,Census Tract 9501; Ulster County; New York,74092,37707,78.6,40.0,0.994186,0.872093,0.997508,0.952118,11,False,21.8,NY_POUGHKEEPSIE-DUTCHESS-CO,725036,41.626,-73.882,41.85516,-74.17352
Cold & Very Cold,rural,Rural,County,09160,Census Tract 2602; Northwest Hills Planning Region; Connecticut,59118,30536,84.4,43.6,0.983389,0.892857,0.983389,0.951703,12,False,24.6,CT_OXFORD(AWOS),725029,41.483,-73.133,41.83517,-73.20212
Cold & Very Cold,rural,Rural,County,26075,Census Tract 60.02; Jackson County; Michigan,54362,23147,97.0,41.3,0.954319,0.927741,0.979236,0.95,13,False,2.3,MI_JACKSON-REYNOLDS-FIELD,725395,42.264,-84.456,42.25174,-84.41356
Cold & Very Cold,rural,Rural,County,36027,Census Tract 100; Dutchess County; New York,48003,22281,101.1,46.9,0.946844,0.937708,0.960963,0.94647,14,False,15.7,NY_POUGHKEEPSIE-DUTCHESS-CO,725036,41.626,-73.882,41.79446,-73.6785
Cold & Very Cold,rural,Rural,County,25027,Census Tract 7001; Worcester County; Massachusetts,49756,21407,101.8,43.8,0.940199,0.94103,0.966777,0.945805,15,False,14.1,MA_WORCESTER-RGNL-AP,725100,42.271,-71.873,42.42618,-72.05147
Cold & Very Cold,rural,Rural,County,39169,Census Tract 9; Wayne County; Ohio,51270,18949,118.4,43.8,0.916944,0.965947,0.971761,0.945058,16,False,3.6,OH_WOOSTER,725216,40.873,-81.889,40.82092,-81.88082
Cold & Very Cold,rural,Rural,County,39029,Census Tract 9501; Columbiana County; Ohio,48101,20072,107.9,45.0,0.927741,0.952658,0.961794,0.943273,17,False,19.1,PA_BEAVER-FALLS-AP,725204,40.767,-80.4,40.77136,-80.76582
Cold & Very Cold,rural,Rural,County,36075,Census Tract 201.01; Oswego County; New York,66534,31618,75.1,35.7,0.98588,0.860465,0.991694,0.943148,18,False,8.4,NY_FULTON,725146,43.35,-76.383,43.38756,-76.22449
Cold & Very Cold,rural,Rural,County,26147,Census Tract 6332; St. Clair County; Michigan,52739,22675,89.8,38.6,0.949336,0.91196,0.973422,0.941072,19,False,8.7,MI_ST-CLAIR-CO-INT,725384,42.911,-82.529,42.92514,-82.70082
Cold & Very Cold,rural,Rural,County,36029,Census Tract 138.01; Erie County; New York,47974,22059,94.9,43.7,0.945183,0.922757,0.960133,0.940324,20,False,17.5,NY_BUFFALO-NIAGARA-IAP,725280,42.94,-78.736,42.68842,-78.69715
Cold & Very Cold,rural,Rural,County,33011,Census Tract 185.02; Hillsborough County; New Hampshire,48495,21108,98.1,42.7,0.935216,0.931894,0.963455,0.939701,21,False,13.8,NH_JAFFREY-MUNI-AP,726163,42.807,-72.001,42.95285,-71.81425
Cold & Very Cold,rural,Rural,County,33005,Census Tract 9701; Cheshire County; New Hampshire,54022,25506,80.7,38.1,0.9701,0.878738,0.977575,0.939618,22,False,1.6,NH_DILLANT-HOPKINS,726165,42.9,-72.267,42.88006,-72.24987
Cold & Very Cold,rural,Rural,County,36007,Census Tract 102; Broome County; New York,50597,23527,85.9,39.9,0.956811,0.898671,0.968439,0.938788,23,False,7.0,NY_BINGHAMTON-EDWIN-A-LINK-FL,725150,42.207,-75.98,42.15727,-75.86147
Cold & Very Cold,rural,Rural,County,23001,Census Tract 106; Androscoggin County; Maine,43486,19548,116.0,52.1,0.923588,0.959302,0.936877,0.938746,24,False,8.5,ME_AUBURN-LEWISTON,726184,44.05,-70.283,44.16249,-70.21588
Cold & Very Cold,rural,Rural,County,09150,Census Tract 7081; Northeastern Connecticut Planning Region; Connecticut,45109,19932,105.7,46.7,0.92691,0.949336,0.945183,0.938414,25,False,12.4,CT_WINDHAM-AP-WILL,725084,41.742,-72.182,41.84043,-71.9801
Cold & Very Cold,rural,Rural,County,26145,Census Tract 111; Saginaw County; Michigan,53734,23510,84.5,37.0,0.95515,0.893688,0.976744,0.937957,26,False,11.5,MI_SAGINAW,722125,43.433,-83.867,43.30479,-84.01305
Cold & Very Cold,rural,Rural,County,36065,Census Tract 227.02; Oneida County; New York,73248,35518,69.0,33.5,0.990033,0.836379,0.996678,0.937583,27,False,3.5,NY_GRIFFISS-AFB-ROME,725196,43.224,-75.396,43.2083,-75.46213
Cold & Very Cold,rural,Rural,County,26115,Census Tract 8303; Monroe County; Michigan,43874,18498,115.5,48.7,0.91113,0.957641,0.939369,0.933057,28,False,7.3,MI_MONROE,725418,41.94,-83.435,41.92838,-83.57652
Cold & Very Cold,rural,Rural,County,39151,Census Tract 7109; Stark County; Ohio,41558,17359,139.4,58.2,0.894518,0.98588,0.92608,0.932807,29,False,10.0,OH_AKRON-AKRON-CANTON-RGNL-AP,725210,40.918,-81.443,40.78243,-81.37818
Cold & Very Cold,rural,Rural,County,26159,Census Tract 101.01; Van Buren County; Michigan,45408,22338,86.0,42.3,0.947674,0.899502,0.950997,0.931478,30,False,14.2,MI_SOUTH-HAVEN-AREA-RGN,722343,42.351,-86.256,42.26235,-86.00589
Cold & Very Cold,rural,Rural,County,39157,Census Tract 201; Tuscarawas County; Ohio,45454,19569,94.7,40.8,0.924419,0.921927,0.951827,0.929028,31,False,2.8,OH_NEW-PHILADELPHIA,725224,40.47,-81.422,40.45458,-81.47161
Cold & Very Cold,rural,Rural,County,26015,Census Tract 101; Barry County; Michigan,45314,20450,90.1,40.7,0.931063,0.914452,0.947674,0.928571,32,False,19.6,MI_BATTLE-CREEK-KELLOGG-AP,725396,42.312,-85.241,42.58951,-85.31978
Cold & Very Cold,rural,Rural,County,36013,Census Tract 353; Chautauqua County; New York,63250,34275,61.8,33.5,0.989203,0.80814,0.98588,0.925166,33,False,7.4,NY_CHATAUQUA-CO-JAMESTO,725235,42.15,-79.25,42.22175,-79.35744
Cold & Very Cold,rural,Rural,County,36091,Census Tract 601.03; Saratoga County; New York,44011,22491,81.4,41.6,0.948505,0.884551,0.94103,0.924626,34,False,18.9,NY_SCHENECTADY,744994,42.85,-73.95,43.1145,-73.85362
Cold & Very Cold,rural,Rural,County,39133,Census Tract 6001.02; Portage County; Ohio,39187,16445,132.3,55.5,0.880399,0.982558,0.912791,0.922633,35,False,5.7,OH_RAVENNA-PORTAGE-CO,725253,41.217,-81.25,41.17198,-81.15921
Cold & Very Cold,rural,Rural,County,36011,Census Tract 401.01; Cayuga County; New York,48989,23676,71.7,34.7,0.959302,0.848837,0.964286,0.921636,36,False,25.5,NY_SYRACUSE-HANCOCK-IAP,725190,43.111,-76.104,42.9536,-76.55999
Cold & Very Cold,rural,Rural,County,36105,Census Tract 9501; Sullivan County; New York,53410,36883,59.4,41.0,0.993355,0.798173,0.975914,0.921553,37,False,2.9,NY_MONTICELLO(AWOS),725145,41.701,-74.795,41.72053,-74.74491
Cold & Very Cold,rural,Rural,County,26117,Census Tract 9701; Montcalm County; Michigan,50762,21450,76.6,32.3,0.94103,0.863787,0.969269,0.919643,38,False,22.5,MI_ALMA,725405,43.322,-84.688,43.29589,-85.1349
Cold & Very Cold,rural,Rural,County,26155,Census Tract 301; Shiawassee County; Michigan,44030,18628,89.4,37.8,0.914452,0.91113,0.942691,0.918937,39,False,4.2,MI_OWOSSO-COMMUNITY-AP,722346,42.993,-84.139,42.93379,-84.1552
Cold & Very Cold,rural,Rural,County,55025,Census Tract 109.08; Dane County; Wisconsin,55483,22836,69.0,28.4,0.950997,0.836379,0.980897,0.916861,40,False,4.9,WI_MADISON-DANE-CO-RGNL-AP,726410,43.141,-89.345,43.07836,-89.38997
Cold & Very Cold,rural,Rural,County,55009,Census Tract 201; Brown County; Wisconsin,42229,16139,117.8,45.0,0.874585,0.963455,0.930233,0.916819,41,False,6.9,WI_GREEN-BAY-AUSTIN-IAP,726450,44.48,-88.137,44.44285,-88.00732
Cold & Very Cold,rural,Rural,County,36021,Census Tract 1; Columbia County; New York,42264,23539,72.1,40.2,0.958472,0.849668,0.931063,0.914909,42,False,21.9,MA_PITTSFIELD-MUNI,744104,42.427,-73.289,42.25576,-73.65071
Cold & Very Cold,rural,Rural,County,39089,Census Tract 7544; Licking County; Ohio,43598,17655,90.9,36.8,0.902824,0.916944,0.937708,0.914743,43,False,5.5,OH_NEWARK-HEATH-AP,725229,40.026,-82.463,40.1045,-82.48228
Cold & Very Cold,rural,Rural,County,17163,Census Tract 5031.01; St. Clair County; Illinois,41794,17494,95.2,39.9,0.898671,0.924419,0.92691,0.913331,44,False,7.2,IL_BELLEVILLE-SCOTT-AFB,724338,38.55,-89.85,38.45604,-89.90771
Cold & Very Cold,rural,Rural,County,27145,Census Tract 102; Stearns County; Minnesota,70733,30312,55.4,23.7,0.982558,0.774917,0.995847,0.912541,45,False,15.5,MN_PAYNESVILLE-MUNI-AP,720367,45.372,-94.746,45.55,-94.55139
Cold & Very Cold,rural,Rural,County,39155,Census Tract 9301.01; Trumbull County; Ohio,41097,17089,98.0,40.8,0.892027,0.931063,0.925249,0.912334,46,False,8.6,OH_YOUNGSTOWN-RGNL-AP,725250,41.255,-80.674,41.32655,-80.80853
Cold & Very Cold,rural,Rural,County,17167,Census Tract 32.02; Sangamon County; Illinois,50797,21130,70.8,29.5,0.936877,0.846346,0.9701,0.911836,47,False,7.6,IL_SPRINGFIELD-CAPITAL-AP,724390,39.845,-89.684,39.73844,-89.65226
Cold & Very Cold,rural,Rural,County,36045,Census Tract 601.01; Jefferson County; New York,64384,38190,53.2,31.6,0.995017,0.759967,0.989203,0.911587,48,False,5.6,NY_WATERTOWN-AP,726227,43.989,-76.026,44.03441,-75.93185
Cold & Very Cold,rural,Rural,County,39007,Census Tract 3; Ashtabula County; Ohio,45465,20831,74.9,34.3,0.933555,0.859635,0.952658,0.911504,49,False,7.0,OH_ASHTABULA-CO-AR,725256,41.779,-80.697,41.69292,-80.76841
Cold & Very Cold,rural,Rural,County,36117,Census Tract 204.01; Wayne County; New York,39596,19267,84.7,41.2,0.921096,0.894518,0.916113,0.910797,50,False,33.8,NY_GREATER-ROCHESTER-IAP,725290,43.117,-77.675,43.17194,-77.00944
Cold & Very Cold,rural,Rural,County,36109,Census Tract 14; Tompkins County; New York,37518,17589,96.3,45.1,0.901163,0.92608,0.901163,0.909884,51,False,0.9,NY_ITHACA-TOMPKINS-CO,725155,42.483,-76.467,42.47062,-76.47349
Cold & Very Cold,rural,Rural,County,55105,Census Tract 13.02; Rock County; Wisconsin,44146,19642,77.6,34.5,0.925249,0.868771,0.943522,0.909136,52,False,5.3,WI_SOUTHERN-WISC-RGNL-AP,726415,42.617,-89.033,42.68313,-89.08562
Cold & Very Cold,rural,Rural,County,26091,Census Tract 601; Lenawee County; Michigan,45155,21488,69.8,33.2,0.94186,0.842193,0.946013,0.907807,53,False,4.0,MI_ADRIAN,725404,41.868,-84.079,41.92075,-84.11237
Cold & Very Cold,rural,Rural,County,25011,Census Tract 401; Franklin County; Massachusetts,45325,22089,68.2,33.2,0.946013,0.830565,0.948505,0.906105,54,False,14.0,MA_ORANGE(ASOS),725085,42.57,-72.287,42.57106,-72.56217
Cold & Very Cold,rural,Rural,County,55055,Census Tract 1004; Jefferson County; Wisconsin,42831,17837,83.7,34.9,0.904485,0.891196,0.934385,0.905814,55,False,10.2,WI_WATERTOWN,726464,43.167,-88.717,43.02161,-88.74631
Cold & Very Cold,rural,Rural,County,36083,Census Tract 517.01; Rensselaer County; New York,42603,18500,81.3,35.3,0.91196,0.881229,0.932724,0.905357,56,False,13.7,NY_ALBANY-CO-AP,725180,42.747,-73.799,42.69621,-73.53858
Cold & Very Cold,rural,Rural,County,26027,Census Tract 10; Cass County; Michigan,37246,18754,85.0,42.8,0.915282,0.895349,0.898671,0.904983,57,False,13.6,IN_ELKHART-MUNI,725354,41.717,-85.983,41.91312,-86.01414
Cold & Very Cold,rural,Rural,County,50027,Census Tract 9650; Windsor County; Vermont,50451,31093,53.1,32.7,0.98505,0.759136,0.967608,0.902492,58,False,12.9,NH_LEBANON-MUNI-AP,726116,43.627,-72.305,43.53485,-72.52892
Cold & Very Cold,rural,Rural,County,36101,Census Tract 9601; Steuben County; New York,67849,34123,49.2,24.8,0.988372,0.738372,0.992525,0.901703,59,False,23.3,NY_ELMIRA-CORNING-RGNL-AP,725156,42.157,-76.903,42.27031,-77.33243
Cold & Very Cold,rural,Rural,County,55109,Census Tract 1204.01; St. Croix County; Wisconsin,47014,18357,73.4,28.7,0.908638,0.855482,0.956811,0.899668,60,False,7.9,WI_NEW-RICHMOND,722179,45.15,-92.533,45.03745,-92.50873
Cold & Very Cold,rural,Rural,County,36039,Census Tract 801; Greene County; New York,38663,25396,60.7,39.9,0.969269,0.803987,0.910299,0.899626,61,False,33.2,NY_ALBANY-CO-AP,725180,42.747,-73.799,42.29603,-74.02213
Cold & Very Cold,rural,Rural,County,33003,Census Tract 9551.01; Carroll County; New Hampshire,45870,36651,50.4,40.2,0.992525,0.748339,0.954319,0.899419,62,False,17.6,ME_EASTERN-SLOPES-RGNL-AP,726183,43.99,-70.95,43.7995,-71.18599
Cold & Very Cold,rural,Rural,County,26157,Census Tract 1; Tuscola County; Michigan,48495,21894,60.9,27.5,0.944352,0.804817,0.963455,0.899335,63,False,2.4,MI_CARO-TUSCOLA-AP,722007,43.459,-83.446,43.42445,-83.43537
Cold & Very Cold,rural,Rural,County,26161,Census Tract 4070; Washtenaw County; Michigan,39923,16065,95.0,38.2,0.870432,0.923588,0.917774,0.898505,64,False,6.2,MI_ANN-ARBOR-MUNI-AP,725374,42.224,-83.74,42.22646,-83.86024
Cold & Very Cold,rural,Rural,County,39023,Census Tract 22; Clark County; Ohio,36098,15253,112.6,47.6,0.856312,0.95598,0.892027,0.898339,65,False,6.3,OH_SPRINGFIELD-BECKLEY,724295,39.84,-83.84,39.92454,-83.79697
Cold & Very Cold,rural,Rural,County,26081,Census Tract 101.01; Kent County; Michigan,36899,14309,123.2,47.8,0.83804,0.971761,0.89701,0.896636,66,False,16.9,MI_GRAND-RAPIDS-KENT-CO-INT,726350,42.882,-85.523,43.12587,-85.51396
Cold & Very Cold,rural,Rural,County,26067,Census Tract 301.01; Ionia County; Michigan,43646,16795,82.0,31.5,0.886213,0.885382,0.938538,0.896387,67,False,23.4,MI_GRAND-RAPIDS-KENT-CO-INT,726350,42.882,-85.523,42.92201,-85.0643
Cold & Very Cold,rural,Rural,County,36115,Census Tract 803.02; Washington County; New York,47497,22698,57.7,27.6,0.950166,0.789037,0.958472,0.895432,68,False,10.1,NY_FLOYD-BENNETT-MEM-AP,725220,43.338,-73.61,43.28163,-73.42382
Cold & Very Cold,rural,Rural,County,50011,Census Tract 101.01; Franklin County; Vermont,43469,19545,69.1,31.1,0.921927,0.837209,0.936047,0.8951,69,False,8.3,VT_FRANKLIN-CO-STATE-AP,720494,44.933,-73.1,44.8453,-72.98483
Cold & Very Cold,rural,Rural,County,55039,Census Tract 414; Fond du Lac County; Wisconsin,45390,19087,68.4,28.8,0.919435,0.831395,0.950166,0.894767,70,False,1.7,WI_FOND-DU-LAC-CO,726506,43.77,-88.491,43.74721,-88.47896
Cold & Very Cold,rural,Rural,County,23015,Census Tract 9751; Lincoln County; Maine,33276,20677,74.8,46.5,0.932724,0.858804,0.86794,0.893895,71,False,10.9,ME_WISCASSET,727135,43.964,-69.711,44.0626,-69.54015
Cold & Very Cold,rural,Rural,County,39015,Census Tract 9512.01; Brown County; Ohio,38234,17384,81.4,37.0,0.895349,0.884551,0.906977,0.893895,72,False,28.6,KY_FLEMING-MASON-AP,720452,38.542,-83.743,38.94129,-83.8837
Cold & Very Cold,rural,Rural,County,26077,Census Tract 26.01; Kalamazoo County; Michigan,35832,14737,110.8,45.6,0.848007,0.95515,0.888704,0.893646,73,False,2.4,MI_KALAMAZOO-BATTLE-CR,726357,42.228,-85.546,42.24266,-85.5034
Cold & Very Cold,rural,Rural,County,25003,Census Tract 9111; Berkshire County; Massachusetts,42116,25954,55.0,33.9,0.97093,0.772425,0.928571,0.892981,74,False,4.6,MA_PITTSFIELD-MUNI,744104,42.427,-73.289,42.37763,-73.2275
Cold & Very Cold,rural,Rural,County,18085,Census Tract 9611; Kosciusko County; Indiana,36160,17277,82.1,39.2,0.892857,0.887043,0.892857,0.890822,75,False,1.7,IN_WARSAW-MUNI-AP,720266,41.275,-85.84,41.2607,-85.86724
Cold & Very Cold,rural,Rural,County,39025,Census Tract 401.01; Clermont County; Ohio,34474,13841,132.2,53.1,0.822259,0.981728,0.876246,0.888871,76,False,17.6,OH_CINCINNATI-MUNI-AP-LUNKI,724297,39.106,-84.416,39.02931,-84.10406
Cold & Very Cold,rural,Rural,County,26149,Census Tract 409; St. Joseph County; Michigan,37508,17286,79.2,36.5,0.893688,0.875415,0.900332,0.888621,77,False,5.1,MI_THREE-RIVERS-MUNI,720371,41.96,-85.593,41.89863,-85.53867
Cold & Very Cold,rural,Rural,County,27171,Census Tract 1002.02; Wright County; Minnesota,38462,16164,82.1,34.5,0.876246,0.887043,0.909468,0.886669,78,False,4.2,MN_MAPLE-LAKE-MUNI-AP,722144,45.236,-93.986,45.17688,-94.00367
Cold & Very Cold,rural,Rural,County,26049,Census Tract 119.01; Genesee County; Michigan,33906,13395,153.3,60.6,0.809801,0.993355,0.872093,0.886503,79,False,4.8,MI_FLINT-BISHOP-IAP,726370,42.967,-83.75,43.03343,-83.72335
Cold & Very Cold,rural,Rural,County,36009,Census Tract 9400; Cattaraugus County; New York,56952,31055,44.6,24.3,0.984219,0.70598,0.981728,0.886337,80,False,15.5,NY_CATTARAUGUS-CO-OLEAN-AP,725283,42.241,-78.371,42.2666,-78.67256
Cold & Very Cold,rural,Rural,County,33009,Census Tract 9601.01; Grafton County; New Hampshire,68101,41542,40.6,24.7,0.998339,0.677741,0.994186,0.885299,81,False,9.2,NH_PLYMOUTH-MUNI-AP,742078,43.779,-71.754,43.88535,-71.86434
Cold & Very Cold,rural,Rural,County,55087,Census Tract 126.02; Outagamie County; Wisconsin,40952,16100,80.8,31.8,0.871262,0.880399,0.923588,0.884925,82,False,10.9,WI_APPLETON-OUTAGAMIE,726457,44.267,-88.517,44.42262,-88.48399
Cold & Very Cold,rural,Rural,County,39119,Census Tract 9110; Muskingum County; Ohio,42163,17470,69.8,28.9,0.89701,0.842193,0.929402,0.884302,83,False,4.8,OH_ZANESVILLE-MUNI-AP,724286,39.946,-81.893,39.98361,-81.96986
Cold & Very Cold,rural,Rural,County,55095,Census Tract 9601; Polk County; Wisconsin,45327,24377,49.6,26.7,0.967608,0.740033,0.949336,0.884302,84,False,12.2,WI_OSCEOLA,726418,45.308,-92.69,45.40019,-92.47632
Cold & Very Cold,rural,Rural,County,36053,Census Tract 301.03; Madison County; New York,40287,19081,64.4,30.5,0.918605,0.815615,0.920266,0.882891,85,False,22.9,NY_SYRACUSE-HANCOCK-IAP,725190,43.111,-76.104,42.96226,-75.69887
Cold & Very Cold,rural,Rural,County,26037,Census Tract 103; Clinton County; Michigan,40043,16165,77.7,31.4,0.877076,0.869601,0.918605,0.882766,86,False,10.3,MI_LANSING-CAPITAL-CITY-AP,725390,42.776,-84.6,42.92325,-84.57361
Cold & Very Cold,rural,Rural,County,09180,Census Tract 7001; Southeastern Connecticut Planning Region; Connecticut,31292,13851,130.7,57.8,0.82309,0.978405,0.843854,0.881603,87,False,14.1,CT_WINDHAM-AP-WILL,725084,41.742,-72.182,41.54769,-72.09736
Cold & Very Cold,rural,Rural,County,55027,Census Tract 9601; Dodge County; Wisconsin,46968,20161,55.6,23.9,0.928571,0.778239,0.95598,0.881437,88,False,0.7,WI_JUNEAU-DODGE-CO,726509,43.426,-88.703,43.42618,-88.68876
Cold & Very Cold,rural,Rural,County,26065,Census Tract 56; Ingham County; Michigan,38053,15060,86.6,34.3,0.854651,0.900332,0.904485,0.880606,89,False,3.7,MI_MASON,725417,42.566,-84.433,42.57306,-84.36029
Cold & Very Cold,rural,Rural,County,36019,Census Tract 1001.01; Clinton County; New York,49032,23048,49.2,23.1,0.952658,0.738372,0.965116,0.88015,90,False,9.8,NY_PLATTSBURGH-IAP,726225,44.639,-73.463,44.745,-73.59594
Cold & Very Cold,rural,Rural,County,39173,Census Tract 207.02; Wood County; Ohio,38088,16448,75.8,32.7,0.881229,0.861296,0.906146,0.879236,91,False,14.7,OH_METCALF-FIELD,724287,41.563,-83.477,41.37085,-83.60108
Cold & Very Cold,rural,Rural,County,26059,Census Tract 501.01; Hillsdale County; Michigan,38458,18594,64.8,31.3,0.913621,0.817276,0.908638,0.878904,92,False,0.9,MI_HILLSDALE-MUNI-AP,725409,41.921,-84.586,41.90967,-84.59637
Cold & Very Cold,rural,Rural,County,55021,Census Tract 9701; Columbia County; Wisconsin,41813,19668,57.3,27.0,0.92608,0.786545,0.927741,0.877575,93,False,19.8,WI_BARABOO-WISC-DELLS,726503,43.522,-89.774,43.44993,-89.39113
Cold & Very Cold,rural,Rural,County,39139,Census Tract 20; Richland County; Ohio,34417,14528,94.7,40.0,0.843854,0.921927,0.875415,0.877492,94,False,4.1,OH_MANSFIELD-LAHM-RGNL-AP,724200,40.82,-82.518,40.76592,-82.54836
Cold & Very Cold,rural,Rural,County,36037,Census Tract 9401; Genesee County; New York,37845,15890,78.6,33.0,0.868771,0.872093,0.903654,0.87691,95,False,27.2,NY_GREATER-ROCHESTER-IAP,725290,43.117,-77.675,43.00694,-78.19274
Cold & Very Cold,rural,Rural,County,55073,Census Tract 11.05; Marathon County; Wisconsin,61930,26624,42.5,18.3,0.973422,0.69103,0.98505,0.87691,96,False,9.6,WI_WAUSAU-MUNI-AP,726463,44.927,-89.625,44.88731,-89.8136
Cold & Very Cold,rural,Rural,County,18109,Census Tract 5104.01; Morgan County; Indiana,34347,13928,104.3,42.3,0.82392,0.944352,0.873754,0.876038,97,False,19.1,IN_INDIANAPOLIS-IAP,724380,39.725,-86.282,39.48047,-86.44775
Cold & Very Cold,rural,Rural,County,39045,Census Tract 302; Fairfield County; Ohio,34923,13832,103.2,40.9,0.820598,0.942691,0.88289,0.875789,98,False,4.1,OH_LANCASTER-FAIRFIEL,724294,39.757,-82.663,39.73064,-82.59339
Cold & Very Cold,rural,Rural,County,16027,Census Tract 218.01; Canyon County; Idaho,40831,14032,88.6,30.5,0.828073,0.906977,0.922757,0.874626,99,False,5.1,ID_CALDWELL(AWOS),726813,43.65,-116.633,43.66015,-116.73338
Cold & Very Cold,rural,Rural,County,39145,Census Tract 21; Scioto County; Ohio,38856,16901,69.0,30.0,0.887874,0.836379,0.91113,0.874502,100,False,20.5,KY_ASHLAND-RGNL,720449,38.555,-82.738,38.80351,-82.94415
Cold & Very Cold,rural,Rural,County,50007,Census Tract 21.01; Chittenden County; Vermont,33209,14853,88.3,39.5,0.851329,0.906146,0.86711,0.873671,101,False,5.8,VT_BURLINGTON-IAP,726170,44.468,-73.15,44.4316,-73.04398
Cold & Very Cold,rural,Rural,County,39117,Census Tract 9650; Morrow County; Ohio,35214,14615,86.7,36.0,0.846346,0.901993,0.884551,0.873463,102,False,15.4,OH_MARION-MUNI-AP,725208,40.616,-83.067,40.52601,-82.79802
Cold & Very Cold,rural,Rural,County,36121,Census Tract 9701; Wyoming County; New York,37827,18204,63.8,30.7,0.906977,0.813123,0.902824,0.873298,103,False,26.7,NY_DANSVILLE-MUNI,724988,42.57,-77.714,42.71647,-78.20003
Cold & Very Cold,rural,Rural,County,36003,Census Tract 9402; Allegany County; New York,47027,23538,45.7,22.9,0.957641,0.712625,0.957641,0.871885,104,False,8.7,NY_WELLSVILLE-MUNI,725157,42.108,-77.984,42.23003,-78.0261
Cold & Very Cold,rural,Rural,County,36077,Census Tract 5901.01; Otsego County; New York,45271,23958,45.4,24.0,0.962625,0.711794,0.946844,0.871678,105,False,46.4,NY_GRIFFISS-AFB-ROME,725196,43.224,-75.396,42.59579,-75.06925
Cold & Very Cold,rural,Rural,County,36051,Census Tract 301; Livingston County; New York,38085,17605,63.0,29.1,0.901993,0.812292,0.905316,0.871262,106,False,14.3,NY_DANSVILLE-MUNI,724988,42.57,-77.714,42.77294,-77.76585
Cold & Very Cold,rural,Rural,County,08041,Census Tract 33.06; El Paso County; Colorado,70273,27143,38.8,15.0,0.975914,0.664452,0.995017,0.870723,107,False,5.7,CO_COLORADO-SPRINGS-MUNI-AP,724660,38.809,-104.689,38.8769,-104.62972
Cold & Very Cold,rural,Rural,County,39141,Census Tract 9555; Ross County; Ohio,40415,17063,64.5,27.3,0.890365,0.816445,0.921096,0.870639,108,False,34.1,OH_JAMES-A-RHODES,720705,38.981,-82.578,39.32756,-83.03154
Cold & Very Cold,rural,Rural,County,39009,Census Tract 9726; Athens County; Ohio,34716,16127,74.4,34.6,0.873754,0.857973,0.879568,0.869393,109,False,12.3,OH_OHIO-UNIV-AP-SNYDER,720397,39.217,-82.233,39.34797,-82.07835
Cold & Very Cold,rural,Rural,County,18113,Census Tract 9717; Noble County; Indiana,33588,14371,86.9,37.2,0.842193,0.902824,0.870432,0.869062,110,False,18.6,IN_DE-KALB-CO-AP,720543,41.3,-85.067,41.40292,-85.39758
Cold & Very Cold,rural,Rural,County,36107,Census Tract 201.01; Tioga County; New York,36017,16198,70.6,31.7,0.877907,0.845515,0.890365,0.869061,111,False,16.8,NY_BINGHAMTON-EDWIN-A-LINK-FL,725150,42.207,-75.98,42.14633,-76.29858
Cold & Very Cold,rural,Rural,County,27035,Census Tract 9501; Crow Wing County; Minnesota,40090,29545,42.2,31.1,0.981728,0.688538,0.919435,0.866653,112,False,5.6,MN_BRAINERD-WIELAND,726555,46.402,-94.127,46.48153,-94.10206
Cold & Very Cold,rural,Rural,County,33001,Census Tract 9651; Belknap County; New Hampshire,26899,15826,86.7,51.0,0.86711,0.901993,0.788206,0.863538,113,False,5.1,NH_LACONIA-MUNI(AWOS),726155,43.567,-71.433,43.49685,-71.39991
Cold & Very Cold,rural,Rural,County,26123,Census Tract 9701; Newaygo County; Michigan,40489,20231,50.0,25.0,0.930233,0.744186,0.921927,0.863455,114,False,10.7,MI_FREMONT-MUNI-AP,720415,43.433,-86.0,43.48055,-85.79686
Cold & Very Cold,rural,Rural,County,39055,Census Tract 3101; Geauga County; Ohio,31917,12143,144.1,54.8,0.769103,0.990864,0.852159,0.863331,115,False,18.0,OH_WILLOUGHBY,725244,41.684,-81.39,41.50252,-81.13874
Cold & Very Cold,rural,Rural,County,17201,Census Tract 37.05; Winnebago County; Illinois,32263,13611,95.8,40.4,0.814784,0.925249,0.859635,0.862417,116,False,21.6,IL_ALBERTUS,722082,42.246,-89.582,42.3095,-89.1679
Cold & Very Cold,rural,Rural,County,18003,Census Tract 101; Allen County; Indiana,36031,13680,87.2,33.1,0.817276,0.903654,0.891196,0.862292,117,False,11.2,IN_FORT-WAYNE-IAP,725330,40.972,-85.206,41.08407,-85.05107
Cold & Very Cold,rural,Rural,County,39037,Census Tract 5001; Darke County; Ohio,38237,16114,65.5,27.6,0.872924,0.819767,0.907807,0.861296,118,False,6.8,OH_DARKE-COUNTY-AP,720713,40.204,-84.532,40.11966,-84.60004
Cold & Very Cold,rural,Rural,County,23009,Census Tract 9651; Hancock County; Maine,52014,38332,33.1,24.4,0.995847,0.624585,0.972591,0.861254,119,False,5.2,ME_BAR-HARBOR(AWOS),726077,44.45,-68.367,44.48601,-68.46027
Cold & Very Cold,rural,Rural,County,18091,Census Tract 415; LaPorte County; Indiana,35442,15531,71.7,31.4,0.858804,0.848837,0.886213,0.860797,120,False,0.9,IN_LA-PORTE-MUNI,721029,41.572,-86.735,41.55999,-86.72872
Cold & Very Cold,rural,Rural,County,50023,Census Tract 9540; Washington County; Vermont,35485,18886,55.2,29.4,0.916113,0.774086,0.887043,0.86059,121,False,5.3,VT_MONTPELIER-AP,726145,44.205,-72.565,44.26401,-72.63381
Cold & Very Cold,rural,Rural,County,36089,Census Tract 4901; St. Lawrence County; New York,80416,41184,30.5,15.6,0.996678,0.606312,0.998339,0.860382,122,False,15.8,NY_OGDENSBURG-IAP,725186,44.682,-75.466,44.60937,-75.1609
Cold & Very Cold,rural,Rural,County,39099,Census Tract 8109; Mahoning County; Ohio,28519,13310,114.5,53.4,0.807309,0.956811,0.80897,0.859967,123,False,19.9,OH_YOUNGSTOWN-RGNL-AP,725250,41.255,-80.674,40.9927,-80.83102
Cold & Very Cold,rural,Rural,County,50025,Census Tract 9671; Windham County; Vermont,34663,24347,44.8,31.5,0.966777,0.707641,0.878738,0.858472,124,False,20.7,NH_DILLANT-HOPKINS,726165,42.9,-72.267,42.96468,-72.66596
Cold & Very Cold,rural,Rural,County,18087,Census Tract 9701; LaGrange County; Indiana,34839,12898,97.7,36.2,0.792359,0.930233,0.881229,0.858389,125,False,12.8,MI_STURGIS-KIRSH-MUNI,725383,41.817,-85.433,41.63317,-85.46199
Cold & Very Cold,rural,Rural,County,39075,Census Tract 9763.01; Holmes County; Ohio,39553,12391,98.5,30.8,0.774086,0.933555,0.915282,0.858139,126,False,21.0,OH_WOOSTER,725216,40.873,-81.889,40.56959,-81.86557
Cold & Very Cold,rural,Rural,County,36063,Census Tract 240.01; Niagara County; New York,29879,13831,96.5,44.7,0.819767,0.92691,0.821429,0.857599,127,False,14.1,NY_NIAGARA-FALLS-AF,725287,43.108,-78.938,43.23556,-78.72036
Cold & Very Cold,rural,Rural,County,50021,Census Tract 9621; Rutland County; Vermont,39022,22930,43.5,25.6,0.951827,0.700166,0.91196,0.855772,128,False,7.6,VT_RUTLAND-STATE,725165,43.533,-72.95,43.60013,-73.06901
Cold & Very Cold,rural,Rural,County,17099,Census Tract 9617.02; LaSalle County; Illinois,45804,20226,44.0,19.5,0.929402,0.703488,0.953488,0.855149,129,False,14.2,IL_PERU-AP,722149,41.352,-89.153,41.3886,-88.88327
Cold & Very Cold,rural,Rural,County,26139,Census Tract 201; Ottawa County; Michigan,32132,12139,117.1,44.2,0.768272,0.960963,0.857973,0.853654,130,False,15.7,MI_HOLLAND-TULIP-CITY,725394,42.746,-86.097,42.9637,-86.0106
Cold & Very Cold,rural,Rural,County,39081,Census Tract 110; Jefferson County; Ohio,30835,14346,80.1,37.3,0.839701,0.877907,0.839701,0.853073,131,False,14.5,WV_WHEELING-OHIO-CO-AP,724275,40.17,-80.644,40.36418,-80.7476
Cold & Very Cold,rural,Rural,County,17111,Census Tract 8701.03; McHenry County; Illinois,32317,12464,104.8,40.4,0.777409,0.946013,0.860465,0.853032,132,False,27.6,IL_DE-KALB-TAYLOR-MUNI,722075,41.932,-88.708,42.31844,-88.57362
Cold & Very Cold,rural,Rural,County,18127,Census Tract 501.06; Porter County; Indiana,30486,12375,118.8,48.2,0.773256,0.966777,0.833056,0.852948,133,False,2.3,IN_PORTER-CO-MUNI,725327,41.454,-86.998,41.42925,-87.02848
Cold & Very Cold,rural,Rural,County,55083,Census Tract 1003; Oconto County; Wisconsin,39329,23998,39.4,24.1,0.964286,0.672757,0.914452,0.852284,134,False,21.0,WI_SHAWANO-MUNI-AP,720589,44.783,-88.55,44.90446,-88.15628
Cold & Very Cold,rural,Rural,County,36017,Census Tract 9701.01; Chenango County; New York,39805,21125,44.7,23.7,0.936047,0.706811,0.916944,0.851994,135,False,27.5,NY_BINGHAMTON-EDWIN-A-LINK-FL,725150,42.207,-75.98,42.47025,-75.57503
Cold & Very Cold,rural,Rural,County,26017,Census Tract 2853; Bay County; Michigan,30061,13644,88.9,40.4,0.816445,0.908638,0.825581,0.85054,136,False,12.5,MI_SAGINAW-TRI-CITY-IAP,726379,43.528,-84.081,43.69483,-83.98257
Cold & Very Cold,rural,Rural,County,17119,Census Tract 4028.01; Madison County; Illinois,34492,13999,77.3,31.4,0.825581,0.86711,0.877076,0.850415,137,False,9.0,IL_ST-LOUIS-RGNL-AP,724395,38.883,-90.05,38.83989,-89.89116
Cold & Very Cold,rural,Rural,County,36055,Census Tract 124.02; Monroe County; New York,27961,11968,148.5,63.6,0.761628,0.992525,0.801495,0.850415,138,False,6.0,NY_GREATER-ROCHESTER-IAP,725290,43.117,-77.675,43.08284,-77.78452
Cold & Very Cold,rural,Rural,County,33019,Census Tract 9751; Sullivan County; New Hampshire,31041,16591,61.0,32.6,0.884551,0.805648,0.843023,0.848629,139,False,14.2,VT_SPRINGFIELD-HARTNES,726115,43.342,-72.521,43.36837,-72.24073
Cold & Very Cold,rural,Rural,County,23017,Census Tract 9651; Oxford County; Maine,58728,36558,28.3,17.6,0.990864,0.58887,0.982558,0.848505,140,False,23.5,ME_AUBURN-LEWISTON,726184,44.05,-70.283,44.29029,-70.61943
Cold & Very Cold,rural,Rural,County,23013,Census Tract 9703.01; Knox County; Maine,25865,15634,80.0,48.4,0.861296,0.877076,0.769103,0.84838,141,False,6.8,ME_ROCKLAND-KNOX(AWOS),726079,44.067,-69.1,44.13075,-69.2056
Cold & Very Cold,rural,Rural,County,18061,Census Tract 601; Harrison County; Indiana,34006,14200,72.9,30.5,0.834718,0.851329,0.872924,0.848173,142,False,21.2,KY_LOUISVILLE-STANDIFORD-FIEL,724230,38.177,-85.731,38.2228,-86.11797
Cold & Very Cold,rural,Rural,County,18035,Census Tract 22.01; Delaware County; Indiana,29257,13283,93.6,42.5,0.804817,0.919435,0.813953,0.84676,143,False,1.0,IN_DELAWARE-CO-JOHNSON,725336,40.235,-85.394,40.22495,-85.38169
Cold & Very Cold,rural,Rural,County,55101,Census Tract 16.01; Racine County; Wisconsin,27045,11714,142.1,61.5,0.758306,0.988372,0.791528,0.845473,144,False,13.1,WI_RACINE-J-H-BATTEN,726424,42.759,-87.818,42.78108,-88.07549
Cold & Very Cold,rural,Rural,County,55127,Census Tract 1.02; Walworth County; Wisconsin,32352,14150,73.2,32.0,0.832226,0.852159,0.861296,0.845017,145,False,11.9,WI_BURLINGTON-AP,722059,42.69,-88.304,42.66027,-88.53515
Cold & Very Cold,rural,Rural,County,39167,Census Tract 202.01; Washington County; Ohio,35335,15887,58.8,26.4,0.86794,0.791528,0.885382,0.844684,146,False,8.4,WV_PARKERSBURG-WOOD-CO-AP,724273,39.339,-81.444,39.43588,-81.53993
Cold & Very Cold,rural,Rural,County,23019,Census Tract 30; Penobscot County; Maine,80673,41746,24.7,12.8,0.999169,0.556478,0.999169,0.844227,147,False,13.9,ME_BANGOR-IAP,726070,44.798,-68.819,44.99848,-68.82332
Cold & Very Cold,rural,Rural,County,26093,Census Tract 7107; Livingston County; Michigan,30397,11686,116.7,44.9,0.756645,0.960133,0.832226,0.842982,148,False,1.2,MI_HOWELL,725378,42.629,-83.984,42.64585,-83.98088
Cold & Very Cold,rural,Rural,County,26055,Census Tract 5501.02; Grand Traverse County; Michigan,27776,13742,85.9,42.5,0.818106,0.898671,0.800664,0.842815,149,False,4.0,MI_TRAVERSE-CITY-CHERRY-CAP,726387,44.739,-85.568,44.68884,-85.52829
Cold & Very Cold,rural,Rural,County,17197,Census Tract 8833.04; Will County; Illinois,32120,13078,83.4,34.0,0.799834,0.890365,0.855482,0.842649,150,False,16.8,IL_JOLIET-RGNL-AP,725345,41.5,-88.167,41.3609,-87.90076
Cold & Very Cold,rural,Rural,County,36057,Census Tract 721; Montgomery County; New York,31299,13626,78.8,34.3,0.815615,0.874585,0.844684,0.842068,151,False,25.6,NY_SCHENECTADY,744994,42.85,-73.95,42.92129,-74.44559
Cold & Very Cold,rural,Rural,County,55117,Census Tract 101; Sheboygan County; Wisconsin,31766,13763,76.9,33.3,0.818937,0.865449,0.850498,0.841528,152,False,6.4,WI_SHEBOYGAN,726425,43.775,-87.849,43.70265,-87.92981
Cold & Very Cold,rural,Rural,County,18005,Census Tract 110; Bartholomew County; Indiana,31977,12569,89.4,35.1,0.778239,0.91113,0.85299,0.839701,153,False,6.2,IN_COLUMBUS-BAKALAR,724363,39.267,-85.9,39.17787,-85.90296
Cold & Very Cold,rural,Rural,County,16055,Census Tract 1.01; Kootenai County; Idaho,42540,21306,38.3,19.2,0.937708,0.659468,0.931894,0.839161,154,False,0.9,ID_COEUR-D-ALENE(AWOS),727834,47.767,-116.817,47.75349,-116.81585
Cold & Very Cold,rural,Rural,County,36103,Census Tract 1470.04; Suffolk County; New York,12439,16205,142.2,185.3,0.878738,0.989203,0.48505,0.838663,155,False,8.2,NY_WESTHAMPTON-GABRESKI-AP,744865,40.851,-72.619,40.92082,-72.49305
Cold & Very Cold,rural,Rural,County,26111,Census Tract 2911.01; Midland County; Michigan,31531,13948,72.4,32.0,0.824751,0.850498,0.848837,0.83858,156,False,7.0,MI_JACK-BARSTOW-AP,720629,43.663,-84.261,43.65486,-84.39998
Cold & Very Cold,rural,Rural,County,26023,Census Tract 9501; Branch County; Michigan,31007,14852,64.2,30.8,0.850498,0.814784,0.842193,0.836337,157,False,1.2,MI_COLDWATER,725414,41.933,-85.053,41.91517,-85.0552
Cold & Very Cold,rural,Rural,County,26107,Census Tract 9601; Mecosta County; Michigan,30021,16571,55.8,30.8,0.883721,0.780731,0.82392,0.835714,158,False,9.3,MI_BIG-RAPIDS,725416,43.717,-85.5,43.64111,-85.34553
Cold & Very Cold,rural,Rural,County,39041,Census Tract 111.01; Delaware County; Ohio,29621,11683,105.3,41.5,0.754983,0.947674,0.818937,0.835216,159,False,8.2,OH_DELAWARE-MUNI,720928,40.28,-83.115,40.29327,-82.96045
Cold & Very Cold,rural,Rural,County,18039,Census Tract 8.01; Elkhart County; Indiana,33532,10435,130.7,40.7,0.708472,0.978405,0.869601,0.835174,160,False,3.2,IN_GOSHEN,724388,41.527,-85.787,41.56322,-85.82603
Cold & Very Cold,rural,Rural,County,55135,Census Tract 1001; Waupaca County; Wisconsin,34567,17411,48.1,24.2,0.896179,0.730066,0.877907,0.834385,161,False,6.6,WI_WAUPACA-MUNI-AP,720343,44.333,-89.02,44.42394,-88.97855
Cold & Very Cold,rural,Rural,County,23027,Census Tract 410; Waldo County; Maine,33021,17998,47.4,25.9,0.906146,0.724252,0.865449,0.834344,162,False,24.4,ME_BANGOR-IAP,726070,44.798,-68.819,44.50513,-69.09487
Cold & Very Cold,rural,Rural,County,26073,Census Tract 1; Isabella County; Michigan,32263,14579,59.7,27.0,0.845515,0.799834,0.859635,0.832351,163,False,5.4,MI_MT-PLEASANT-MUNI,725424,43.622,-84.737,43.63484,-84.84275
Cold & Very Cold,rural,Rural,County,36025,Census Tract 9701.01; Delaware County; New York,39274,28088,27.3,19.5,0.979236,0.582226,0.913621,0.82716,164,False,37.7,NY_MONTICELLO(AWOS),725145,41.701,-74.795,42.23444,-74.95052
Cold & Very Cold,rural,Rural,County,26025,Census Tract 22; Calhoun County; Michigan,32904,14155,59.3,25.5,0.833056,0.797342,0.863787,0.826702,165,False,2.3,MI_MARSHALL-BROOKS,725415,42.251,-84.956,42.23614,-84.99553
Cold & Very Cold,rural,Rural,County,39013,Census Tract 103; Belmont County; Ohio,30074,14061,65.9,30.8,0.829734,0.820598,0.826412,0.825872,166,False,20.9,WV_WHEELING-OHIO-CO-AP,724275,40.17,-80.644,40.0266,-80.99227
Cold & Very Cold,rural,Rural,County,08037,Census Tract 1; Eagle County; Colorado,43396,26561,26.1,16.0,0.972591,0.569767,0.935216,0.824128,167,False,13.4,CO_EAGLE-CO-AP,724675,39.65,-106.917,39.5952,-106.67588
Cold & Very Cold,rural,Rural,County,36033,Census Tract 9400; Franklin County; New York,43893,23723,27.0,14.6,0.960963,0.580565,0.940199,0.823671,168,False,21.7,NY_ADIRONDACK-RGNL-AP,726228,44.393,-74.203,44.68717,-74.35664
Cold & Very Cold,rural,Rural,County,39123,Census Tract 501; Ottawa County; Ohio,22087,12897,99.5,58.1,0.791528,0.935216,0.700166,0.823546,169,False,13.9,OH_METCALF-FIELD,724287,41.563,-83.477,41.54367,-83.20875
Cold & Very Cold,rural,Rural,County,19103,Census Tract 101; Johnson County; Iowa,33322,13439,61.5,24.8,0.812292,0.807309,0.868771,0.821844,170,False,6.5,IA_IOWA-CITY-MUNI,725462,41.639,-91.545,41.71444,-91.62021
Cold & Very Cold,rural,Rural,County,18019,Census Tract 508.01; Clark County; Indiana,28262,11193,101.8,40.3,0.734219,0.94103,0.805648,0.820889,171,False,19.1,KY_LOUISVILLE-BOWMAN-FIELD,724235,38.23,-85.663,38.49899,-85.7434
Cold & Very Cold,rural,Rural,County,39071,Census Tract 9544; Highland County; Ohio,32127,13581,61.4,25.9,0.813953,0.806478,0.857143,0.819975,172,False,18.2,OH_WILMINGTON-AIRPARK,724296,39.431,-83.777,39.21003,-83.59167
Cold & Very Cold,rural,Rural,County,27111,Census Tract 9601.02; Otter Tail County; Minnesota,44641,29150,23.1,15.1,0.980066,0.540698,0.944352,0.819144,173,False,22.6,MN_WADENA,726561,46.447,-95.212,46.44288,-95.68565
Cold & Very Cold,rural,Rural,County,39083,Census Tract 67; Knox County; Ohio,32867,12578,70.6,27.0,0.77907,0.845515,0.862957,0.819103,174,False,5.8,OH_KNOX-CO-AP,720414,40.333,-82.517,40.40583,-82.46333
Cold & Very Cold,rural,Rural,County,55005,Census Tract 1; Barron County; Wisconsin,34353,17677,40.7,21.0,0.903654,0.678571,0.874585,0.819061,175,False,3.3,WI_RICE-LAKE-MUNI-AP,726467,45.419,-91.773,45.4386,-91.83527
Cold & Very Cold,rural,Rural,County,26151,Census Tract 9701; Sanilac County; Michigan,36738,17921,38.6,18.8,0.905316,0.66196,0.896179,0.818314,176,False,29.1,MI_BAD-AXE,725406,43.78,-82.986,43.38224,-82.79361
Cold & Very Cold,rural,Rural,County,39135,Census Tract 4001; Preble County; Ohio,29608,12831,73.3,31.8,0.789037,0.85299,0.818106,0.817234,177,False,18.9,OH_HOOK-FLD-MUNI,722249,39.531,-84.395,39.74847,-84.61106
Cold & Very Cold,rural,Rural,County,17027,Census Tract 9002; Clinton County; Illinois,30387,13012,68.5,29.3,0.796512,0.832226,0.831395,0.815989,178,False,20.2,IL_CENTRALIA-MUNI,744657,38.515,-89.092,38.57507,-89.45863
Cold & Very Cold,rural,Rural,County,26051,Census Tract 1.01; Gladwin County; Michigan,25543,17003,50.9,33.9,0.888704,0.75,0.761628,0.814742,179,False,23.2,MI_JACK-BARSTOW-AP,720629,43.663,-84.261,43.97457,-84.43487
Cold & Very Cold,rural,Rural,County,36035,Census Tract 9701; Fulton County; New York,26532,14890,56.4,31.6,0.852159,0.783223,0.780731,0.813746,180,False,25.2,NY_SCHENECTADY,744994,42.85,-73.95,43.089,-74.32575
Cold & Very Cold,rural,Rural,County,26045,Census Tract 205; Eaton County; Michigan,31742,12397,70.4,27.5,0.774917,0.843023,0.849668,0.813704,181,False,1.9,MI_CHARLOTTE,720284,42.574,-84.811,42.56605,-84.84669
Cold & Very Cold,rural,Rural,County,23023,Census Tract 9701; Sagadahoc County; Maine,23088,12092,97.4,51.0,0.765781,0.929402,0.718439,0.81358,182,False,7.9,ME_WISCASSET,727135,43.964,-69.711,43.96841,-69.86896
Cold & Very Cold,rural,Rural,County,27139,Census Tract 808.02; Scott County; Minnesota,28348,10265,118.1,42.8,0.694352,0.965116,0.806478,0.811545,183,False,15.9,MN_FLYING-CLOUD,726579,44.832,-93.471,44.61616,-93.5805
Cold & Very Cold,rural,Rural,County,17113,Census Tract 21.02; McLean County; Illinois,40964,16597,36.7,14.9,0.885382,0.649502,0.924419,0.810631,184,False,4.3,IL_CENTRAL-ILLINOIS-RG,724397,40.483,-88.95,40.4869,-88.86889
Cold & Very Cold,rural,Rural,County,36095,Census Tract 7401; Schoharie County; New York,28921,16537,46.5,26.6,0.88289,0.715947,0.811462,0.810174,185,False,28.1,NY_SCHENECTADY,744994,42.85,-73.95,42.64218,-74.42614
Cold & Very Cold,rural,Rural,County,39077,Census Tract 9154; Huron County; Ohio,30508,12713,67.5,28.1,0.783223,0.826412,0.834718,0.808638,186,False,21.3,OH_MANSFIELD-LAHM-RGNL-AP,724200,40.82,-82.518,41.12522,-82.57885
Cold & Very Cold,rural,Rural,County,17037,Census Tract 1; DeKalb County; Illinois,32974,12740,60.3,23.3,0.784884,0.803156,0.864618,0.807226,187,False,1.7,IL_DE-KALB-TAYLOR-MUNI,722075,41.932,-88.708,41.95065,-88.72877
Cold & Very Cold,rural,Rural,County,39005,Census Tract 9701.01; Ashland County; Ohio,28240,11745,78.3,32.6,0.759136,0.870432,0.804817,0.807226,188,False,13.3,OH_MANSFIELD-LAHM-RGNL-AP,724200,40.82,-82.518,40.84362,-82.26593
Cold & Very Cold,rural,Rural,County,17115,Census Tract 22; Macon County; Illinois,30924,13104,59.0,25.0,0.801495,0.79485,0.840532,0.806977,189,False,3.2,IL_DECATUR,725316,39.831,-88.872,39.85411,-88.92526
Cold & Very Cold,rural,Rural,County,55111,Census Tract 1.01; Sauk County; Wisconsin,33621,15806,43.0,20.2,0.866279,0.693522,0.871262,0.806811,190,False,8.3,WI_BARABOO-WISC-DELLS,726503,43.522,-89.774,43.45012,-89.90607
Cold & Very Cold,rural,Rural,County,18081,Census Tract 6101.01; Johnson County; Indiana,27179,9960,126.2,46.2,0.679402,0.975083,0.793189,0.805648,191,False,16.9,IN_SHELBYVILLE-MUNI,724356,39.585,-85.8,39.46949,-86.08003
Cold & Very Cold,rural,Rural,County,26127,Census Tract 103; Oceana County; Michigan,26788,15645,49.8,29.1,0.862126,0.742525,0.784884,0.804817,192,False,20.5,MI_FREMONT-MUNI-AP,720415,43.433,-86.0,43.63014,-86.30504
Cold & Very Cold,rural,Rural,County,26035,Census Tract 1; Clare County; Michigan,24075,18368,44.1,33.7,0.909468,0.704319,0.740033,0.803779,193,False,24.6,MI_MT-PLEASANT-MUNI,725424,43.622,-84.737,43.96946,-84.84683
Cold & Very Cold,rural,Rural,County,27019,Census Tract 901.01; Carver County; Minnesota,27318,10308,104.2,39.3,0.698505,0.943522,0.79485,0.80353,194,False,12.4,MN_GLENCOE-MUNI,727517,44.756,-94.081,44.80486,-93.83666
Cold & Very Cold,rural,Rural,County,50015,Census Tract 9530; Lamoille County; Vermont,26036,14138,56.4,30.7,0.831395,0.783223,0.771595,0.802575,195,False,4.1,VT_MORRISVILLE-STONE,726114,44.533,-72.615,44.58299,-72.66072
Cold & Very Cold,rural,Rural,County,55035,Census Tract 1; Eau Claire County; Wisconsin,32420,13276,53.6,22.0,0.803987,0.76412,0.862126,0.801661,196,False,10.6,WI_EAU-CLAIRE-CO-AP,726435,44.867,-91.488,44.74117,-91.36343
Cold & Very Cold,rural,Rural,County,19113,Census Tract 101; Linn County; Iowa,31475,13307,54.2,22.9,0.806478,0.767442,0.848007,0.801121,197,False,13.7,IA_CEDAR-RAPIDS-MUNI-AP,725450,41.883,-91.725,42.06914,-91.63301
Cold & Very Cold,rural,Rural,County,39113,Census Tract 506; Montgomery County; Ohio,23678,10150,136.6,58.6,0.687708,0.98505,0.733389,0.800914,198,False,13.8,OH_DAYTON-WRIGHT-BROTHERS,724276,39.592,-84.226,39.74809,-84.38638
Cold & Very Cold,rural,Rural,County,39149,Census Tract 9714; Shelby County; Ohio,29408,11583,74.3,29.3,0.75,0.857143,0.815615,0.800623,199,False,18.8,OH_DARKE-COUNTY-AP,720713,40.204,-84.532,40.33711,-84.22082
Cold & Very Cold,rural,Rural,County,17203,Census Tract 301; Woodford County; Illinois,30507,12757,59.8,25.0,0.785714,0.800664,0.833887,0.800581,200,False,24.7,IL_GREATER-PEORIA-AP,725320,40.667,-89.684,40.76839,-89.23264
Cold & Very Cold,rural,Rural,County,18099,Census Tract 201.02; Marshall County; Indiana,28549,12308,67.9,29.3,0.772425,0.829734,0.809801,0.799958,201,False,18.8,IN_FULTON-CO-AP,720736,41.066,-86.182,41.32976,-86.27332
Cold & Very Cold,rural,Rural,County,36073,Census Tract 402; Orleans County; New York,26713,12415,69.7,32.4,0.775748,0.840532,0.783223,0.799917,202,False,28.4,NY_GREATER-ROCHESTER-IAP,725290,43.117,-77.675,43.25958,-78.2041
Cold & Very Cold,rural,Rural,County,55017,Census Tract 104; Chippewa County; Wisconsin,36539,15647,38.7,16.6,0.862957,0.663621,0.894518,0.799502,203,False,15.7,WI_EAU-CLAIRE-CO-AP,726435,44.867,-91.488,45.04862,-91.29473
Cold & Very Cold,rural,Rural,County,18067,Census Tract 101; Howard County; Indiana,25454,10521,98.5,40.7,0.712625,0.933555,0.759136,0.799253,204,False,4.8,IN_KOKOMO(AWOS),724387,40.528,-86.059,40.47945,-86.12442
Cold & Very Cold,rural,Rural,County,39087,Census Tract 505.01; Lawrence County; Ohio,27704,12705,65.3,29.9,0.782392,0.818937,0.799834,0.798671,205,False,11.6,KY_ASHLAND-RGNL,720449,38.555,-82.738,38.54404,-82.52448
Cold & Very Cold,rural,Rural,County,39063,Census Tract 1; Hancock County; Ohio,30005,12633,60.0,25.2,0.780731,0.802326,0.82309,0.796761,206,False,1.6,OH_FINDLAY-AP,725366,41.014,-83.668,41.02139,-83.63882
Cold & Very Cold,rural,Rural,County,17141,Census Tract 9607; Ogle County; Illinois,32123,14161,45.9,20.2,0.833887,0.713455,0.856312,0.796221,207,False,15.1,IL_ROCHELLE-AP,722182,41.893,-89.078,42.04352,-89.29059
Cold & Very Cold,rural,Rural,County,18183,Census Tract 501; Whitley County; Indiana,26087,11235,81.4,35.1,0.736711,0.884551,0.774086,0.79593,208,False,19.5,IN_FORT-WAYNE-IAP,725330,40.972,-85.206,41.15504,-85.49095
Cold & Very Cold,rural,Rural,County,18053,Census Tract 101; Grant County; Indiana,27475,11533,73.6,30.9,0.745847,0.856312,0.797342,0.794809,209,False,3.2,IN_MARION-MUNI-AP,744214,40.483,-85.683,40.50048,-85.62578
Cold & Very Cold,rural,Rural,County,33015,Census Tract 500; Rockingham County; New Hampshire,24244,9828,128.0,51.9,0.673588,0.975914,0.745017,0.793688,210,False,17.5,NH_PEASE-INTL-TRADEPOR,726055,43.083,-70.817,43.0882,-71.16398
Cold & Very Cold,rural,Rural,County,55071,Census Tract 101; Manitowoc County; Wisconsin,29288,13218,54.6,24.6,0.803156,0.769103,0.814784,0.793563,211,False,7.0,WI_MANITOWAC-MUNI(AWOS),726455,44.133,-87.667,44.11854,-87.80673
Cold & Very Cold,rural,Rural,County,17091,Census Tract 101; Kankakee County; Illinois,30707,13073,52.9,22.5,0.799003,0.757475,0.836379,0.791943,212,False,4.5,IL_GREATER-KANKAKEE-AP,722127,41.071,-87.846,41.13642,-87.83741
Cold & Very Cold,rural,Rural,County,55093,Census Tract 9601; Pierce County; Wisconsin,30270,13022,53.3,22.9,0.797342,0.762458,0.829734,0.791611,213,False,10.8,MN_RED-WING,726564,44.589,-92.485,44.7448,-92.50379
Cold & Very Cold,rural,Rural,County,18065,Census Tract 9755; Henry County; Indiana,28008,10973,77.2,30.3,0.727575,0.866279,0.802326,0.791072,214,False,16.7,IN_ANDERSON-MUNI-AP,724385,40.117,-85.617,39.93707,-85.40557
Cold & Very Cold,rural,Rural,County,50017,Census Tract 9590; Orange County; Vermont,29594,15021,43.1,21.9,0.85299,0.694352,0.817276,0.790324,215,False,16.8,VT_MONTPELIER-AP,726145,44.205,-72.565,43.99581,-72.39139
Cold & Very Cold,rural,Rural,County,18095,Census Tract 101; Madison County; Indiana,25504,11111,81.4,35.5,0.730066,0.884551,0.759967,0.790116,216,False,6.1,IN_ANDERSON-MUNI-AP,724385,40.117,-85.617,40.16551,-85.71276
Cold & Very Cold,rural,Rural,County,08013,Census Tract 125.10; Boulder County; Colorado,27468,14129,48.7,25.0,0.830565,0.733389,0.796512,0.789743,217,False,6.4,CO_BOULDER-MUNI-AP,720533,40.033,-105.217,40.07057,-105.3276
Cold & Very Cold,rural,Rural,County,08117,Census Tract 1.02; Summit County; Colorado,20641,23687,35.0,40.2,0.960133,0.637874,0.668605,0.789037,218,False,8.4,CO_COPPER-MOUNTAIN-RE,722061,39.467,-106.15,39.55711,-106.04356
Cold & Very Cold,rural,Rural,County,16017,Census Tract 9501; Bonner County; Idaho,37773,21334,21.9,12.4,0.938538,0.526578,0.901993,0.787043,219,False,5.8,ID_SANDPOINT,720322,48.299,-116.56,48.24032,-116.64922
Cold & Very Cold,rural,Rural,County,26063,Census Tract 9501; Huron County; Michigan,27289,18437,33.0,22.3,0.910299,0.622924,0.79402,0.786462,220,False,5.6,MI_BAD-AXE,725406,43.78,-82.986,43.82872,-83.07482
Cold & Very Cold,rural,Rural,County,39159,Census Tract 501; Union County; Ohio,28218,10901,73.4,28.4,0.724252,0.855482,0.803987,0.78613,221,False,4.3,OH_UNION-CO-AP,720651,40.225,-83.352,40.28537,-83.36866
Cold & Very Cold,rural,Rural,County,18105,Census Tract 7; Monroe County; Indiana,24488,11219,78.7,36.1,0.73588,0.873754,0.745847,0.786129,222,False,4.0,IN_MONROE-CO,724375,39.143,-86.617,39.17727,-86.55796
Cold & Very Cold,rural,Rural,County,18167,Census Tract 101; Vigo County; Indiana,26325,10287,88.7,34.7,0.696013,0.907807,0.775748,0.786088,223,False,2.8,IN_TERRE-HAUTE-HULMAN-RGNL-AP,724373,39.443,-87.322,39.43717,-87.37319
Cold & Very Cold,rural,Rural,County,39021,Census Tract 101; Champaign County; Ohio,27324,11584,66.9,28.3,0.750831,0.824751,0.795681,0.785673,224,False,16.7,OH_BELLEFONTAINE-RGNL-A,720944,40.367,-83.817,40.12993,-83.75742
Cold & Very Cold,rural,Rural,County,55125,Census Tract 9400; Vilas County; Wisconsin,23410,24783,27.3,28.9,0.968439,0.582226,0.726744,0.784925,225,False,11.6,WI_EAGLE-RIVER-UNION,726504,45.932,-89.269,45.9947,-89.49198
Cold & Very Cold,rural,Rural,County,55115,Census Tract 1001; Shawano County; Wisconsin,31433,15962,35.5,18.0,0.869601,0.640365,0.847176,0.784883,226,False,8.2,WI_SHAWANO-MUNI-AP,720589,44.783,-88.55,44.78727,-88.7178
Cold & Very Cold,rural,Rural,County,50001,Census Tract 9601; Addison County; Vermont,29846,15032,39.7,20.0,0.853821,0.674419,0.820598,0.784386,227,False,5.5,VT_MIDDLEBURY-ST-AP,721028,43.985,-73.095,44.05266,-73.15258
Cold & Very Cold,rural,Rural,County,39143,Census Tract 9608; Sandusky County; Ohio,26494,11418,69.2,29.8,0.742525,0.83887,0.7799,0.783721,228,False,22.1,OH_METCALF-FIELD,724287,41.563,-83.477,41.35682,-83.15093
Cold & Very Cold,rural,Rural,County,08123,Census Tract 7.05; Weld County; Colorado,60566,23071,16.4,6.3,0.953488,0.448505,0.984219,0.78289,229,False,7.2,CO_GREELEY-WELD-CO,724768,40.436,-104.632,40.33697,-104.67549
Cold & Very Cold,rural,Rural,County,55085,Census Tract 9701.01; Oneida County; Wisconsin,26435,23985,24.2,21.9,0.963455,0.552326,0.778239,0.782517,230,False,5.8,WI_RHINELANDER-ONEIDA,727415,45.631,-89.482,45.71206,-89.51123
Cold & Very Cold,rural,Rural,County,17143,Census Tract 37; Peoria County; Illinois,28798,11653,59.7,24.2,0.753322,0.799834,0.810631,0.781063,231,False,9.7,IL_GREATER-PEORIA-AP,725320,40.667,-89.684,40.77974,-89.79573
Cold & Very Cold,rural,Rural,County,55043,Census Tract 9601; Grant County; Wisconsin,35126,15693,31.4,14.0,0.864618,0.612957,0.883721,0.780357,232,False,16.9,WI_PLATTEVILLE-MUNI,720586,42.683,-90.45,42.87077,-90.66269
Cold & Very Cold,rural,Rural,County,55029,Census Tract 1001; Door County; Wisconsin,19731,17573,43.2,38.5,0.900332,0.696013,0.654485,0.779651,233,False,11.0,WI_STURGEON-BAY,726458,44.85,-87.417,44.98813,-87.30329
Cold & Very Cold,rural,Rural,County,36123,Census Tract 1501.01; Yates County; New York,22597,12105,68.8,36.9,0.767442,0.833056,0.712625,0.779443,234,False,1.9,NY_PENN-YAN,725194,42.644,-77.053,42.63351,-77.08683
Cold & Very Cold,rural,Rural,County,55075,Census Tract 9601; Marinette County; Wisconsin,30149,23512,21.8,17.0,0.95598,0.524086,0.828904,0.779402,235,False,18.3,MI_MENOMINEE-MARINETTE,726487,45.117,-87.633,45.263,-87.94549
Cold & Very Cold,rural,Rural,County,25013,Census Tract 8130.01; Hampden County; Massachusetts,23232,11315,76.7,37.4,0.738372,0.864618,0.721761,0.779236,236,False,6.6,MA_CHICOPEE-FALLS-WEST,744910,42.2,-72.533,42.10468,-72.53365
Cold & Very Cold,rural,Rural,County,26047,Census Tract 9701; Emmet County; Michigan,23300,13837,52.0,30.9,0.821429,0.754983,0.724252,0.778737,237,False,2.1,MI_HARBOR-SPRINGS,722145,45.426,-84.913,45.45136,-84.88981
Cold & Very Cold,rural,Rural,County,08035,Census Tract 142.05; Douglas County; Colorado,31369,11813,53.3,20.1,0.760797,0.762458,0.845515,0.778322,238,False,15.0,CO_ELBERT-MTN-MONUMENT,722155,39.217,-104.633,39.29998,-104.89158
Cold & Very Cold,rural,Rural,County,18145,Census Tract 7101; Shelby County; Indiana,26748,11338,66.6,28.2,0.740864,0.82309,0.784053,0.778281,239,False,3.0,IN_SHELBYVILLE-MUNI,724356,39.585,-85.8,39.54237,-85.80485
Cold & Very Cold,rural,Rural,County,08067,Census Tract 9403; La Plata County; Colorado,36575,19260,21.9,11.5,0.920266,0.526578,0.895349,0.777492,240,False,9.4,CO_DURANGO-LA-PLATA-CO,724625,37.143,-107.76,37.27839,-107.78108
Cold & Very Cold,rural,Rural,County,50005,Census Tract 9570; Caledonia County; Vermont,26701,14446,42.3,22.9,0.843023,0.689369,0.782392,0.777118,241,False,7.4,VT_CALEDONIA-COUNTY-AP,720492,44.567,-72.017,44.47431,-72.09111
Cold & Very Cold,rural,Rural,County,39129,Census Tract 211.01; Pickaway County; Ohio,28413,11282,62.1,24.7,0.737542,0.809801,0.80814,0.776952,242,False,11.6,OH_COLUMBUS-RICKENBACKE-ANG,724285,39.817,-82.933,39.65865,-83.00529
Cold & Very Cold,rural,Rural,County,39003,Census Tract 102; Allen County; Ohio,24976,10322,82.8,34.2,0.701827,0.888704,0.75,0.776869,243,False,6.0,OH_LIMA-ALLEN-CO-AP,724298,40.708,-84.021,40.76812,-84.1035
Cold & Very Cold,rural,Rural,County,18151,Census Tract 9708; Steuben County; Indiana,20392,11971,73.4,43.1,0.762458,0.855482,0.665282,0.775581,244,False,19.7,MI_COLDWATER,725414,41.933,-85.053,41.64894,-85.01199
Cold & Very Cold,rural,Rural,County,18011,Census Tract 8101; Boone County; Indiana,26851,10799,68.9,27.7,0.721761,0.833887,0.787375,0.774128,245,False,9.7,IN_INDIANAPOLIS-EXEC-AP,720575,40.031,-86.251,40.0428,-86.43322
Cold & Very Cold,rural,Rural,County,55121,Census Tract 1001; Trempealeau County; Wisconsin,30786,13373,42.0,18.2,0.80814,0.687708,0.83887,0.772135,246,False,22.4,MN_WINONA-MUNI(AWOS),726588,44.077,-91.708,44.28572,-91.36292
Cold & Very Cold,rural,Rural,County,27137,Census Tract 102; St. Louis County; Minnesota,68059,41254,11.2,6.8,0.997508,0.354651,0.993355,0.771677,247,False,8.0,MN_EVELETH-VIRGINIA-MUN,727474,47.424,-92.498,47.32055,-92.42093
Cold & Very Cold,rural,Rural,County,17055,Census Tract 401; Franklin County; Illinois,23949,11559,62.4,30.1,0.749169,0.810631,0.737542,0.768355,248,False,16.7,IL_MARION-RGNL-AP,724339,37.75,-89.0,37.9878,-88.94337
Cold & Very Cold,rural,Rural,County,55137,Census Tract 9601; Waushara County; Wisconsin,24752,14804,39.5,23.6,0.848837,0.673588,0.749169,0.767566,249,False,19.3,WI_WAUPACA-MUNI-AP,720343,44.333,-89.02,44.10153,-89.23647
Cold & Very Cold,rural,Rural,County,36001,Census Tract 144.01; Albany County; New York,23474,11401,66.1,32.1,0.741694,0.821429,0.728405,0.766943,250,False,15.8,NY_ALBANY-CO-AP,725180,42.747,-73.799,42.58169,-74.01428
Cold & Very Cold,rural,Rural,County,55097,Census Tract 9601; Portage County; Wisconsin,29972,13525,40.2,18.1,0.813123,0.675249,0.822259,0.766694,251,False,6.6,WI_STEVENS-POINT,726426,44.55,-89.533,44.45705,-89.50332
Cold & Very Cold,rural,Rural,County,27079,Census Tract 9501.02; Le Sueur County; Minnesota,25320,11685,56.8,26.2,0.755814,0.784053,0.756645,0.765864,252,False,13.1,MN_MANKATA-RGNL-AP,726585,44.217,-93.917,44.36414,-93.74919
Cold & Very Cold,rural,Rural,County,55019,Census Tract 9501; Clark County; Wisconsin,34736,14842,28.7,12.3,0.849668,0.591362,0.880399,0.765407,253,False,21.3,WI_MARSHFIELD-MUNI,726574,44.638,-90.188,44.79594,-90.56157
Cold & Very Cold,rural,Rural,County,39001,Census Tract 7701; Adams County; Ohio,27510,12737,47.1,21.8,0.784053,0.72093,0.798173,0.764784,254,False,25.0,KY_FLEMING-MASON-AP,720452,38.542,-83.743,38.85224,-83.50541
Cold & Very Cold,rural,Rural,County,36043,Census Tract 101; Herkimer County; New York,31397,18220,22.6,13.1,0.907807,0.534053,0.846346,0.764701,255,False,21.9,NY_GRIFFISS-AFB-ROME,725196,43.224,-75.396,43.10994,-74.99075
Cold & Very Cold,rural,Rural,County,27025,Census Tract 1101; Chisago County; Minnesota,25798,10029,77.4,30.1,0.682724,0.86794,0.768272,0.764659,256,False,13.3,MN_RUSH-CITY-RGNL-AP,726679,45.698,-92.953,45.50941,-92.8932
Cold & Very Cold,rural,Rural,County,36015,Census Tract 101; Chemung County; New York,24080,10857,67.6,30.5,0.723422,0.827243,0.741694,0.763414,257,False,5.9,NY_ELMIRA-CORNING-RGNL-AP,725156,42.157,-76.903,42.14341,-76.78888
Cold & Very Cold,rural,Rural,County,39053,Census Tract 9535; Gallia County; Ohio,25561,11587,55.7,25.2,0.751661,0.77907,0.762458,0.763414,258,False,18.1,OH_JAMES-A-RHODES,720705,38.981,-82.578,38.83744,-82.29613
Cold & Very Cold,rural,Rural,County,44009,Census Tract 415; Washington County; Rhode Island,16950,9446,144.6,80.6,0.658638,0.991694,0.594684,0.762417,259,False,11.6,RI_WESTERLY,722151,41.351,-71.806,41.48808,-71.67554
Cold & Very Cold,rural,Rural,County,39017,Census Tract 102.02; Butler County; Ohio,22311,8784,118.0,46.5,0.628738,0.964286,0.70598,0.761628,260,False,10.2,OH_HAMILTON,725217,39.361,-84.521,39.45986,-84.66164
Cold & Very Cold,rural,Rural,County,08045,Census Tract 9516; Garfield County; Colorado,47769,19018,16.3,6.5,0.917774,0.446844,0.959302,0.761254,261,False,6.8,CO_RIFLE-GARFIELD-RGNL-AP,725717,39.528,-107.72,39.55525,-107.59659
Cold & Very Cold,rural,Rural,County,27041,Census Tract 4501; Douglas County; Minnesota,24146,14313,39.2,23.2,0.83887,0.669435,0.742525,0.760299,262,False,3.3,MN_ALEXANDRIA-MUNI-AP,726557,45.868,-95.394,45.91196,-95.41964
Cold & Very Cold,rural,Rural,County,23025,Census Tract 9653.01; Somerset County; Maine,45950,27662,11.7,7.1,0.977575,0.366279,0.95515,0.759136,263,False,23.8,ME_WATERVILLE(AWOS),726073,44.533,-69.667,44.87566,-69.70709
Cold & Very Cold,rural,Rural,County,18157,Census Tract 101; Tippecanoe County; Indiana,25243,10378,67.7,27.8,0.706811,0.828904,0.754153,0.759012,264,False,2.7,IN_LAFAYETTE-PURDUE-UNIV-AP,724386,40.412,-86.947,40.41836,-86.89682
Cold & Very Cold,rural,Rural,County,23003,Census Tract 9501; Aroostook County; Maine,63297,36635,9.5,5.5,0.991694,0.326412,0.986711,0.757849,265,False,5.1,ME_PRESQUE-ISLE-MUNI-AP,727130,46.683,-68.05,46.71497,-68.14729
Cold & Very Cold,rural,Rural,County,39127,Census Tract 9658.01; Perry County; Ohio,24611,10452,66.3,28.2,0.710963,0.822259,0.746678,0.75706,266,False,20.9,OH_LANCASTER-FAIRFIEL,724294,39.757,-82.663,39.76105,-82.26952
Cold & Very Cold,rural,Rural,County,17073,Census Tract 302.01; Henry County; Illinois,30131,13041,38.5,16.6,0.798173,0.66113,0.827243,0.756022,267,False,19.8,IL_MOLINE-QUAD-CITY-IAP,725440,41.448,-90.524,41.3484,-90.16488
Cold & Very Cold,rural,Rural,County,26031,Census Tract 9601; Cheboygan County; Michigan,22962,16412,32.4,23.2,0.879568,0.618771,0.716777,0.755731,268,False,11.3,MI_CHEBOYGAN,720321,45.654,-84.519,45.49162,-84.5007
Cold & Very Cold,rural,Rural,County,39137,Census Tract 301; Putnam County; Ohio,26338,10672,59.0,23.9,0.715947,0.79485,0.776578,0.755689,269,False,8.1,OH_PUTNAM-COUNTY-AP,720709,41.036,-83.982,41.00998,-84.13266
Cold & Very Cold,rural,Rural,County,27141,Census Tract 302.01; Sherburne County; Minnesota,24022,8977,91.6,34.2,0.637043,0.917774,0.738372,0.755565,270,False,11.4,MN_ST-CLOUD-RGNL-AP,726550,45.544,-94.052,45.4544,-93.85513
Cold & Very Cold,rural,Rural,County,36031,Census Tract 9601; Essex County; New York,30980,21526,17.4,12.1,0.942691,0.465947,0.841362,0.755565,271,False,29.4,NY_ADIRONDACK-RGNL-AP,726228,44.393,-74.203,44.18768,-73.68305
Cold & Very Cold,rural,Rural,County,27049,Census Tract 802.02; Goodhue County; Minnesota,29723,12765,40.6,17.4,0.787375,0.677741,0.819767,0.755482,272,False,16.8,MN_RED-WING,726564,44.589,-92.485,44.39614,-92.69234
Cold & Very Cold,rural,Rural,County,30029,Census Tract 1.01; Flathead County; Montana,53057,27324,10.6,5.5,0.976744,0.345515,0.975083,0.755482,273,False,4.2,MT_KALISPELL-GLACIER-PK-IAP,727790,48.304,-114.264,48.24515,-114.24317
Cold & Very Cold,rural,Rural,County,55015,Census Tract 201; Calumet County; Wisconsin,22069,10127,79.3,36.4,0.684385,0.876246,0.699336,0.754527,274,False,20.6,WI_WITTMAN-RGNL-AP,726456,43.987,-88.556,44.06409,-88.15521
Cold & Very Cold,rural,Rural,County,27109,Census Tract 9.03; Olmsted County; Minnesota,27601,11336,50.4,20.7,0.739203,0.748339,0.799003,0.754361,275,False,4.3,MN_ST-MARY-HOSPITAL-HEL,720972,44.017,-92.483,44.03687,-92.40119
Cold & Very Cold,rural,Rural,County,26121,Census Tract 29; Muskegon County; Michigan,23297,9581,82.5,33.9,0.663621,0.887874,0.723422,0.75407,276,False,10.5,MI_FREMONT-MUNI-AP,720415,43.433,-86.0,43.3063,-86.11644
Cold & Very Cold,rural,Rural,County,39011,Census Tract 401; Auglaize County; Ohio,25221,10150,69.2,27.9,0.687708,0.83887,0.753322,0.753738,277,False,16.1,OH_LIMA-ALLEN-CO-AP,724298,40.708,-84.021,40.54735,-84.24287
Cold & Very Cold,rural,Rural,County,17081,Census Tract 501; Jefferson County; Illinois,26843,11616,48.3,20.9,0.752492,0.731728,0.786545,0.752035,278,False,3.0,IL_MOUNT-VERNON(AWOS),724335,38.323,-88.858,38.30495,-88.90757
Cold & Very Cold,rural,Rural,County,27021,Census Tract 9400.01; Cass County; Minnesota,30688,24294,15.2,12.0,0.965947,0.428571,0.835548,0.751786,279,False,6.0,MN_PINE-RIVER,727508,46.725,-94.382,46.80788,-94.42018
Cold & Very Cold,rural,Rural,County,55001,Census Tract 9501; Adams County; Wisconsin,20928,16873,32.4,26.1,0.887043,0.618771,0.675249,0.750789,280,False,25.8,WI_VOLK-FLD-ANG,726436,43.933,-90.267,43.94522,-89.74907
Cold & Very Cold,rural,Rural,County,23007,Census Tract 9701.01; Franklin County; Maine,30145,21089,17.8,12.4,0.934385,0.4701,0.828073,0.750623,281,False,28.8,ME_STEVEN-BEAN-MUNI,720472,44.992,-70.665,44.70401,-70.23997
Cold & Very Cold,rural,Rural,County,18051,Census Tract 501; Gibson County; Indiana,25682,11140,53.4,23.2,0.731728,0.763289,0.766611,0.749751,282,False,16.6,IN_EVANSVILLE-RGNL-AP,724320,38.05,-87.515,38.28873,-87.54707
Cold & Very Cold,rural,Rural,County,55139,Census Tract 19; Winnebago County; Wisconsin,22502,10261,70.5,32.1,0.693522,0.843854,0.710133,0.74946,283,False,6.9,WI_WITTMAN-RGNL-AP,726456,43.987,-88.556,44.05688,-88.65434
Cold & Very Cold,rural,Rural,County,36113,Census Tract 706.02; Warren County; New York,21497,18585,26.6,23.0,0.912791,0.57392,0.688538,0.749336,284,False,16.2,NY_FLOYD-BENNETT-MEM-AP,725220,43.338,-73.61,43.52575,-73.80281
Cold & Very Cold,rural,Rural,County,30047,Census Tract 1; Lake County; Montana,32073,16457,21.5,11.0,0.88206,0.517442,0.853821,0.748796,285,False,46.4,MT_MISSOULA-IAP,727730,46.921,-114.094,47.59163,-114.12278
Cold & Very Cold,rural,Rural,County,50003,Census Tract 9704.01; Bennington County; Vermont,23236,14366,35.9,22.2,0.841362,0.643688,0.722591,0.748422,286,False,9.9,VT_W-H-MORSE-STATE,726166,42.891,-73.247,43.01603,-73.15194
Cold & Very Cold,rural,Rural,County,39109,Census Tract 3001; Miami County; Ohio,21791,9053,90.8,37.7,0.641196,0.916113,0.695183,0.748214,287,False,12.1,OH_DAYTON-IAP,724290,39.906,-84.219,40.07755,-84.26479
Cold & Very Cold,rural,Rural,County,18037,Census Tract 9532; Dubois County; Indiana,24154,10465,59.3,25.7,0.711794,0.797342,0.743355,0.748048,288,False,8.0,IN_HUNTINGBURG,724365,38.249,-86.954,38.35785,-86.90361
Cold & Very Cold,rural,Rural,County,31109,Census Tract 35; Lancaster County; Nebraska,30726,11490,43.3,16.2,0.745017,0.698505,0.837209,0.747176,289,False,7.7,NE_LINCOLN-MUNI-AP,725510,40.848,-96.765,40.76656,-96.66416
Cold & Very Cold,rural,Rural,County,18071,Census Tract 9675.01; Jackson County; Indiana,26434,10834,53.1,21.8,0.722591,0.759136,0.777409,0.746345,290,False,26.2,IN_COLUMBUS-BAKALAR,724363,39.267,-85.9,38.89288,-85.97635
Cold & Very Cold,rural,Rural,County,26019,Census Tract 1.01; Benzie County; Michigan,18177,12231,56.9,38.3,0.770764,0.784884,0.620432,0.74564,291,False,9.8,MI_FRANKLIN-DOW-MEM-FLD,720340,44.626,-86.201,44.65877,-86.00737
Cold & Very Cold,rural,Rural,County,17117,Census Tract 9561; Macoupin County; Illinois,28381,13387,33.6,15.9,0.80897,0.628738,0.807309,0.745557,292,False,12.1,IL_LITCHFIELD,722972,39.163,-89.675,39.1921,-89.89859
Cold & Very Cold,rural,Rural,County,27061,Census Tract 4801.01; Itasca County; Minnesota,37008,21741,13.9,8.2,0.943522,0.403654,0.897841,0.745432,293,False,9.5,MN_GRAND-RAPIDS(AWOS),727458,47.211,-93.51,47.34848,-93.52583
Cold & Very Cold,rural,Rural,County,26089,Census Tract 9701; Leelanau County; Michigan,17151,13012,52.8,40.1,0.796512,0.756645,0.600498,0.743356,294,False,19.9,MI_TRAVERSE-CITY-CHERRY-CAP,726387,44.739,-85.568,44.97624,-85.7977
Cold & Very Cold,rural,Rural,County,26029,Census Tract 1; Charlevoix County; Michigan,19327,13079,47.3,32.0,0.800664,0.722591,0.64701,0.742608,295,False,8.8,MI_CHARLEVOIX,727434,45.305,-85.275,45.25385,-85.11018
Cold & Very Cold,rural,Rural,County,39131,Census Tract 9522; Pike County; Ohio,23765,10581,55.9,24.9,0.715116,0.781561,0.73505,0.742359,296,False,25.2,OH_JAMES-A-RHODES,720705,38.981,-82.578,39.08102,-83.0295
Cold & Very Cold,rural,Rural,County,39103,Census Tract 4030.01; Medina County; Ohio,20367,8168,120.5,48.3,0.599668,0.969269,0.664452,0.741985,297,False,15.8,OH_WOOSTER,725216,40.873,-81.889,41.09518,-81.95885
Cold & Very Cold,rural,Rural,County,26009,Census Tract 9601; Antrim County; Michigan,18778,14228,41.2,31.2,0.836379,0.681894,0.633721,0.741778,298,False,1.5,MI_ANTRIM-CO-AP,727436,44.986,-85.203,44.99313,-85.17377
Cold & Very Cold,rural,Rural,County,39031,Census Tract 9609; Coshocton County; Ohio,26049,11338,47.5,20.7,0.740864,0.725083,0.772425,0.741653,299,False,24.8,OH_ZANESVILLE-MUNI-AP,724286,39.946,-81.893,40.30388,-81.86303
Cold & Very Cold,rural,Rural,County,17179,Census Tract 217.01; Tazewell County; Illinois,25443,10952,51.1,22.0,0.726744,0.750831,0.758306,0.741487,300,False,15.7,IL_GREATER-PEORIA-AP,725320,40.667,-89.684,40.51648,-89.46086
Cold & Very Cold,rural,Rural,County,09110,Census Tract 8401; Capitol Planning Region; Connecticut,17721,8185,157.0,72.5,0.600498,0.995017,0.610465,0.740573,301,False,12.4,CT_WINDHAM-AP-WILL,725084,41.742,-72.182,41.90968,-72.26523
Cold & Very Cold,rural,Rural,County,39019,Census Tract 7201; Carroll County; Ohio,21483,10902,58.0,29.4,0.725083,0.790698,0.687708,0.740573,302,False,18.3,OH_NEW-PHILADELPHIA,725224,40.47,-81.422,40.60721,-81.12458
Cold & Very Cold,rural,Rural,County,50019,Census Tract 9511; Orleans County; Vermont,23079,14262,33.5,20.7,0.837209,0.627076,0.717608,0.739742,303,False,2.7,VT_NEWPORT-STATE,720493,44.883,-72.233,44.84403,-72.22625
Cold & Very Cold,rural,Rural,County,18137,Census Tract 9684.01; Ripley County; Indiana,24045,10329,57.0,24.5,0.702658,0.785714,0.739203,0.739037,304,False,29.9,KY_CINCINNATI-NORTHERN-KY-AP,724210,39.044,-84.672,39.13086,-85.21833
Cold & Very Cold,rural,Rural,County,26165,Census Tract 3801; Wexford County; Michigan,24186,12099,43.2,21.6,0.766611,0.696013,0.744186,0.737417,305,False,5.7,MI_CADILLAC-WEXFORD-CO-AP,726384,44.283,-85.417,44.32734,-85.51364
Cold & Very Cold,rural,Rural,County,39171,Census Tract 9501; Williams County; Ohio,23657,10301,58.9,25.6,0.696844,0.792359,0.731728,0.737251,306,False,16.4,OH_DEFIANCE-MEM,725254,41.336,-84.429,41.54489,-84.57759
Cold & Very Cold,rural,Rural,County,17195,Census Tract 1; Whiteside County; Illinois,26966,11699,40.8,17.7,0.757475,0.680233,0.790698,0.737085,307,False,12.0,IL_STERLING-ROCKFALLS,725326,41.743,-89.676,41.77383,-89.90415
Cold & Very Cold,rural,Rural,County,26099,Census Tract 2100; Macomb County; Michigan,20706,7763,117.3,44.0,0.587209,0.961794,0.670266,0.734925,308,False,15.6,MI_MT-CLEMENS-SELFRIDGE-FLD,725377,42.608,-82.818,42.82274,-82.9129
Cold & Very Cold,rural,Rural,County,33017,Census Tract 801; Strafford County; New Hampshire,19276,8500,103.0,45.4,0.612957,0.94186,0.644518,0.734385,309,False,8.5,NH_SKYHAVEN,726056,43.279,-70.924,43.34789,-71.06452
Cold & Very Cold,rural,Rural,County,39043,Census Tract 403; Erie County; Ohio,17943,8565,107.8,51.5,0.619601,0.950166,0.614618,0.734302,310,False,24.4,OH_ELYRIA-LORAIN-CO,725214,41.346,-82.179,41.35605,-82.64918
Cold & Very Cold,rural,Rural,County,26133,Census Tract 9701; Osceola County; Michigan,23122,12634,40.8,22.3,0.781561,0.680233,0.7201,0.733804,311,False,18.4,MI_BIG-RAPIDS,725416,43.717,-85.5,43.96205,-85.35501
Cold & Very Cold,rural,Rural,County,17019,Census Tract 104; Champaign County; Illinois,29579,12463,33.9,14.3,0.776578,0.630399,0.816445,0.733389,312,False,7.0,IL_UNIV-OF-ILLINOIS-WI,725315,40.032,-88.275,40.1128,-88.19579
Cold & Very Cold,rural,Rural,County,49035,Census Tract 1002; Salt Lake County; Utah,25641,9319,64.9,23.6,0.651993,0.818106,0.76495,0.732724,313,False,8.0,UT_SALT-LAKE-CITY-IAP,725720,40.771,-111.965,40.66415,-112.02485
Cold & Very Cold,rural,Rural,County,17199,Census Tract 201; Williamson County; Illinois,22066,9812,67.3,29.9,0.671927,0.825581,0.698505,0.731021,314,False,3.7,IL_MARION-RGNL-AP,724339,37.75,-89.0,37.72309,-88.94157
Cold & Very Cold,rural,Rural,County,17085,Census Tract 201.01; Jo Daviess County; Illinois,21918,13425,36.5,22.3,0.810631,0.646179,0.697674,0.730481,315,False,21.2,IA_DUBUQUE-RGNL-AP,725470,42.398,-90.709,42.39577,-90.29402
Cold & Very Cold,rural,Rural,County,55131,Census Tract 4001.03; Washington County; Wisconsin,19190,7918,108.6,44.8,0.592193,0.953488,0.642027,0.728613,316,False,4.3,WI_WEST-BEND-MUNI,726413,43.417,-88.133,43.40559,-88.21819
Cold & Very Cold,rural,Rural,County,18175,Census Tract 9672; Washington County; Indiana,24713,10704,48.2,20.9,0.716777,0.730897,0.747508,0.727865,317,False,33.8,KY_LOUISVILLE-BOWMAN-FIELD,724235,38.23,-85.663,38.58544,-86.09134
Cold & Very Cold,rural,Rural,County,49053,Census Tract 2701.01; Washington County; Utah,37353,15776,16.7,7.0,0.865449,0.451827,0.899502,0.727492,318,False,11.5,UT_ST-GEORGE-MUNI-AP,724754,37.1,-113.6,37.21578,-113.45061
Cold & Very Cold,rural,Rural,County,26125,Census Tract 1203; Oakland County; Michigan,18142,7427,156.1,63.9,0.567276,0.994186,0.619601,0.72716,319,False,11.8,MI_OAKLAND-CO-IAP,726375,42.663,-83.41,42.81703,-83.51129
Cold & Very Cold,rural,Rural,County,49049,Census Tract 101.07; Utah County; Utah,42703,12055,24.9,7.0,0.76495,0.559801,0.933555,0.726869,320,False,8.7,UT_PROVO-MUNI(AWOS),725724,40.219,-111.723,40.13169,-111.84182
Cold & Very Cold,rural,Rural,County,55045,Census Tract 9601; Green County; Wisconsin,25597,10799,45.1,19.0,0.721761,0.710133,0.76412,0.726163,321,False,5.3,WI_MONROE-MUNI,726414,42.615,-89.591,42.69049,-89.57179
Cold & Very Cold,rural,Rural,County,17063,Census Tract 2; Grundy County; Illinois,22465,9694,62.5,27.0,0.666944,0.811462,0.708472,0.725831,322,False,7.8,IL_MORRIS-AP,720137,41.425,-88.419,41.31324,-88.40506
Cold & Very Cold,rural,Rural,County,25007,Census Tract 2003; Dukes County; Massachusetts,10521,9816,117.7,109.8,0.672757,0.962625,0.428571,0.725374,323,False,1.6,MA_MARTHAS-VINEYARD,725066,41.393,-70.616,41.39879,-70.58665
Cold & Very Cold,rural,Rural,County,18029,Census Tract 801.01; Dearborn County; Indiana,20448,8363,88.2,36.1,0.607143,0.905316,0.666113,0.723298,324,False,19.0,KY_CINCINNATI-NORTHERN-KY-AP,724210,39.044,-84.672,39.14387,-85.00122
Cold & Very Cold,rural,Rural,County,44007,Census Tract 130.01; Providence County; Rhode Island,19031,7323,132.1,50.8,0.559801,0.980066,0.638704,0.722674,325,False,12.0,CT_PAWTUCKET(AWOS),725054,41.921,-71.491,41.85777,-71.70814
Cold & Very Cold,rural,Rural,County,26129,Census Tract 9501; Ogemaw County; Michigan,19101,14058,34.3,25.2,0.828904,0.63289,0.640365,0.722591,326,False,27.6,MI_HOUGHTON-LAKE-ROSCOMMON-AP,726380,44.359,-84.674,44.3127,-84.12029
Cold & Very Cold,rural,Rural,County,30031,Census Tract 3; Gallatin County; Montana,34893,17474,13.9,6.9,0.897841,0.403654,0.88206,0.721719,327,False,10.4,MT_BOZEMAN-GALLATIN-FLD,726797,45.788,-111.162,45.63884,-111.19092
Cold & Very Cold,rural,Rural,County,27005,Census Tract 4501; Becker County; Minnesota,26923,15559,20.6,11.9,0.859635,0.504153,0.789867,0.721263,328,False,7.2,MN_DETROIT-LAKES-WETHIN,727457,46.833,-95.883,46.87998,-95.74589
Cold & Very Cold,rural,Rural,County,36049,Census Tract 9501.01; Lewis County; New York,26618,15572,20.9,12.2,0.860465,0.507475,0.781561,0.721138,329,False,21.0,NY_FORT-DRUM-WHEELER-S,743700,44.05,-75.733,43.80402,-75.48624
Cold & Very Cold,rural,Rural,County,30081,Census Tract 1; Ravalli County; Montana,35788,16162,15.1,6.8,0.875415,0.42691,0.887874,0.72093,330,False,9.7,MT_RAVALLI-COUNTY-AP,720759,46.255,-114.125,46.39456,-114.11482
Cold & Very Cold,rural,Rural,County,39091,Census Tract 38; Logan County; Ohio,23311,9948,54.9,23.4,0.678571,0.770764,0.725914,0.720307,331,False,2.9,OH_BELLEFONTAINE-RGNL-A,720944,40.367,-83.817,40.37825,-83.76369
Cold & Very Cold,rural,Rural,County,17007,Census Tract 104; Boone County; Illinois,21737,7983,83.1,30.5,0.593854,0.889535,0.694352,0.717442,332,False,23.5,WI_SOUTHERN-WISC-RGNL-AP,726415,42.617,-89.033,42.31084,-88.83344
Cold & Very Cold,rural,Rural,County,18089,Census Tract 423.01; Lake County; Indiana,19323,7658,99.6,39.5,0.578904,0.936047,0.646179,0.717359,333,False,17.9,IL_CHICAGO-LANSING,722126,41.54,-87.532,41.30453,-87.38968
Cold & Very Cold,rural,Rural,County,18107,Census Tract 9567; Montgomery County; Indiana,23672,10320,47.7,20.8,0.700997,0.725914,0.732558,0.71603,334,False,26.8,IN_LAFAYETTE-PURDUE-UNIV-AP,724386,40.412,-86.947,40.02462,-86.90789
Cold & Very Cold,rural,Rural,County,39027,Census Tract 9643; Clinton County; Ohio,22269,9223,62.0,25.7,0.647841,0.80897,0.704319,0.715532,335,False,2.3,OH_WILMINGTON-AIRPARK,724296,39.431,-83.777,39.41406,-83.81325
Cold & Very Cold,rural,Rural,County,39051,Census Tract 401; Fulton County; Ohio,22208,9345,59.3,25.0,0.655316,0.797342,0.700997,0.714161,336,False,15.0,OH_TOLEDO-EXPRESS-AP,725360,41.587,-83.805,41.59575,-84.09549
Cold & Very Cold,rural,Rural,County,18119,Census Tract 9555; Owen County; Indiana,21434,9868,55.6,25.6,0.67608,0.778239,0.685216,0.713663,337,False,15.3,IN_MONROE-CO,724375,39.143,-86.617,39.31785,-86.79355
Cold & Very Cold,rural,Rural,County,31055,Census Tract 73.17; Douglas County; Nebraska,16953,7205,135.6,57.6,0.555648,0.984219,0.595515,0.713621,338,False,8.6,NE_BLAIR-MUNI-AP,720405,41.412,-96.109,41.33114,-96.23611
Cold & Very Cold,rural,Rural,County,18149,Census Tract 9536; Starke County; Indiana,19494,9528,63.9,31.2,0.66196,0.813953,0.651163,0.712998,339,False,3.8,IN_KNOX-STARKE-CO-AP,720593,41.333,-86.667,41.278,-86.65802
Cold & Very Cold,rural,Rural,County,23029,Census Tract 9551; Washington County; Maine,30031,20646,11.7,8.1,0.931894,0.366279,0.824751,0.7125,340,False,50.4,ME_BAR-HARBOR(AWOS),726077,44.45,-68.367,44.85829,-67.51746
Cold & Very Cold,rural,Rural,County,18033,Census Tract 201; DeKalb County; Indiana,21735,8775,67.7,27.3,0.627907,0.828904,0.693522,0.711379,341,False,7.0,IN_DE-KALB-CO-AP,720543,41.3,-85.067,41.38689,-84.99596
Cold & Very Cold,rural,Rural,County,18073,Census Tract 1008; Jasper County; Indiana,25032,10045,47.4,19.0,0.683555,0.724252,0.750831,0.711254,342,False,7.2,IN_JASPER-CO-AP,744660,40.948,-87.183,41.03767,-87.11435
Cold & Very Cold,rural,Rural,County,55123,Census Tract 9601; Vernon County; Wisconsin,25991,11547,33.6,14.9,0.747508,0.628738,0.770764,0.71059,343,False,25.5,WI_MCCOY(USA-AF),726437,43.967,-90.733,43.60576,-90.8363
Cold & Very Cold,rural,Rural,County,55057,Census Tract 1001; Juneau County; Wisconsin,22540,12942,29.7,17.1,0.79402,0.602159,0.710963,0.710257,344,False,9.8,WI_VOLK-FLD-ANG,726436,43.933,-90.267,43.85292,-90.10527
Cold & Very Cold,rural,Rural,County,19163,Census Tract 101.01; Scott County; Iowa,21626,9321,59.0,25.4,0.652824,0.79485,0.69103,0.710174,345,False,2.6,IA_DAVENPORT-MUNI-AP,744550,41.613,-90.595,41.60751,-90.64432
Cold & Very Cold,rural,Rural,County,09130,Census Tract 5901.01; Lower Connecticut River Valley Planning Region; Connecticut,15872,7363,130.0,60.3,0.563123,0.976744,0.572259,0.709718,346,False,3.0,CT_CHESTER-AP,720545,41.384,-72.506,41.42327,-72.48048
Cold & Very Cold,rural,Rural,County,19061,Census Tract 101.05; Dubuque County; Iowa,25702,9780,47.3,18.0,0.671096,0.722591,0.767442,0.708388,347,False,9.5,IA_DUBUQUE-RGNL-AP,725470,42.398,-90.709,42.47436,-90.86473
Cold & Very Cold,rural,Rural,County,39107,Census Tract 9672; Mercer County; Ohio,22260,9474,55.0,23.4,0.659468,0.772425,0.703488,0.707807,348,False,20.9,OH_DARKE-COUNTY-AP,720713,40.204,-84.532,40.49894,-84.61606
Cold & Very Cold,rural,Rural,County,08059,Census Tract 98.50; Jefferson County; Colorado,22501,10253,47.1,21.5,0.692691,0.72093,0.709302,0.705897,349,False,22.6,CO_DENVER-CENTENNIAL,724666,39.56,-104.848,39.57551,-105.27193
Cold & Very Cold,rural,Rural,County,18141,Census Tract 108; St. Joseph County; Indiana,19722,8333,76.0,32.1,0.604651,0.862957,0.653654,0.704859,350,False,10.0,IN_SOUTH-BEND-MICHIANA-RGNL-A,725350,41.707,-86.316,41.56874,-86.37072
Cold & Very Cold,rural,Rural,County,19013,Census Tract 26.04; Black Hawk County; Iowa,23547,9755,49.1,20.3,0.668605,0.73588,0.730066,0.704443,351,False,5.4,IA_WATERLOO-MUNI-AP,725480,42.554,-92.401,42.48575,-92.35015
Cold & Very Cold,rural,Rural,County,17093,Census Tract 8906.02; Kendall County; Illinois,21217,6787,101.6,32.5,0.532392,0.938538,0.681063,0.704277,352,False,8.9,IL_MORRIS-AP,720137,41.425,-88.419,41.55311,-88.41122
Cold & Very Cold,rural,Rural,County,27115,Census Tract 9501; Pine County; Minnesota,25582,15119,18.2,10.8,0.855482,0.475083,0.763289,0.703904,353,False,23.1,MN_MORA-MUNI,727475,45.886,-93.272,46.05146,-92.8547
Cold & Very Cold,rural,Rural,County,08069,Census Tract 13.01; Larimer County; Colorado,30295,17087,13.1,7.4,0.891196,0.390365,0.830565,0.703779,354,False,15.4,CO_FORT-COLLINS-LOVELAND-AP,724769,40.45,-105.017,40.58907,-105.24509
Cold & Very Cold,rural,Rural,County,39057,Census Tract 2301; Greene County; Ohio,20852,7472,83.9,30.1,0.570598,0.892027,0.671927,0.703364,355,False,10.6,OH_SPRINGFIELD-BECKLEY,724295,39.84,-83.84,39.68788,-83.81688
Cold & Very Cold,rural,Rural,County,19169,Census Tract 1.01; Story County; Iowa,23303,9992,46.8,20.1,0.680233,0.718439,0.725083,0.702575,356,False,5.3,IA_AMES-MUNI-AP,725472,41.99,-93.619,42.01979,-93.52448
Cold & Very Cold,rural,Rural,County,17001,Census Tract 101; Adams County; Illinois,26070,11432,31.2,13.7,0.743355,0.609635,0.773256,0.702533,357,False,3.3,IL_QUINCY-RGNL-BALDWIN-FLD-AP,724430,39.937,-91.197,39.97433,-91.23521
Cold & Very Cold,rural,Rural,County,18055,Census Tract 9547.01; Greene County; Indiana,22876,10306,43.5,19.6,0.697674,0.700166,0.715947,0.702201,358,False,19.6,IN_MONROE-CO,724375,39.143,-86.617,39.05876,-86.96701
Cold & Very Cold,rural,Rural,County,55141,Census Tract 101; Wood County; Wisconsin,25175,10998,35.4,15.5,0.728405,0.639535,0.752492,0.702118,359,False,9.9,WI_WISCONSIN-RAPIDS,726452,44.359,-89.837,44.45647,-89.9843
Cold & Very Cold,rural,Rural,County,26101,Census Tract 1; Manistee County; Michigan,19321,12214,35.9,22.7,0.769934,0.643688,0.645349,0.700831,360,False,8.0,MI_MANISTEE-CO-BLACKER,726385,44.267,-86.25,44.32689,-86.11221
Cold & Very Cold,rural,Rural,County,02020,Census Tract 1.01; Anchorage Municipality; Alaska,31835,12871,20.0,8.1,0.790698,0.498339,0.851329,0.700499,361,False,1338.8,WA_QUILLAYUTE-STATE-AP,727970,47.937,-124.558,61.20291,-149.44182
Cold & Very Cold,rural,Rural,County,25015,Census Tract 8202.05; Hampshire County; Massachusetts,19047,8752,66.9,30.7,0.626246,0.824751,0.639535,0.698381,362,False,12.3,MA_CHICOPEE-FALLS-WEST,744910,42.2,-72.533,42.35096,-72.66207
Cold & Very Cold,rural,Rural,County,19153,Census Tract 101.01; Polk County; Iowa,19734,7577,80.8,31.0,0.574751,0.880399,0.655316,0.697841,363,False,3.2,IA_ANKENY-RGNL-AP,725466,41.691,-93.566,41.7368,-93.56765
Cold & Very Cold,rural,Rural,County,18173,Census Tract 301; Warrick County; Indiana,20839,8764,60.0,25.2,0.627076,0.802326,0.671096,0.697217,364,False,11.7,IN_EVANSVILLE-RGNL-AP,724320,38.05,-87.515,38.07503,-87.30155
Cold & Very Cold,rural,Rural,County,17077,Census Tract 101; Jackson County; Illinois,22294,10344,41.3,19.2,0.703488,0.683555,0.70515,0.696844,365,False,4.3,IL_SOUTHERN-ILLINOIS,724336,37.783,-89.245,37.78911,-89.32373
Cold & Very Cold,rural,Rural,County,26057,Census Tract 1; Gratiot County; Michigan,23503,10138,42.5,18.3,0.685216,0.69103,0.729236,0.696055,366,False,3.6,MI_ALMA,725405,43.322,-84.688,43.29868,-84.62359
Cold & Very Cold,rural,Rural,County,18103,Census Tract 9520; Miami County; Indiana,20901,8846,57.6,24.4,0.63206,0.788206,0.674419,0.695183,367,False,7.6,IN_GRISSOM-ARB,725335,40.65,-86.15,40.73564,-86.06004
Cold & Very Cold,rural,Rural,County,39059,Census Tract 9771; Guernsey County; Ohio,21030,10316,43.3,21.2,0.700166,0.698505,0.67691,0.694933,368,False,21.3,OH_ZANESVILLE-MUNI-AP,724286,39.946,-81.893,40.02986,-81.50526
Cold & Very Cold,rural,Rural,County,39101,Census Tract 101; Marion County; Ohio,20473,9206,55.2,24.8,0.645349,0.774086,0.666944,0.694726,369,False,5.2,OH_MARION-MUNI-AP,725208,40.616,-83.067,40.57655,-83.15049
Cold & Very Cold,rural,Rural,County,55033,Census Tract 9701; Dunn County; Wisconsin,25511,11049,31.3,13.5,0.729236,0.611296,0.760797,0.694269,370,False,2.7,WI_MENOMONIE-AFLD,720327,44.892,-91.868,44.92992,-91.87949
Cold & Very Cold,rural,Rural,County,46099,Census Tract 101.01; Minnehaha County; South Dakota,26244,10140,38.0,14.7,0.686047,0.657807,0.774917,0.693937,371,False,7.3,SD_SIOUX-FALLS-FOSS-FIELD,726510,43.578,-96.754,43.68044,-96.78695
Cold & Very Cold,rural,Rural,County,26143,Census Tract 9701; Roscommon County; Michigan,14960,14006,30.2,28.2,0.826412,0.605482,0.547342,0.693273,372,False,2.9,MI_HOUGHTON-LAKE-ROSCOMMON-AP,726380,44.359,-84.674,44.35934,-84.61584
Cold & Very Cold,rural,Rural,County,26103,Census Tract 12; Marquette County; Michigan,26480,15506,15.2,8.9,0.857973,0.428571,0.77907,0.691902,373,False,8.3,MI_SAWYER-IAP,726284,46.35,-87.4,46.43677,-87.52196
Cold & Very Cold,rural,Rural,County,33007,Census Tract 9501; Coos County; New Hampshire,24079,17559,13.5,9.9,0.899502,0.395349,0.740864,0.691321,374,False,9.5,NH_BERLIN-MUNI-AP,726160,44.576,-71.178,44.5694,-71.37166
Cold & Very Cold,rural,Rural,County,16001,Census Tract 21; Ada County; Idaho,30735,9324,37.2,11.3,0.653654,0.654485,0.83804,0.690822,375,False,2.2,ID_BOISE-AIR-TERMINAL,726810,43.567,-116.241,43.53585,-116.23297
Cold & Very Cold,rural,Rural,County,36097,Census Tract 9501; Schuyler County; New York,17749,9691,54.1,29.5,0.666113,0.766611,0.612126,0.69049,376,False,15.6,NY_ELMIRA-CORNING-RGNL-AP,725156,42.157,-76.903,42.3797,-76.85506
Cold & Very Cold,rural,Rural,County,27067,Census Tract 7801; Kandiyohi County; Minnesota,23218,11459,29.8,14.7,0.744186,0.603821,0.72093,0.690407,377,False,7.2,MN_WILLMAR-MUNI-AP,720386,45.117,-95.133,45.17103,-95.00695
Cold & Very Cold,rural,Rural,County,17049,Census Tract 9501; Effingham County; Illinois,21461,9420,48.4,21.2,0.657807,0.732558,0.686047,0.689618,378,False,28.7,IL_FLORA,744658,38.665,-88.453,39.0659,-88.59259
Cold & Very Cold,rural,Rural,County,18093,Census Tract 9504; Lawrence County; Indiana,20930,9180,52.0,22.8,0.644518,0.754983,0.67608,0.689493,379,False,20.9,IN_MONROE-CO,724375,39.143,-86.617,38.85939,-86.48295
Cold & Very Cold,rural,Rural,County,27097,Census Tract 7801; Morrison County; Minnesota,25682,12235,23.0,11.0,0.771595,0.539037,0.766611,0.689203,380,False,4.7,MN_LITTLE-FALLS-MORRISO,726578,45.949,-94.347,46.00235,-94.28574
Cold & Very Cold,rural,Rural,County,39073,Census Tract 9649; Hocking County; Ohio,19521,9495,50.0,24.3,0.660299,0.744186,0.651993,0.687998,381,False,19.6,OH_LANCASTER-FAIRFIEL,724294,39.757,-82.663,39.50936,-82.48369
Cold & Very Cold,rural,Rural,County,18001,Census Tract 301; Adams County; Indiana,22586,7187,71.4,22.7,0.552326,0.847176,0.711794,0.687417,382,False,22.1,IN_FORT-WAYNE-IAP,725330,40.972,-85.206,40.72692,-84.93456
Cold & Very Cold,rural,Rural,County,39093,Census Tract 571; Lorain County; Ohio,17386,7008,90.0,36.3,0.546512,0.913621,0.603821,0.686462,383,False,7.9,OH_ELYRIA-LORAIN-CO,725214,41.346,-82.179,41.23455,-82.21286
Cold & Very Cold,rural,Rural,County,19049,Census Tract 501; Dallas County; Iowa,23455,9237,45.2,17.8,0.648671,0.710963,0.727575,0.686254,384,False,14.1,IA_PERRY-MUNI-AP,720412,41.828,-94.16,41.67088,-93.98622
Cold & Very Cold,rural,Rural,County,31025,Census Tract 9656; Cass County; Nebraska,22242,9881,41.3,18.3,0.67691,0.683555,0.702658,0.684385,385,False,9.0,NE_PLATTSMOUTH-MUNI-AP,722291,40.948,-95.917,40.91914,-96.08528
Cold & Very Cold,rural,Rural,County,18079,Census Tract 9602; Jennings County; Indiana,20167,8532,55.8,23.6,0.615449,0.780731,0.66196,0.6826,386,False,23.6,IN_COLUMBUS-BAKALAR,724363,39.267,-85.9,38.98637,-85.64939
Cold & Very Cold,rural,Rural,County,27053,Census Tract 270.01; Hennepin County; Minnesota,15709,5901,163.7,61.5,0.486711,0.996678,0.569767,0.681811,387,False,11.2,MN_BUFFALO-MUNI-AP,722114,45.159,-93.843,45.07176,-93.64874
Cold & Very Cold,rural,Rural,County,27095,Census Tract 1704; Mille Lacs County; Minnesota,20853,10389,37.1,18.5,0.707641,0.653654,0.672757,0.681769,388,False,17.3,MN_MORA-MUNI,727475,45.886,-93.272,45.86378,-93.62996
Cold & Very Cold,rural,Rural,County,17183,Census Tract 101; Vermilion County; Illinois,23909,10789,29.5,13.3,0.718439,0.600498,0.736711,0.680814,389,False,6.5,IL_VERMILION-CO,722076,40.2,-87.6,40.16014,-87.7111
Cold & Very Cold,rural,Rural,County,18133,Census Tract 9560; Putnam County; Indiana,21687,8796,49.2,20.0,0.630399,0.738372,0.69186,0.680482,390,False,29.0,IN_TERRE-HAUTE-HULMAN-RGNL-AP,724373,39.443,-87.322,39.63455,-86.838
Cold & Very Cold,rural,Rural,County,08029,Census Tract 9646; Delta County; Colorado,25117,12008,22.4,10.7,0.76412,0.530731,0.751661,0.679942,391,False,10.1,CO_BLAKE-FIELD-DELTA,720531,38.783,-108.067,38.84899,-107.89964
Cold & Very Cold,rural,Rural,County,26079,Census Tract 9502.01; Kalkaska County; Michigan,18116,11655,32.4,20.8,0.754153,0.618771,0.618771,0.679693,392,False,19.1,MI_ANTRIM-CO-AP,727436,44.986,-85.203,44.71363,-85.1372
Cold & Very Cold,rural,Rural,County,17161,Census Tract 201.01; Rock Island County; Illinois,19105,8564,55.6,24.9,0.618771,0.778239,0.641196,0.67907,393,False,1.9,IL_MOLINE-QUAD-CITY-IAP,725440,41.448,-90.524,41.47589,-90.52408
Cold & Very Cold,rural,Rural,County,55013,Census Tract 9704; Burnett County; Wisconsin,16741,15328,20.4,18.7,0.857143,0.500831,0.589701,0.678945,394,False,2.9,WI_SIREN,722183,45.823,-92.373,45.86247,-92.39316
Cold & Very Cold,rural,Rural,County,27059,Census Tract 1301; Isanti County; Minnesota,21112,8365,54.1,21.4,0.607973,0.766611,0.679402,0.677782,395,False,1.3,MN_CAMBRIDGE-MUNI,727503,45.559,-93.265,45.54769,-93.28668
Cold & Very Cold,rural,Rural,County,18181,Census Tract 9581; White County; Indiana,19533,10227,38.9,20.4,0.69186,0.666944,0.652824,0.675332,396,False,23.0,IN_JASPER-CO-AP,744660,40.948,-87.183,40.75622,-86.82252
Cold & Very Cold,rural,Rural,County,18047,Census Tract 9601; Franklin County; Indiana,20315,8424,53.8,22.3,0.610465,0.76495,0.663621,0.675166,397,False,30.3,OH_HAMILTON,725217,39.361,-84.521,39.40858,-85.08412
Cold & Very Cold,rural,Rural,County,19155,Census Tract 214; Pottawattamie County; Iowa,25279,10358,28.2,11.6,0.70598,0.587209,0.755814,0.674377,398,False,9.8,IA_COUNCIL-BLUFFS,725497,41.259,-95.76,41.34093,-95.60532
Cold & Very Cold,rural,Rural,County,27163,Census Tract 702.05; Washington County; Minnesota,15795,6312,104.5,41.8,0.509136,0.945183,0.571429,0.674211,399,False,14.2,MN_ST-PAUL-DOWNTOWN-AP,726584,44.932,-93.056,45.07299,-92.84388
Cold & Very Cold,rural,Rural,County,18147,Census Tract 9527.01; Spencer County; Indiana,19871,8685,50.1,21.9,0.623754,0.745847,0.656977,0.673131,400,False,16.5,IN_HUNTINGBURG,724365,38.249,-86.954,38.01412,-87.00382
Cold & Very Cold,rural,Rural,County,26105,Census Tract 9501; Mason County; Michigan,17558,10742,36.8,22.5,0.717608,0.651993,0.607143,0.67255,401,False,6.6,MI_LUDINGTON-MASON,726364,43.963,-86.408,43.9815,-86.27851
Cold & Very Cold,rural,Rural,County,02170,Census Tract 1.01; Matanuska-Susitna Borough; Alaska,49582,27106,2.0,1.1,0.975083,0.113787,0.965947,0.671802,402,False,1354.6,WA_QUILLAYUTE-STATE-AP,727970,47.937,-124.558,61.63925,-149.42809
Cold & Very Cold,rural,Rural,County,36093,Census Tract 325.04; Schenectady County; New York,14600,6548,101.8,45.7,0.520764,0.94103,0.538206,0.671346,403,False,7.6,NY_SCHENECTADY,744994,42.85,-73.95,42.81724,-74.09405
Cold & Very Cold,rural,Rural,County,25023,Census Tract 5306; Plymouth County; Massachusetts,15266,5579,176.3,64.4,0.467608,0.999169,0.554817,0.671096,404,False,4.6,MA_PLYMOUTH-MUNI-AP,725064,41.909,-70.728,41.84581,-70.75522
Cold & Very Cold,rural,Rural,County,36023,Census Tract 9701; Cortland County; New York,20191,9347,42.6,19.7,0.656146,0.69186,0.662791,0.669975,405,False,20.8,NY_ITHACA-TOMPKINS-CO,725155,42.483,-76.467,42.58223,-76.08218
Cold & Very Cold,rural,Rural,County,18017,Census Tract 9509; Cass County; Indiana,19775,8744,48.9,21.6,0.625415,0.73505,0.656146,0.669933,406,False,4.0,IN_LOGANSPORT-CASS-CO,720961,40.711,-86.375,40.75816,-86.33064
Cold & Very Cold,rural,Rural,County,27169,Census Tract 6701.01; Winona County; Minnesota,22674,9519,37.6,15.8,0.66113,0.656146,0.713455,0.669851,407,False,7.8,MN_WINONA-MUNI(AWOS),726588,44.077,-91.708,43.98117,-91.79216
Cold & Very Cold,rural,Rural,County,39097,Census Tract 401.01; Madison County; Ohio,20664,8397,50.2,20.4,0.608804,0.746678,0.669435,0.669186,408,False,13.5,OH_COLUMBUS-BOLTON-FLD,724284,39.9,-83.133,39.89387,-83.38677
Cold & Very Cold,rural,Rural,County,55089,Census Tract 6101.01; Ozaukee County; Wisconsin,13659,6090,124.6,55.5,0.497508,0.974252,0.510797,0.667026,409,False,10.3,WI_WEST-BEND-MUNI,726413,43.417,-88.133,43.47334,-87.94279
Cold & Very Cold,rural,Rural,County,30111,Census Tract 14.02; Yellowstone County; Montana,33022,13002,13.0,5.1,0.79485,0.388704,0.866279,0.666985,410,False,6.2,MT_BILLINGS-LOGAN-IAP,726770,45.807,-108.546,45.86879,-108.45157
Cold & Very Cold,rural,Rural,County,39105,Census Tract 9641; Meigs County; Ohio,18955,9180,44.6,21.6,0.644518,0.70598,0.637043,0.664535,411,False,15.7,OH_OHIO-UNIV-AP-SNYDER,720397,39.217,-82.233,39.06895,-82.01178
Cold & Very Cold,rural,Rural,County,39079,Census Tract 9573; Jackson County; Ohio,19395,8209,51.3,21.7,0.601329,0.752492,0.647841,0.663538,412,False,3.4,OH_JAMES-A-RHODES,720705,38.981,-82.578,39.01664,-82.62257
Cold & Very Cold,rural,Rural,County,19125,Census Tract 301.01; Marion County; Iowa,21430,9207,39.4,16.9,0.646179,0.672757,0.684385,0.663122,413,False,3.4,IA_KNOXVILLE,725493,41.299,-93.114,41.34784,-93.11267
Cold & Very Cold,rural,Rural,County,55081,Census Tract 9501; Monroe County; Wisconsin,24746,10008,28.5,11.5,0.681894,0.589701,0.748339,0.662915,414,False,6.6,WI_MCCOY(USA-AF),726437,43.967,-90.733,43.92668,-90.61165
Cold & Very Cold,rural,Rural,County,30063,Census Tract 4; Missoula County; Montana,29231,14019,11.6,5.6,0.827243,0.362957,0.813123,0.661919,415,False,2.6,MT_MISSOULA-IAP,727730,46.921,-114.094,46.9311,-114.04175
Cold & Very Cold,rural,Rural,County,39095,Census Tract 93; Lucas County; Ohio,14302,6018,110.4,46.4,0.492525,0.954319,0.528239,0.661296,416,False,6.0,OH_TOLEDO-EXPRESS-AP,725360,41.587,-83.805,41.59733,-83.68891
Cold & Very Cold,rural,Rural,County,55113,Census Tract 1003; Sawyer County; Wisconsin,18243,16114,14.5,12.8,0.872924,0.41113,0.622093,0.66113,417,False,8.9,WI_HAYWARD-MUNI-AP,726508,46.03,-91.443,45.9291,-91.32911
Cold & Very Cold,rural,Rural,County,17157,Census Tract 9505; Randolph County; Illinois,21573,8882,39.4,16.2,0.634551,0.672757,0.689369,0.658887,418,False,9.4,IL_SPARTA,744653,38.149,-89.699,38.06623,-89.83611
Cold & Very Cold,rural,Rural,County,18177,Census Tract 101; Wayne County; Indiana,18472,7751,54.3,22.8,0.586379,0.768272,0.626246,0.658015,419,False,31.2,IN_DELAWARE-CO-JOHNSON,725336,40.235,-85.394,39.89048,-85.01151
Cold & Very Cold,rural,Rural,County,18063,Census Tract 2101.07; Hendricks County; Indiana,16413,6765,75.9,31.3,0.531561,0.862126,0.583887,0.657724,420,False,14.3,IN_INDIANAPOLIS-IAP,724380,39.725,-86.282,39.73999,-86.54986
Cold & Very Cold,rural,Rural,County,36099,Census Tract 9501; Seneca County; New York,15893,7966,57.4,28.8,0.593023,0.787375,0.57309,0.65706,421,False,13.8,NY_PENN-YAN,725194,42.644,-77.053,42.74606,-76.81892
Cold & Very Cold,rural,Rural,County,26061,Census Tract 1; Houghton County; Michigan,21040,11758,21.3,11.9,0.759967,0.511628,0.678571,0.656769,422,False,9.2,MI_HANCOCK-HOUGHTON-CO-AP,727440,47.166,-88.481,47.05418,-88.58766
Cold & Very Cold,rural,Rural,County,18027,Census Tract 9543; Daviess County; Indiana,21339,7529,50.5,17.8,0.57309,0.749169,0.682724,0.656644,423,False,4.0,IN_DAVIESS-CO,720903,38.7,-87.13,38.71379,-87.05716
Cold & Very Cold,rural,Rural,County,17133,Census Tract 6001.02; Monroe County; Illinois,18527,7866,52.1,22.1,0.590532,0.755814,0.628738,0.656022,424,False,16.9,IL_CAHOKIA-ST-LOUIS,725314,38.564,-90.149,38.32336,-90.20037
Cold & Very Cold,rural,Rural,County,18129,Census Tract 401; Posey County; Indiana,19426,8166,48.0,20.2,0.598837,0.729236,0.650332,0.654776,425,False,16.4,IL_CARMI-MUNI-AP,722074,38.089,-88.123,38.03509,-87.82869
Cold & Very Cold,rural,Rural,County,17075,Census Tract 9501; Iroquois County; Illinois,23623,11170,21.2,10.0,0.732558,0.510797,0.730897,0.654609,426,False,21.7,IL_GREATER-KANKAKEE-AP,722127,41.071,-87.846,40.75627,-87.84224
Cold & Very Cold,rural,Rural,County,27153,Census Tract 7901; Todd County; Minnesota,21038,11117,22.7,12.0,0.730897,0.537375,0.677741,0.652533,427,False,21.3,MN_STAPLES,727514,46.381,-94.806,46.07869,-94.89385
Cold & Very Cold,rural,Rural,County,55129,Census Tract 9501; Washburn County; Wisconsin,16749,12823,21.0,16.1,0.788206,0.509136,0.590532,0.650997,428,False,21.9,WI_HAYWARD-MUNI-AP,726508,46.03,-91.443,45.84886,-91.81636
Cold & Very Cold,rural,Rural,County,19045,Census Tract 8; Clinton County; Iowa,21910,9243,33.2,14.0,0.649502,0.625415,0.696844,0.65054,429,False,8.4,IA_CLINTON-MUNI(AWOS),725473,41.833,-90.333,41.8504,-90.49463
Cold & Very Cold,rural,Rural,County,39069,Census Tract 1; Henry County; Ohio,19020,8040,47.9,20.3,0.595515,0.728405,0.637874,0.650498,430,False,19.1,OH_DEFIANCE-MEM,725254,41.336,-84.429,41.33845,-84.06164
Cold & Very Cold,rural,Rural,County,49039,Census Tract 9721.01; Sanpete County; Utah,29209,10442,18.4,6.6,0.710133,0.480897,0.812292,0.650332,431,False,45.5,UT_PRICE-CARBON-CO,724700,39.609,-110.755,39.4027,-111.56518
Cold & Very Cold,rural,Rural,County,18013,Census Tract 9746; Brown County; Indiana,15543,8540,49.8,27.4,0.616279,0.742525,0.563123,0.649834,432,False,17.6,IN_COLUMBUS-BAKALAR,724363,39.267,-85.9,39.22844,-86.2243
Cold & Very Cold,rural,Rural,County,18031,Census Tract 9690; Decatur County; Indiana,17881,7720,51.7,22.3,0.585548,0.753322,0.612957,0.649751,433,False,22.4,IN_COLUMBUS-BAKALAR,724363,39.267,-85.9,39.29713,-85.48263
Cold & Very Cold,rural,Rural,County,26011,Census Tract 9701; Arenac County; Michigan,15054,9536,41.5,26.3,0.662791,0.686047,0.550664,0.648505,434,False,32.1,MI_JACK-BARSTOW-AP,720629,43.663,-84.261,44.04703,-83.89715
Cold & Very Cold,rural,Rural,County,55063,Census Tract 101.01; La Crosse County; Wisconsin,18522,7244,55.6,21.7,0.556478,0.778239,0.627907,0.64838,435,False,7.8,WI_LA-CROSSE-MUNI-AP,726430,43.879,-91.253,43.92467,-91.10995
Cold & Very Cold,rural,Rural,County,02090,Census Tract 10; Fairbanks North Star Borough; Alaska,35951,15664,5.0,2.2,0.863787,0.233389,0.889535,0.648297,436,False,1428.4,WA_EASTSOUND-ORCAS-ISLA,722208,48.708,-122.911,64.78002,-147.40457
Cold & Very Cold,rural,Rural,County,02122,Census Tract 1; Kenai Peninsula Borough; Alaska,36358,21338,2.3,1.3,0.939369,0.13206,0.893688,0.647675,437,False,1347.2,WA_QUILLAYUTE-STATE-AP,727970,47.937,-124.558,60.15146,-150.93518
Cold & Very Cold,rural,Rural,County,49021,Census Tract 1101; Iron County; Utah,32082,13153,9.8,4.0,0.802326,0.329734,0.854651,0.647384,438,False,4.9,UT_CEDAR-CITY-MUNI-AP,724755,37.707,-113.097,37.76366,-113.15002
Cold & Very Cold,rural,Rural,County,27037,Census Tract 610.01; Dakota County; Minnesota,19197,7189,54.7,20.5,0.553987,0.769934,0.642857,0.647342,439,False,10.8,MN_AIRLAKE-AP,726562,44.628,-93.228,44.63401,-93.00891
Cold & Very Cold,rural,Rural,County,27057,Census Tract 701; Hubbard County; Minnesota,17706,12763,19.2,13.9,0.786545,0.490033,0.608804,0.647218,440,False,14.1,MN_PARK-RAPIDS-MUNI-AP,727453,46.9,-95.067,47.07335,-94.90854
Cold & Very Cold,rural,Rural,County,55061,Census Tract 9602; Kewaunee County; Wisconsin,17392,7713,51.2,22.7,0.584718,0.751661,0.604651,0.647135,441,False,25.3,WI_GREEN-BAY-AUSTIN-IAP,726450,44.48,-88.137,44.49882,-87.62452
Cold & Very Cold,rural,Rural,County,49043,Census Tract 9641.01; Summit County; Utah,21605,14560,11.8,8.0,0.844684,0.36794,0.690199,0.646927,442,False,19.3,UT_HEBER-CITY-MUNI-RUSS,720565,40.482,-111.429,40.7555,-111.34975
Cold & Very Cold,rural,Rural,County,36079,Census Tract 105; Putnam County; New York,12739,5321,132.2,55.2,0.453488,0.981728,0.495847,0.646844,443,False,12.4,NY_POUGHKEEPSIE-DUTCHESS-CO,725036,41.626,-73.882,41.456,-73.80736
Cold & Very Cold,rural,Rural,County,55133,Census Tract 2040.02; Waukesha County; Wisconsin,12668,5278,142.1,59.2,0.450166,0.988372,0.490864,0.646678,444,False,12.8,WI_WAUKESHA-CO-AP,726409,43.041,-88.237,42.97954,-88.4756
Cold & Very Cold,rural,Rural,County,18143,Census Tract 9667; Scott County; Indiana,15409,5987,85.3,33.2,0.490033,0.89701,0.559801,0.646429,445,False,32.0,KY_LOUISVILLE-BOWMAN-FIELD,724235,38.23,-85.663,38.68864,-85.73907
Cold & Very Cold,rural,Rural,County,27009,Census Tract 201; Benton County; Minnesota,19400,7474,49.7,19.1,0.571429,0.740864,0.648671,0.64618,446,False,10.4,MN_ST-CLOUD-RGNL-AP,726550,45.544,-94.052,45.69296,-94.01968
Cold & Very Cold,rural,Rural,County,27013,Census Tract 1701; Blue Earth County; Minnesota,21712,9255,31.3,13.3,0.651163,0.611296,0.692691,0.645515,447,False,11.3,MN_MANKATA-RGNL-AP,726585,44.217,-93.917,44.07216,-94.02375
Cold & Very Cold,rural,Rural,County,26085,Census Tract 9601; Lake County; Michigan,12393,13432,21.8,23.7,0.811462,0.524086,0.483389,0.645266,448,False,22.2,MI_BIG-RAPIDS,725416,43.717,-85.5,43.94919,-85.80876
Cold & Very Cold,rural,Rural,County,17105,Census Tract 9602; Livingston County; Illinois,22762,10355,22.0,10.0,0.70515,0.527409,0.714286,0.644768,449,False,3.0,IL_PONTIAC-AP,722171,40.924,-88.624,40.88696,-88.59298
Cold & Very Cold,rural,Rural,County,17177,Census Tract 1; Stephenson County; Illinois,19885,8976,36.6,16.5,0.636213,0.64701,0.658638,0.644477,450,False,9.7,IL_ALBERTUS,722082,42.246,-89.582,42.36955,-89.67152
Cold & Very Cold,rural,Rural,County,18057,Census Tract 1101.02; Hamilton County; Indiana,14478,6085,85.3,35.9,0.496678,0.89701,0.534884,0.644435,451,False,12.7,IN_INDIANAPOLIS-EXEC-AP,720575,40.031,-86.251,40.15158,-86.07047
Cold & Very Cold,rural,Rural,County,26069,Census Tract 1.01; Iosco County; Michigan,14170,11541,27.0,22.0,0.746678,0.580565,0.524086,0.64402,452,False,16.5,MI_OSCODA-WURTSMITH-AFB,726395,44.45,-83.4,44.32208,-83.68108
Cold & Very Cold,rural,Rural,County,27003,Census Tract 501.16; Anoka County; Minnesota,13898,5158,124.1,46.1,0.439369,0.973422,0.517442,0.641902,453,False,12.3,MN_MINNEAPOLIS-BLAINE,726577,45.15,-93.217,45.32781,-93.20178
Cold & Very Cold,rural,Rural,County,55077,Census Tract 9601; Marquette County; Wisconsin,15706,9841,34.5,21.6,0.674419,0.635382,0.568937,0.63966,454,False,26.4,WI_BARABOO-WISC-DELLS,726503,43.522,-89.774,43.79873,-89.40846
Cold & Very Cold,rural,Rural,County,55059,Census Tract 27; Kenosha County; Wisconsin,12979,5606,98.9,42.7,0.4701,0.934385,0.5,0.63858,455,False,7.6,WI_KENOSHA-RGNL-AP,726505,42.595,-87.938,42.57085,-88.08362
Cold & Very Cold,rural,Rural,County,46081,Census Tract 9661.01; Lawrence County; South Dakota,19422,10309,24.4,13.0,0.699336,0.553156,0.649502,0.638206,456,False,2.9,SD_SPEARFISH-CLYDE-ICE,726605,44.483,-103.783,44.47031,-103.84013
Cold & Very Cold,rural,Rural,County,39039,Census Tract 9581; Defiance County; Ohio,18214,7434,48.9,19.9,0.569767,0.73505,0.621262,0.637915,457,False,2.0,OH_DEFIANCE-MEM,725254,41.336,-84.429,41.31268,-84.45089
Cold & Very Cold,rural,Rural,County,26007,Census Tract 1.01; Alpena County; Michigan,17649,9753,31.5,17.4,0.667774,0.613787,0.607973,0.636918,458,False,2.7,MI_ALPENA-COUNTY-RGNL-AP,726390,45.072,-83.565,45.03409,-83.54788
Cold & Very Cold,rural,Rural,County,19139,Census Tract 501; Muscatine County; Iowa,18274,7665,43.6,18.3,0.580565,0.702658,0.622924,0.631769,459,False,8.6,IA_MUSCATINE,725487,41.367,-91.15,41.49177,-91.14583
Cold & Very Cold,rural,Rural,County,18069,Census Tract 9613; Huntington County; Indiana,16725,7587,47.8,21.7,0.575581,0.727575,0.58887,0.631437,460,False,16.9,IN_FORT-WAYNE-IAP,725330,40.972,-85.206,40.84843,-85.48547
Cold & Very Cold,rural,Rural,County,27045,Census Tract 9601; Fillmore County; Minnesota,21346,9669,24.8,11.2,0.665282,0.55814,0.683555,0.631437,461,False,3.0,MN_FILLMORE-CO,720283,43.677,-92.18,43.68927,-92.12258
Cold & Very Cold,rural,Rural,County,39147,Census Tract 9625; Seneca County; Ohio,18610,8032,40.6,17.5,0.594684,0.677741,0.630399,0.630897,462,False,29.3,OH_FINDLAY-AP,725366,41.014,-83.668,41.12278,-83.12383
Cold & Very Cold,rural,Rural,County,18059,Census Tract 4101; Hancock County; Indiana,14404,5894,78.7,32.2,0.48588,0.873754,0.5299,0.63044,463,False,17.8,IN_SHELBYVILLE-MUNI,724356,39.585,-85.8,39.83532,-85.72075
Cold & Very Cold,rural,Rural,County,18117,Census Tract 9513; Orange County; Indiana,17019,7805,43.3,19.8,0.58804,0.698505,0.596346,0.628364,464,False,32.7,IN_HUNTINGBURG,724365,38.249,-86.954,38.56324,-86.50156
Cold & Very Cold,rural,Rural,County,27027,Census Tract 301.07; Clay County; Minnesota,23715,9214,23.2,9.0,0.64701,0.543189,0.734219,0.628114,465,False,7.1,MN_MOORHEAD-MUNI,722129,46.839,-96.663,46.83339,-96.51303
Cold & Very Cold,rural,Rural,County,18023,Census Tract 9501; Clinton County; Indiana,18358,7342,46.0,18.4,0.560631,0.714286,0.624585,0.627201,466,False,23.8,IN_LAFAYETTE-PURDUE-UNIV-AP,724386,40.412,-86.947,40.32033,-86.51129
Cold & Very Cold,rural,Rural,County,19167,Census Tract 701; Sioux County; Iowa,22214,8490,29.4,11.2,0.612126,0.598007,0.701827,0.625125,467,False,19.4,IA_SHELDON,725495,43.208,-95.833,43.08485,-96.17839
Cold & Very Cold,rural,Rural,County,26041,Census Tract 9701; Delta County; Michigan,20017,11200,17.2,9.6,0.73505,0.460963,0.659468,0.624003,468,False,6.9,MI_DELTA-CO,726480,45.733,-87.083,45.83268,-87.06742
Cold & Very Cold,rural,Rural,County,38015,Census Tract 110.02; Burleigh County; North Dakota,26921,9887,17.0,6.2,0.677741,0.45598,0.789037,0.622384,469,False,7.0,ND_BISMARCK-MUNI-AP,727640,46.782,-100.758,46.8731,-100.69504
Cold & Very Cold,rural,Rural,County,19011,Census Tract 9601; Benton County; Iowa,20548,8600,29.2,12.2,0.620432,0.596346,0.667774,0.62147,470,False,12.5,IA_VINTON,720326,42.219,-92.026,42.03849,-92.04038
Cold & Very Cold,rural,Rural,County,08049,Census Tract 1; Grand County; Colorado,15794,17037,8.6,9.2,0.889535,0.302326,0.570598,0.620224,471,False,3.8,CO_GRANBY-GRAND-CO,720536,40.09,-105.917,40.04222,-105.95089
Cold & Very Cold,rural,Rural,County,27007,Census Tract 4501.01; Beltrami County; Minnesota,25920,11995,10.5,4.9,0.763289,0.342193,0.769934,0.617234,472,False,15.8,MN_BEMIDJI-MUNI-AP,727550,47.5,-94.933,47.72741,-94.96017
Cold & Very Cold,rural,Rural,County,26137,Census Tract 9501; Otsego County; Michigan,15599,9042,31.8,18.5,0.638704,0.616279,0.566445,0.616403,473,False,1.5,MI_GAYLORD,725407,45.017,-84.689,45.00817,-84.66053
Cold & Very Cold,rural,Rural,County,27131,Census Tract 701.01; Rice County; Minnesota,17910,7674,38.5,16.5,0.581395,0.66113,0.613787,0.615781,474,False,1.8,MN_FARIBAULT-MUNI,726563,44.333,-93.317,44.35769,-93.32776
Cold & Very Cold,rural,Rural,County,08039,Census Tract 9611; Elbert County; Colorado,27152,10193,14.7,5.5,0.690199,0.415282,0.792359,0.61441,475,False,14.0,CO_ELBERT-MTN-MONUMENT,722155,39.217,-104.633,39.38952,-104.4954
Cold & Very Cold,rural,Rural,County,17121,Census Tract 9516; Marion County; Illinois,18116,8274,32.7,14.9,0.603821,0.621262,0.618771,0.612915,476,False,2.5,IL_SALEM-LECKRONE,724330,38.65,-88.967,38.615,-88.95753
Cold & Very Cold,rural,Rural,County,19031,Census Tract 4501; Cedar County; Iowa,18427,8238,31.8,14.2,0.602159,0.616279,0.625415,0.611752,477,False,23.4,IA_IOWA-CITY-MUNI,725462,41.639,-91.545,41.7587,-91.12158
Cold & Very Cold,rural,Rural,County,49005,Census Tract 1.01; Cache County; Utah,25400,8140,23.6,7.6,0.597176,0.546512,0.757475,0.611503,478,False,3.4,UT_LOGAN-CACHE-AP,724796,41.787,-111.852,41.76162,-111.90929
Cold & Very Cold,rural,Rural,County,19099,Census Tract 401; Jasper County; Iowa,20129,8354,28.1,11.7,0.606312,0.584718,0.660299,0.609552,479,False,3.9,IA_NEWTON-MUNI,725464,41.674,-93.022,41.66852,-93.0971
Cold & Very Cold,rural,Rural,County,17103,Census Tract 1; Lee County; Illinois,18873,8684,26.6,12.2,0.622924,0.57392,0.635382,0.608264,480,False,16.3,IL_ROCHELLE-AP,722182,41.893,-89.078,41.76938,-89.34659
Cold & Very Cold,rural,Rural,County,39165,Census Tract 310.02; Warren County; Ohio,12491,4870,93.8,36.6,0.419435,0.920266,0.486711,0.608181,481,False,15.5,OH_DAYTON-WRIGHT-BROTHERS,724276,39.592,-84.226,39.39651,-84.08249
Cold & Very Cold,rural,Rural,County,55031,Census Tract 210; Douglas County; Wisconsin,19249,11190,15.1,8.8,0.733389,0.42691,0.643688,0.608181,482,False,15.4,WI_SUPERIOR,726427,46.689,-92.094,46.51292,-91.89471
Cold & Very Cold,rural,Rural,County,17083,Census Tract 101; Jersey County; Illinois,15434,7007,45.0,20.4,0.545681,0.709302,0.560631,0.605938,483,False,12.6,MO_ST-CHARLES-CO-AP,724347,38.93,-90.433,39.07591,-90.2931
Cold & Very Cold,rural,Rural,County,19181,Census Tract 203; Warren County; Iowa,18690,7378,35.9,14.2,0.564784,0.643688,0.63206,0.605856,484,False,13.9,IA_DES-MOINES-IAP,725460,41.534,-93.653,41.34311,-93.57081
Cold & Very Cold,rural,Rural,County,18077,Census Tract 9660; Jefferson County; Indiana,15618,6840,46.8,20.5,0.534884,0.718439,0.567276,0.605607,485,False,40.3,KY_LOUISVILLE-BOWMAN-FIELD,724235,38.23,-85.663,38.78917,-85.45216
Cold & Very Cold,rural,Rural,County,26039,Census Tract 9601; Crawford County; Michigan,13271,10268,23.9,18.5,0.695183,0.548173,0.503322,0.605357,486,False,2.7,MI_GRAYLING-AAF,722093,44.68,-84.729,44.67176,-84.67432
Cold & Very Cold,rural,Rural,County,18121,Census Tract 301; Parke County; Indiana,16346,7625,36.8,17.1,0.577243,0.651993,0.582226,0.604402,487,False,22.5,IN_TERRE-HAUTE-HULMAN-RGNL-AP,724373,39.443,-87.322,39.76093,-87.2305
Cold & Very Cold,rural,Rural,County,18179,Census Tract 401; Wells County; Indiana,16232,6658,46.7,19.2,0.527409,0.716777,0.579734,0.604153,488,False,13.7,IN_FORT-WAYNE-IAP,725330,40.972,-85.206,40.77393,-85.1984
Cold & Very Cold,rural,Rural,County,18083,Census Tract 9551; Knox County; Indiana,17396,7655,34.4,15.2,0.578073,0.633721,0.605482,0.603032,489,False,10.3,IL_LAWRENCEVILLE-VINCEN,725342,38.76,-87.599,38.68472,-87.43436
Cold & Very Cold,rural,Rural,County,17145,Census Tract 301; Perry County; Illinois,16754,7368,38.1,16.8,0.563953,0.658638,0.591362,0.602575,490,False,20.2,IL_SPARTA,744653,38.149,-89.699,38.07981,-89.33718
Cold & Very Cold,rural,Rural,County,08093,Census Tract 1.01; Park County; Colorado,17739,14362,8.1,6.5,0.840532,0.289867,0.611296,0.601952,491,False,18.5,CO_WILKERSON-PASS,726396,39.05,-105.516,39.29732,-105.64864
Cold & Very Cold,rural,Rural,County,55007,Census Tract 9601; Bayfield County; Wisconsin,16410,13285,11.1,9.0,0.805648,0.350498,0.583056,0.601827,492,False,10.3,WI_ASHLAND-KENNEDY-ME,726419,46.547,-90.918,46.58442,-91.12892
Cold & Very Cold,rural,Rural,County,27017,Census Tract 703; Carlton County; Minnesota,18921,8840,23.2,10.8,0.631229,0.543189,0.636213,0.601412,493,False,5.7,MN_CLOQUET(AWOS),726558,46.703,-92.504,46.62573,-92.54748
Cold & Very Cold,rural,Rural,County,08107,Census Tract 1; Routt County; Colorado,21145,12850,9.0,5.4,0.789867,0.311462,0.680233,0.600498,494,False,6.2,CO_STEAMBOAT-SPRINGS-ADAMS-FL,724678,40.517,-106.867,40.44506,-106.93623
Cold & Very Cold,rural,Rural,County,26033,Census Tract 9701; Chippewa County; Michigan,17056,12917,11.1,8.4,0.793189,0.350498,0.597176,0.599045,495,False,4.1,MI_CHIPPEWA-CO-IAP,727344,46.25,-84.467,46.30241,-84.42829
Cold & Very Cold,rural,Rural,County,27001,Census Tract 7701; Aitkin County; Minnesota,15930,14203,8.7,7.8,0.835548,0.304817,0.57392,0.597467,496,False,8.0,MN_AITKIN-NDB(AWOS),727504,46.548,-93.677,46.56608,-93.51144
Cold & Very Cold,rural,Rural,County,19033,Census Tract 9506; Cerro Gordo County; Iowa,15356,8510,29.4,16.3,0.613787,0.598007,0.55814,0.597135,497,False,3.3,IA_MASON-CITY-MUNI-AP,725485,43.154,-93.326,43.10664,-93.32018
Cold & Very Cold,rural,Rural,County,17011,Census Tract 9647; Bureau County; Illinois,18676,8869,22.5,10.7,0.63289,0.531561,0.631229,0.597093,498,False,18.8,IL_PERU-AP,722149,41.352,-89.153,41.39908,-89.51051
Cold & Very Cold,rural,Rural,County,08119,Census Tract 101.09; Teller County; Colorado,14439,9052,26.8,16.8,0.640365,0.576412,0.532392,0.596387,499,False,19.6,CO_WILKERSON-PASS,726396,39.05,-105.516,38.9091,-105.19946
Cold & Very Cold,rural,Rural,County,16011,Census Tract 9400; Bingham County; Idaho,26816,9776,13.2,4.8,0.670266,0.392027,0.785714,0.595972,500,False,24.3,ID_IDAHO-FALLS-FANNING-FIELD,725785,43.52,-112.068,43.24131,-112.36241
Cold & Very Cold,rural,Rural,County,55069,Census Tract 9601; Lincoln County; Wisconsin,16034,10166,18.6,11.8,0.689369,0.483389,0.575581,0.594518,501,False,9.2,WI_MERRILL-MUNI-AP,726449,45.199,-89.711,45.32861,-89.66776
Cold & Very Cold,rural,Rural,County,08001,Census Tract 83.54; Adams County; Colorado,22826,7693,23.0,7.8,0.582226,0.539037,0.715116,0.593688,502,False,8.2,CO_DENVER-IAP,725650,39.847,-104.656,39.86267,-104.50331
Cold & Very Cold,rural,Rural,County,55049,Census Tract 9501; Iowa County; Wisconsin,18305,8342,24.8,11.3,0.605482,0.55814,0.623754,0.592567,503,False,8.7,WI_MINERAL-POINT,726507,42.887,-90.236,42.97722,-90.11669
Cold & Very Cold,rural,Rural,County,26113,Census Tract 9601.01; Missaukee County; Michigan,15156,8676,26.8,15.4,0.622093,0.576412,0.552326,0.592151,504,False,12.9,MI_CADILLAC-WEXFORD-CO-AP,726384,44.283,-85.417,44.30614,-85.15896
Cold & Very Cold,rural,Rural,County,17021,Census Tract 9581; Christian County; Illinois,18541,7816,26.6,11.2,0.58887,0.57392,0.629568,0.591777,505,False,2.5,IL_TAYLORSVILLE,744662,39.534,-89.328,39.52727,-89.28205
Cold & Very Cold,rural,Rural,County,08101,Census Tract 28.04; Pueblo County; Colorado,23812,10796,10.5,4.7,0.719269,0.342193,0.73588,0.590615,506,False,10.8,CO_PUEBLO-MEM-AP,724640,38.289,-104.506,38.22216,-104.68603
Cold & Very Cold,rural,Rural,County,55047,Census Tract 1003; Green Lake County; Wisconsin,12663,7659,38.0,23.0,0.579734,0.657807,0.490033,0.589119,507,False,27.7,WI_FOND-DU-LAC-CO,726506,43.77,-88.491,43.77914,-89.04548
Cold & Very Cold,rural,Rural,County,19043,Census Tract 701; Clayton County; Iowa,17069,8791,21.9,11.3,0.629568,0.526578,0.598007,0.587209,508,False,15.8,WI_PRAIRIE-DU-CHIEN,726444,43.019,-91.124,42.8568,-91.34311
Cold & Very Cold,rural,Rural,County,18021,Census Tract 403; Clay County; Indiana,14971,6397,43.6,18.6,0.513289,0.702658,0.548173,0.586545,509,False,10.7,IN_TERRE-HAUTE-HULMAN-RGNL-AP,724373,39.443,-87.322,39.42069,-87.12417
Cold & Very Cold,rural,Rural,County,50013,Census Tract 201; Grand Isle County; Vermont,7393,5301,90.4,64.8,0.452658,0.915282,0.310631,0.586171,510,False,12.8,NY_PLATTSBURGH-IAP,726225,44.639,-73.463,44.78435,-73.30053
Cold & Very Cold,rural,Rural,County,39067,Census Tract 9756; Harrison County; Ohio,14408,7397,35.8,18.4,0.566445,0.641196,0.530731,0.585465,511,False,22.9,OH_NEW-PHILADELPHIA,725224,40.47,-81.422,40.30164,-81.04829
Cold & Very Cold,rural,Rural,County,39065,Census Tract 1; Hardin County; Ohio,16302,6849,36.7,15.4,0.535714,0.649502,0.580565,0.58451,512,False,19.6,OH_LIMA-ALLEN-CO-AP,724298,40.708,-84.021,40.65646,-83.65249
Cold & Very Cold,rural,Rural,County,18049,Census Tract 9530; Fulton County; Indiana,14380,6917,39.4,19.0,0.539867,0.672757,0.52907,0.584219,513,False,2.4,IN_FULTON-CO-AP,720736,41.066,-86.182,41.05766,-86.22736
Cold & Very Cold,rural,Rural,County,18169,Census Tract 1023; Wabash County; Indiana,15464,6725,38.9,16.9,0.5299,0.666944,0.561462,0.584178,514,False,23.2,IN_GRISSOM-ARB,725335,40.65,-86.15,40.85103,-85.79451
Cold & Very Cold,rural,Rural,County,18135,Census Tract 9514; Randolph County; Indiana,15405,7039,36.0,16.4,0.548173,0.644518,0.55897,0.584053,515,False,20.1,IN_DELAWARE-CO-JOHNSON,725336,40.235,-85.394,40.16085,-85.02531
Cold & Very Cold,rural,Rural,County,27085,Census Tract 9501; McLeod County; Minnesota,16451,6961,35.2,14.9,0.540698,0.638704,0.584718,0.583804,516,False,6.6,MN_HUTCHINSON(AWOS),726569,44.859,-94.382,44.86048,-94.24731
Cold & Very Cold,rural,Rural,County,39175,Census Tract 9380; Wyandot County; Ohio,15069,6737,39.0,17.4,0.530731,0.667774,0.551495,0.582849,517,False,20.8,OH_FINDLAY-AP,725366,41.014,-83.668,40.87245,-83.31651
Cold & Very Cold,rural,Rural,County,08043,Census Tract 9781; Fremont County; Colorado,19874,10224,13.3,6.9,0.69103,0.392857,0.657807,0.580025,518,False,28.6,CO_CHEYENNE-MTN-AS,720642,38.75,-104.85,38.46091,-105.22888
Cold & Very Cold,rural,Rural,County,31153,Census Tract 102.08; Sarpy County; Nebraska,10743,4567,87.5,37.2,0.388704,0.904485,0.438538,0.579194,519,False,7.9,NE_BELLEVUE-OFFUTT-AFB,725540,41.117,-95.917,41.07956,-96.06072
Cold & Very Cold,rural,Rural,County,27093,Census Tract 5601; Meeker County; Minnesota,16508,7503,27.8,12.6,0.572259,0.583887,0.586379,0.579153,520,False,1.9,MN_LITCHFIELD-MUNI,726583,45.147,-94.507,45.12952,-94.47768
Cold & Very Cold,rural,Rural,County,26141,Census Tract 9501; Presque Isle County; Michigan,13142,9856,20.0,15.0,0.675249,0.498339,0.501661,0.578613,521,False,4.9,MI_PRESQUE-ISLE-ROGERS,727417,45.407,-83.813,45.34454,-83.86009
Cold & Very Cold,rural,Rural,County,23021,Census Tract 9603.01; Piscataquis County; Maine,17125,14651,4.3,3.7,0.847176,0.214286,0.599668,0.576163,522,False,20.0,ME_GREENVILLE,726190,45.462,-69.596,45.29603,-69.25809
Cold & Very Cold,rural,Rural,County,19095,Census Tract 9601; Iowa County; Iowa,16547,7355,28.2,12.5,0.562292,0.587209,0.587209,0.575996,523,False,21.6,IA_CEDAR-RAPIDS-MUNI-AP,725450,41.883,-91.725,41.69018,-92.05557
Cold & Very Cold,rural,Rural,County,18045,Census Tract 9576; Fountain County; Indiana,14472,6885,36.7,17.4,0.537375,0.649502,0.534053,0.575955,524,False,18.9,IL_VERMILION-CO,722076,40.2,-87.6,40.12728,-87.25575
Cold & Very Cold,rural,Rural,County,18015,Census Tract 9593; Carroll County; Indiana,14734,6256,41.4,17.6,0.504983,0.684385,0.543189,0.575415,525,False,13.4,IN_LOGANSPORT-CASS-CO,720961,40.711,-86.375,40.56741,-86.54687
Cold & Very Cold,rural,Rural,County,17057,Census Tract 9529; Fulton County; Illinois,17285,8526,20.5,10.1,0.614618,0.501661,0.60299,0.572757,526,False,24.7,IL_MACOMB-AP,722157,40.52,-90.652,40.46767,-90.18737
Cold & Very Cold,rural,Rural,County,39115,Census Tract 9688; Morgan County; Ohio,13758,7311,33.0,17.6,0.55897,0.622924,0.51495,0.57255,527,False,22.9,OH_ZANESVILLE-MUNI-AP,724286,39.946,-81.893,39.61657,-81.85065
Cold & Very Cold,rural,Rural,County,39125,Census Tract 9601; Paulding County; Ohio,14723,6499,36.8,16.3,0.519103,0.651993,0.542359,0.570266,528,False,16.6,OH_DEFIANCE-MEM,725254,41.336,-84.429,41.12868,-84.59076
Cold & Very Cold,rural,Rural,County,17095,Census Tract 1; Knox County; Illinois,15646,7820,23.3,11.7,0.589701,0.54485,0.568106,0.569684,529,False,9.7,IL_GALESBURG-AP,722089,40.933,-90.433,40.90404,-90.25163
Cold & Very Cold,rural,Rural,County,17135,Census Tract 9573; Montgomery County; Illinois,17227,7293,25.1,10.6,0.55814,0.561462,0.602159,0.568106,530,False,13.0,IL_LITCHFIELD,722972,39.163,-89.675,39.21759,-89.44332
Cold & Very Cold,rural,Rural,County,55065,Census Tract 9701; Lafayette County; Wisconsin,16788,7193,26.5,11.4,0.554817,0.571429,0.592193,0.568106,531,False,14.7,WI_PLATTEVILLE-MUNI,720586,42.683,-90.45,42.66964,-90.16182
Cold & Very Cold,rural,Rural,County,17041,Census Tract 9520; Douglas County; Illinois,15034,6331,36.4,15.3,0.509967,0.645349,0.549834,0.565324,532,False,17.9,IL_UNIV-OF-ILLINOIS-WI,725315,40.032,-88.275,39.77352,-88.27751
Cold & Very Cold,rural,Rural,County,39161,Census Tract 201; Van Wert County; Ohio,14669,6245,37.1,15.8,0.504153,0.653654,0.540698,0.563787,533,False,31.9,OH_LIMA-ALLEN-CO-AP,724298,40.708,-84.021,40.86488,-84.5953
Cold & Very Cold,rural,Rural,County,49011,Census Tract 1254.11; Davis County; Utah,11940,3628,105.1,31.9,0.307309,0.946844,0.466777,0.56304,534,False,13.1,UT_SALT-LAKE-CITY-IAP,725720,40.771,-111.965,40.94056,-112.07538
Cold & Very Cold,rural,Rural,County,26109,Census Tract 9601; Menominee County; Michigan,15983,9388,15.4,9.0,0.656977,0.432724,0.574751,0.562043,535,False,25.1,MI_MENOMINEE-MARINETTE,726487,45.117,-87.633,45.47664,-87.56316
Cold & Very Cold,rural,Rural,County,55103,Census Tract 9701; Richland County; Wisconsin,14655,7429,25.3,12.8,0.568106,0.563123,0.539867,0.560714,536,False,15.5,WI_LONE-ROCK-FAA-AP,726416,43.211,-90.187,43.35756,-90.4197
Cold & Very Cold,rural,Rural,County,39049,Census Tract 80.01; Franklin County; Ohio,9233,3637,139.8,55.1,0.30897,0.986711,0.380399,0.560465,537,False,0.7,OH_COLUMBUS-BOLTON-FLD,724284,39.9,-83.133,39.90895,-83.13814
Cold & Very Cold,rural,Rural,County,08077,Census Tract 12; Mesa County; Colorado,23106,10552,7.1,3.3,0.713455,0.271595,0.719269,0.559967,538,False,2.3,CO_GRAND-JUNCTION-WALKER-FLD,724760,39.134,-108.541,39.11731,-108.57763
Cold & Very Cold,rural,Rural,County,39033,Census Tract 9741; Crawford County; Ohio,13525,6149,38.9,17.7,0.499169,0.666944,0.508306,0.559718,539,False,19.0,OH_MARION-MUNI-AP,725208,40.616,-83.067,40.85728,-82.89344
Cold & Very Cold,rural,Rural,County,39111,Census Tract 9666; Monroe County; Ohio,13308,7147,29.2,15.7,0.551495,0.596346,0.504153,0.557724,540,False,33.9,WV_PARKERSBURG-WOOD-CO-AP,724273,39.339,-81.444,39.7403,-81.07841
Cold & Very Cold,rural,Rural,County,08005,Census Tract 71.01; Arapahoe County; Colorado,17986,6104,29.0,9.8,0.498339,0.593854,0.615449,0.555191,541,False,20.3,CO_AURORA-BUCKLEY-FLD-ANGB,724695,39.717,-104.75,39.64195,-104.38152
Cold & Very Cold,rural,Rural,County,49057,Census Tract 2101.01; Weber County; Utah,13998,6912,28.8,14.2,0.539037,0.592193,0.519934,0.553821,542,False,8.0,UT_OGDEN-HINKLEY-AP,725750,41.194,-112.017,41.28367,-111.92042
Cold & Very Cold,rural,Rural,County,55099,Census Tract 9701; Price County; Wisconsin,14077,10799,11.2,8.6,0.721761,0.354651,0.521595,0.553239,543,False,1.7,WI_PHILLIPS-PRICE-CO,726468,45.709,-90.402,45.71026,-90.3659
Cold & Very Cold,rural,Rural,County,55119,Census Tract 9601; Taylor County; Wisconsin,17185,8125,17.7,8.4,0.596346,0.468439,0.601329,0.552575,544,False,8.3,WI_TAYLOR-CO,726417,45.101,-90.303,45.17965,-90.43202
Cold & Very Cold,rural,Rural,County,26001,Census Tract 1; Alcona County; Michigan,10310,10353,15.3,15.3,0.704319,0.431063,0.421096,0.552035,545,False,17.4,MI_OSCODA-WURTSMITH-AFB,726395,44.45,-83.4,44.6958,-83.47943
Cold & Very Cold,rural,Rural,County,17173,Census Tract 9591; Shelby County; Illinois,16147,7386,21.5,9.8,0.565615,0.517442,0.578073,0.551246,546,False,28.4,IL_MATTOON-CHARLESTON,725317,39.474,-88.272,39.40145,-88.79631
Cold & Very Cold,rural,Rural,County,46083,Census Tract 101.14; Lincoln County; South Dakota,15270,6305,29.8,12.3,0.508306,0.603821,0.555648,0.551205,547,False,18.8,SD_SIOUX-FALLS-FOSS-FIELD,726510,43.578,-96.754,43.30681,-96.71376
Cold & Very Cold,rural,Rural,County,30049,Census Tract 1; Lewis and Clark County; Montana,21799,10439,6.5,3.1,0.709302,0.261628,0.696013,0.549958,548,False,15.2,MT_HELENA-RGNL-AP,727720,46.604,-111.989,46.79766,-112.14037
Cold & Very Cold,rural,Rural,County,16083,Census Tract 3; Twin Falls County; Idaho,22355,8541,12.0,4.6,0.61711,0.371262,0.707641,0.549169,549,False,7.7,ID_JOSLIN-FLD-MAGIC-VA,725866,42.478,-114.477,42.50347,-114.62344
Cold & Very Cold,rural,Rural,County,27159,Census Tract 4801; Wadena County; Minnesota,14135,6990,26.4,13.0,0.54402,0.570598,0.522425,0.549003,550,False,10.9,MN_WADENA,726561,46.447,-95.212,46.52754,-95.01608
Cold & Very Cold,rural,Rural,County,18111,Census Tract 1004; Newton County; Indiana,13859,6059,34.5,15.1,0.495847,0.635382,0.516611,0.548837,551,False,11.8,IN_JASPER-CO-AP,744660,40.948,-87.183,40.99385,-87.40123
Cold & Very Cold,rural,Rural,County,18153,Census Tract 501.01; Sullivan County; Indiana,14514,5906,33.5,13.6,0.487542,0.627076,0.535714,0.546013,552,False,15.8,IL_ROBINSON,720319,39.016,-87.65,39.10633,-87.37956
Cold & Very Cold,rural,Rural,County,46103,Census Tract 110.05; Pennington County; South Dakota,21254,10003,8.0,3.8,0.681063,0.287375,0.681894,0.543438,553,False,7.2,SD_RAPID-CITY-RGNL-AP,726620,44.046,-103.054,44.01906,-103.19354
Cold & Very Cold,rural,Rural,County,19183,Census Tract 9601.01; Washington County; Iowa,15010,6338,27.0,11.4,0.511628,0.580565,0.549003,0.543231,554,False,7.5,IA_WASHINGTON,725454,41.276,-91.673,41.38366,-91.69295
Cold & Very Cold,rural,Rural,County,27157,Census Tract 4901; Wabasha County; Minnesota,13733,6674,26.9,13.0,0.52907,0.577243,0.51412,0.542941,555,False,23.5,MN_ST-MARY-HOSPITAL-HEL,720972,44.017,-92.483,44.30041,-92.22093
Cold & Very Cold,rural,Rural,County,27015,Census Tract 9604; Brown County; Minnesota,14652,6875,24.2,11.3,0.536545,0.552326,0.539037,0.542567,556,False,13.7,MN_NEW-ULM-MUNI(AWOS),726567,44.319,-94.502,44.26274,-94.76722
Cold & Very Cold,rural,Rural,County,27039,Census Tract 9501; Dodge County; Minnesota,14279,5831,33.1,13.5,0.482558,0.624585,0.526578,0.541071,557,False,1.4,MN_DODGE-CENTER-AP,726596,44.018,-92.831,44.03672,-92.84394
Cold & Very Cold,rural,Rural,County,25005,Census Tract 6461.04; Bristol County; Massachusetts,5984,3669,157.5,96.5,0.314784,0.995847,0.253322,0.540864,558,False,9.7,MA_NEW-BEDFORD-RGNL-AP,725065,41.679,-70.959,41.54853,-71.02823
Cold & Very Cold,rural,Rural,County,08085,Census Tract 9661; Montrose County; Colorado,20865,9244,9.4,4.2,0.650332,0.32309,0.673588,0.540448,559,False,4.6,CO_MONTROSE-RGNL-AP,724765,38.505,-107.898,38.47911,-107.9755
Cold & Very Cold,rural,Rural,County,08097,Census Tract 1.01; Pitkin County; Colorado,12310,10154,12.8,10.6,0.688538,0.384551,0.478405,0.540116,560,False,5.0,CO_ASPEN-PITKIN-CO-SAR,724676,39.23,-106.871,39.19579,-106.95342
Cold & Very Cold,rural,Rural,County,27143,Census Tract 1701.98; Sibley County; Minnesota,14933,6482,25.4,11.0,0.518272,0.563953,0.546512,0.539908,561,False,13.5,MN_GLENCOE-MUNI,727517,44.756,-94.081,44.57689,-94.18864
Cold & Very Cold,rural,Rural,County,17129,Census Tract 101; Menard County; Illinois,12169,5602,38.7,17.8,0.469269,0.663621,0.473422,0.538123,562,False,13.9,IL_SPRINGFIELD-CAPITAL-AP,724390,39.845,-89.684,40.02995,-89.78516
Cold & Very Cold,rural,Rural,County,16067,Census Tract 9701; Minidoka County; Idaho,16634,6559,22.2,8.8,0.521595,0.5299,0.58804,0.537791,563,False,7.7,ID_BURLEY-MUNI-AP,725867,42.545,-113.769,42.65409,-113.73887
Cold & Very Cold,rural,Rural,County,17015,Census Tract 9601; Carroll County; Illinois,12522,6408,29.0,14.8,0.515781,0.593854,0.488372,0.537625,564,False,10.5,IL_SAVANNA-TRI-TOWNSHI,722204,42.046,-90.108,42.06719,-89.90625
Cold & Very Cold,rural,Rural,County,16075,Census Tract 9601; Payette County; Idaho,14263,5262,37.5,13.8,0.446844,0.655316,0.525748,0.53559,565,False,12.8,OR_ONTARIO-MUNI-AP,726837,44.014,-117.008,43.98799,-116.75212
Cold & Very Cold,rural,Rural,County,19023,Census Tract 701; Butler County; Iowa,14301,6569,24.7,11.3,0.522425,0.556478,0.527409,0.53534,566,False,21.3,IA_WATERLOO-MUNI-AP,725480,42.554,-92.401,42.7091,-92.76336
Cold & Very Cold,rural,Rural,County,49003,Census Tract 9601; Box Elder County; Utah,28137,9336,4.9,1.6,0.654485,0.228405,0.803156,0.535091,567,False,10.8,UT_BRIGHAM-CITY-AP,720567,41.552,-112.062,41.54929,-112.27003
Cold & Very Cold,rural,Rural,County,19191,Census Tract 9501; Winneshiek County; Iowa,14565,6972,21.8,10.4,0.542359,0.524086,0.536545,0.534801,568,False,5.0,IA_DECORAH-MUNI,725476,43.275,-91.739,43.26191,-91.83734
Cold & Very Cold,rural,Rural,County,19015,Census Tract 201; Boone County; Iowa,14424,6299,25.7,11.2,0.507475,0.567276,0.531561,0.533223,569,False,3.2,IA_BOONE-MUNI,725486,42.049,-93.848,42.0338,-93.90596
Cold & Very Cold,rural,Rural,County,44005,Census Tract 401.05; Newport County; Rhode Island,5192,3664,175.8,124.1,0.313953,0.998339,0.212625,0.533223,570,False,4.0,RI_NEWPORT,725079,41.53,-71.283,41.55064,-71.2114
Cold & Very Cold,rural,Rural,County,39163,Census Tract 9530; Vinton County; Ohio,12686,5937,30.8,14.4,0.488372,0.607973,0.492525,0.531063,571,False,14.3,OH_OHIO-UNIV-AP-SNYDER,720397,39.217,-82.233,39.24539,-82.49766
Cold & Very Cold,rural,Rural,County,19083,Census Tract 4801; Hardin County; Iowa,13430,6591,24.2,11.9,0.524917,0.552326,0.507475,0.531022,572,False,5.0,IA_IOWA-FALLS-MUNI,722331,42.471,-93.207,42.39959,-93.19615
Cold & Very Cold,rural,Rural,County,26097,Census Tract 9501; Mackinac County; Michigan,10865,10575,10.6,10.3,0.714286,0.345515,0.44103,0.530565,573,False,13.2,MI_MACKINACK-ISLAND,727435,45.865,-84.637,45.9727,-84.86259
Cold & Very Cold,rural,Rural,County,55053,Census Tract 9601; Jackson County; Wisconsin,16330,7431,16.7,7.6,0.568937,0.451827,0.581395,0.53044,574,False,5.8,WI_BLACK-RIVER-FALLS-AP,720859,44.251,-90.855,44.33274,-90.88088
Cold & Very Cold,rural,Rural,County,16013,Census Tract 9601.01; Blaine County; Idaho,16090,10925,6.1,4.2,0.725914,0.252492,0.576412,0.530316,575,False,8.2,ID_HAILEY-FRIEDMAN-MEM,725865,43.5,-114.3,43.57423,-114.17115
Cold & Very Cold,rural,Rural,County,08015,Census Tract 2; Chaffee County; Colorado,14778,8413,14.8,8.4,0.609635,0.419435,0.545681,0.530274,576,False,2.2,CO_CENTRAL-COLORADO-RGNL-AP,720528,38.698,-106.07,38.6678,-106.08118
Cold & Very Cold,rural,Rural,County,16069,Census Tract 9400; Nez Perce County; Idaho,15579,7053,18.7,8.5,0.549003,0.484219,0.563953,0.529319,577,False,9.3,ID_LEWISTON-NEZ-PERCE-CNTY-AP,727830,46.375,-117.015,46.32223,-116.83631
Cold & Very Cold,rural,Rural,County,44003,Census Tract 207.01; Kent County; Rhode Island,8546,3197,115.9,43.4,0.265781,0.958472,0.353821,0.525831,578,False,13.9,RI_PROVIDENCE-GREEN-STATE-AP,725070,41.723,-71.432,41.64267,-71.67828
Cold & Very Cold,rural,Rural,County,18025,Census Tract 9519; Crawford County; Indiana,10494,5890,34.3,19.3,0.48505,0.63289,0.427741,0.525332,579,False,29.0,IN_HUNTINGBURG,724365,38.249,-86.954,38.31447,-86.42611
Cold & Very Cold,rural,Rural,County,49047,Census Tract 9402.01; Uintah County; Utah,25245,9129,5.6,2.0,0.642027,0.243355,0.754983,0.525083,580,False,8.3,UT_VERNAL-AP,725705,40.443,-109.513,40.32864,-109.55863
Cold & Very Cold,rural,Rural,County,26119,Census Tract 9101; Montmorency County; Michigan,9372,8926,17.1,16.3,0.635382,0.458472,0.387874,0.523962,581,False,25.5,MI_GAYLORD,725407,45.017,-84.689,45.00403,-84.16686
Cold & Very Cold,rural,Rural,County,17051,Census Tract 9505; Fayette County; Illinois,15200,6401,21.5,9.0,0.51412,0.517442,0.553987,0.523256,582,False,26.6,IL_SALEM-LECKRONE,724330,38.65,-88.967,39.03165,-89.02769
Cold & Very Cold,rural,Rural,County,17087,Census Tract 9776; Johnson County; Illinois,11541,5517,33.7,16.1,0.465947,0.629568,0.457641,0.521553,583,False,20.3,IL_METROPOLIS-MUNI-AP,720170,37.186,-88.751,37.45922,-88.88805
Cold & Very Cold,rural,Rural,County,18165,Census Tract 201; Vermillion County; Indiana,10638,5043,41.9,19.8,0.430233,0.686877,0.432724,0.520557,584,False,13.9,IL_PARIS-AP,722172,39.7,-87.669,39.82635,-87.46594
Cold & Very Cold,rural,Rural,County,56037,Census Tract 9705; Sweetwater County; Wyoming,22347,11559,2.1,1.1,0.749169,0.119601,0.706811,0.520349,585,False,15.0,WY_ROCK-SPRINGS-AP,725744,41.595,-109.053,41.5676,-109.34062
Cold & Very Cold,rural,Rural,County,18159,Census Tract 201; Tipton County; Indiana,11056,4829,42.8,18.7,0.414452,0.692691,0.446013,0.518148,586,False,14.9,IN_KOKOMO(AWOS),724387,40.528,-86.059,40.31274,-86.05922
Cold & Very Cold,rural,Rural,County,19193,Census Tract 31; Woodbury County; Iowa,15483,6529,19.1,8.1,0.519934,0.487542,0.562292,0.517068,587,False,15.1,IA_SIOUX-CITY-SIOUX-GATEWAY-A,725570,42.392,-96.379,42.41488,-96.08385
Cold & Very Cold,rural,Rural,County,56021,Census Tract 19.01; Laramie County; Wyoming,21467,8543,8.1,3.2,0.61794,0.289867,0.686877,0.516902,588,False,14.6,WY_CHEYENNE-MUNI-AP,725640,41.158,-104.808,41.3017,-104.60284
Cold & Very Cold,rural,Rural,County,19019,Census Tract 9501; Buchanan County; Iowa,13945,5823,24.9,10.4,0.481728,0.559801,0.519103,0.516529,589,False,4.3,IA_INDEPENDENCE,720293,42.453,-91.948,42.49131,-91.88147
Cold & Very Cold,rural,Rural,County,19017,Census Tract 43; Bremer County; Iowa,12357,5404,30.8,13.5,0.459302,0.607973,0.481728,0.515822,590,False,12.7,IA_WATERLOO-MUNI-AP,725480,42.554,-92.401,42.73509,-92.35973
Cold & Very Cold,rural,Rural,County,16053,Census Tract 9701; Jerome County; Idaho,15165,5399,25.6,9.1,0.458472,0.565615,0.553156,0.514909,591,False,2.0,ID_JEROME-CO,726816,42.727,-114.455,42.7082,-114.4244
Cold & Very Cold,rural,Rural,County,18041,Census Tract 9540; Fayette County; Indiana,10124,4530,49.3,22.1,0.383721,0.739203,0.416944,0.514784,592,False,33.8,IN_SHELBYVILLE-MUNI,724356,39.585,-85.8,39.63113,-85.16829
Cold & Very Cold,rural,Rural,County,31155,Census Tract 9681; Saunders County; Nebraska,14140,6573,20.0,9.3,0.523256,0.498339,0.523256,0.514535,593,False,0.5,NE_WAHOO-MUNI,720942,41.233,-96.6,41.23032,-96.60935
Cold & Very Cold,rural,Rural,County,56023,Census Tract 9780.01; Lincoln County; Wyoming,20158,9763,4.9,2.4,0.669435,0.228405,0.66113,0.513413,594,False,14.3,WY_AFTON-MUNI,720516,42.711,-110.942,42.5268,-110.81276
Cold & Very Cold,rural,Rural,County,39121,Census Tract 9683; Noble County; Ohio,11655,5467,29.5,13.8,0.462625,0.600498,0.460133,0.510382,595,False,24.9,OH_ZANESVILLE-MUNI-AP,724286,39.946,-81.893,39.78633,-81.47246
Cold & Very Cold,rural,Rural,County,17033,Census Tract 8801; Crawford County; Illinois,12735,5287,29.1,12.1,0.450997,0.594684,0.494186,0.509925,596,False,5.7,IL_ROBINSON,720319,39.016,-87.65,39.00578,-87.756
Cold & Very Cold,rural,Rural,County,19097,Census Tract 9501; Jackson County; Iowa,13142,6333,21.0,10.1,0.510797,0.509136,0.501661,0.508388,597,False,18.0,IA_DUBUQUE-RGNL-AP,725470,42.398,-90.709,42.17625,-90.52337
Cold & Very Cold,rural,Rural,County,02110,Census Tract 1; Juneau City and Borough; Alaska,18842,9011,7.0,3.3,0.637874,0.269103,0.634551,0.50814,598,False,817.1,WA_EASTSOUND-ORCAS-ISLA,722208,48.708,-122.911,58.40602,-134.40723
Cold & Very Cold,rural,Rural,County,31177,Census Tract 502.01; Washington County; Nebraska,12423,4856,34.2,13.4,0.417774,0.631229,0.484219,0.505772,599,False,6.2,NE_BLAIR-MUNI-AP,720405,41.412,-96.109,41.49213,-96.16121
Cold & Very Cold,rural,Rural,County,27065,Census Tract 4801; Kanabec County; Minnesota,12083,5972,23.5,11.6,0.489203,0.545681,0.469269,0.504984,600,False,1.9,MN_MORA-MUNI,727475,45.886,-93.272,45.90466,-93.30215
Cold & Very Cold,rural,Rural,County,16085,Census Tract 9701; Valley County; Idaho,12136,12601,3.3,3.4,0.7799,0.168605,0.471761,0.504319,601,False,15.0,ID_MCCALL-MUNI-AP,725864,44.894,-116.1,44.87313,-115.79528
Cold & Very Cold,rural,Rural,County,17109,Census Tract 101; McDonough County; Illinois,12330,6210,21.6,10.9,0.503322,0.519103,0.480066,0.504194,602,False,2.8,IL_MACOMB-AP,722157,40.52,-90.652,40.48111,-90.66335
Cold & Very Cold,rural,Rural,County,30053,Census Tract 1; Lincoln County; Montana,18010,9598,5.0,2.7,0.664452,0.233389,0.616279,0.503945,603,False,44.0,ID_BOUNDARY-CO,720923,48.726,-116.295,48.62718,-115.34317
Cold & Very Cold,rural,Rural,County,31053,Census Tract 9636; Dodge County; Nebraska,12129,5788,23.7,11.3,0.477575,0.547342,0.47093,0.500664,604,False,8.7,NE_FREMONT-MUNI-AP,725564,41.449,-96.52,41.55639,-96.60672
Cold & Very Cold,rural,Rural,County,19075,Census Tract 9601; Grundy County; Iowa,12352,5489,24.6,10.9,0.463455,0.554817,0.480897,0.49892,605,False,20.7,IA_MARSHALL-TOWN-MUNI,725461,42.111,-92.916,42.38845,-92.76164
Cold & Very Cold,rural,Rural,County,19127,Census Tract 9501; Marshall County; Iowa,12146,5801,22.7,10.8,0.479236,0.537375,0.472591,0.498256,606,False,6.9,IA_MARSHALL-TOWN-MUNI,725461,42.111,-92.916,42.02247,-92.97903
Cold & Very Cold,rural,Rural,County,19171,Census Tract 2901; Tama County; Iowa,13422,6193,19.0,8.8,0.501661,0.486711,0.506645,0.497425,607,False,18.5,IA_MARSHALL-TOWN-MUNI,725461,42.111,-92.916,42.08882,-92.55582
Cold & Very Cold,rural,Rural,County,19149,Census Tract 9703; Plymouth County; Iowa,14743,6186,17.5,7.3,0.5,0.466777,0.54402,0.497176,608,False,3.5,IA_LE-MARS,725484,42.778,-96.194,42.74084,-96.23945
Cold & Very Cold,rural,Rural,County,18155,Census Tract 9657; Switzerland County; Indiana,9914,4399,44.9,19.9,0.373754,0.708472,0.404485,0.497051,609,False,24.8,KY_CINCINNATI-NORTHERN-KY-AP,724210,39.044,-84.672,38.81075,-85.02225
Cold & Very Cold,rural,Rural,County,26071,Census Tract 1; Iron County; Michigan,11650,9046,10.0,7.8,0.639535,0.334718,0.459302,0.496802,610,False,28.5,MI_IRON-MOUNTAIN-FORD,727437,45.813,-88.113,46.12773,-88.4975
Cold & Very Cold,rural,Rural,County,27129,Census Tract 7901; Renville County; Minnesota,14587,6911,14.8,7.0,0.538206,0.419435,0.537375,0.49647,611,False,6.4,MN_OLIVIA,722168,44.779,-95.033,44.72572,-94.92651
Cold & Very Cold,rural,Rural,County,46127,Census Tract 201; Union County; South Dakota,11718,5297,25.9,11.7,0.451827,0.568937,0.460963,0.494643,612,False,23.0,IA_LE-MARS,725484,42.778,-96.194,42.76048,-96.64639
Cold & Very Cold,rural,Rural,County,17107,Census Tract 9529; Logan County; Illinois,13686,5270,22.7,8.7,0.449336,0.537375,0.511628,0.492608,613,False,3.0,IL_LINCOLN,744672,40.158,-89.335,40.11723,-89.35456
Cold & Very Cold,rural,Rural,County,16065,Census Tract 9501.01; Madison County; Idaho,14770,4337,32.7,9.6,0.36794,0.621262,0.54485,0.491985,614,False,2.8,ID_REXBURG,726818,43.832,-111.808,43.80307,-111.76745
Cold & Very Cold,rural,Rural,County,18075,Census Tract 9627; Jay County; Indiana,11988,4670,32.5,12.7,0.401993,0.619601,0.467608,0.491279,615,False,24.0,IN_DELAWARE-CO-JOHNSON,725336,40.235,-85.394,40.43195,-85.01956
Cold & Very Cold,rural,Rural,County,16041,Census Tract 9701; Franklin County; Idaho,14715,5122,22.2,7.7,0.436877,0.5299,0.541528,0.490365,616,False,25.1,UT_LOGAN-CACHE-AP,724796,41.787,-111.852,42.14646,-111.78465
Cold & Very Cold,rural,Rural,County,27047,Census Tract 1801; Freeborn County; Minnesota,13384,5816,19.3,8.4,0.480066,0.492525,0.505814,0.489576,617,False,2.1,MN_ALBERT-LEA(AWOS),726589,43.683,-93.367,43.65415,-93.35296
Cold & Very Cold,rural,Rural,County,17089,Census Tract 8507.03; Kane County; Illinois,8967,3843,53.3,22.8,0.329734,0.762458,0.368771,0.488995,618,False,9.0,IL_DE-KALB-TAYLOR-MUNI,722075,41.932,-88.708,41.94732,-88.53476
Cold & Very Cold,rural,Rural,County,39047,Census Tract 9258; Fayette County; Ohio,11331,4813,31.2,13.2,0.412791,0.609635,0.449336,0.488995,619,False,19.0,OH_WILMINGTON-AIRPARK,724296,39.431,-83.777,39.56356,-83.46403
Cold & Very Cold,rural,Rural,County,19055,Census Tract 9501; Delaware County; Iowa,12378,5416,21.8,9.5,0.460963,0.524086,0.482558,0.487375,620,False,20.1,IA_MONTICELLO-MUNI,725475,42.224,-91.166,42.47873,-91.35655
Cold & Very Cold,rural,Rural,County,27099,Census Tract 10; Mower County; Minnesota,13345,5714,19.4,8.3,0.474252,0.493355,0.504983,0.487084,621,False,9.3,MN_AUSTIN-MUNI,727566,43.665,-92.933,43.64908,-92.74905
Cold & Very Cold,rural,Rural,County,09190,Census Tract 2501; Western Connecticut Planning Region; Connecticut,5178,2813,135.1,73.4,0.223422,0.983389,0.210963,0.486919,622,False,13.1,CT_DANBURY-MUNI-AP,725086,41.372,-73.483,41.56035,-73.45363
Cold & Very Cold,rural,Rural,County,09140,Census Tract 3421; Naugatuck Valley Planning Region; Connecticut,5848,2475,178.0,75.3,0.195183,1.0,0.244186,0.48667,623,False,8.3,CT_OXFORD(AWOS),725029,41.483,-73.133,41.57123,-73.24089
Cold & Very Cold,rural,Rural,County,49041,Census Tract 9751; Sevier County; Utah,17712,7252,9.4,3.8,0.557309,0.32309,0.609635,0.485798,624,False,59.9,UT_MILFORD-MUNI-AP,724750,38.423,-113.011,38.75167,-111.98567
Cold & Very Cold,rural,Rural,County,17131,Census Tract 401; Mercer County; Illinois,11816,5501,21.7,10.1,0.464286,0.520764,0.465116,0.484219,625,False,18.1,IL_MOLINE-QUAD-CITY-IAP,725440,41.448,-90.524,41.22049,-90.69641
Cold & Very Cold,rural,Rural,County,17165,Census Tract 9556; Saline County; Illinois,10424,5027,28.6,13.8,0.427741,0.590532,0.425249,0.484219,626,False,4.6,IL_HARRISBURG,744652,37.811,-88.549,37.74495,-88.56078
Cold & Very Cold,rural,Rural,County,17029,Census Tract 1; Coles County; Illinois,11382,5219,24.6,11.3,0.44186,0.554817,0.451827,0.483388,627,False,5.4,IL_MATTOON-CHARLESTON,725317,39.474,-88.272,39.5527,-88.27082
Cold & Very Cold,rural,Rural,County,08087,Census Tract 1; Morgan County; Colorado,16164,6472,12.8,5.1,0.517442,0.384551,0.578904,0.483223,628,False,8.6,CO_FORT-MORGAN-MUNI-AP,720535,40.333,-103.8,40.22337,-103.87733
Cold & Very Cold,rural,Rural,County,55067,Census Tract 9601.01; Langlade County; Wisconsin,10820,7544,12.6,8.8,0.57392,0.380399,0.440199,0.479443,629,False,4.0,WI_ANTIGO-LANG(AWOS),726626,45.154,-89.111,45.20978,-89.08805
Cold & Very Cold,rural,Rural,County,16043,Census Tract 9701; Fremont County; Idaho,13701,8669,7.4,4.7,0.621262,0.277409,0.512458,0.479153,630,False,15.7,ID_REXBURG,726818,43.832,-111.808,43.99633,-111.59036
Cold & Very Cold,rural,Rural,County,55023,Census Tract 9601; Crawford County; Wisconsin,10381,6187,18.5,11.0,0.500831,0.482558,0.423588,0.478987,631,False,13.9,WI_BOSCOBEL-AP,726438,43.156,-90.678,43.23189,-90.93429
Cold & Very Cold,rural,Rural,County,16039,Census Tract 9601; Elmore County; Idaho,17469,8252,5.7,2.7,0.60299,0.245847,0.606312,0.478654,632,False,16.5,ID_MOUNTAIN-HOME-AFB,726815,43.05,-115.867,43.23663,-115.66423
Cold & Very Cold,rural,Rural,County,17023,Census Tract 601; Clark County; Illinois,11152,5258,22.7,10.7,0.446013,0.537375,0.447674,0.478322,633,False,24.6,IL_ROBINSON,720319,39.016,-87.65,39.34028,-87.83917
Cold & Very Cold,rural,Rural,County,30013,Census Tract 23.02; Cascade County; Montana,16834,8159,6.4,3.1,0.598007,0.258306,0.593023,0.478115,634,False,3.1,MT_GREAT-FALLS,727760,47.45,-111.383,47.40955,-111.41359
Cold & Very Cold,rural,Rural,County,17035,Census Tract 9724; Cumberland County; Illinois,10378,4720,30.0,13.6,0.403654,0.604651,0.422757,0.477824,635,False,13.9,IL_MATTOON-CHARLESTON,725317,39.474,-88.272,39.27329,-88.26152
Cold & Very Cold,rural,Rural,County,16057,Census Tract 53.01; Latah County; Idaho,13809,6466,13.8,6.4,0.516611,0.401993,0.515781,0.476329,636,False,19.0,WA_PULLMAN-MOSCOW-RGNL-AP,727857,46.744,-117.116,46.79108,-116.72079
Cold & Very Cold,rural,Rural,County,26135,Census Tract 9702.01; Oscoda County; Michigan,8338,7705,14.7,13.6,0.583056,0.415282,0.342193,0.476163,637,False,28.0,MI_GRAYLING-AAF,722093,44.68,-84.729,44.68624,-84.1591
Cold & Very Cold,rural,Rural,County,27147,Census Tract 9601; Steele County; Minnesota,11487,4629,28.2,11.4,0.394518,0.587209,0.45515,0.474086,638,False,7.7,MN_OWATONNA(AWOS),726568,44.123,-93.261,44.03116,-93.17476
Cold & Very Cold,rural,Rural,County,19059,Census Tract 4502; Dickinson County; Iowa,8476,5708,23.3,15.7,0.473422,0.54485,0.351329,0.474003,639,False,14.2,IA_SPENCER,726500,43.168,-95.21,43.35878,-95.10283
Cold & Very Cold,rural,Rural,County,19165,Census Tract 9601; Shelby County; Iowa,11757,5429,19.9,9.2,0.461794,0.495017,0.464286,0.47392,640,False,6.1,IA_HARLAN,722097,41.584,-95.339,41.67243,-95.3322
Cold & Very Cold,rural,Rural,County,46011,Census Tract 9586; Brookings County; South Dakota,12443,5992,16.1,7.7,0.490864,0.444352,0.48588,0.473588,641,False,4.7,SD_BROOKINGS(AWOS),726515,44.3,-96.8,44.36857,-96.7997
Cold & Very Cold,rural,Rural,County,31159,Census Tract 9601; Seward County; Nebraska,12218,5100,21.6,9.0,0.434385,0.519103,0.475914,0.472342,642,False,19.6,NE_LINCOLN-MUNI-AP,725510,40.848,-96.765,40.85516,-97.13971
Cold & Very Cold,rural,Rural,County,27135,Census Tract 9701; Roseau County; Minnesota,15301,7188,9.2,4.3,0.553156,0.318106,0.557309,0.471719,643,False,2.6,MN_ROSEAU-MUNI(AWOS),727477,48.856,-95.697,48.81774,-95.69613
Cold & Very Cold,rural,Rural,County,16045,Census Tract 9601; Gem County; Idaho,12739,4748,23.1,8.6,0.406146,0.540698,0.495847,0.471179,644,False,25.9,OR_ONTARIO-MUNI-AP,726837,44.014,-117.008,44.00957,-116.4873
Cold & Very Cold,rural,Rural,County,19115,Census Tract 4501; Louisa County; Iowa,10710,4736,26.7,11.8,0.405316,0.574751,0.436047,0.470764,645,False,12.1,IA_MUSCATINE,725487,41.367,-91.15,41.20983,-91.25459
Cold & Very Cold,rural,Rural,County,18123,Census Tract 9522; Perry County; Indiana,10943,4472,29.5,12.1,0.379568,0.600498,0.444352,0.46985,646,False,21.6,IN_HUNTINGBURG,724365,38.249,-86.954,38.05132,-86.64639
Cold & Very Cold,rural,Rural,County,08083,Census Tract 9411; Montezuma County; Colorado,15289,7621,7.6,3.8,0.576412,0.283223,0.556478,0.469809,647,False,9.4,CO_CORTEZ-MONTEZUMA-CO,724767,37.307,-108.626,37.39595,-108.49658
Cold & Very Cold,rural,Rural,County,38017,Census Tract 401; Cass County; North Dakota,16502,6577,9.9,4.0,0.524086,0.331395,0.585548,0.468937,648,False,15.6,ND_FARGO-HECTOR-IAP,727530,46.924,-96.812,46.90965,-97.1417
Cold & Very Cold,rural,Rural,County,19111,Census Tract 4903; Lee County; Iowa,11143,4875,23.2,10.1,0.420266,0.543189,0.446844,0.468605,649,False,7.9,IA_FORT-MADISON,725483,40.659,-91.327,40.63253,-91.47444
Cold & Very Cold,rural,Rural,County,55041,Census Tract 9501; Forest County; Wisconsin,9261,8696,9.1,8.6,0.624585,0.315615,0.38289,0.468106,650,False,32.6,WI_ANTIGO-LANG(AWOS),726626,45.154,-89.111,45.56279,-88.77615
Cold & Very Cold,rural,Rural,County,17137,Census Tract 9514; Morgan County; Illinois,11343,5229,20.9,9.6,0.443522,0.507475,0.450997,0.467401,651,False,5.8,IL_JACKSONVILLE,744666,39.78,-90.238,39.70322,-90.19548
Cold & Very Cold,rural,Rural,County,17139,Census Tract 9769; Moultrie County; Illinois,10455,4384,31.4,13.2,0.372093,0.612957,0.42691,0.467359,652,False,19.2,IL_DECATUR,725316,39.831,-88.872,39.63486,-88.61675
Cold & Very Cold,rural,Rural,County,19077,Census Tract 9501; Guthrie County; Iowa,10646,5782,18.0,9.8,0.476744,0.473422,0.434385,0.467109,653,False,18.3,IA_PERRY-MUNI-AP,720412,41.828,-94.16,41.66417,-94.43988
Cold & Very Cold,rural,Rural,County,16051,Census Tract 9601; Jefferson County; Idaho,15580,5406,14.6,5.1,0.460133,0.413621,0.564784,0.464784,654,False,12.5,ID_REXBURG,726818,43.832,-111.808,43.71909,-112.00354
Cold & Very Cold,rural,Rural,County,31019,Census Tract 9689; Buffalo County; Nebraska,13730,5619,15.1,6.2,0.471761,0.42691,0.513289,0.464369,655,False,7.6,NE_KEARNEY-MUNI,725526,40.733,-99.0,40.82706,-99.07638
Cold & Very Cold,rural,Rural,County,19105,Census Tract 701; Jones County; Iowa,11730,5035,21.1,9.0,0.429402,0.509967,0.461794,0.464078,656,False,8.8,IA_MONTICELLO-MUNI,725475,42.224,-91.166,42.09639,-91.15972
Cold & Very Cold,rural,Rural,County,16081,Census Tract 9601.01; Teton County; Idaho,9956,5073,22.6,11.5,0.433555,0.534053,0.407807,0.46358,657,False,6.1,ID_DRIGGS-REED-MEM,720369,43.743,-111.098,43.66858,-111.16293
Cold & Very Cold,rural,Rural,County,19057,Census Tract 10; Des Moines County; Iowa,10620,4539,27.0,11.5,0.385382,0.580565,0.431063,0.462832,658,False,10.7,IA_SE-IOWA-RGNL-AP,725420,40.773,-91.125,40.92455,-91.1694
Cold & Very Cold,rural,Rural,County,38101,Census Tract 108; Ward County; North Dakota,16147,7006,8.2,3.5,0.54485,0.290698,0.578073,0.462541,659,False,8.0,ND_MINOT-FAA-AP,727676,48.252,-101.269,48.2083,-101.42912
Cold & Very Cold,rural,Rural,County,17067,Census Tract 9537; Hancock County; Illinois,11626,6053,15.0,7.8,0.495017,0.422757,0.458472,0.462417,660,False,13.7,IA_KEOKUK-MUNI,725456,40.46,-91.428,40.41231,-91.17548
Cold & Very Cold,rural,Rural,County,19119,Census Tract 9501; Lyon County; Iowa,12087,4857,20.6,8.3,0.418605,0.504153,0.4701,0.458846,661,False,16.7,MN_LUVERNE-QUENTIN-AANE,722006,43.621,-96.216,43.3797,-96.22959
Cold & Very Cold,rural,Rural,County,19187,Census Tract 5; Webster County; Iowa,11462,5391,17.1,8.0,0.457641,0.458472,0.454319,0.457267,662,False,9.2,IA_FORT-DODGE(AWOS),725490,42.55,-94.183,42.41781,-94.17131
Cold & Very Cold,rural,Rural,County,31067,Census Tract 9646; Gage County; Nebraska,12299,5758,14.8,6.9,0.475083,0.419435,0.477575,0.456105,663,False,6.6,NE_BEATRICE-MUNI-AP,725515,40.301,-96.754,40.21097,-96.71446
Cold & Very Cold,rural,Rural,County,55107,Census Tract 9601; Rusk County; Wisconsin,10618,6823,11.7,7.5,0.534053,0.366279,0.430233,0.454568,664,False,7.4,WI_LADYSMITH,723758,45.497,-91.001,45.44223,-91.13195
Cold & Very Cold,rural,Rural,County,55003,Census Tract 9400; Ashland County; Wisconsin,11039,6977,10.6,6.7,0.543189,0.345515,0.445183,0.454402,665,False,12.3,WI_ASHLAND-KENNEDY-ME,726419,46.547,-90.918,46.49943,-90.66819
Cold & Very Cold,rural,Rural,County,27033,Census Tract 2701; Cottonwood County; Minnesota,11458,5163,17.9,8.1,0.440199,0.471761,0.453488,0.453903,666,False,4.8,MN_WINDOM,727506,43.913,-95.109,43.97957,-95.13772
Cold & Very Cold,rural,Rural,County,19081,Census Tract 2701; Hancock County; Iowa,10718,5120,18.8,9.0,0.435216,0.48505,0.436877,0.45299,667,False,8.7,IA_FOREST-CITY-MUNI-AP,720643,43.235,-93.624,43.11888,-93.69264
Cold & Very Cold,rural,Rural,County,17123,Census Tract 9611; Marshall County; Illinois,9207,4750,24.1,12.4,0.408638,0.549003,0.378738,0.451786,668,False,24.2,IL_PERU-AP,722149,41.352,-89.153,41.02179,-89.3103
Cold & Very Cold,rural,Rural,County,17181,Census Tract 9501; Union County; Illinois,9913,4562,25.0,11.5,0.387874,0.560631,0.403654,0.451495,669,False,21.1,IL_SOUTHERN-ILLINOIS,724336,37.783,-89.245,37.47837,-89.21994
Cold & Very Cold,rural,Rural,County,17189,Census Tract 9501; Washington County; Illinois,10642,4972,19.3,9.0,0.42608,0.492525,0.433555,0.450831,670,False,20.7,IL_CENTRALIA-MUNI,744657,38.515,-89.092,38.35864,-89.41747
Cold & Very Cold,rural,Rural,County,38035,Census Tract 114; Grand Forks County; North Dakota,14230,6267,10.1,4.4,0.506645,0.336379,0.524917,0.450706,671,False,6.5,ND_GRAND-FORKS-AFB,727575,47.967,-97.4,47.87785,-97.35499
Cold & Very Cold,rural,Rural,County,18139,Census Tract 9741; Rush County; Indiana,10120,4386,25.7,11.2,0.372924,0.567276,0.416113,0.449585,672,False,17.0,IN_SHELBYVILLE-MUNI,724356,39.585,-85.8,39.62604,-85.48444
Cold & Very Cold,rural,Rural,County,19087,Census Tract 9701; Henry County; Iowa,10447,4350,25.2,10.5,0.369601,0.562292,0.42608,0.448339,673,False,2.9,IA_MT-PLEASANT,720309,40.947,-91.511,40.9882,-91.5203
Cold & Very Cold,rural,Rural,County,17005,Census Tract 9512; Bond County; Illinois,9652,4414,25.8,11.8,0.377076,0.568106,0.395349,0.447591,674,False,23.1,IL_LITCHFIELD,722972,39.163,-89.675,38.88722,-89.43012
Cold & Very Cold,rural,Rural,County,19005,Census Tract 9601; Allamakee County; Iowa,9866,5661,15.7,9.0,0.472591,0.439369,0.401993,0.446844,675,False,16.8,IA_DECORAH-MUNI,725476,43.275,-91.739,43.26058,-91.40481
Cold & Very Cold,rural,Rural,County,19121,Census Tract 601.01; Madison County; Iowa,11517,4632,20.7,8.3,0.395349,0.505814,0.456811,0.446304,676,False,21.1,IA_DES-MOINES-IAP,725460,41.534,-93.653,41.36025,-93.98771
Cold & Very Cold,rural,Rural,County,17147,Census Tract 9545; Piatt County; Illinois,10000,4410,24.2,10.7,0.375415,0.552326,0.412791,0.444809,677,False,16.3,IL_UNIV-OF-ILLINOIS-WI,725315,40.032,-88.275,40.01114,-88.58202
Cold & Very Cold,rural,Rural,County,16049,Census Tract 9400; Idaho County; Idaho,17120,8881,2.0,1.0,0.633721,0.113787,0.598837,0.444767,678,False,4.5,ID_IDAHO-CO-AP,726873,45.943,-116.123,45.9279,-116.03246
Cold & Very Cold,rural,Rural,County,56013,Census Tract 3.01; Fremont County; Wyoming,18744,8427,2.1,0.9,0.611296,0.119601,0.63289,0.443522,679,False,9.0,WY_RIVERTON-RGNL-AP,726720,43.062,-108.447,43.10087,-108.61655
Cold & Very Cold,rural,Rural,County,16019,Census Tract 9701; Bonneville County; Idaho,15589,6050,8.8,3.4,0.494186,0.307309,0.565615,0.443065,680,False,15.1,ID_IDAHO-FALLS-FANNING-FIELD,725785,43.52,-112.068,43.4932,-111.76994
Cold & Very Cold,rural,Rural,County,27119,Census Tract 204; Polk County; Minnesota,13932,6963,7.2,3.6,0.541528,0.273256,0.518272,0.442982,681,False,19.8,MN_CROOKSTON-MUNI-FLD,727452,47.842,-96.621,47.71829,-96.23621
Cold & Very Cold,rural,Rural,County,18125,Census Tract 9539; Pike County; Indiana,9257,4143,28.3,12.7,0.353821,0.58887,0.38206,0.441736,682,False,18.2,IN_HUNTINGBURG,724365,38.249,-86.954,38.38893,-87.23899
Cold & Very Cold,rural,Rural,County,39153,Census Tract 5326; Summit County; Ohio,4425,1884,122.0,51.9,0.147841,0.97093,0.17608,0.44157,683,False,13.4,OH_AKRON-FULTON-IAP,724303,41.037,-81.463,41.22095,-81.54481
Cold & Very Cold,rural,Rural,County,27043,Census Tract 4601; Faribault County; Minnesota,10629,5378,15.1,7.6,0.45598,0.42691,0.431894,0.440988,684,False,25.6,MN_FAIRMONT-MUNI(AWOS),726586,43.65,-94.417,43.69437,-93.9087
Cold & Very Cold,rural,Rural,County,19085,Census Tract 2901; Harrison County; Iowa,11386,5032,16.5,7.3,0.428571,0.449336,0.452658,0.440656,685,False,19.6,NE_TEKAMAH(ASOS),725527,41.763,-96.18,41.68918,-95.81382
Cold & Very Cold,rural,Rural,County,26053,Census Tract 9502; Gogebic County; Michigan,9368,7344,8.6,6.7,0.561462,0.302326,0.387043,0.435881,686,False,14.7,MI_GOCEBIC-IRON-CO,727445,46.533,-90.133,46.45823,-89.84458
Cold & Very Cold,rural,Rural,County,19161,Census Tract 801; Sac County; Iowa,9759,5122,17.0,8.9,0.436877,0.45598,0.397841,0.435756,687,False,17.6,IA_STORM-LAKE,725496,42.597,-95.241,42.37837,-95.06387
Cold & Very Cold,rural,Rural,County,55011,Census Tract 9601; Buffalo County; Wisconsin,10352,5170,15.6,7.8,0.44103,0.436047,0.421927,0.435465,688,False,19.8,MN_WINONA-MUNI(AWOS),726588,44.077,-91.708,44.36094,-91.76046
Cold & Very Cold,rural,Rural,County,39085,Census Tract 2052; Lake County; Ohio,4444,1708,121.9,46.9,0.131229,0.9701,0.17691,0.43397,689,False,13.8,OH_WILLOUGHBY,725244,41.684,-81.39,41.69328,-81.12372
Cold & Very Cold,rural,Rural,County,17101,Census Tract 8807; Lawrence County; Illinois,9803,3835,27.4,10.7,0.328073,0.583056,0.398671,0.431437,690,False,5.9,IL_MOUNT-CARMEL,720330,38.607,-87.727,38.69013,-87.74766
Cold & Very Cold,rural,Rural,County,19065,Census Tract 802; Fayette County; Iowa,10887,4956,15.4,7.0,0.425249,0.432724,0.442691,0.431354,691,False,14.0,IA_OELWEN,725488,42.681,-91.974,42.85699,-91.83672
Cold & Very Cold,rural,Rural,County,08051,Census Tract 9636.01; Gunnison County; Colorado,10225,9131,3.2,2.8,0.642857,0.165282,0.419435,0.431021,692,False,15.3,CO_GUNNISON-CO(AWOS),724677,38.533,-106.933,38.75258,-106.90129
Cold & Very Cold,rural,Rural,County,16079,Census Tract 9602; Shoshone County; Idaho,13580,7036,5.1,2.7,0.547342,0.23588,0.509136,0.430689,693,False,13.0,ID_MULLAN-PASS-VOR,726817,47.455,-115.671,47.44549,-115.94839
Cold & Very Cold,rural,Rural,County,56005,Census Tract 1.01; Campbell County; Wyoming,16930,7123,3.6,1.5,0.550664,0.180233,0.593854,0.429651,694,False,2.7,WY_GILLETTE-GILLETTE-C,726650,44.34,-105.542,44.30199,-105.55107
Cold & Very Cold,rural,Rural,County,17127,Census Tract 9701; Massac County; Illinois,8056,3650,34.8,15.8,0.310631,0.636213,0.334718,0.429402,695,False,4.1,IL_METROPOLIS-MUNI-AP,720170,37.186,-88.751,37.22017,-88.69023
Cold & Very Cold,rural,Rural,County,19027,Census Tract 9601; Carroll County; Iowa,10303,4604,18.4,8.2,0.392027,0.480897,0.420266,0.428779,696,False,5.2,IA_CARROLL,725468,42.046,-94.789,42.00757,-94.87603
Cold & Very Cold,rural,Rural,County,25019,Census Tract 9503.07; Nantucket County; Massachusetts,1657,4099,50.1,123.9,0.348837,0.745847,0.050664,0.428156,697,False,2.6,MA_NANTUCKET-MEM-AP,725060,41.254,-70.059,41.29033,-70.06933
Cold & Very Cold,rural,Rural,County,08047,Census Tract 138.01; Gilpin County; Colorado,5877,3706,39.2,24.7,0.320598,0.669435,0.246678,0.427907,698,False,14.5,CO_BERTHOUD-PASS,720385,39.8,-105.766,39.84762,-105.49967
Cold & Very Cold,rural,Rural,County,18161,Census Tract 9607; Union County; Indiana,7028,3250,43.6,20.2,0.271595,0.702658,0.298173,0.427783,699,False,28.5,OH_HAMILTON,725217,39.361,-84.521,39.63531,-84.91987
Cold & Very Cold,rural,Rural,County,19025,Census Tract 9501; Calhoun County; Iowa,9858,4794,17.3,8.4,0.410299,0.462625,0.401163,0.426786,700,False,25.5,IA_FORT-DODGE(AWOS),725490,42.55,-94.183,42.40961,-94.64477
Cold & Very Cold,rural,Rural,County,16047,Census Tract 9601.02; Gooding County; Idaho,11752,4615,16.2,6.3,0.393688,0.446013,0.463455,0.425955,701,False,18.8,ID_JEROME-CO,726816,42.727,-114.455,42.86095,-114.77759
Cold & Very Cold,rural,Rural,County,16021,Census Tract 9701; Boundary County; Idaho,12695,5535,10.0,4.4,0.466777,0.334718,0.493355,0.425872,702,False,7.4,ID_BOUNDARY-CO,720923,48.726,-116.295,48.82488,-116.35684
Cold & Very Cold,rural,Rural,County,08019,Census Tract 147.01; Clear Creek County; Colorado,7460,4944,19.2,12.7,0.423588,0.490033,0.311462,0.424419,703,False,10.2,CO_BERTHOUD-PASS,720385,39.8,-105.766,39.67948,-105.65549
Cold & Very Cold,rural,Rural,County,19069,Census Tract 3601; Franklin County; Iowa,9977,4657,17.1,8.0,0.400332,0.458472,0.410299,0.422674,704,False,18.4,IA_IOWA-FALLS-MUNI,722331,42.471,-93.207,42.73578,-93.23732
Cold & Very Cold,rural,Rural,County,49029,Census Tract 9701.01; Morgan County; Utah,12585,3833,20.7,6.3,0.326412,0.505814,0.489203,0.421761,705,False,20.1,UT_OGDEN-HILL-AFB,725755,41.117,-111.967,41.09145,-111.58148
Cold & Very Cold,rural,Rural,County,19107,Census Tract 801; Keokuk County; Iowa,9964,4650,17.2,8.0,0.39701,0.460963,0.408638,0.421719,706,False,16.5,IA_OSKALOOSA-MUNI,720351,41.226,-92.491,41.32958,-92.20439
Cold & Very Cold,rural,Rural,County,36087,Census Tract 116.01; Rockland County; New York,3769,1356,165.5,59.5,0.094684,0.997508,0.149502,0.421636,707,False,21.0,NJ_CALDWELL-ESSEX-CO,724094,40.876,-74.283,41.16477,-74.15598
Cold & Very Cold,rural,Rural,County,19157,Census Tract 3701; Poweshiek County; Iowa,9183,4924,16.1,8.7,0.422757,0.444352,0.377907,0.421345,708,False,12.2,IA_GRINNELL-RGNL-AP,725292,41.709,-92.735,41.69508,-92.49988
Cold & Very Cold,rural,Rural,County,56039,Census Tract 9676.01; Teton County; Wyoming,12677,7708,3.2,1.9,0.583887,0.165282,0.491694,0.418937,709,False,7.5,WY_JACKSON-HOLE,725776,43.6,-110.733,43.70786,-110.71221
Cold & Very Cold,rural,Rural,County,30089,Census Tract 1; Sanders County; Montana,12936,6789,4.7,2.5,0.533223,0.225914,0.498339,0.418688,710,False,25.9,ID_MULLAN-PASS-VOR,726817,47.455,-115.671,47.68639,-115.23278
Cold & Very Cold,rural,Rural,County,25001,Census Tract 102.08; Barnstable County; Massachusetts,2529,3705,47.8,70.1,0.319767,0.727575,0.098007,0.418148,711,False,11.2,MA_PROVINCETOWN(AWOS),725073,42.072,-70.221,41.91032,-70.2267
Cold & Very Cold,rural,Rural,County,17191,Census Tract 9549; Wayne County; Illinois,10561,4730,15.1,6.8,0.404485,0.42691,0.429402,0.417317,712,False,4.3,IL_FAIRFIELD,744656,38.379,-88.413,38.43481,-88.44723
Cold & Very Cold,rural,Rural,County,27103,Census Tract 4801; Nicollet County; Minnesota,9755,3870,22.6,9.0,0.333056,0.534053,0.39701,0.416196,713,False,14.0,MN_NEW-ULM-MUNI(AWOS),726567,44.319,-94.502,44.3467,-94.22076
Cold & Very Cold,rural,Rural,County,19197,Census Tract 6801; Wright County; Iowa,9211,4767,16.1,8.4,0.409468,0.444352,0.379568,0.415697,714,False,1.9,IA_CLARION,725458,42.742,-93.759,42.76167,-93.7323
Cold & Very Cold,rural,Rural,County,49007,Census Tract 1; Carbon County; Utah,12218,5871,8.3,4.0,0.483389,0.29402,0.475914,0.415615,715,False,5.4,UT_PRICE-CARBON-CO,724700,39.609,-110.755,39.65824,-110.67736
Cold & Very Cold,rural,Rural,County,55091,Census Tract 9501; Pepin County; Wisconsin,7372,3603,31.8,15.5,0.304817,0.616279,0.30814,0.414493,716,False,21.2,WI_MENOMONIE-AFLD,720327,44.892,-91.868,44.59211,-91.96217
Cold & Very Cold,rural,Rural,County,26003,Census Tract 1; Alger County; Michigan,8813,6205,9.6,6.8,0.502492,0.328904,0.363787,0.413995,717,False,0.2,MI_MUNISING-LAKESHORE-O,720198,46.412,-86.65,46.41035,-86.65419
Cold & Very Cold,rural,Rural,County,27055,Census Tract 202; Houston County; Minnesota,9556,4413,18.0,8.3,0.376246,0.473422,0.393688,0.413746,718,False,17.5,WI_LA-CROSSE-MUNI-AP,726430,43.879,-91.253,43.68879,-91.48408
Cold & Very Cold,rural,Rural,County,27161,Census Tract 7901; Waseca County; Minnesota,9162,3960,22.2,9.6,0.33887,0.5299,0.376246,0.413206,719,False,3.1,MN_WASECA-AP,722032,44.074,-93.553,44.05146,-93.60778
Cold & Very Cold,rural,Rural,County,56033,Census Tract 5.01; Sheridan County; Wyoming,12876,6352,5.1,2.5,0.512458,0.23588,0.496678,0.4125,720,False,5.8,WY_SHERIDAN-CO-AP,726660,44.76,-106.974,44.75825,-107.09183
Cold & Very Cold,rural,Rural,County,18009,Census Tract 9751; Blackford County; Indiana,6705,3037,41.5,18.8,0.254983,0.686047,0.283223,0.411503,721,False,17.6,IN_DELAWARE-CO-JOHNSON,725336,40.235,-85.394,40.48423,-85.32287
Cold & Very Cold,rural,Rural,County,31119,Census Tract 9611; Madison County; Nebraska,10202,4108,18.9,7.6,0.350498,0.48588,0.417774,0.411337,722,False,9.0,NE_NORFOLK-KARL-STEFAN-MEM-AP,725560,41.98,-97.434,41.91995,-97.58897
Cold & Very Cold,rural,Rural,County,31157,Census Tract 9529; Scotts Bluff County; Nebraska,10042,4749,14.6,6.9,0.406977,0.413621,0.413621,0.410631,723,False,6.6,NE_SCOTTSBLUFF-HEILIG-FIELD,725660,41.875,-103.601,41.89731,-103.72528
Cold & Very Cold,rural,Rural,County,08007,Census Tract 9404; Archuleta County; Colorado,9544,6634,7.1,4.9,0.526578,0.271595,0.392027,0.410424,724,False,4.1,CO_STEVENS-FIELD,720539,37.283,-107.05,37.23969,-107.10161
Cold & Very Cold,rural,Rural,County,18131,Census Tract 9589; Pulaski County; Indiana,8984,4096,21.4,9.8,0.347176,0.51412,0.371262,0.410424,725,False,20.0,IN_KNOX-STARKE-CO-AP,720593,41.333,-86.667,41.04402,-86.69902
Cold & Very Cold,rural,Rural,County,31151,Census Tract 9606.02; Saline County; Nebraska,10069,4161,17.8,7.3,0.356312,0.4701,0.414452,0.407766,726,False,24.0,NE_LINCOLN-MUNI-AP,725510,40.848,-96.765,40.57624,-97.05095
Cold & Very Cold,rural,Rural,County,38079,Census Tract 9418; Rolette County; North Dakota,12065,4601,13.4,5.1,0.390365,0.394518,0.468439,0.407433,727,False,9.7,ND_ROLLA-MUNI-AP,720853,48.884,-99.621,48.86219,-99.83242
Cold & Very Cold,rural,Rural,County,17149,Census Tract 9524; Pike County; Illinois,9997,5059,12.2,6.2,0.431063,0.373754,0.41196,0.407184,728,False,7.4,IL_PITTSFIELD,744663,39.639,-90.778,39.641,-90.91709
Cold & Very Cold,rural,Rural,County,19123,Census Tract 9501; Mahaska County; Iowa,9840,4240,17.7,7.6,0.362126,0.468439,0.400332,0.406977,729,False,11.1,IA_OSKALOOSA-MUNI,720351,41.226,-92.491,41.32974,-92.65333
Cold & Very Cold,rural,Rural,County,16005,Census Tract 2; Bannock County; Idaho,11835,4835,11.2,4.6,0.416113,0.354651,0.465947,0.404568,730,False,23.5,ID_POCATELLO-RGNL-AP,725780,42.92,-112.572,42.69751,-112.22177
Cold & Very Cold,rural,Rural,County,31013,Census Tract 9511; Box Butte County; Nebraska,10754,5222,10.0,4.9,0.442691,0.334718,0.439369,0.404236,731,False,5.4,NE_ALLIANCE-MUNI-AP,725635,42.057,-102.802,42.12758,-102.84868
Cold & Very Cold,rural,Rural,County,25017,Census Tract 3001; Middlesex County; Massachusetts,3188,1308,123.8,50.8,0.086379,0.972591,0.122924,0.403862,732,False,9.2,MA_FITCHBURG-MUNI,725107,42.555,-71.757,42.67629,-71.83252
Cold & Very Cold,rural,Rural,County,27149,Census Tract 4801; Stevens County; Minnesota,9686,4201,17.2,7.5,0.359635,0.460963,0.396179,0.402409,733,False,1.7,MN_MORRIS-MUNI(AWOS),726565,45.566,-95.968,45.57281,-95.93348
Cold & Very Cold,rural,Rural,County,30043,Census Tract 9622.01; Jefferson County; Montana,12501,5388,7.5,3.3,0.456811,0.280731,0.487542,0.401329,734,False,24.5,MT_HELENA-RGNL-AP,727720,46.604,-111.989,46.25395,-112.06774
Cold & Very Cold,rural,Rural,County,08089,Census Tract 9680; Otero County; Colorado,11275,5268,9.0,4.2,0.448505,0.311462,0.448505,0.40054,735,False,9.6,CO_LA-JUNTA-MUNI-AP,724635,38.049,-103.513,38.01375,-103.68354
Cold & Very Cold,rural,Rural,County,31081,Census Tract 9691; Hamilton County; Nebraska,9438,4122,17.4,7.6,0.35299,0.465947,0.389535,0.399834,736,False,2.1,NE_AURORA,725513,40.893,-97.997,40.86769,-98.01815
Cold & Very Cold,rural,Rural,County,17039,Census Tract 9714; De Witt County; Illinois,8425,3835,21.5,9.8,0.328073,0.517442,0.348837,0.398505,737,False,21.3,IL_CENTRAL-ILLINOIS-RG,724397,40.483,-88.95,40.179,-88.88334
Cold & Very Cold,rural,Rural,County,18007,Census Tract 1001; Benton County; Indiana,8708,3778,21.4,9.3,0.324751,0.51412,0.359635,0.398007,738,False,23.3,IN_LAFAYETTE-PURDUE-UNIV-AP,724386,40.412,-86.947,40.62073,-87.29528
Cold & Very Cold,rural,Rural,County,16009,Census Tract 9400; Benewah County; Idaho,9913,4706,12.8,6.1,0.402824,0.384551,0.403654,0.396594,739,False,38.5,ID_COEUR-D-ALENE(AWOS),727834,47.767,-116.817,47.2195,-116.66411
Cold & Very Cold,rural,Rural,County,19179,Census Tract 9601; Wapello County; Iowa,8641,3686,21.7,9.3,0.317276,0.520764,0.356312,0.396304,740,False,6.7,IA_OTTUMWA-INDUSTRIAL-AP,725465,41.101,-92.445,41.01606,-92.38446
Cold & Very Cold,rural,Rural,County,46035,Census Tract 9626; Davison County; South Dakota,8372,3903,20.4,9.5,0.334718,0.500831,0.346346,0.395183,741,False,2.6,SD_MITCHELL-MUNI,726545,43.774,-98.038,43.73821,-98.05579
Cold & Very Cold,rural,Rural,County,08071,Census Tract 1; Las Animas County; Colorado,12183,7058,2.6,1.5,0.549834,0.146179,0.474252,0.393438,742,False,10.4,CO_TRINIDAD-LAS-ANIMAS-CO-AP,724645,37.262,-104.332,37.214,-104.51061
Cold & Very Cold,rural,Rural,County,49045,Census Tract 1306; Tooele County; Utah,18022,5883,2.6,0.8,0.484219,0.146179,0.61711,0.392483,743,False,12.2,UT_BOLINDER-FIELD-TOOELE-VALL,720572,40.612,-112.351,40.48639,-112.51304
Cold & Very Cold,rural,Rural,County,27091,Census Tract 7901; Martin County; Minnesota,9438,4557,13.7,6.6,0.386213,0.400332,0.389535,0.391819,744,False,7.7,MN_FAIRMONT-MUNI(AWOS),726586,43.65,-94.417,43.68898,-94.56221
Cold & Very Cold,rural,Rural,County,08113,Census Tract 9681.01; San Miguel County; Colorado,8026,6606,6.2,5.1,0.525748,0.253322,0.332226,0.391695,745,False,5.9,CO_TELLURIDE-RGNL-AP,724627,37.95,-107.9,37.93598,-108.0061
Cold & Very Cold,rural,Rural,County,27023,Census Tract 9503; Chippewa County; Minnesota,9166,4171,15.9,7.2,0.357973,0.44103,0.377076,0.390864,746,False,6.1,MN_MONTEVIDEO(AWOS),726553,44.969,-95.71,44.98662,-95.58723
Cold & Very Cold,rural,Rural,County,46093,Census Tract 203.02; Meade County; South Dakota,14071,5772,4.1,1.7,0.475914,0.202658,0.520764,0.389244,747,False,21.6,SD_ELLSWORTH-AFB,726625,44.15,-103.1,44.46022,-103.04546
Cold & Very Cold,rural,Rural,County,56041,Census Tract 9752.01; Uinta County; Wyoming,12326,5377,6.0,2.6,0.45515,0.250831,0.479236,0.388456,748,False,13.4,WY_FORT-BRIDGER-AP,720518,41.393,-110.406,41.31845,-110.64412
Cold & Very Cold,rural,Rural,County,31039,Census Tract 9727; Cuming County; Nebraska,8976,4150,15.7,7.3,0.354651,0.439369,0.370432,0.387459,749,False,27.8,NE_WAYNE-MUNI-AP,722241,42.242,-96.983,41.88357,-96.73467
Cold & Very Cold,rural,Rural,County,19073,Census Tract 801; Greene County; Iowa,8722,4316,15.3,7.6,0.365449,0.431063,0.360465,0.387417,750,False,17.8,IA_PERRY-MUNI-AP,720412,41.828,-94.16,42.02642,-94.38077
Cold & Very Cold,rural,Rural,County,19141,Census Tract 4901; O'Brien County; Iowa,8871,4168,15.7,7.4,0.357143,0.439369,0.364618,0.387417,751,False,13.3,IA_SHELDON,725495,43.208,-95.833,43.07626,-95.64128
Cold & Very Cold,rural,Rural,County,46013,Census Tract 9517; Brown County; South Dakota,11488,5263,7.0,3.2,0.447674,0.269103,0.45598,0.386835,752,False,3.6,SD_ABERDEEN-RGNL-AP,726590,45.444,-98.414,45.49537,-98.40914
Cold & Very Cold,rural,Rural,County,19029,Census Tract 1901; Cass County; Iowa,8708,4221,15.6,7.6,0.360465,0.436047,0.359635,0.386753,753,False,5.7,IA_ATLANTIC,725453,41.407,-95.047,41.34369,-94.97773
Cold & Very Cold,rural,Rural,County,31141,Census Tract 9651; Platte County; Nebraska,9945,3923,15.7,6.2,0.336379,0.439369,0.406977,0.386545,754,False,10.3,NE_COLUMBUS-MUNI,725565,41.448,-97.343,41.53378,-97.50682
Cold & Very Cold,rural,Rural,County,17155,Census Tract 9545; Putnam County; Illinois,5600,3069,35.0,19.2,0.258306,0.637874,0.23505,0.386504,755,False,10.9,IL_PERU-AP,722149,41.352,-89.153,41.21908,-89.26629
Cold & Very Cold,rural,Rural,County,17017,Census Tract 9601; Cass County; Illinois,7699,3719,20.6,10.0,0.321429,0.504153,0.32392,0.385881,756,False,13.2,IL_JACKSONVILLE,744666,39.78,-90.238,39.9711,-90.2467
Cold & Very Cold,rural,Rural,County,27173,Census Tract 9701; Yellow Medicine County; Minnesota,9509,4512,12.5,5.9,0.38206,0.377907,0.391196,0.382434,757,False,15.4,MN_GRANITE-FALLS,722033,44.753,-95.556,44.73241,-95.8692
Cold & Very Cold,rural,Rural,County,46109,Census Tract 9404; Roberts County; South Dakota,10219,4823,9.3,4.4,0.413621,0.321429,0.418605,0.382351,758,False,4.5,SD_SISSETON-MUNI-AP,726519,45.669,-96.992,45.60673,-96.96452
Cold & Very Cold,rural,Rural,County,31043,Census Tract 103; Dakota County; Nebraska,7662,2893,29.6,11.2,0.238372,0.601329,0.321429,0.382018,759,False,6.6,IA_SIOUX-CITY-SIOUX-GATEWAY-A,725570,42.392,-96.379,42.42048,-96.5028
Cold & Very Cold,rural,Rural,County,17193,Census Tract 9582; White County; Illinois,8285,4013,17.0,8.2,0.341362,0.45598,0.341362,0.381478,760,False,3.5,IL_CARMI-MUNI-AP,722074,38.089,-88.123,38.08696,-88.1873
Cold & Very Cold,rural,Rural,County,27127,Census Tract 7501; Redwood County; Minnesota,9985,4496,11.6,5.2,0.380399,0.362957,0.41113,0.38044,761,False,13.8,MN_REDWOOD-FALLS-MUNI,726556,44.548,-95.08,44.38929,-95.25073
Cold & Very Cold,rural,Rural,County,19051,Census Tract 801; Davis County; Iowa,9127,3602,18.2,7.2,0.303987,0.475083,0.375415,0.378156,762,False,24.5,IA_OTTUMWA-INDUSTRIAL-AP,725465,41.101,-92.445,40.74731,-92.42432
Cold & Very Cold,rural,Rural,County,27083,Census Tract 3601; Lyon County; Minnesota,9554,4082,13.8,5.9,0.345515,0.401993,0.392857,0.374751,763,False,1.5,MN_SW-MINNESOTA-RGNL-AP,726559,44.45,-95.817,44.44937,-95.84753
Cold & Very Cold,rural,Rural,County,19021,Census Tract 9601; Buena Vista County; Iowa,8906,3721,16.2,6.8,0.322259,0.446013,0.366279,0.374377,764,False,8.8,IA_STORM-LAKE,725496,42.597,-95.241,42.71679,-95.1848
Cold & Very Cold,rural,Rural,County,19129,Census Tract 401; Mills County; Iowa,8450,3454,19.8,8.1,0.290698,0.494186,0.350498,0.373879,765,False,15.5,NE_BELLEVUE-OFFUTT-AFB,725540,41.117,-95.917,41.05413,-95.6315
Cold & Very Cold,rural,Rural,County,26013,Census Tract 1; Baraga County; Michigan,8249,5071,9.2,5.6,0.431894,0.318106,0.339701,0.37363,766,False,34.7,MI_HANCOCK-HOUGHTON-CO-AP,727440,47.166,-88.481,46.67078,-88.36401
Cold & Very Cold,rural,Rural,County,38055,Census Tract 9401; McLean County; North Dakota,9807,5794,4.6,2.7,0.478405,0.223422,0.399502,0.37338,767,False,12.6,ND_GARRISON,727677,47.646,-101.441,47.56336,-101.19907
Cold & Very Cold,rural,Rural,County,56029,Census Tract 9651; Park County; Wyoming,12921,6662,1.9,1.0,0.528239,0.10299,0.497508,0.373256,768,False,11.9,WY_CODY-MUNI(AWOS),726700,44.517,-109.017,44.55634,-109.25194
Cold & Very Cold,rural,Rural,County,27121,Census Tract 9701; Pope County; Minnesota,8011,4613,12.1,7.0,0.392857,0.372093,0.330565,0.373131,769,False,6.5,MN_GLENWOOD(ASOS),726547,45.644,-95.32,45.61376,-95.44774
Cold & Very Cold,rural,Rural,County,17025,Census Tract 9719; Clay County; Illinois,8140,3632,17.9,8.0,0.30814,0.471761,0.337209,0.371221,770,False,5.3,IL_FLORA,744658,38.665,-88.453,38.7363,-88.49138
Cold & Very Cold,rural,Rural,County,19037,Census Tract 701; Chickasaw County; Iowa,8042,3744,16.4,7.6,0.32309,0.448505,0.333056,0.368978,771,False,15.0,IA_CHARLES-CITY,725463,43.073,-92.611,43.03452,-92.3193
Cold & Very Cold,rural,Rural,County,49013,Census Tract 9403; Duchesne County; Utah,11335,5820,3.5,1.8,0.480897,0.17608,0.450166,0.368065,772,False,43.0,UT_VERNAL-AP,725705,40.443,-109.513,40.29012,-110.30437
Cold & Very Cold,rural,Rural,County,31023,Census Tract 9676; Butler County; Nebraska,8413,4031,14.4,6.9,0.342193,0.410299,0.348007,0.367193,773,False,17.9,NE_COLUMBUS-MUNI,725565,41.448,-97.343,41.24825,-97.1221
Cold & Very Cold,rural,Rural,County,19135,Census Tract 701; Monroe County; Iowa,7546,3648,17.4,8.4,0.309801,0.465947,0.316445,0.365781,774,False,18.7,IA_OTTUMWA-INDUSTRIAL-AP,725465,41.101,-92.445,41.04079,-92.79526
Cold & Very Cold,rural,Rural,County,46125,Census Tract 9651; Turner County; South Dakota,8772,3899,14.2,6.3,0.333887,0.407807,0.362126,0.365407,775,False,26.8,SD_SIOUX-FALLS-FOSS-FIELD,726510,43.578,-96.754,43.31847,-97.15028
Cold & Very Cold,rural,Rural,County,31147,Census Tract 9645; Richardson County; Nebraska,7797,4084,14.1,7.4,0.346346,0.406977,0.326412,0.36358,776,False,4.2,NE_FALLS-CITY-BRENNER,725533,40.079,-95.589,40.08765,-95.66808
Cold & Very Cold,rural,Rural,County,36041,Census Tract 9501; Hamilton County; New York,5102,7893,3.0,4.6,0.591362,0.158638,0.206811,0.362998,777,False,46.1,NY_FLOYD-BENNETT-MEM-AP,725220,43.338,-73.61,43.62718,-74.43808
Cold & Very Cold,rural,Rural,County,19195,Census Tract 6901; Worth County; Iowa,7380,3487,18.4,8.7,0.29485,0.480897,0.30897,0.36279,778,False,17.3,IA_MASON-CITY-MUNI-AP,725485,43.154,-93.326,43.39086,-93.21691
Cold & Very Cold,rural,Rural,County,56003,Census Tract 9626; Big Horn County; Wyoming,11737,5370,3.7,1.7,0.454319,0.186047,0.462625,0.362085,779,False,9.3,WY_SOUTH-BIG-HORN-CO,726667,44.517,-108.075,44.64954,-108.11078
Cold & Very Cold,rural,Rural,County,16087,Census Tract 9701; Washington County; Idaho,10866,4586,7.5,3.2,0.389535,0.280731,0.44186,0.361919,780,False,25.0,OR_ONTARIO-MUNI-AP,726837,44.014,-117.008,44.36732,-116.89764
Cold & Very Cold,rural,Rural,County,27101,Census Tract 9001; Murray County; Minnesota,8119,4401,11.5,6.2,0.374585,0.359635,0.336379,0.361711,781,False,1.9,MN_SLAYTON-MUNI-AP,720368,43.987,-95.783,43.9945,-95.74613
Cold & Very Cold,rural,Rural,County,39061,Census Tract 249.01; Hamilton County; Ohio,810,473,132.1,77.1,0.024917,0.980066,0.027409,0.359718,782,False,4.3,OH_CINCINNATI-MUNI-AP-LUNKI,724297,39.106,-84.416,39.13224,-84.34327
Cold & Very Cold,rural,Rural,County,17061,Census Tract 9736; Greene County; Illinois,7821,3861,14.6,7.2,0.331395,0.413621,0.327243,0.359344,783,False,29.0,IL_JACKSONVILLE,744666,39.78,-90.238,39.36956,-90.34892
Cold & Very Cold,rural,Rural,County,38061,Census Tract 9403; Mountrail County; North Dakota,9567,5073,5.2,2.8,0.433555,0.237542,0.394518,0.357143,784,False,10.5,ND_HOTEL-PARSHALL,721018,47.974,-102.223,48.0892,-102.37091
Cold & Very Cold,rural,Rural,County,02050,Census Tract 1; Bethel Census Area; Alaska,18487,6009,0.5,0.1,0.491694,0.025748,0.627076,0.355689,785,False,1711.7,WA_QUILLAYUTE-STATE-AP,727970,47.937,-124.558,60.62188,-161.97392
Cold & Very Cold,rural,Rural,County,26163,Census Tract 5245; Wayne County; Michigan,3778,1489,57.8,22.8,0.108804,0.789867,0.150332,0.355482,786,False,7.8,MI_DETROIT-WILLOW-RUN-AP,725376,42.237,-83.526,42.13875,-83.44937
Cold & Very Cold,rural,Rural,County,19067,Census Tract 4801; Floyd County; Iowa,7722,3526,15.9,7.3,0.300664,0.44103,0.324751,0.354609,787,False,9.7,IA_CHARLES-CITY,725463,43.073,-92.611,43.07213,-92.80345
Cold & Very Cold,rural,Rural,County,30057,Census Tract 1.01; Madison County; Montana,8975,6405,2.5,1.8,0.51495,0.138704,0.369601,0.354194,788,False,31.9,MT_DILLON-AP,727700,45.258,-112.555,45.32997,-111.90634
Cold & Very Cold,rural,Rural,County,31131,Census Tract 9666; Otoe County; Nebraska,8366,3674,14.1,6.2,0.316445,0.406977,0.345515,0.353945,789,False,16.7,NE_NEBRASKA-CITY,725541,40.606,-95.864,40.65131,-96.17592
Cold & Very Cold,rural,Rural,County,17125,Census Tract 9563; Mason County; Illinois,7499,3853,14.1,7.2,0.330565,0.406977,0.313123,0.353821,790,False,28.6,IL_GREATER-PEORIA-AP,725320,40.667,-89.684,40.2836,-89.89109
Cold & Very Cold,rural,Rural,County,46033,Census Tract 9651; Custer County; South Dakota,8686,5126,5.6,3.3,0.437708,0.243355,0.357973,0.353737,791,False,5.9,SD_CUSTER(RAMOS),726514,43.733,-103.615,43.70956,-103.5022
Cold & Very Cold,rural,Rural,County,49037,Census Tract 9420; San Juan County; Utah,14466,5612,1.8,0.7,0.47093,0.099668,0.533223,0.353447,792,False,63.8,CO_CORTEZ-MONTEZUMA-CO,724767,37.307,-108.626,37.56164,-109.7436
Cold & Very Cold,rural,Rural,County,16015,Census Tract 9502.01; Boise County; Idaho,8045,5592,4.2,2.9,0.468439,0.210963,0.333887,0.351412,793,False,31.4,ID_BOISE-AIR-TERMINAL,726810,43.567,-116.241,43.90152,-115.81426
Cold & Very Cold,rural,Rural,County,46029,Census Tract 9541; Codington County; South Dakota,8665,3691,13.0,5.5,0.318106,0.388704,0.357143,0.350623,794,False,2.7,SD_WATERTOWN-MUNI-AP,726546,44.905,-97.15,44.94309,-97.14261
Cold & Very Cold,rural,Rural,County,50009,Census Tract 9501; Essex County; Vermont,5972,4914,9.0,7.4,0.421927,0.311462,0.252492,0.349377,795,False,14.2,VT_CALEDONIA-COUNTY-AP,720492,44.567,-72.017,44.67449,-71.77098
Cold & Very Cold,rural,Rural,County,38057,Census Tract 9616; Mercer County; North Dakota,8341,4657,8.0,4.5,0.400332,0.287375,0.343023,0.349335,796,False,8.3,ND_MERCER-CO-RGNL-AP,720866,47.29,-101.581,47.29936,-101.75729
Cold & Very Cold,rural,Rural,County,17159,Census Tract 9779; Richland County; Illinois,6783,3212,19.2,9.1,0.266611,0.490033,0.287375,0.348961,797,False,4.6,IL_OLNEY-NOBLE,744659,38.722,-88.176,38.7195,-88.09001
Cold & Very Cold,rural,Rural,County,19053,Census Tract 9601; Decatur County; Iowa,7669,3651,14.4,6.9,0.311462,0.410299,0.322259,0.348214,798,False,9.1,IA_LAMONI-MUNI-AP,725499,40.631,-93.9,40.74371,-93.81185
Cold & Very Cold,rural,Rural,County,19109,Census Tract 9501; Kossuth County; Iowa,8767,4317,9.1,4.5,0.366279,0.315615,0.361296,0.34755,799,False,7.6,IA_ALGONA,725457,43.078,-94.272,43.18298,-94.22438
Cold & Very Cold,rural,Rural,County,31047,Census Tract 9680; Dawson County; Nebraska,9047,4234,9.1,4.3,0.361296,0.315615,0.372093,0.347467,800,False,12.3,NE_LEXINGTON-JIM-KELLY-FLD,725624,40.789,-99.771,40.8974,-99.95717
Cold & Very Cold,rural,Rural,County,19041,Census Tract 801; Clay County; Iowa,7615,3702,13.7,6.6,0.318937,0.400332,0.318937,0.347425,801,False,5.2,IA_SPENCER,726500,43.168,-95.21,43.09642,-95.17599
Cold & Very Cold,rural,Rural,County,27029,Census Tract 1; Clearwater County; Minnesota,8579,4449,8.6,4.5,0.378738,0.302326,0.354651,0.347176,802,False,17.2,MN_FOSSTON(AWOS),727505,47.593,-95.775,47.57567,-95.40674
Cold & Very Cold,rural,Rural,County,31089,Census Tract 9740; Holt County; Nebraska,10093,4905,4.2,2.0,0.421096,0.210963,0.415282,0.346387,803,False,3.5,NE_ONEILL-BAKER-FIELD,725566,42.47,-98.688,42.46385,-98.75586
Cold & Very Cold,rural,Rural,County,31127,Census Tract 9681; Nemaha County; Nebraska,7035,3317,17.3,8.1,0.275748,0.462625,0.299834,0.345972,804,False,15.1,NE_NEBRASKA-CITY,725541,40.606,-95.864,40.39026,-95.82047
Cold & Very Cold,rural,Rural,County,31027,Census Tract 9771; Cedar County; Nebraska,8344,3904,11.3,5.3,0.335548,0.356312,0.343854,0.344477,805,False,19.2,SD_CHAN-GURNEY-MUNI,726525,42.879,-97.364,42.6126,-97.25845
Cold & Very Cold,rural,Rural,County,38105,Census Tract 9534; Williams County; North Dakota,9121,4952,4.5,2.4,0.424419,0.221761,0.374585,0.343522,806,False,26.7,ND_TIOGA-MUNI-AP,720863,48.381,-102.898,48.33326,-103.47451
Cold & Very Cold,rural,Rural,County,18097,Census Tract 3101.13; Marion County; Indiana,1036,372,100.0,35.9,0.018272,0.936877,0.036545,0.343438,807,False,3.9,IN_EAGLE-CREEK,724384,39.825,-86.296,39.88042,-86.31411
Cold & Very Cold,rural,Rural,County,31111,Census Tract 9597; Lincoln County; Nebraska,10412,4830,4.1,1.9,0.415282,0.202658,0.424419,0.342691,808,False,9.5,NE_NORTH-PLATTE-RGNL-AP,725620,41.122,-100.669,41.064,-100.83529
Cold & Very Cold,rural,Rural,County,19177,Census Tract 9501; Van Buren County; Iowa,7236,3506,14.9,7.2,0.297342,0.421096,0.305648,0.342317,809,False,19.9,IA_FAIRFIELD-MUNI-AP,726498,41.053,-91.979,40.76624,-91.94409
Cold & Very Cold,rural,Rural,County,17153,Census Tract 9710; Pulaski County; Illinois,5074,2845,25.5,14.3,0.229236,0.564784,0.20598,0.342027,810,False,12.2,IL_CAIRO,724975,37.064,-89.219,37.22469,-89.12938
Cold & Very Cold,rural,Rural,County,46135,Census Tract 9663.01; Yankton County; South Dakota,7693,3323,15.5,6.7,0.276578,0.434385,0.32309,0.341113,811,False,6.5,SD_CHAN-GURNEY-MUNI,726525,42.879,-97.364,42.95902,-97.42967
Cold & Very Cold,rural,Rural,County,30083,Census Tract 701; Richland County; Montana,9449,4812,4.5,2.3,0.41196,0.221761,0.390365,0.341071,812,False,6.5,MT_SIDNEY-RICHLAND-MUNI,727687,47.717,-104.183,47.75469,-104.3122
Cold & Very Cold,rural,Rural,County,19093,Census Tract 901; Ida County; Iowa,6944,3365,16.1,7.8,0.2799,0.444352,0.291528,0.339784,813,False,22.0,IA_STORM-LAKE,725496,42.597,-95.241,42.37568,-95.55259
Cold & Very Cold,rural,Rural,County,31107,Census Tract 9762; Knox County; Nebraska,8362,4527,7.5,4.1,0.38289,0.280731,0.344684,0.339493,814,False,30.5,SD_CHAN-GURNEY-MUNI,726525,42.879,-97.364,42.62249,-97.85245
Cold & Very Cold,rural,Rural,County,19189,Census Tract 6801; Winnebago County; Iowa,6609,3344,16.8,8.5,0.278239,0.452658,0.27907,0.339452,815,False,10.7,IA_FOREST-CITY-MUNI-AP,720643,43.235,-93.624,43.38309,-93.6831
Cold & Very Cold,rural,Rural,County,18163,Census Tract 104.06; Vanderburgh County; Indiana,3544,1735,46.2,22.6,0.133721,0.715116,0.137043,0.337874,816,False,7.9,IN_EVANSVILLE-RGNL-AP,724320,38.05,-87.515,38.00421,-87.64802
Cold & Very Cold,rural,Rural,County,31079,Census Tract 1; Hall County; Nebraska,7769,3218,15.5,6.4,0.268272,0.434385,0.325581,0.337873,817,False,12.1,NE_GRAND-IS-CENTRAL-NE-RGNL-A,725520,40.961,-98.313,40.84824,-98.49134
Cold & Very Cold,rural,Rural,County,27031,Census Tract 4801.01; Cook County; Minnesota,5633,6024,3.9,4.1,0.493355,0.193522,0.237542,0.337251,818,False,2.8,MN_GRAND-MARAIS-MUNI,727454,47.838,-90.383,47.86621,-90.42705
Cold & Very Cold,rural,Rural,County,17071,Census Tract 9733; Henderson County; Illinois,6284,3374,16.6,8.9,0.280731,0.450166,0.263289,0.336545,819,False,11.9,IA_SE-IOWA-RGNL-AP,725420,40.773,-91.125,40.83773,-90.91419
Cold & Very Cold,rural,Rural,County,30095,Census Tract 9664; Stillwater County; Montana,9052,4657,5.0,2.6,0.400332,0.233389,0.372924,0.33642,820,False,41.6,MT_BILLINGS-LOGAN-IAP,726770,45.807,-108.546,45.64984,-109.37882
Cold & Very Cold,rural,Rural,County,19001,Census Tract 9601; Adair County; Iowa,7471,3595,13.1,6.3,0.303156,0.390365,0.312292,0.335506,821,False,23.2,IA_CRESTON,725474,41.007,-94.363,41.32985,-94.48515
Cold & Very Cold,rural,Rural,County,17187,Census Tract 8701; Warren County; Illinois,7209,3512,13.6,6.6,0.298173,0.397841,0.304817,0.334386,822,False,11.0,IL_GALESBURG-AP,722089,40.933,-90.433,40.86412,-90.62347
Cold & Very Cold,rural,Rural,County,49025,Census Tract 1301; Kane County; Utah,7996,6264,2.0,1.6,0.505814,0.113787,0.329734,0.333389,823,False,16.7,UT_KANAB-MUNI,720569,37.011,-112.531,37.1631,-112.29489
Cold & Very Cold,rural,Rural,County,17045,Census Tract 701; Edgar County; Illinois,7619,3488,12.9,5.9,0.295681,0.386213,0.319767,0.332184,824,False,3.6,IL_PARIS-AP,722172,39.7,-87.669,39.66487,-87.71836
Cold & Very Cold,rural,Rural,County,18043,Census Tract 712; Floyd County; Indiana,2112,916,69.7,30.2,0.050664,0.840532,0.074751,0.331935,825,False,10.2,KY_LOUISVILLE-STANDIFORD-FIEL,724230,38.177,-85.731,38.23426,-85.90406
Cold & Very Cold,rural,Rural,County,19151,Census Tract 7801; Pocahontas County; Iowa,7040,3658,12.2,6.3,0.312292,0.373754,0.300664,0.331478,826,False,29.0,IA_FORT-DODGE(AWOS),725490,42.55,-94.183,42.76419,-94.67416
Cold & Very Cold,rural,Rural,County,55037,Census Tract 1901.01; Florence County; Wisconsin,4617,4659,9.5,9.5,0.401163,0.326412,0.181894,0.331146,827,False,12.0,MI_IRON-MOUNTAIN-FORD,727437,45.813,-88.113,45.84836,-88.35801
Cold & Very Cold,rural,Rural,County,17003,Census Tract 9576; Alexander County; Illinois,5042,2964,21.4,12.6,0.245017,0.51412,0.202658,0.330731,828,False,7.2,IL_CAIRO,724975,37.064,-89.219,37.15085,-89.29131
Cold & Very Cold,rural,Rural,County,18171,Census Tract 9510.01; Warren County; Indiana,6639,2881,18.4,8.0,0.234219,0.480897,0.2799,0.329693,829,False,16.8,IL_VERMILION-CO,722076,40.2,-87.6,40.35118,-87.34964
Cold & Very Cold,rural,Rural,County,27075,Census Tract 3701.01; Lake County; Minnesota,7115,5503,3.4,2.6,0.465116,0.170266,0.301495,0.329194,830,False,26.4,MN_TWO-HARBORS,727444,47.049,-91.745,47.3958,-91.50894
Cold & Very Cold,rural,Rural,County,49027,Census Tract 9741; Millard County; Utah,13179,4990,1.9,0.7,0.42691,0.10299,0.502492,0.328654,831,False,52.3,UT_MILFORD-MUNI-AP,724750,38.423,-113.011,39.14804,-112.73331
Cold & Very Cold,rural,Rural,County,26131,Census Tract 9701; Ontonagon County; Michigan,5870,5256,4.5,4.0,0.445183,0.221761,0.245847,0.327118,832,False,38.2,WI_LAND-O-LAKES,723123,46.15,-89.217,46.70033,-89.28887
Cold & Very Cold,rural,Rural,County,27089,Census Tract 801; Marshall County; Minnesota,8961,4416,5.0,2.5,0.377907,0.233389,0.36794,0.325332,833,False,24.4,MN_THIEF-RIVER-FALLS-RE,727555,48.067,-96.183,48.33713,-96.5248
Cold & Very Cold,rural,Rural,County,46102,Census Tract 9410; Oglala Lakota County; South Dakota,13587,3461,6.5,1.7,0.292359,0.261628,0.509967,0.325125,834,False,15.9,SD_PINE-RIDGE,726517,43.026,-102.52,43.25655,-102.52656
Cold & Very Cold,rural,Rural,County,30003,Census Tract 1; Big Horn County; Montana,12963,4533,2.6,0.9,0.384551,0.146179,0.499169,0.324044,835,False,57.6,MT_BILLINGS-LOGAN-IAP,726770,45.807,-108.546,45.54403,-107.41293
Cold & Very Cold,rural,Rural,County,18101,Census Tract 9501; Martin County; Indiana,5955,2879,18.4,8.9,0.233389,0.480897,0.250831,0.323505,836,False,17.8,IN_DAVIESS-CO,720903,38.7,-87.13,38.6847,-86.80002
Cold & Very Cold,rural,Rural,County,30067,Census Tract 1; Park County; Montana,8483,5133,3.0,1.8,0.438538,0.158638,0.35299,0.323463,837,False,13.8,MT_LIVINGSTON-MISSION-FLD,726798,45.698,-110.442,45.50895,-110.536
Cold & Very Cold,rural,Rural,County,46023,Census Tract 9402; Charles Mix County; South Dakota,9281,3664,8.5,3.3,0.313953,0.297342,0.383721,0.322093,838,False,48.2,SD_MITCHELL-MUNI,726545,43.774,-98.038,43.16544,-98.50981
Cold & Very Cold,rural,Rural,County,31101,Census Tract 2; Keith County; Nebraska,6783,4558,6.4,4.3,0.387043,0.258306,0.287375,0.322051,839,False,5.3,NE_OGALLA-SEARLE-FLD,725621,41.119,-101.768,41.17039,-101.69301
Cold & Very Cold,rural,Rural,County,31021,Census Tract 9632; Burt County; Nebraska,6730,3338,13.7,6.8,0.277409,0.400332,0.284884,0.321927,840,False,9.8,NE_TEKAMAH(ASOS),725527,41.763,-96.18,41.84222,-96.33705
Cold & Very Cold,rural,Rural,County,56031,Census Tract 9591; Platte County; Wyoming,8606,4656,4.1,2.2,0.397841,0.202658,0.355482,0.321055,841,False,6.9,WY_PHIFER-AFLD,720684,42.05,-104.933,42.1113,-105.03866
Cold & Very Cold,rural,Rural,County,08125,Census Tract 9631; Yuma County; Colorado,9921,4324,4.2,1.8,0.36711,0.210963,0.405316,0.3201,842,False,38.5,KS_CHEYENNE-CO-MUNI-S,720437,39.767,-101.8,39.98892,-102.46541
Cold & Very Cold,rural,Rural,County,30085,Census Tract 801; Roosevelt County; Montana,10665,4058,4.5,1.7,0.343854,0.221761,0.435216,0.319394,843,False,23.4,MT_WOLF-POINT-IAP,727686,48.094,-105.578,48.30114,-105.17735
Cold & Very Cold,rural,Rural,County,27105,Census Tract 1051; Nobles County; Minnesota,7916,3378,11.4,4.9,0.282392,0.358804,0.328904,0.318439,844,False,9.6,MN_WORTHINGTON(AWOS),726587,43.645,-95.58,43.67276,-95.76781
Cold & Very Cold,rural,Rural,County,08055,Census Tract 9606; Huerfano County; Colorado,6946,4750,4.4,3.0,0.408638,0.216777,0.292359,0.318231,845,False,6.8,CO_SPANISH-PEAKS,720844,37.697,-104.785,37.62247,-104.86589
Cold & Very Cold,rural,Rural,County,46051,Census Tract 9531; Grant County; South Dakota,7544,3441,11.1,5.0,0.289867,0.350498,0.315615,0.316237,846,False,15.5,MN_ORTONVILLE,727515,45.306,-96.424,45.23879,-96.72729
Cold & Very Cold,rural,Rural,County,19079,Census Tract 9601; Hamilton County; Iowa,7018,3294,12.6,5.9,0.274917,0.380399,0.296512,0.316155,847,False,10.3,IA_WEBSTER-CITY-MUNI,725478,42.436,-93.869,42.35993,-93.69647
Cold & Very Cold,rural,Rural,County,19131,Census Tract 5601; Mitchell County; Iowa,6885,2967,14.9,6.4,0.245847,0.421096,0.289867,0.315988,848,False,21.9,IA_CHARLES-CITY,725463,43.073,-92.611,43.35499,-92.8117
Cold & Very Cold,rural,Rural,County,56025,Census Tract 14.01; Natrona County; Wyoming,10741,4844,2.0,0.9,0.416944,0.113787,0.437708,0.314992,849,False,8.0,WY_CASPER-NATRONA-CO-IAP,725690,42.898,-106.474,43.00347,-106.5393
Cold & Very Cold,rural,Rural,County,56015,Census Tract 9577; Goshen County; Wyoming,9282,4306,4.2,1.9,0.364618,0.210963,0.384551,0.314825,850,False,3.9,WY_TORRINGTON-MUNI-AP,725763,42.061,-104.158,42.05181,-104.23233
Cold & Very Cold,rural,Rural,County,19117,Census Tract 9501; Lucas County; Iowa,6305,3029,14.8,7.1,0.254153,0.419435,0.266611,0.314493,851,False,2.2,IA_CHARITON,725469,41.019,-93.359,41.03529,-93.32273
Cold & Very Cold,rural,Rural,County,19047,Census Tract 701; Crawford County; Iowa,7543,3432,10.9,5.0,0.288206,0.347176,0.314784,0.314161,852,False,3.8,IA_DENISON-MUNI-AP,725477,41.986,-95.381,42.04117,-95.37999
Cold & Very Cold,rural,Rural,County,31139,Census Tract 9791; Pierce County; Nebraska,7312,3137,12.8,5.5,0.262458,0.384551,0.306478,0.313995,853,False,20.7,NE_NORFOLK-KARL-STEFAN-MEM-AP,725560,41.98,-97.434,42.26373,-97.56265
Cold & Very Cold,rural,Rural,County,26043,Census Tract 9501; Dickinson County; Michigan,5918,4154,8.3,5.8,0.355482,0.29402,0.25,0.312874,854,False,13.4,MI_IRON-MOUNTAIN-FORD,727437,45.813,-88.113,45.92484,-87.8846
Cold & Very Cold,rural,Rural,County,16035,Census Tract 9400.01; Clearwater County; Idaho,8921,4603,3.6,1.9,0.391196,0.180233,0.36711,0.312542,855,False,35.4,ID_LOWELL,725784,46.144,-115.596,46.55593,-116.03752
Cold & Very Cold,rural,Rural,County,18115,Census Tract 9658; Ohio County; Indiana,3278,1489,41.0,18.6,0.108804,0.681063,0.125415,0.312417,856,False,17.2,KY_CINCINNATI-NORTHERN-KY-AP,724210,39.044,-84.672,38.94053,-84.9643
Cold & Very Cold,rural,Rural,County,38059,Census Tract 203.03; Morton County; North Dakota,8437,4306,4.5,2.3,0.364618,0.221761,0.349668,0.311628,857,False,16.5,ND_MANDAN-MUNI-AP,720871,46.768,-100.894,46.74231,-101.24049
Cold & Very Cold,rural,Rural,County,16073,Census Tract 9501.01; Owyhee County; Idaho,12284,4803,1.6,0.6,0.41113,0.08887,0.476744,0.311462,858,False,25.4,ID_NAMPA-MUNI-AP,720734,43.581,-116.523,43.22953,-116.66874
Cold & Very Cold,rural,Rural,County,19071,Census Tract 9701; Fremont County; Iowa,6570,3130,12.9,6.1,0.260797,0.386213,0.277409,0.308015,859,False,11.2,IA_SHENANDOAH-MUNI,725467,40.751,-95.413,40.75895,-95.62733
Cold & Very Cold,rural,Rural,County,38077,Census Tract 9707; Richland County; North Dakota,8480,3862,5.9,2.7,0.332226,0.25,0.352159,0.307434,860,False,17.4,ND_WAHPETON,722004,46.244,-96.607,46.27337,-96.96779
Cold & Very Cold,rural,Rural,County,56035,Census Tract 1.01; Sublette County; Wyoming,8806,5239,1.8,1.1,0.444352,0.099668,0.362957,0.307434,861,False,3.8,WY_PINEDALE,720345,42.796,-109.807,42.74153,-109.82075
Cold & Very Cold,rural,Rural,County,30009,Census Tract 1; Carbon County; Montana,8382,4358,4.1,2.1,0.370432,0.202658,0.347176,0.30706,862,False,34.8,WY_POWELL-MUNI,720519,44.867,-108.793,45.32985,-109.0745
Cold & Very Cold,rural,Rural,County,19143,Census Tract 4601; Osceola County; Iowa,6114,2867,15.3,7.2,0.231728,0.431063,0.259136,0.306977,863,False,15.5,IA_SHELDON,725495,43.208,-95.833,43.40063,-95.67646
Cold & Very Cold,rural,Rural,County,17175,Census Tract 9514; Stark County; Illinois,5324,2584,18.5,9.0,0.206811,0.482558,0.222591,0.306478,864,False,31.2,IL_GREATER-PEORIA-AP,725320,40.667,-89.684,41.10997,-89.79604
Cold & Very Cold,rural,Rural,County,38053,Census Tract 9401; McKenzie County; North Dakota,9107,4509,3.3,1.6,0.381229,0.168605,0.373754,0.305316,865,False,0.7,ND_WATFORD-CITY-MUNI-AP,720868,47.796,-103.254,47.79042,-103.24216
Cold & Very Cold,rural,Rural,County,30021,Census Tract 1; Dawson County; Montana,8874,4377,3.7,1.8,0.371262,0.186047,0.365449,0.305274,866,False,2.9,MT_GLENDIVE(AWOS),726676,47.133,-104.8,47.10697,-104.75042
Cold & Very Cold,rural,Rural,County,08021,Census Tract 9748; Conejos County; Colorado,7536,4058,5.9,3.2,0.343854,0.25,0.313953,0.305025,867,False,22.7,CO_ALAMOSA-SAN-LUIS-VAL-RGNL-,724620,37.439,-105.862,37.16719,-106.09273
Cold & Very Cold,rural,Rural,County,31099,Census Tract 9666; Kearney County; Nebraska,6697,2985,13.0,5.8,0.248339,0.388704,0.282392,0.304277,868,False,19.5,NE_KEARNEY-MUNI,725526,40.733,-99.0,40.46386,-98.88847
Cold & Very Cold,rural,Rural,County,26095,Census Tract 9601; Luce County; Michigan,6325,4081,7.0,4.5,0.344684,0.269103,0.267442,0.302782,869,False,8.6,MI_NEWBERRY-LUCE-CO,726394,46.311,-85.457,46.43479,-85.46825
Cold & Very Cold,rural,Rural,County,19007,Census Tract 9501; Appanoose County; Iowa,6074,3079,12.6,6.4,0.259967,0.380399,0.255814,0.301288,870,False,5.1,IA_CENTERVILLE-MUNI-AP,722274,40.684,-92.901,40.75001,-92.85912
Cold & Very Cold,rural,Rural,County,19185,Census Tract 701; Wayne County; Iowa,6518,3021,12.4,5.7,0.253322,0.376246,0.275748,0.300831,871,False,19.6,IA_CHARITON,725469,41.019,-93.359,40.74002,-93.28794
Cold & Very Cold,rural,Rural,County,27165,Census Tract 9501; Watonwan County; Minnesota,6341,2786,14.8,6.5,0.222591,0.419435,0.269103,0.300789,872,False,2.9,MN_ST-JAMES-MUNI,726554,43.986,-94.558,43.99849,-94.61355
Cold & Very Cold,rural,Rural,County,31001,Census Tract 9654; Adams County; Nebraska,6991,2864,13.4,5.5,0.230897,0.394518,0.29402,0.300789,873,False,5.2,NE_HASTINGS-MUNI-AP,725525,40.6,-98.426,40.57339,-98.51906
Cold & Very Cold,rural,Rural,County,08027,Census Tract 9701.01; Custer County; Colorado,5073,4349,6.9,5.9,0.368771,0.265781,0.20515,0.3,874,False,40.5,CO_SPANISH-PEAKS,720844,37.697,-104.785,38.07227,-105.35475
Cold & Very Cold,rural,Rural,County,16007,Census Tract 9501; Bear Lake County; Idaho,6552,3943,6.7,4.0,0.337209,0.263289,0.276578,0.299211,875,False,35.7,WY_AFTON-MUNI,720516,42.711,-110.942,42.28016,-111.32907
Cold & Very Cold,rural,Rural,County,27073,Census Tract 1801; Lac qui Parle County; Minnesota,6694,3474,8.8,4.5,0.29402,0.307309,0.281561,0.296179,876,False,2.3,MN_LAC-QUI-PARLE-CO,727466,44.986,-96.043,44.98843,-96.089
Cold & Very Cold,rural,Rural,County,17171,Census Tract 9706; Scott County; Illinois,4847,2393,19.3,9.5,0.187708,0.492525,0.194352,0.295723,877,False,16.1,IL_JACKSONVILLE,744666,39.78,-90.238,39.62829,-90.46672
Cold & Very Cold,rural,Rural,County,31173,Census Tract 9401; Thurston County; Nebraska,6666,2290,16.9,5.8,0.179402,0.453488,0.280731,0.295598,878,False,18.8,IA_SIOUX-CITY-SIOUX-GATEWAY-A,725570,42.392,-96.379,42.14973,-96.54625
Cold & Very Cold,rural,Rural,County,17079,Census Tract 9773; Jasper County; Illinois,6488,2846,13.2,5.8,0.230066,0.392027,0.272425,0.295224,879,False,20.2,IL_OLNEY-NOBLE,744659,38.722,-88.176,39.01362,-88.15713
Cold & Very Cold,rural,Rural,County,27051,Census Tract 701; Grant County; Minnesota,6108,3146,11.2,5.7,0.26412,0.354651,0.258306,0.294643,880,False,23.7,MN_FERGUS-FALLS-MUNI-AP,726572,46.283,-96.15,45.95839,-95.99298
Cold & Very Cold,rural,Rural,County,46067,Census Tract 9686; Hutchinson County; South Dakota,7393,3227,9.1,4.0,0.269103,0.315615,0.310631,0.293688,881,False,31.5,SD_MITCHELL-MUNI,726545,43.774,-98.038,43.36617,-97.75675
Cold & Very Cold,rural,Rural,County,46009,Census Tract 9676; Bon Homme County; South Dakota,7024,2823,12.5,5.0,0.225083,0.377907,0.297342,0.293023,882,False,27.8,SD_CHAN-GURNEY-MUNI,726525,42.879,-97.364,42.98687,-97.89437
Cold & Very Cold,rural,Rural,County,27063,Census Tract 4801; Jackson County; Minnesota,6577,3268,9.5,4.7,0.273256,0.326412,0.278239,0.292857,883,False,9.7,MN_JACKSON-MUNI,726593,43.65,-94.986,43.65844,-95.17871
Cold & Very Cold,rural,Rural,County,30023,Census Tract 3; Deer Lodge County; Montana,6002,3616,8.3,5.0,0.305648,0.29402,0.254153,0.291279,884,False,26.1,MT_BERT-MOONEY-AP,727740,45.964,-112.501,46.08433,-113.01674
Cold & Very Cold,rural,Rural,County,31137,Census Tract 9671; Phelps County; Nebraska,6334,2885,12.0,5.4,0.23588,0.371262,0.268272,0.289742,885,False,4.4,NE_BREWSTER-FLD-AP,725628,40.45,-99.339,40.48741,-99.40745
Cold & Very Cold,rural,Rural,County,46047,Census Tract 9641; Fall River County; South Dakota,7179,4101,4.1,2.4,0.349668,0.202658,0.303987,0.289078,886,False,26.7,SD_CUSTER(RAMOS),726514,43.733,-103.615,43.35888,-103.47799
Cold & Very Cold,rural,Rural,County,19035,Census Tract 802; Cherokee County; Iowa,6083,3061,10.9,5.5,0.257475,0.347176,0.256645,0.288704,887,False,2.8,IA_CHEROKEE-MUNI-AP,720344,42.732,-95.556,42.74377,-95.6086
Cold & Very Cold,rural,Rural,County,31093,Census Tract 9705; Howard County; Nebraska,6492,2893,11.4,5.1,0.238372,0.358804,0.273256,0.2875,888,False,22.1,NE_GRAND-IS-CENTRAL-NE-RGNL-A,725520,40.961,-98.313,41.21686,-98.56883
Cold & Very Cold,rural,Rural,County,08075,Census Tract 9659; Logan County; Colorado,9234,3409,5.1,1.9,0.285714,0.23588,0.381229,0.287375,889,False,7.4,CO_STERLING-MUNI-AP,720544,40.617,-103.267,40.67177,-103.14536
Cold & Very Cold,rural,Rural,County,46057,Census Tract 9551; Hamlin County; South Dakota,6288,2831,12.4,5.6,0.226744,0.376246,0.26412,0.286545,890,False,16.4,SD_WATERTOWN-MUNI-AP,726546,44.905,-97.15,44.66857,-97.1728
Cold & Very Cold,rural,Rural,County,38089,Census Tract 9633; Stark County; North Dakota,7634,3594,5.8,2.7,0.302326,0.246678,0.320598,0.286504,891,False,2.7,ND_DICKINSON-T-ROOSEVELT,727630,46.8,-102.797,46.80768,-102.74117
Cold & Very Cold,rural,Rural,County,19101,Census Tract 901; Jefferson County; Iowa,5683,2737,13.6,6.5,0.217608,0.397841,0.238372,0.284842,892,False,1.9,IA_FAIRFIELD-MUNI-AP,726498,41.053,-91.979,41.02957,-91.9615
Cold & Very Cold,rural,Rural,County,08091,Census Tract 9676.01; Ouray County; Colorado,5024,3466,9.3,6.4,0.293189,0.321429,0.200997,0.284635,893,False,16.6,CO_TELLURIDE-RGNL-AP,724627,37.95,-107.9,38.16059,-107.75253
Cold & Very Cold,rural,Rural,County,49051,Census Tract 9405.01; Wasatch County; Utah,5228,4289,4.6,3.8,0.362957,0.223422,0.215116,0.284552,894,False,18.1,UT_HEBER-CITY-MUNI-RUSS,720565,40.482,-111.429,40.32649,-111.15207
Cold & Very Cold,rural,Rural,County,46101,Census Tract 9596; Moody County; South Dakota,6371,2752,12.3,5.3,0.219269,0.374585,0.270764,0.283929,895,False,19.9,SD_BROOKINGS(AWOS),726515,44.3,-96.8,44.03529,-96.64156
Cold & Very Cold,rural,Rural,County,49015,Census Tract 9762; Emery County; Utah,9968,4099,2.2,0.9,0.348837,0.128738,0.409468,0.283929,896,False,28.8,UT_PRICE-CARBON-CO,724700,39.609,-110.755,39.20037,-110.86586
Cold & Very Cold,rural,Rural,County,17069,Census Tract 9709; Hardin County; Illinois,3623,2285,20.4,12.9,0.178571,0.500831,0.139535,0.283555,897,False,18.5,KY_STURGIS-AAF-KY,749077,37.541,-87.952,37.51364,-88.28807
Cold & Very Cold,rural,Rural,County,27081,Census Tract 2010.01; Lincoln County; Minnesota,5594,3061,10.4,5.7,0.257475,0.339701,0.234219,0.281603,898,False,22.9,MN_SW-MINNESOTA-RGNL-AP,726559,44.45,-95.817,44.38156,-96.27165
Cold & Very Cold,rural,Rural,County,19009,Census Tract 701; Audubon County; Iowa,5622,2786,12.7,6.3,0.222591,0.381229,0.236711,0.280938,899,False,1.8,IA_AUDUBON-CO-AP,725498,41.7,-94.917,41.6765,-94.90392
Cold & Very Cold,rural,Rural,County,16059,Census Tract 9701; Lemhi County; Idaho,8166,4636,1.8,1.0,0.396179,0.099668,0.33804,0.280772,900,False,17.0,ID_SALMON-LEMHI(AWOS),726865,45.117,-113.883,44.8874,-114.00684
Cold & Very Cold,rural,Rural,County,38067,Census Tract 9501; Pembina County; North Dakota,6787,3517,6.1,3.1,0.299003,0.252492,0.288206,0.280565,901,False,2.1,ND_CAVALIER-MUNI-AP,720855,48.784,-97.632,48.76836,-97.59201
Cold & Very Cold,rural,Rural,County,17013,Census Tract 9512; Calhoun County; Illinois,4406,2298,17.4,9.1,0.181063,0.465947,0.174419,0.279444,902,False,20.3,MO_ST-CHARLES-CO-AP,724347,38.93,-90.433,39.15978,-90.6675
Cold & Very Cold,rural,Rural,County,19173,Census Tract 1801; Taylor County; Iowa,5901,2890,11.1,5.4,0.236711,0.350498,0.248339,0.278862,903,False,20.1,IA_CLARINDA,725479,40.722,-95.026,40.74852,-94.64325
Cold & Very Cold,rural,Rural,County,31095,Census Tract 9636; Jefferson County; Nebraska,5956,2907,10.5,5.1,0.239203,0.342193,0.251661,0.277741,904,False,22.6,NE_BEATRICE-MUNI-AP,725515,40.301,-96.754,40.16818,-97.14456
Cold & Very Cold,rural,Rural,County,26153,Census Tract 1; Schoolcraft County; Michigan,5045,4185,4.3,3.6,0.358804,0.214286,0.203488,0.27716,905,False,11.1,MI_MANISTIQUE,725408,45.983,-86.183,46.14152,-86.22517
Cold & Very Cold,rural,Rural,County,17059,Census Tract 9727; Gallatin County; Illinois,4857,2506,15.0,7.8,0.198505,0.422757,0.196013,0.276495,906,False,17.7,IL_HARRISBURG,744652,37.811,-88.549,37.76326,-88.23113
Cold & Very Cold,rural,Rural,County,31167,Census Tract 9621; Stanton County; Nebraska,5835,2475,13.6,5.8,0.195183,0.397841,0.243355,0.275748,907,False,10.5,NE_NORFOLK-KARL-STEFAN-MEM-AP,725560,41.98,-97.434,41.98781,-97.23016
Cold & Very Cold,rural,Rural,County,46121,Census Tract 9401; Todd County; South Dakota,9293,2885,6.7,2.1,0.23588,0.263289,0.385382,0.275374,908,False,26.1,NE_VALENTINE-MILLER-FIELD,725670,42.859,-100.551,43.19612,-100.78512
Cold & Very Cold,rural,Rural,County,31035,Census Tract 9621; Clay County; Nebraska,6084,2816,10.6,4.9,0.224252,0.345515,0.257475,0.273339,909,False,20.4,NE_HASTINGS-MUNI-AP,725525,40.6,-98.426,40.54363,-98.04368
Cold & Very Cold,rural,Rural,County,27107,Census Tract 9601; Norman County; Minnesota,6411,3228,7.3,3.7,0.269934,0.275748,0.271595,0.272301,910,False,30.8,ND_FARGO-HECTOR-IAP,727530,46.924,-96.812,47.30106,-96.46112
Cold & Very Cold,rural,Rural,County,27151,Census Tract 9601; Swift County; Minnesota,6229,3038,8.5,4.1,0.255814,0.297342,0.261628,0.271512,911,False,3.9,MN_BENSON-MUNI,727507,45.332,-95.651,45.27588,-95.66595
Cold & Very Cold,rural,Rural,County,27011,Census Tract 9501; Big Stone County; Minnesota,5152,2984,10.3,6.0,0.247508,0.33887,0.207641,0.271511,912,False,5.5,MN_ORTONVILLE,727515,45.306,-96.424,45.38413,-96.44084
Cold & Very Cold,rural,Rural,County,31145,Census Tract 9631; Red Willow County; Nebraska,6117,3012,8.6,4.3,0.250831,0.302326,0.259967,0.270681,913,False,3.4,NE_MCCOOK-RGNL-AP,725625,40.204,-100.59,40.19972,-100.52531
Cold & Very Cold,rural,Rural,County,17047,Census Tract 9569; Edwards County; Illinois,3948,2055,18.3,9.5,0.157807,0.476744,0.157807,0.269435,914,False,19.4,IL_FAIRFIELD,744656,38.379,-88.413,38.41316,-88.05672
Cold & Very Cold,rural,Rural,County,16031,Census Tract 9501; Cassia County; Idaho,9320,3376,3.7,1.3,0.281561,0.186047,0.386213,0.269061,915,False,13.5,ID_BURLEY-MUNI-AP,725867,42.545,-113.769,42.36588,-113.66395
Cold & Very Cold,rural,Rural,County,31003,Census Tract 9796; Antelope County; Nebraska,6302,3144,7.4,3.7,0.263289,0.277409,0.265781,0.268729,916,False,28.5,NE_ALBION-AP,723441,41.73,-98.054,42.1423,-98.05712
Cold & Very Cold,rural,Rural,County,31051,Census Tract 9776; Dixon County; Nebraska,5561,2528,11.7,5.3,0.202658,0.366279,0.233389,0.266072,917,False,16.4,NE_WAYNE-MUNI-AP,722241,42.242,-96.983,42.46305,-96.86863
Cold & Very Cold,rural,Rural,County,19133,Census Tract 9601; Monona County; Iowa,5757,3021,8.4,4.4,0.253322,0.29485,0.242525,0.265697,918,False,24.0,NE_TEKAMAH(ASOS),725527,41.763,-96.18,42.06554,-95.9516
Cold & Very Cold,rural,Rural,County,19089,Census Tract 9602; Howard County; Iowa,5482,2480,11.8,5.3,0.196844,0.36794,0.230066,0.263372,919,False,23.2,MN_FILLMORE-CO,720283,43.677,-92.18,43.3568,-92.31847
Cold & Very Cold,rural,Rural,County,31143,Census Tract 9600; Polk County; Nebraska,5209,2524,11.9,5.8,0.201827,0.369601,0.213455,0.262873,920,False,19.4,NE_YORK-MUNI,725512,40.894,-97.626,41.17121,-97.56876
Cold & Very Cold,rural,Rural,County,16077,Census Tract 9601; Power County; Idaho,8018,2960,5.7,2.1,0.244186,0.245847,0.331395,0.262209,921,False,21.9,ID_POCATELLO-RGNL-AP,725780,42.92,-112.572,42.7957,-112.96929
Cold & Very Cold,rural,Rural,County,27133,Census Tract 5701; Rock County; Minnesota,5531,2476,11.6,5.2,0.196013,0.362957,0.230897,0.26142,922,False,1.4,MN_LUVERNE-QUENTIN-AANE,722006,43.621,-96.216,43.63287,-96.2394
Cold & Very Cold,rural,Rural,County,25025,Census Tract 612.02; Suffolk County; Massachusetts,461,108,47.1,11.0,0.011628,0.72093,0.013289,0.260216,923,False,3.2,MA_BOSTON-LOGAN-IAP,725090,42.361,-71.01,42.31918,-71.03625
Cold & Very Cold,rural,Rural,County,46037,Census Tract 9527; Day County; South Dakota,5460,3434,5.3,3.3,0.289037,0.240864,0.228405,0.26005,924,False,33.0,SD_BRITTON-MUNI,720511,45.815,-97.743,45.35849,-97.54564
Cold & Very Cold,rural,Rural,County,55051,Census Tract 1802; Iron County; Wisconsin,3526,4000,4.7,5.4,0.340532,0.225914,0.136213,0.259552,925,False,17.4,WI_MANITOWISH-WATERS,720887,46.117,-89.883,46.23244,-90.20608
Cold & Very Cold,rural,Rural,County,31059,Census Tract 916; Fillmore County; Nebraska,5551,2733,9.6,4.7,0.216777,0.328904,0.231728,0.259012,926,False,25.7,NE_YORK-MUNI,725512,40.894,-97.626,40.52165,-97.61601
Cold & Very Cold,rural,Rural,County,31097,Census Tract 9675; Johnson County; Nebraska,5263,2090,14.0,5.6,0.162791,0.404485,0.217608,0.258347,927,False,24.7,NE_NEBRASKA-CITY,725541,40.606,-95.864,40.36664,-96.21212
Cold & Very Cold,rural,Rural,County,38099,Census Tract 9578; Walsh County; North Dakota,6367,3251,5.0,2.6,0.272425,0.233389,0.269934,0.258264,928,False,13.5,ND_HUTSON-FIELD-AP,720865,48.405,-97.371,48.37431,-97.66235
Cold & Very Cold,rural,Rural,County,17053,Census Tract 9616; Ford County; Illinois,5374,2474,11.4,5.2,0.193522,0.358804,0.227575,0.258181,929,False,21.4,IL_RANTOUL-FRANK-ELL,722194,40.293,-88.142,40.59872,-88.20953
Cold & Very Cold,rural,Rural,County,30093,Census Tract 8; Silver Bow County; Montana,6121,2677,8.7,3.8,0.213455,0.304817,0.260797,0.2549,930,False,9.0,MT_BERT-MOONEY-AP,727740,45.964,-112.501,45.89623,-112.66007
Cold & Very Cold,rural,Rural,County,56011,Census Tract 9502; Crook County; Wyoming,7339,3673,2.6,1.3,0.315615,0.146179,0.307309,0.254651,931,False,38.9,SD_SPEARFISH-CLYDE-ICE,726605,44.483,-103.783,44.58258,-104.55944
Cold & Very Cold,rural,Rural,County,46019,Census Tract 9676; Butte County; South Dakota,7856,3357,3.5,1.5,0.27907,0.17608,0.328073,0.252824,932,False,17.7,SD_SPEARFISH-CLYDE-ICE,726605,44.483,-103.783,44.73959,-103.78319
Cold & Very Cold,rural,Rural,County,27087,Census Tract 9401; Mahnomen County; Minnesota,5371,2552,9.6,4.6,0.20515,0.328904,0.226744,0.252783,933,False,17.7,MN_FOSSTON(AWOS),727505,47.593,-95.775,47.34123,-95.84256
Cold & Very Cold,rural,Rural,County,46087,Census Tract 9646; McCook County; South Dakota,5732,2467,10.0,4.3,0.192691,0.334718,0.240864,0.252035,934,False,27.2,SD_MADISON-MUNI-AP,720624,44.016,-97.086,43.67979,-97.37059
Cold & Very Cold,rural,Rural,County,30035,Census Tract 9404; Glacier County; Montana,8098,3496,2.7,1.2,0.296512,0.14701,0.335548,0.251993,935,False,13.5,MT_CUT-BANK-MUNI-AP,727690,48.604,-112.377,48.73067,-112.60259
Cold & Very Cold,rural,Rural,County,46129,Census Tract 9651; Walworth County; South Dakota,5298,2941,7.5,4.2,0.242525,0.280731,0.22093,0.251578,936,False,7.4,SD_MOBRIDGE-MUNI,726685,45.55,-100.409,45.50426,-100.27096
Cold & Very Cold,rural,Rural,County,56009,Census Tract 9564; Converse County; Wyoming,7600,3975,1.8,0.9,0.339701,0.099668,0.317276,0.251204,937,False,5.1,WY_CONVERSE-CO,725686,42.796,-105.38,42.87005,-105.38752
Cold & Very Cold,rural,Rural,County,17185,Census Tract 9572; Wabash County; Illinois,3684,1627,18.3,8.1,0.121262,0.476744,0.144518,0.250332,938,False,12.7,IL_MOUNT-CARMEL,720330,38.607,-87.727,38.44582,-87.83917
Cold & Very Cold,rural,Rural,County,08105,Census Tract 9770.01; Rio Grande County; Colorado,4751,3392,5.3,3.8,0.284053,0.240864,0.187708,0.249668,939,False,24.4,CO_ALAMOSA-SAN-LUIS-VAL-RGNL-,724620,37.439,-105.862,37.55768,-106.28088
Cold & Very Cold,rural,Rural,County,46079,Census Tract 9601; Lake County; South Dakota,4809,2835,8.8,5.2,0.228405,0.307309,0.192691,0.248879,940,False,0.4,SD_MADISON-MUNI-AP,720624,44.016,-97.086,44.02187,-97.08328
Cold & Very Cold,rural,Rural,County,17065,Census Tract 9732; Hamilton County; Illinois,4923,2319,11.6,5.5,0.182724,0.362957,0.197674,0.248796,941,False,19.3,IL_HARRISBURG,744652,37.811,-88.549,38.0894,-88.53428
Cold & Very Cold,rural,Rural,County,27117,Census Tract 4601; Pipestone County; Minnesota,5159,2304,11.3,5.0,0.181894,0.356312,0.208472,0.248256,942,False,22.4,MN_SLAYTON-MUNI-AP,720368,43.987,-95.783,43.97988,-96.23273
Cold & Very Cold,rural,Rural,County,16029,Census Tract 9601; Caribou County; Idaho,7118,3137,4.0,1.8,0.262458,0.196844,0.302326,0.247467,943,False,37.3,WY_AFTON-MUNI,720516,42.711,-110.942,42.73621,-111.67535
Cold & Very Cold,rural,Rural,County,02180,Census Tract 1; Nome Census Area; Alaska,9925,4109,0.4,0.2,0.351329,0.019934,0.406146,0.246304,944,False,1873.7,WA_QUILLAYUTE-STATE-AP,727970,47.937,-124.558,64.71419,-164.68904
Cold & Very Cold,rural,Rural,County,08063,Census Tract 9621; Kit Carson County; Colorado,7015,3426,3.2,1.6,0.287375,0.165282,0.295681,0.246304,945,False,8.8,CO_BURLINGTON,724689,39.241,-102.282,39.3075,-102.42132
Cold & Very Cold,rural,Rural,County,31185,Census Tract 9696; York County; Nebraska,5320,2438,9.9,4.5,0.19103,0.331395,0.221761,0.246304,946,False,3.4,NE_YORK-MUNI,725512,40.894,-97.626,40.85105,-97.5962
Cold & Very Cold,rural,Rural,County,19147,Census Tract 9601; Palo Alto County; Iowa,5039,2622,9.2,4.8,0.209302,0.318106,0.201827,0.245888,947,False,21.8,IA_ALGONA,725457,43.078,-94.272,43.07937,-94.70436
Cold & Very Cold,rural,Rural,County,30087,Census Tract 1; Rosebud County; Montana,8236,3785,1.6,0.8,0.325581,0.08887,0.33887,0.24539,948,False,50.9,MT_MILES-CITY-MUNI-AP,742300,46.426,-105.883,45.91725,-106.65109
Cold & Very Cold,rural,Rural,County,08109,Census Tract 9776; Saguache County; Colorado,6511,3838,2.1,1.2,0.328904,0.119601,0.274086,0.244684,949,False,10.8,CO_SAGUACHE-MUNCICIPAL,722333,38.097,-106.169,38.00242,-106.32609
Cold & Very Cold,rural,Rural,County,56045,Census Tract 9511; Weston County; Wyoming,6835,3417,2.9,1.4,0.286545,0.155316,0.289037,0.241113,950,False,40.2,SD_CUSTER(RAMOS),726514,43.733,-103.615,43.85311,-104.40296
Cold & Very Cold,rural,Rural,County,55078,Census Tract 9401.01; Menominee County; Wisconsin,4256,2148,11.9,6.0,0.169435,0.369601,0.171096,0.239825,951,False,10.5,WI_SHAWANO-MUNI-AP,720589,44.783,-88.55,44.92191,-88.63523
Cold & Very Cold,rural,Rural,County,19159,Census Tract 9501; Ringgold County; Iowa,4664,2676,8.7,5.0,0.212625,0.304817,0.185216,0.23941,952,False,18.1,IA_LAMONI-MUNI-AP,725499,40.631,-93.9,40.7043,-94.2321
Cold & Very Cold,rural,Rural,County,19137,Census Tract 9601; Montgomery County; Iowa,4643,2244,11.2,5.4,0.174419,0.354651,0.182724,0.239161,953,False,5.4,IA_RED-OAK,725494,41.01,-95.26,40.99842,-95.15728
Cold & Very Cold,rural,Rural,County,46115,Census Tract 1; Spink County; South Dakota,6283,2989,4.2,2.0,0.249169,0.210963,0.262458,0.238455,954,False,36.9,SD_ABERDEEN-RGNL-AP,726590,45.444,-98.414,44.91043,-98.42652
Cold & Very Cold,rural,Rural,County,31011,Census Tract 9601; Boone County; Nebraska,5366,2545,7.8,3.7,0.204319,0.284053,0.225914,0.236545,955,False,2.7,NE_ALBION-AP,723441,41.73,-98.054,41.69106,-98.05327
Cold & Very Cold,rural,Rural,County,31041,Census Tract 9717; Custer County; Nebraska,6709,3398,2.6,1.3,0.284884,0.146179,0.284053,0.236171,956,False,3.6,NE_BROKEN-BOW-MUNI,725555,41.437,-99.639,41.3942,-99.67974
Cold & Very Cold,rural,Rural,County,31169,Census Tract 9631; Thayer County; Nebraska,4938,2518,8.6,4.4,0.200166,0.302326,0.198505,0.23559,957,False,3.1,NE_HEBRON-MUNI-AP,722124,40.149,-97.587,40.18843,-97.61345
Cold & Very Cold,rural,Rural,County,56007,Census Tract 9676; Carbon County; Wyoming,6770,4118,0.9,0.5,0.352159,0.049003,0.285714,0.232765,958,False,9.2,WY_SHIVELY-FLD,720521,41.444,-106.828,41.56371,-106.90549
Cold & Very Cold,rural,Rural,County,46077,Census Tract 9581; Kingsbury County; South Dakota,5210,2647,6.3,3.2,0.210963,0.254983,0.214286,0.227035,959,False,31.5,SD_MADISON-MUNI-AP,720624,44.016,-97.086,44.37588,-97.47612
Cold & Very Cold,rural,Rural,County,46005,Census Tract 9566; Beadle County; South Dakota,5915,2730,4.9,2.2,0.215947,0.228405,0.249169,0.226952,960,False,3.0,SD_HURON-RGNL-AP,726540,44.379,-98.223,44.41036,-98.26443
Cold & Very Cold,rural,Rural,County,17151,Census Tract 9712; Pope County; Illinois,3757,2273,10.2,6.2,0.175249,0.33804,0.148671,0.22691,961,False,17.9,IL_METROPOLIS-MUNI-AP,720170,37.186,-88.751,37.3884,-88.54899
Cold & Very Cold,rural,Rural,County,19145,Census Tract 4901; Page County; Iowa,4726,2176,9.3,4.3,0.170266,0.321429,0.186877,0.226495,962,False,6.8,IA_CLARINDA,725479,40.722,-95.026,40.74831,-95.1511
Cold & Very Cold,rural,Rural,County,30077,Census Tract 1; Powell County; Montana,7029,2969,3.0,1.3,0.246678,0.158638,0.299003,0.226329,963,False,39.2,MT_HELENA-RGNL-AP,727720,46.604,-111.989,46.50775,-112.80259
Cold & Very Cold,rural,Rural,County,49001,Census Tract 1001; Beaver County; Utah,7172,2928,2.8,1.1,0.240864,0.152824,0.303156,0.222508,964,False,7.8,UT_MILFORD-MUNI-AP,724750,38.423,-113.011,38.35091,-112.90087
Cold & Very Cold,rural,Rural,County,08103,Census Tract 9511; Rio Blanco County; Colorado,6518,3288,2.0,1.0,0.274086,0.113787,0.275748,0.218314,965,False,19.5,CO_MEEKER,724674,40.044,-107.888,39.95897,-108.24007
Cold & Very Cold,rural,Rural,County,31121,Census Tract 9666; Merrick County; Nebraska,4246,2139,8.9,4.5,0.167774,0.30814,0.170266,0.2174,966,False,17.6,NE_GRAND-IS-CENTRAL-NE-RGNL-A,725520,40.961,-98.313,41.14396,-98.07882
Cold & Very Cold,rural,Rural,County,46015,Census Tract 9731; Brule County; South Dakota,5261,2371,6.4,2.9,0.185216,0.258306,0.216777,0.21711,967,False,6.5,SD_CHAMBERLAIN(AMOS),726530,43.767,-99.318,43.75562,-99.18824
Cold & Very Cold,rural,Rural,County,31065,Census Tract 9639; Furnas County; Nebraska,4605,2514,6.4,3.5,0.199336,0.258306,0.181063,0.216321,968,False,23.7,KS_NORTON-MUNI,720433,39.85,-99.895,40.19225,-99.90864
Cold & Very Cold,rural,Rural,County,30099,Census Tract 1; Teton County; Montana,6291,2942,2.8,1.3,0.243355,0.152824,0.26495,0.215988,969,False,13.7,MT_FOX-AUGUSTA,720999,47.6,-112.317,47.78766,-112.21971
Cold & Very Cold,rural,Rural,County,27077,Census Tract 4603; Lake of the Woods County; Minnesota,3800,3457,2.9,2.7,0.291528,0.155316,0.151993,0.215947,970,False,9.9,MN_BAUDETTE-IAP,727476,48.726,-94.612,48.68473,-94.82063
Cold & Very Cold,rural,Rural,County,02063,Census Tract 2; Chugach Census Area; Alaska,6964,3745,0.7,0.4,0.32392,0.032392,0.293189,0.215739,971,False,1228.8,WA_QUILLAYUTE-STATE-AP,727970,47.937,-124.558,60.51457,-146.45454
Cold & Very Cold,rural,Rural,County,30073,Census Tract 9770; Pondera County; Montana,6012,2753,3.7,1.7,0.2201,0.186047,0.254983,0.215158,972,False,30.4,MT_CUT-BANK-MUNI-AP,727690,48.604,-112.377,48.20053,-112.11163
Cold & Very Cold,rural,Rural,County,38005,Census Tract 9401; Benson County; North Dakota,5861,2544,4.2,1.8,0.203488,0.210963,0.245017,0.21441,973,False,13.8,ND_DEVILS-LAKE-MUNI,727573,48.117,-98.9,47.99683,-99.13735
Cold & Very Cold,rural,Rural,County,19175,Census Tract 1901; Union County; Iowa,4226,1792,10.2,4.3,0.137874,0.33804,0.169435,0.214244,974,False,9.2,IA_CRESTON,725474,41.007,-94.363,41.05243,-94.19684
Cold & Very Cold,rural,Rural,County,31037,Census Tract 9646; Colfax County; Nebraska,3864,1863,10.1,4.9,0.142857,0.336379,0.155316,0.213082,975,False,18.4,NE_COLUMBUS-MUNI,725565,41.448,-97.343,41.63487,-97.0893
Cold & Very Cold,rural,Rural,County,27125,Census Tract 101; Red Lake County; Minnesota,3922,1884,9.1,4.4,0.147841,0.315615,0.156977,0.208389,976,False,12.5,MN_THIEF-RIVER-FALLS-RE,727555,48.067,-96.183,47.887,-96.15289
Cold & Very Cold,rural,Rural,County,46123,Census Tract 9716; Tripp County; South Dakota,5607,2777,3.5,1.7,0.22093,0.17608,0.23588,0.208222,977,False,7.0,SD_WINNER,726518,43.389,-99.843,43.29422,-99.7926
Cold & Very Cold,rural,Rural,County,27071,Census Tract 7903; Koochiching County; Minnesota,4796,3619,1.6,1.2,0.306478,0.08887,0.19103,0.207226,978,False,22.8,MN_INTERNATIONAL-FALLS-IAP,727470,48.559,-93.396,48.2489,-93.56598
Cold & Very Cold,rural,Rural,County,08003,Census Tract 9600; Alamosa County; Colorado,4849,2130,6.9,3.0,0.166113,0.265781,0.195183,0.206811,979,False,3.4,CO_ALAMOSA-SAN-LUIS-VAL-RGNL-,724620,37.439,-105.862,37.48493,-105.88175
Cold & Very Cold,rural,Rural,County,31129,Census Tract 9600; Nuckolls County; Nebraska,4089,2218,7.1,3.9,0.172757,0.271595,0.163621,0.205523,980,False,24.5,NE_HEBRON-MUNI-AP,722124,40.149,-97.587,40.11059,-98.04786
Cold & Very Cold,rural,Rural,County,17169,Census Tract 9701; Schuyler County; Illinois,4001,1759,9.3,4.1,0.135382,0.321429,0.160299,0.205482,981,False,26.3,IL_MACOMB-AP,722157,40.52,-90.652,40.14286,-90.5909
Cold & Very Cold,rural,Rural,County,19091,Census Tract 9701; Humboldt County; Iowa,3745,1865,9.0,4.5,0.144518,0.311462,0.147841,0.203613,982,False,15.7,IA_FORT-DODGE(AWOS),725490,42.55,-94.183,42.77608,-94.22253
Cold & Very Cold,rural,Rural,County,46039,Census Tract 9536; Deuel County; South Dakota,4318,2147,6.9,3.4,0.168605,0.265781,0.171927,0.203281,983,False,17.8,MN_MYERS-FIELD,722252,44.729,-96.266,44.83294,-96.59843
Cold & Very Cold,rural,Rural,County,46091,Census Tract 9508; Marshall County; South Dakota,4355,2430,5.2,2.9,0.190199,0.237542,0.172757,0.203281,984,False,9.5,SD_BRITTON-MUNI,720511,45.815,-97.743,45.73704,-97.58087
Cold & Very Cold,rural,Rural,County,31175,Census Tract 9713; Valley County; Nebraska,4094,2116,7.2,3.7,0.165282,0.273256,0.164452,0.202907,985,False,3.4,NE_ORD-SHARP-FIELD,725524,41.623,-98.949,41.57329,-98.94331
Cold & Very Cold,rural,Rural,County,19003,Census Tract 9501; Adams County; Iowa,3641,1892,8.6,4.5,0.150332,0.302326,0.141196,0.201703,986,False,20.0,IA_CRESTON,725474,41.007,-94.363,40.99394,-94.74573
Cold & Very Cold,rural,Rural,County,08095,Census Tract 9676; Phillips County; Colorado,4491,2085,6.5,3.0,0.16196,0.261628,0.178571,0.200166,987,False,3.2,CO_HOLYOKE,720537,40.567,-102.267,40.59078,-102.32015
Cold & Very Cold,rural,Rural,County,38021,Census Tract 9732; Dickey County; North Dakota,4959,2386,4.4,2.1,0.186877,0.216777,0.200166,0.2,988,False,34.0,SD_BRITTON-MUNI,720511,45.815,-97.743,46.08704,-98.33282
Cold & Very Cold,rural,Rural,County,38049,Census Tract 9556; McHenry County; North Dakota,5264,2832,2.8,1.5,0.227575,0.152824,0.218439,0.199585,989,False,16.1,ND_ALPHA-(BALFOUR),721011,47.967,-100.581,48.19723,-100.63063
Cold & Very Cold,rural,Rural,County,30061,Census Tract 9645; Mineral County; Montana,4796,2569,3.9,2.1,0.20598,0.193522,0.19103,0.19863,990,False,39.7,ID_MULLAN-PASS-VOR,726817,47.455,-115.671,47.12681,-114.97545
Cold & Very Cold,rural,Rural,County,02240,Census Tract 1; Southeast Fairbanks Census Area; Alaska,6936,3520,0.3,0.1,0.299834,0.015781,0.290698,0.198588,991,False,1320.3,WA_EASTSOUND-ORCAS-ISLA,722208,48.708,-122.911,63.8318,-144.52702
Cold & Very Cold,rural,Rural,County,02290,Census Tract 1; Yukon-Koyukuk Census Area; Alaska,5271,3958,0.0,0.0,0.33804,0.007475,0.219269,0.198588,992,False,1566.8,WA_EASTSOUND-ORCAS-ISLA,722208,48.708,-122.911,65.5742,-151.94431
Cold & Very Cold,rural,Rural,County,56001,Census Tract 9627; Albany County; Wyoming,5326,3382,1.3,0.8,0.283223,0.07309,0.223422,0.197716,993,False,10.6,WY_LARAMIE-GENERAL-BREES-FIEL,725645,41.317,-105.673,41.47075,-105.67396
Cold & Very Cold,rural,Rural,County,19039,Census Tract 9602; Clarke County; Iowa,4024,1547,9.5,3.7,0.113787,0.326412,0.16113,0.197674,994,False,5.4,IA_OSCEOLA-MUNI-AP,720701,41.052,-93.689,41.03276,-93.78973
Cold & Very Cold,rural,Rural,County,49017,Census Tract 3; Garfield County; Utah,5170,3589,1.0,0.7,0.301495,0.056478,0.209302,0.1973,995,False,21.0,UT_BRYCE-CNYN-FAA-AP,724756,37.701,-112.149,37.81507,-111.79355
Cold & Very Cold,rural,Rural,County,27113,Census Tract 901; Pennington County; Minnesota,4396,1851,7.3,3.1,0.142027,0.275748,0.173588,0.195142,996,False,4.4,MN_THIEF-RIVER-FALLS-RE,727555,48.067,-96.183,48.06564,-96.0876
Cold & Very Cold,rural,Rural,County,08025,Census Tract 9696.01; Crowley County; Colorado,5734,1535,7.3,1.9,0.111296,0.275748,0.241694,0.194934,997,False,19.8,CO_LA-JUNTA-MUNI-AP,724635,38.049,-103.513,38.23855,-103.78577
Cold & Very Cold,rural,Rural,County,30005,Census Tract 1; Blaine County; Montana,6997,2824,1.7,0.7,0.225914,0.093023,0.29485,0.193189,998,False,42.4,MT_HAVRE-CITY-CO-AP,727770,48.543,-109.764,48.37821,-108.87364
Cold & Very Cold,rural,Rural,County,02198,Census Tract 1; Prince of Wales-Hyder Census Area; Alaska,5730,3237,1.1,0.6,0.270764,0.063953,0.240033,0.192234,999,False,622.0,WA_EASTSOUND-ORCAS-ISLA,722208,48.708,-122.911,55.44863,-132.66099
Cold & Very Cold,rural,Rural,County,16061,Census Tract 9400.01; Lewis County; Idaho,3649,1823,7.6,3.8,0.141196,0.283223,0.142857,0.191238,1000,False,23.2,ID_IDAHO-CO-AP,726873,45.943,-116.123,46.2602,-116.28137
Cold & Very Cold,rural,Rural,County,16003,Census Tract 9501; Adams County; Idaho,4599,2666,3.4,2.0,0.211794,0.170266,0.180233,0.190947,1001,False,16.4,ID_MCCALL-MUNI-AP,725864,44.894,-116.1,44.90588,-116.43532
Cold & Very Cold,rural,Rural,County,38009,Census Tract 9524; Bottineau County; North Dakota,4219,2935,2.5,1.8,0.241694,0.138704,0.166944,0.190697,1002,False,21.6,ND_OSCAR-ANTLER,721026,48.825,-101.283,48.78871,-100.81165
Cold & Very Cold,rural,Rural,County,49033,Census Tract 9501; Rich County; Utah,2588,3217,2.5,3.1,0.267442,0.138704,0.10299,0.189493,1003,False,26.8,WY_EVANSTON-BURNS-FLD,725775,41.273,-111.031,41.6276,-111.24023
Cold & Very Cold,rural,Rural,County,16063,Census Tract 9501; Lincoln County; Idaho,5276,1973,4.4,1.6,0.153654,0.216777,0.2201,0.189036,1004,False,23.8,ID_JEROME-CO,726816,42.727,-114.455,42.99078,-114.15309
Cold & Very Cold,rural,Rural,County,02185,Census Tract 1; North Slope Borough; Alaska,10891,2640,0.1,0.0,0.210133,0.010797,0.443522,0.187043,1005,False,1812.7,WA_EASTSOUND-ORCAS-ISLA,722208,48.708,-122.911,70.46935,-154.03094
Cold & Very Cold,rural,Rural,County,31179,Census Tract 9786; Wayne County; Nebraska,3546,1622,8.3,3.8,0.120432,0.29402,0.137874,0.184676,1006,False,7.6,NE_WAYNE-MUNI-AP,722241,42.242,-96.983,42.21075,-97.12624
Cold & Very Cold,rural,Rural,County,30015,Census Tract 102; Chouteau County; Montana,5888,2868,1.5,0.7,0.232558,0.083887,0.247508,0.183513,1007,False,40.8,MT_MALMSTROM-AFB,727755,47.517,-111.183,47.8897,-110.50325
Cold & Very Cold,rural,Rural,County,38093,Census Tract 9670; Stutsman County; North Dakota,5358,2519,2.4,1.1,0.200997,0.133721,0.225083,0.182268,1008,False,13.9,ND_JAMESTOWN-MUNI-AP,727535,46.926,-98.67,46.96186,-98.95964
Cold & Very Cold,rural,Rural,County,19063,Census Tract 701; Emmet County; Iowa,3261,1620,8.5,4.2,0.118771,0.297342,0.123754,0.182267,1009,False,5.4,IA_ESTHERVILLE-MUNI,726499,43.401,-94.748,43.3762,-94.64618
Cold & Very Cold,rural,Rural,County,36085,Census Tract 59.02; Richmond County; New York,102,28,20.0,5.5,0.009136,0.498339,0.009136,0.180357,1010,False,6.6,NJ_LINDEN-AP,720581,40.617,-74.25,40.56739,-74.14324
Cold & Very Cold,rural,Rural,County,27155,Census Tract 4601; Traverse County; Minnesota,3279,1896,5.7,3.3,0.151163,0.245847,0.126246,0.179319,1011,False,4.4,MN_WHEATON-MUNI,727533,45.78,-96.545,45.80148,-96.45913
Cold & Very Cold,rural,Rural,County,31161,Census Tract 9516; Sheridan County; Nebraska,5058,2704,2.1,1.1,0.214286,0.119601,0.204319,0.179153,1012,False,16.8,NE_GORDON-MUNICIPAL,725637,42.806,-102.175,42.60005,-102.34912
Cold & Very Cold,rural,Rural,County,31125,Census Tract 9661; Nance County; Nebraska,3342,1622,7.6,3.7,0.120432,0.283223,0.127076,0.178738,1013,False,22.9,NE_ALBION-AP,723441,41.73,-98.054,41.40239,-97.99141
Cold & Very Cold,rural,Rural,County,30007,Census Tract 2; Broadwater County; Montana,4800,2061,4.0,1.7,0.158638,0.196844,0.19186,0.178654,1014,False,30.1,MT_HELENA-RGNL-AP,727720,46.604,-111.989,46.32985,-111.49787
Cold & Very Cold,rural,Rural,County,27069,Census Tract 901; Kittson County; Minnesota,4163,2279,3.8,2.1,0.17691,0.186877,0.166113,0.178239,1015,False,8.1,MN_HALLOCK,727478,48.753,-96.943,48.77612,-96.76948
Cold & Very Cold,rural,Rural,County,38081,Census Tract 9740; Sargent County; North Dakota,3822,1997,4.5,2.3,0.155316,0.221761,0.153654,0.178239,1016,False,6.9,ND_GWINNER-ROGER-MELROE-FIELD,720491,46.217,-97.633,46.11716,-97.63855
Cold & Very Cold,rural,Rural,County,30001,Census Tract 1; Beaverhead County; Montana,5347,3017,1.0,0.5,0.251661,0.056478,0.224252,0.177865,1017,False,10.5,MT_DILLON-AP,727700,45.258,-112.555,45.21435,-112.76187
Cold & Very Cold,rural,Rural,County,46053,Census Tract 9711; Gregory County; South Dakota,3993,2199,3.9,2.2,0.171927,0.193522,0.159468,0.176993,1018,False,34.4,SD_WINNER,726518,43.389,-99.843,43.20232,-99.20883
Cold & Very Cold,rural,Rural,County,16071,Census Tract 9601; Oneida County; Idaho,4681,2062,3.9,1.7,0.159468,0.193522,0.186047,0.176703,1019,False,43.9,UT_LOGAN-CACHE-AP,724796,41.787,-111.852,42.1839,-112.52045
Cold & Very Cold,rural,Rural,County,30105,Census Tract 1001; Valley County; Montana,4954,3079,1.0,0.6,0.259967,0.056478,0.199336,0.17662,1020,False,3.6,MT_GLASGOW-IAP,727680,48.214,-106.621,48.23648,-106.55145
Cold & Very Cold,rural,Rural,County,30041,Census Tract 401; Hill County; Montana,5714,2499,2.0,0.9,0.197674,0.113787,0.239203,0.176619,1021,False,9.3,MT_HAVRE-CITY-CO-AP,727770,48.543,-109.764,48.47978,-109.94231
Cold & Very Cold,rural,Rural,County,31031,Census Tract 9558; Cherry County; Nebraska,5468,3004,0.9,0.5,0.25,0.049003,0.229236,0.175498,1022,False,30.6,NE_VALENTINE-MILLER-FIELD,725670,42.859,-100.551,42.77243,-101.1441
Cold & Very Cold,rural,Rural,County,08073,Census Tract 9617; Lincoln County; Colorado,5561,2385,2.2,0.9,0.186047,0.128738,0.233389,0.175457,1023,False,7.9,CO_LIMON,724665,39.273,-103.667,39.18829,-103.56807
Cold & Very Cold,rural,Rural,County,31181,Census Tract 9650; Webster County; Nebraska,3385,1767,5.9,3.1,0.136213,0.25,0.131229,0.175042,1024,False,30.0,NE_HASTINGS-MUNI-AP,725525,40.6,-98.426,40.16924,-98.49941
Cold & Very Cold,rural,Rural,County,31083,Census Tract 9642; Harlan County; Nebraska,3006,1890,5.4,3.4,0.148671,0.241694,0.114618,0.174418,1025,False,19.0,NE_BREWSTER-FLD-AP,725628,40.45,-99.339,40.17877,-99.40342
Cold & Very Cold,rural,Rural,County,46027,Census Tract 9658; Clay County; South Dakota,3120,1463,8.1,3.8,0.107143,0.289867,0.121262,0.17392,1026,False,19.9,SD_CHAN-GURNEY-MUNI,726525,42.879,-97.364,42.92708,-96.97574
Cold & Very Cold,rural,Rural,County,38003,Census Tract 9679; Barnes County; North Dakota,4220,2443,2.8,1.6,0.19186,0.152824,0.167774,0.17338,1027,False,2.9,ND_BARNES-CO-MUNI,720911,46.942,-98.018,46.93755,-98.08002
Cold & Very Cold,rural,Rural,County,31123,Census Tract 9525; Morrill County; Nebraska,4544,2276,3.2,1.6,0.17608,0.165282,0.179402,0.172965,1028,False,24.4,NE_ALLIANCE-MUNI-AP,725635,42.057,-102.802,41.7322,-102.99059
Cold & Very Cold,rural,Rural,County,38031,Census Tract 9596; Foster County; North Dakota,3372,1782,5.3,2.8,0.137043,0.240864,0.130399,0.172052,1029,False,13.1,ND_CARRINGTON-MUNI-AP,720737,47.451,-99.151,47.47143,-98.87288
Cold & Very Cold,rural,Rural,County,38069,Census Tract 9561; Pierce County; North Dakota,3961,2077,3.9,2.0,0.16113,0.193522,0.158638,0.171969,1030,False,10.3,ND_RUGBY-MUNI-AP,720867,48.39,-100.024,48.24409,-99.97604
Cold & Very Cold,rural,Rural,County,49019,Census Tract 3.01; Grand County; Utah,4795,2925,1.3,0.8,0.240033,0.07309,0.189369,0.17147,1031,False,15.1,UT_MOAB-CANYONLANDS,724776,38.75,-109.763,38.71248,-109.48616
Cold & Very Cold,rural,Rural,County,16037,Census Tract 9602; Custer County; Idaho,4411,3164,0.9,0.6,0.26495,0.049003,0.175249,0.171428,1032,False,17.3,ID_CHALLIS-AP,722142,44.523,-114.216,44.27335,-114.25227
Cold & Very Cold,rural,Rural,County,31163,Census Tract 9701; Sherman County; Nebraska,2974,1797,5.3,3.2,0.138704,0.240864,0.112126,0.169144,1033,False,28.0,NE_ORD-SHARP-FIELD,725524,41.623,-98.949,41.21874,-98.97285
Cold & Very Cold,rural,Rural,County,38045,Census Tract 9721; LaMoure County; North Dakota,4107,2074,3.6,1.8,0.160299,0.180233,0.165282,0.168273,1034,False,33.1,ND_JAMESTOWN-MUNI-AP,727535,46.926,-98.67,46.45905,-98.51142
Cold & Very Cold,rural,Rural,County,08099,Census Tract 1; Prowers County; Colorado,4656,2189,2.8,1.3,0.171096,0.152824,0.184385,0.167359,1035,False,14.7,CO_LAMAR-MUNI-AP,724636,38.072,-102.687,38.00277,-102.43206
Cold & Very Cold,rural,Rural,County,08023,Census Tract 9726; Costilla County; Colorado,3571,2418,2.9,2.0,0.189369,0.155316,0.138704,0.167317,1036,False,21.0,CO_LA-VETA-MOUNTAIN-PAS,740002,37.5,-105.167,37.27915,-105.42884
Cold & Very Cold,rural,Rural,County,02188,Census Tract 1; Northwest Arctic Borough; Alaska,7611,2744,0.2,0.1,0.218439,0.01412,0.318106,0.166861,1037,False,1827.0,WA_EASTSOUND-ORCAS-ISLA,722208,48.708,-122.911,66.87028,-160.85507
Cold & Very Cold,rural,Rural,County,46061,Census Tract 9641; Hanson County; South Dakota,3473,1289,8.0,3.0,0.083887,0.287375,0.135382,0.165407,1038,False,13.7,SD_MITCHELL-MUNI,726545,43.774,-98.038,43.68061,-97.79685
Cold & Very Cold,rural,Rural,County,31029,Census Tract 9619; Chase County; Nebraska,3639,1870,4.1,2.1,0.145349,0.202658,0.140365,0.16441,1039,False,3.9,NE_IMPERIAL-FAA-AP,725626,40.511,-101.624,40.53039,-101.69419
Cold & Very Cold,rural,Rural,County,30101,Census Tract 1; Toole County; Montana,4458,2323,2.3,1.2,0.183555,0.13206,0.177741,0.164369,1040,False,32.7,MT_CUT-BANK-MUNI-AP,727690,48.604,-112.377,48.58335,-111.66216
Cold & Very Cold,rural,Rural,County,26083,Census Tract 1; Keweenaw County; Michigan,2106,2292,3.9,4.2,0.180233,0.193522,0.07392,0.163622,1041,False,11.3,MI_COPPER-HARBOR,725387,47.467,-87.875,47.36567,-88.06343
Cold & Very Cold,rural,Rural,County,46045,Census Tract 9621; Edmunds County; South Dakota,4033,1892,3.6,1.7,0.150332,0.180233,0.16196,0.163123,1042,False,34.9,SD_ABERDEEN-RGNL-AP,726590,45.444,-98.414,45.40477,-99.13127
Cold & Very Cold,rural,Rural,County,38097,Census Tract 9701; Traill County; North Dakota,3649,1688,4.3,2.0,0.127907,0.214286,0.142857,0.16113,1043,False,30.1,ND_GRAND-FORKS-IAP,727570,47.943,-97.183,47.50785,-97.16855
Cold & Very Cold,rural,Rural,County,30039,Census Tract 9617.01; Granite County; Montana,3419,2605,2.0,1.5,0.208472,0.113787,0.13289,0.160216,1044,False,34.8,MT_RAVALLI-COUNTY-AP,720759,46.255,-114.125,46.39263,-113.42448
Cold & Very Cold,rural,Rural,County,02158,Census Tract 1; Kusilvak Census Area; Alaska,8277,2341,0.5,0.1,0.184385,0.025748,0.340532,0.160091,1045,False,1779.8,WA_QUILLAYUTE-STATE-AP,727970,47.937,-124.558,62.28359,-163.19017
Cold & Very Cold,rural,Rural,County,30027,Census Tract 301; Fergus County; Montana,4877,2717,1.1,0.6,0.215116,0.063953,0.196844,0.158555,1046,False,14.2,MT_NOVEMBER-GRASS-RAN,721008,47.067,-109.033,47.22182,-109.23296
Cold & Very Cold,rural,Rural,County,46041,Census Tract 9415; Dewey County; South Dakota,5230,1927,2.3,0.8,0.151993,0.13206,0.215947,0.157807,1047,False,43.0,SD_MOBRIDGE-MUNI,726685,45.55,-100.409,45.09118,-101.00661
Cold & Very Cold,rural,Rural,County,46043,Census Tract 9696; Douglas County; South Dakota,2823,1354,6.5,3.1,0.093023,0.261628,0.107973,0.155025,1048,False,30.9,SD_MITCHELL-MUNI,726545,43.774,-98.038,43.39151,-98.35843
Cold & Very Cold,rural,Rural,County,08121,Census Tract 9241; Washington County; Colorado,4839,2280,1.9,0.9,0.177741,0.10299,0.193522,0.154734,1049,False,8.8,CO_AKRON-WASHINGTON-CO-AP,724698,40.174,-103.215,40.0472,-103.21429
Cold & Very Cold,rural,Rural,County,31061,Census Tract 9646; Franklin County; Nebraska,2868,1543,5.0,2.7,0.112957,0.233389,0.110465,0.15461,1050,False,27.2,NE_BREWSTER-FLD-AP,725628,40.45,-99.339,40.18634,-98.95504
Cold & Very Cold,rural,Rural,County,08065,Census Tract 9619; Lake County; Colorado,2528,1352,7.0,3.7,0.090532,0.269103,0.097176,0.154361,1051,False,2.4,CO_LAKE-CO_LEADVILLE,724673,39.228,-106.316,39.20534,-106.35008
Cold & Very Cold,rural,Rural,County,17009,Census Tract 9704; Brown County; Illinois,2374,1273,7.9,4.3,0.080565,0.284884,0.090532,0.15407,1052,False,23.3,IL_PITTSFIELD,744663,39.639,-90.778,39.97232,-90.71378
Cold & Very Cold,rural,Rural,County,31133,Census Tract 9678; Pawnee County; Nebraska,2539,1410,5.9,3.3,0.102159,0.25,0.098837,0.153239,1053,False,29.1,NE_BEATRICE-MUNI-AP,725515,40.301,-96.754,40.1378,-96.24521
Cold & Very Cold,rural,Rural,County,46025,Census Tract 9558; Clark County; South Dakota,3876,1609,4.0,1.7,0.11794,0.196844,0.156146,0.153198,1054,False,28.4,SD_WATERTOWN-MUNI-AP,726546,44.905,-97.15,44.85521,-97.72491
Cold & Very Cold,rural,Rural,County,31105,Census Tract 9545; Kimball County; Nebraska,3348,1812,3.5,1.9,0.140365,0.17608,0.127907,0.150374,1055,False,1.8,NE_KIMBALL-MUNI-APT,725665,41.189,-103.671,41.19927,-103.70315
Cold & Very Cold,rural,Rural,County,36005,Census Tract 19.03; Bronx County; New York,139,65,14.3,6.7,0.009967,0.408638,0.010797,0.149668,1056,False,6.4,NY_NEW-YORK-LAGUARDIA-AP,725030,40.779,-73.88,40.87063,-73.85748
Cold & Very Cold,rural,Rural,County,38025,Census Tract 9622; Dunn County; North Dakota,4043,2116,2.0,1.1,0.165282,0.113787,0.162791,0.146761,1057,False,39.3,ND_DICKINSON-T-ROOSEVELT,727630,46.8,-102.797,47.35456,-102.61232
Cold & Very Cold,rural,Rural,County,30091,Census Tract 902; Sheridan County; Montana,3677,2049,2.2,1.2,0.156977,0.128738,0.143688,0.144436,1058,False,59.7,ND_CROSBY-MUNI-AP,720861,48.929,-103.297,48.75404,-104.58188
Cold & Very Cold,rural,Rural,County,08011,Census Tract 9667.02; Bent County; Colorado,3723,1865,2.5,1.2,0.144518,0.138704,0.14701,0.142982,1059,False,23.4,CO_LAMAR-MUNI-AP,724636,38.072,-102.687,37.93189,-103.07758
Cold & Very Cold,rural,Rural,County,38073,Census Tract 9689; Ransom County; North Dakota,3354,1526,3.9,1.8,0.109635,0.193522,0.129568,0.142982,1060,False,17.2,ND_GWINNER-ROGER-MELROE-FIELD,720491,46.217,-97.633,46.46564,-97.60793
Cold & Very Cold,rural,Rural,County,38063,Census Tract 9590; Nelson County; North Dakota,3015,1798,3.1,1.8,0.139535,0.159468,0.116279,0.14186,1061,False,34.9,ND_DEVILS-LAKE-MUNI,727573,48.117,-98.9,47.91867,-98.20443
Cold & Very Cold,rural,Rural,County,38029,Census Tract 9665; Emmons County; North Dakota,3269,2049,2.2,1.4,0.156977,0.128738,0.124585,0.140615,1062,False,4.6,ND_LINTON-MUNI,720933,46.218,-100.245,46.28426,-100.23784
Cold & Very Cold,rural,Rural,County,31087,Census Tract 9627; Hitchcock County; Nebraska,2601,1566,3.7,2.2,0.115449,0.186047,0.103821,0.137833,1063,False,23.3,KS_ATWOOD-RAWLNS-CO-CTY-CO-AP,720421,39.84,-101.042,40.1769,-101.04422
Cold & Very Cold,rural,Rural,County,30097,Census Tract 9670; Sweet Grass County; Montana,3713,1929,2.0,1.0,0.152824,0.113787,0.145349,0.137666,1064,False,25.2,MT_LIVINGSTON-MISSION-FLD,726798,45.698,-110.442,45.81129,-109.9448
Cold & Very Cold,rural,Rural,County,31033,Census Tract 9548; Cheyenne County; Nebraska,3084,1706,2.6,1.4,0.130399,0.146179,0.120432,0.133929,1065,False,8.1,NE_SIDNEY-MUNI-AP,725610,41.099,-102.986,41.21424,-103.01193
Cold & Very Cold,rural,Rural,County,27167,Census Tract 9501; Wilkin County; Minnesota,3067,1284,4.1,1.7,0.083056,0.202658,0.119601,0.132226,1066,False,10.3,ND_WAHPETON,722004,46.244,-96.607,46.36234,-96.47666
Cold & Very Cold,rural,Rural,County,08081,Census Tract 3; Moffat County; Colorado,4648,2131,1.0,0.4,0.166944,0.056478,0.183555,0.131603,1067,False,12.5,CO_CRAIG-MOFFAT,725700,40.493,-107.524,40.59637,-107.71884
Cold & Very Cold,rural,Rural,County,49023,Census Tract 102; Juab County; Utah,5189,1673,1.5,0.5,0.127076,0.083887,0.211794,0.128903,1068,False,33.3,UT_DUGWAY-PROVING-GROU,740030,40.183,-112.933,39.71412,-112.79047
Cold & Very Cold,rural,Rural,County,38085,Census Tract 9408; Sioux County; North Dakota,3789,1276,3.5,1.2,0.082226,0.17608,0.151163,0.128862,1069,False,31.4,ND_LINTON-MUNI,720933,46.218,-100.245,46.10163,-100.87865
Cold & Very Cold,rural,Rural,County,38051,Census Tract 9729; McIntosh County; North Dakota,2512,1701,2.6,1.7,0.129568,0.146179,0.096346,0.128737,1070,False,40.4,ND_LINTON-MUNI,720933,46.218,-100.245,46.10868,-99.41649
Cold & Very Cold,rural,Rural,County,02070,Census Tract 1; Dillingham Census Area; Alaska,4780,2416,0.3,0.1,0.188538,0.015781,0.188538,0.128073,1071,False,1570.7,WA_QUILLAYUTE-STATE-AP,727970,47.937,-124.558,59.28634,-158.44789
Cold & Very Cold,rural,Rural,County,46065,Census Tract 9780; Hughes County; South Dakota,2992,1168,4.2,1.7,0.068937,0.210963,0.112957,0.12745,1072,False,15.3,MN_PIERRE-RGNL-AP,726560,44.382,-100.286,44.38445,-99.97568
Cold & Very Cold,rural,Rural,County,46085,Census Tract 9401; Lyman County; South Dakota,3717,1561,2.3,1.0,0.114618,0.13206,0.146179,0.127035,1073,False,26.2,SD_CHAMBERLAIN(AMOS),726530,43.767,-99.318,43.93299,-99.79089
Cold & Very Cold,rural,Rural,County,38011,Census Tract 9652; Bowman County; North Dakota,2935,1637,2.5,1.4,0.122093,0.138704,0.111296,0.125747,1074,False,38.8,SD_BUFFALO(AMOS),726627,45.604,-103.547,46.16063,-103.44392
Cold & Very Cold,rural,Rural,County,30071,Census Tract 602; Phillips County; Montana,4224,2235,0.8,0.4,0.173588,0.039037,0.168605,0.125499,1075,False,60.2,MT_GLASGOW-IAP,727680,48.214,-106.621,48.25014,-107.9289
Cold & Very Cold,rural,Rural,County,46107,Census Tract 1; Potter County; South Dakota,2430,1569,2.8,1.8,0.116279,0.152824,0.093854,0.124585,1076,False,40.7,SD_MOBRIDGE-MUNI,726685,45.55,-100.409,45.05271,-99.962
Cold & Very Cold,rural,Rural,County,08115,Census Tract 9683; Sedgwick County; Colorado,2346,1184,4.3,2.2,0.070598,0.214286,0.08804,0.124377,1077,False,21.5,CO_HOLYOKE,720537,40.567,-102.267,40.87157,-102.35536
Cold & Very Cold,rural,Rural,County,08009,Census Tract 9646; Baca County; Colorado,3460,1986,1.4,0.8,0.154485,0.079734,0.134551,0.124335,1078,False,7.6,CO_SPRINGFIELD-COMANCHE,724646,37.283,-102.614,37.316,-102.48224
Cold & Very Cold,rural,Rural,County,46059,Census Tract 9756; Hand County; South Dakota,3045,1698,2.1,1.2,0.128738,0.119601,0.11711,0.123214,1079,False,38.7,SD_HURON-RGNL-AP,726540,44.379,-98.223,44.53089,-98.97879
Cold & Very Cold,rural,Rural,County,31017,Census Tract 9750; Brown County; Nebraska,2739,1645,2.2,1.3,0.124585,0.128738,0.106312,0.122384,1080,False,15.5,NE_AINSWORTH-MUNI-AP,725556,42.577,-100.001,42.35956,-99.92392
Cold & Very Cold,rural,Rural,County,38027,Census Tract 9592; Eddy County; North Dakota,2319,1338,3.7,2.1,0.08887,0.186047,0.086379,0.122384,1081,False,22.2,ND_CARRINGTON-MUNI-AP,720737,47.451,-99.151,47.72344,-98.90047
Cold & Very Cold,rural,Rural,County,31135,Census Tract 9593; Perkins County; Nebraska,2835,1353,3.2,1.5,0.092193,0.165282,0.109635,0.121263,1082,False,19.5,NE_OGALLA-SEARLE-FLD,725621,41.119,-101.768,40.85765,-101.62747
Cold & Very Cold,rural,Rural,County,46111,Census Tract 9621; Sanborn County; South Dakota,2370,1134,4.2,2.0,0.064784,0.210963,0.08887,0.120764,1083,False,17.1,SD_MITCHELL-MUNI,726545,43.774,-98.038,44.01894,-98.09171
Cold & Very Cold,rural,Rural,County,31073,Census Tract 9676; Gosper County; Nebraska,1929,1209,4.2,2.6,0.07309,0.210963,0.064784,0.119684,1084,False,19.5,NE_LEXINGTON-JIM-KELLY-FLD,725624,40.789,-99.771,40.50909,-99.82321
Cold & Very Cold,rural,Rural,County,46097,Census Tract 9616; Miner County; South Dakota,2299,1210,4.0,2.1,0.07392,0.196844,0.084718,0.119103,1085,False,25.9,SD_MADISON-MUNI-AP,720624,44.016,-97.086,44.02154,-97.60812
Cold & Very Cold,rural,Rural,County,08033,Census Tract 1; Dolores County; Colorado,2385,1640,2.2,1.5,0.122924,0.128738,0.091362,0.118646,1086,False,30.2,CO_CORTEZ-MONTEZUMA-CO,724767,37.307,-108.626,37.73382,-108.50622
Cold & Very Cold,rural,Rural,County,02066,Census Tract 1; Copper River Census Area; Alaska,2626,2597,0.1,0.1,0.207641,0.010797,0.104651,0.118148,1087,False,1225.1,WA_EASTSOUND-ORCAS-ISLA,722208,48.708,-122.911,62.03448,-143.92217
Cold & Very Cold,rural,Rural,County,38039,Census Tract 9686; Griggs County; North Dakota,2340,1353,3.3,1.9,0.092193,0.168605,0.087209,0.11794,1088,False,36.9,ND_BARNES-CO-MUNI,720911,46.942,-98.018,47.45633,-98.23229
Cold & Very Cold,rural,Rural,County,46003,Census Tract 9736; Aurora County; South Dakota,2573,1227,3.6,1.7,0.074751,0.180233,0.101329,0.116985,1089,False,27.1,SD_MITCHELL-MUNI,726545,43.774,-98.038,43.72472,-98.57759
Cold & Very Cold,rural,Rural,County,02195,Census Tract 2; Petersburg Borough; Alaska,3394,1871,1.2,0.6,0.146179,0.069767,0.13206,0.116611,1090,False,715.5,WA_EASTSOUND-ORCAS-ISLA,722208,48.708,-122.911,57.11246,-133.0086
Cold & Very Cold,rural,Rural,County,31077,Census Tract 9709; Greeley County; Nebraska,2211,1202,3.9,2.1,0.072259,0.193522,0.081395,0.116528,1091,False,22.0,NE_ORD-SHARP-FIELD,725524,41.623,-98.949,41.56756,-98.53057
Cold & Very Cold,rural,Rural,County,46117,Census Tract 9601; Stanley County; South Dakota,3012,1541,2.1,1.1,0.112126,0.119601,0.115449,0.115407,1092,False,22.9,MN_PIERRE-RGNL-AP,726560,44.382,-100.286,44.41398,-100.74782
Cold & Very Cold,rural,Rural,County,31063,Census Tract 9611; Frontier County; Nebraska,2562,1372,2.6,1.4,0.096346,0.146179,0.100498,0.114618,1093,False,24.6,NE_MCCOOK-RGNL-AP,725625,40.204,-100.59,40.53095,-100.40668
Cold & Very Cold,rural,Rural,County,02150,Census Tract 1; Kodiak Island Borough; Alaska,3815,2108,0.6,0.3,0.163621,0.028239,0.152824,0.114078,1094,False,1357.0,WA_QUILLAYUTE-STATE-AP,727970,47.937,-124.558,57.52354,-153.26297
Cold & Very Cold,rural,Rural,County,46007,Census Tract 9410; Bennett County; South Dakota,3354,1232,2.8,1.0,0.075581,0.152824,0.129568,0.113413,1095,False,35.5,NE_GORDON-MUNICIPAL,725637,42.806,-102.175,43.18338,-101.69695
Cold & Very Cold,rural,Rural,County,31049,Census Tract 9554; Deuel County; Nebraska,1865,1000,4.2,2.3,0.056478,0.210963,0.063953,0.112043,1096,False,28.2,NE_INDIA-(SIDNEY),720986,41.05,-102.867,41.1119,-102.33261
Cold & Very Cold,rural,Rural,County,38071,Census Tract 9577; Ramsey County; North Dakota,2577,1414,2.2,1.2,0.10299,0.128738,0.102159,0.111836,1097,False,12.7,ND_DEVILS-LAKE-MUNI,727573,48.117,-98.9,48.26616,-98.73903
Cold & Very Cold,rural,Rural,County,02016,Census Tract 1; Aleutians West Census Area; Alaska,5178,1391,1.2,0.3,0.099668,0.069767,0.210963,0.111462,1098,False,322.1,ID_BOUNDARY-CO,720923,48.726,-116.295,53.37954,-116.7321
Cold & Very Cold,rural,Rural,County,38041,Census Tract 9647; Hettinger County; North Dakota,2453,1438,2.2,1.3,0.103821,0.128738,0.094684,0.110715,1099,False,29.3,ND_DICKINSON-T-ROOSEVELT,727630,46.8,-102.797,46.43803,-102.47657
Cold & Very Cold,rural,Rural,County,38043,Census Tract 9668; Kidder County; North Dakota,2374,1651,1.8,1.2,0.125415,0.099668,0.090532,0.109427,1100,False,38.5,ND_CARRINGTON-MUNI-AP,720737,47.451,-99.151,47.09901,-99.78691
Cold & Very Cold,rural,Rural,County,56043,Census Tract 2; Washakie County; Wyoming,3122,1661,1.4,0.7,0.126246,0.079734,0.122093,0.109136,1101,False,15.2,WY_WORLAND-MUNI,726665,43.965,-107.95,43.87883,-107.66905
Cold & Very Cold,rural,Rural,County,38075,Census Tract 9529; Renville County; North Dakota,2277,1312,2.6,1.5,0.087209,0.146179,0.083056,0.107018,1102,False,4.4,ND_NOVEMBER-MOHALL,721025,48.76,-101.592,48.71278,-101.65815
Cold & Very Cold,rural,Rural,County,46105,Census Tract 9683; Perkins County; South Dakota,3058,1729,1.1,0.6,0.13289,0.063953,0.118771,0.105938,1103,False,37.5,ND_HETTINGER,727584,46.011,-102.652,45.48339,-102.46799
Cold & Very Cold,rural,Rural,County,46031,Census Tract 9410; Corson County; South Dakota,3859,1360,1.6,0.6,0.095515,0.08887,0.154485,0.104983,1104,False,29.5,SD_MOBRIDGE-MUNI,726685,45.55,-100.409,45.73367,-100.96133
Cold & Very Cold,rural,Rural,County,30065,Census Tract 1; Musselshell County; Montana,3001,1529,1.6,0.8,0.110465,0.08887,0.113787,0.103571,1105,False,47.9,MT_NOVEMBER-GRASS-RAN,721008,47.067,-109.033,46.50528,-108.43976
Cold & Very Cold,rural,Rural,County,30025,Census Tract 1; Fallon County; Montana,2817,1451,1.7,0.9,0.104651,0.093023,0.107143,0.10108,1106,False,7.3,MT_BAKER-MUNI-AP,726777,46.352,-104.261,46.31818,-104.40572
Cold & Very Cold,rural,Rural,County,38013,Census Tract 9533; Burke County; North Dakota,2163,1403,2.0,1.3,0.101329,0.113787,0.077243,0.100872,1107,False,11.4,ND_LIMA-BOWBELLS,721023,48.789,-102.269,48.78645,-102.52009
Cold & Very Cold,rural,Rural,County,31015,Census Tract 9758; Boyd County; Nebraska,1704,1199,3.2,2.2,0.071429,0.165282,0.052326,0.100457,1108,False,29.6,NE_ONEILL-BAKER-FIELD,725566,42.47,-98.688,42.89445,-98.77302
Cold & Very Cold,rural,Rural,County,38001,Census Tract 9656; Adams County; North Dakota,2179,1336,2.2,1.4,0.08804,0.128738,0.078904,0.100457,1109,False,8.2,ND_HETTINGER,727584,46.011,-102.652,46.09681,-102.5332
Cold & Very Cold,rural,Rural,County,38037,Census Tract 9659; Grant County; North Dakota,2276,1642,1.4,1.0,0.123754,0.079734,0.082226,0.100041,1110,False,33.2,ND_GLEN-ULLIN-RGNL,720895,46.813,-101.86,46.35783,-101.63905
Cold & Very Cold,rural,Rural,County,46073,Census Tract 9741; Jerauld County; South Dakota,1845,1001,3.5,1.9,0.057309,0.17608,0.062292,0.099875,1111,False,29.5,SD_HURON-RGNL-AP,726540,44.379,-98.223,44.06341,-98.62317
Cold & Very Cold,rural,Rural,County,49055,Census Tract 9791; Wayne County; Utah,2557,1713,1.0,0.7,0.13206,0.056478,0.099668,0.099128,1112,False,19.1,UT_HANKSVILLE,724733,38.417,-110.7,38.25986,-110.99087
Cold & Very Cold,rural,Rural,County,02220,Census Tract 1; Sitka City and Borough; Alaska,3057,1590,1.1,0.6,0.11711,0.063953,0.11794,0.098671,1113,False,780.3,WA_EASTSOUND-ORCAS-ISLA,722208,48.708,-122.911,57.1932,-135.3674
Cold & Very Cold,rural,Rural,County,31045,Census Tract 9506; Dawes County; Nebraska,2486,1349,1.8,1.0,0.089701,0.099668,0.095515,0.094352,1114,False,8.8,NE_CHADRON-MUNI-AP,725636,42.837,-103.098,42.71304,-103.13544
Cold & Very Cold,rural,Rural,County,36061,Census Tract 1; New York County; New York,14,0,6.3,0.0,0.007475,0.254983,0.006645,0.093937,1115,False,6.8,NY_NYC-CENTRAL-PARK,725053,40.779,-73.969,40.87175,-73.92479
Cold & Very Cold,rural,Rural,County,31071,Census Tract 9732; Garfield County; Nebraska,1797,977,3.2,1.7,0.053156,0.165282,0.05814,0.093397,1116,False,19.6,NE_ORD-SHARP-FIELD,725524,41.623,-98.949,41.90691,-98.95128
Cold & Very Cold,rural,Rural,County,38095,Census Tract 9515; Towner County; North Dakota,2113,1263,2.1,1.2,0.079734,0.119601,0.075581,0.092857,1117,False,14.0,ND_CANDO-MUNI-AP,720858,48.48,-99.236,48.68218,-99.24816
Cold & Very Cold,rural,Rural,County,38023,Census Tract 9545; Divide County; North Dakota,2174,1373,1.7,1.1,0.097176,0.093023,0.078073,0.091902,1118,False,12.5,ND_CROSBY-MUNI-AP,720861,48.929,-103.297,48.81475,-103.50933
Cold & Very Cold,rural,Rural,County,46089,Census Tract 9631; McPherson County; South Dakota,2278,1247,2.0,1.1,0.077243,0.113787,0.083887,0.091362,1119,False,45.1,SD_ABERDEEN-RGNL-AP,726590,45.444,-98.414,45.78425,-99.21142
Cold & Very Cold,rural,Rural,County,46017,Census Tract 9402; Buffalo County; South Dakota,1757,577,3.7,1.2,0.030731,0.186047,0.056478,0.090241,1120,False,20.0,SD_CHAMBERLAIN(AMOS),726530,43.767,-99.318,44.04431,-99.204
Cold & Very Cold,rural,Rural,County,46049,Census Tract 9611; Faulk County; South Dakota,2137,1080,2.2,1.1,0.060631,0.128738,0.076412,0.087625,1121,False,44.5,SD_ABERDEEN-RGNL-AP,726590,45.444,-98.414,45.06548,-99.15356
Cold & Very Cold,rural,Rural,County,38091,Census Tract 9687; Steele County; North Dakota,1731,1120,2.4,1.6,0.063123,0.133721,0.054817,0.086171,1122,False,37.9,ND_BARNES-CO-MUNI,720911,46.942,-98.018,47.45106,-97.71892
Cold & Very Cold,rural,Rural,County,36081,Census Tract 37; Queens County; New York,117,70,4.7,2.8,0.010797,0.225914,0.009967,0.085922,1123,False,6.5,NY_NEW-YORK-J-F-KENNEDY-IAP,744860,40.639,-73.764,40.73344,-73.76801
Cold & Very Cold,rural,Rural,County,02105,Census Tract 4; Hoonah-Angoon Census Area; Alaska,2313,1741,0.4,0.3,0.134551,0.019934,0.085548,0.084634,1124,False,826.9,WA_EASTSOUND-ORCAS-ISLA,722208,48.708,-122.911,58.07353,-135.513
Cold & Very Cold,rural,Rural,County,38103,Census Tract 9600; Wells County; North Dakota,2182,1249,1.7,1.0,0.078073,0.093023,0.079734,0.083638,1125,False,26.4,ND_CARRINGTON-MUNI-AP,720737,47.451,-99.151,47.58085,-99.68221
Cold & Very Cold,rural,Rural,County,38065,Census Tract 9612; Oliver County; North Dakota,1821,912,2.5,1.3,0.049834,0.138704,0.060631,0.083098,1126,False,16.7,ND_MERCER-CO-RGNL-AP,720866,47.29,-101.581,47.11808,-101.33142
Cold & Very Cold,rural,Rural,County,16023,Census Tract 9701; Butte County; Idaho,2654,1275,1.2,0.6,0.081395,0.069767,0.105482,0.082143,1127,False,56.7,ID_IDAHO-FALLS-FANNING-FIELD,725785,43.52,-112.068,43.6851,-113.17763
Cold & Very Cold,rural,Rural,County,56027,Census Tract 9572; Niobrara County; Wyoming,2415,1378,0.9,0.5,0.098007,0.049003,0.093023,0.079859,1128,False,49.7,WY_CONVERSE-CO,725686,42.796,-105.38,43.06216,-104.46837
Cold & Very Cold,rural,Rural,County,02230,Census Tract 1; Skagway Municipality; Alaska,1308,656,3.0,1.5,0.034053,0.158638,0.042359,0.079319,1129,False,899.8,WA_EASTSOUND-ORCAS-ISLA,722208,48.708,-122.911,59.56038,-135.33828
Cold & Very Cold,rural,Rural,County,31057,Census Tract 9623; Dundy County; Nebraska,1811,1002,2.0,1.1,0.05814,0.113787,0.05897,0.077782,1130,False,23.1,NE_IMPERIAL-FAA-AP,725626,40.511,-101.624,40.18017,-101.68113
Cold & Very Cold,rural,Rural,County,46071,Census Tract 9412; Jackson County; South Dakota,2826,1018,1.5,0.5,0.05897,0.083887,0.108804,0.077658,1131,False,26.4,SD_PHILIP-AP,726516,44.051,-101.601,43.66993,-101.62512
Cold & Very Cold,rural,Rural,County,02100,Census Tract 1; Haines Borough; Alaska,2077,1401,0.9,0.6,0.100498,0.049003,0.071429,0.076661,1132,False,880.7,WA_EASTSOUND-ORCAS-ISLA,722208,48.708,-122.911,59.0984,-135.57579
Cold & Very Cold,rural,Rural,County,49031,Census Tract 9601; Piute County; Utah,1705,892,2.2,1.2,0.046512,0.128738,0.053156,0.07662,1133,False,43.9,UT_BRYCE-CNYN-FAA-AP,724756,37.701,-112.149,38.33588,-112.12938
Cold & Very Cold,rural,Rural,County,38047,Census Tract 9725; Logan County; North Dakota,1848,1068,1.9,1.1,0.059801,0.10299,0.063123,0.075582,1134,False,39.4,ND_LINTON-MUNI,720933,46.218,-100.245,46.46928,-99.50458
Cold & Very Cold,rural,Rural,County,30059,Census Tract 1; Meagher County; Montana,1979,1460,0.8,0.6,0.106312,0.039037,0.067276,0.074959,1135,False,48.5,MT_ALPHA-(RAYNESFORD),720994,47.283,-110.8,46.5857,-110.92174
Cold & Very Cold,rural,Rural,County,46021,Census Tract 9641; Campbell County; South Dakota,1481,921,2.0,1.3,0.051495,0.113787,0.048173,0.072633,1136,False,25.5,SD_MOBRIDGE-MUNI,726685,45.55,-100.409,45.78557,-100.00211
Cold & Very Cold,rural,Rural,County,56019,Census Tract 9551; Johnson County; Wyoming,2196,1459,0.5,0.4,0.105482,0.025748,0.080565,0.072592,1137,False,24.2,WY_JOHNSON-CO-AP,726654,44.381,-106.72,44.04405,-106.58854
Cold & Very Cold,rural,Rural,County,30107,Census Tract 1; Wheatland County; Montana,2049,1159,1.4,0.8,0.067276,0.079734,0.069767,0.072135,1138,False,4.3,MT_KILO-HARLOWTOWN,721005,46.45,-109.8,46.49697,-109.85768
Cold & Very Cold,rural,Rural,County,30045,Census Tract 1; Judith Basin County; Montana,2053,1233,1.1,0.7,0.076412,0.063953,0.070598,0.070889,1139,False,8.0,MT_CHARLIE-STANFORD,720996,47.1,-110.167,47.03256,-110.30532
Cold & Very Cold,rural,Rural,County,02013,Census Tract 1; Aleutians East Borough; Alaska,3423,1174,0.5,0.2,0.069767,0.025748,0.133721,0.067151,1140,False,1651.8,WA_QUILLAYUTE-STATE-AP,727970,47.937,-124.558,55.5139,-161.72886
Cold & Very Cold,rural,Rural,County,36047,Census Tract 18.02; Kings County; New York,41,17,3.5,1.5,0.008306,0.17608,0.008306,0.067027,1141,False,6.2,NY_PORT-AUTH-DOWNTN-MANHATTAN,720553,40.701,-74.009,40.63068,-73.93524
Cold & Very Cold,rural,Rural,County,02275,Census Tract 3; Wrangell City and Borough; Alaska,2106,1300,0.8,0.5,0.084718,0.039037,0.07392,0.06657,1142,False,642.3,WA_EASTSOUND-ORCAS-ISLA,722208,48.708,-122.911,56.18078,-132.02679
Cold & Very Cold,rural,Rural,County,08053,Census Tract 9731; Hinsdale County; Colorado,939,1384,0.8,1.2,0.098837,0.039037,0.033223,0.064784,1143,False,29.7,CO_TELLURIDE-RGNL-AP,724627,37.95,-107.9,37.81152,-107.38397
Cold & Very Cold,rural,Rural,County,38019,Census Tract 9511; Cavalier County; North Dakota,1826,1110,1.2,0.7,0.062292,0.069767,0.061462,0.064742,1144,False,28.1,ND_WALHALLA-MUNI,722857,48.941,-97.903,48.76844,-98.46379
Cold & Very Cold,rural,Rural,County,38033,Census Tract 9629; Golden Valley County; North Dakota,1679,906,1.7,0.9,0.048173,0.093023,0.051495,0.064535,1145,False,6.6,ND_BEACH-AP,720854,46.925,-103.982,46.93892,-103.84461
Cold & Very Cold,rural,Rural,County,46137,Census Tract 9416; Ziebach County; South Dakota,2410,895,1.2,0.5,0.047342,0.069767,0.092193,0.064161,1146,False,17.8,SD_FAITH,726539,45.033,-102.02,44.98976,-101.66083
Cold & Very Cold,rural,Rural,County,39035,Census Tract 9801; Cuyahoga County; Ohio,24,0,3.3,0.0,0.007475,0.168605,0.007475,0.06387,1147,False,6.6,OH_CUYAHOGA-CO,725247,41.567,-81.483,41.47218,-81.49487
Cold & Very Cold,rural,Rural,County,46095,Census Tract 9403; Mellette County; South Dakota,2043,779,1.6,0.6,0.040698,0.08887,0.068937,0.063206,1148,False,47.6,SD_WINNER,726518,43.389,-99.843,43.58133,-100.75521
Cold & Very Cold,rural,Rural,County,30051,Census Tract 501; Liberty County; Montana,1968,832,1.4,0.6,0.04485,0.079734,0.065615,0.061212,1149,False,58.2,MT_HAVRE-CITY-CO-AP,727770,48.543,-109.764,48.55965,-111.03692
Cold & Very Cold,rural,Rural,County,46119,Census Tract 9791; Sully County; South Dakota,1481,908,1.5,0.9,0.049003,0.083887,0.048173,0.061046,1150,False,24.7,MN_PIERRE-RGNL-AP,726560,44.382,-100.286,44.72232,-100.1314
Cold & Very Cold,rural,Rural,County,30019,Census Tract 203; Daniels County; Montana,1524,1130,1.1,0.8,0.063953,0.063953,0.049003,0.060963,1151,False,48.4,MT_WOLF-POINT-IAP,727686,48.094,-105.578,48.79443,-105.54174
Cold & Very Cold,rural,Rural,County,02060,Census Tract 1; Bristol Bay Borough; Alaska,878,831,1.8,1.7,0.04402,0.099668,0.030731,0.060839,1152,False,1510.1,WA_QUILLAYUTE-STATE-AP,727970,47.937,-124.558,58.74166,-156.96681
Cold & Very Cold,rural,Rural,County,31069,Census Tract 9521; Garden County; Nebraska,1620,1163,1.0,0.7,0.068106,0.056478,0.049834,0.060382,1153,False,35.1,NE_HOTEL-(GURLEY),720985,41.317,-102.833,41.63336,-102.30298
Cold & Very Cold,rural,Rural,County,08079,Census Tract 9736; Mineral County; Colorado,799,1251,0.9,1.4,0.078904,0.049003,0.026578,0.057973,1154,False,13.1,CO_PAGOSA-SPRINGS-WOL,722101,37.45,-106.8,37.54907,-107.00324
Cold & Very Cold,rural,Rural,County,56017,Census Tract 9679; Hot Springs County; Wyoming,1971,987,1.0,0.5,0.054817,0.056478,0.066445,0.057724,1155,False,17.6,WY_BOYSEN,721036,43.467,-108.389,43.72021,-108.43508
Cold & Very Cold,rural,Rural,County,02068,Census Tract 1; Denali Borough; Alaska,2029,1306,0.2,0.1,0.085548,0.01412,0.068106,0.05706,1156,False,1447.6,WA_EASTSOUND-ORCAS-ISLA,722208,48.708,-122.911,63.68204,-150.02702
Cold & Very Cold,rural,Rural,County,49009,Census Tract 9601; Daggett County; Utah,747,1155,1.1,1.7,0.066445,0.063953,0.022425,0.056769,1157,False,30.9,UT_VERNAL-AP,725705,40.443,-109.513,40.8901,-109.50579
Cold & Very Cold,rural,Rural,County,08111,Census Tract 9726; San Juan County; Colorado,690,720,1.8,1.9,0.039037,0.099668,0.020764,0.056603,1158,False,17.1,CO_TELLURIDE-RGNL-AP,724627,37.95,-107.9,37.78105,-107.67026
Cold & Very Cold,rural,Rural,County,08057,Census Tract 9556; Jackson County; Colorado,1422,1155,0.9,0.7,0.066445,0.049003,0.046512,0.056354,1159,False,30.0,CO_STEAMBOAT-SPRINGS-ADAMS-FL,724678,40.517,-106.867,40.66343,-106.32925
Cold & Very Cold,rural,Rural,County,38083,Census Tract 9602; Sheridan County; North Dakota,1327,824,1.4,0.8,0.042359,0.079734,0.043189,0.055606,1160,False,29.1,ND_ALPHA-(BALFOUR),721011,47.967,-100.581,47.58136,-100.33099
Cold & Very Cold,rural,Rural,County,08017,Census Tract 9606; Cheyenne County; Colorado,1732,965,1.0,0.5,0.052326,0.056478,0.055648,0.054444,1161,False,32.8,CO_BURLINGTON,724689,39.241,-102.282,38.83565,-102.60179
Cold & Very Cold,rural,Rural,County,31149,Census Tract 9746; Rock County; Nebraska,1335,829,1.3,0.8,0.043189,0.07309,0.04402,0.053821,1162,False,32.1,NE_AINSWORTH-MUNI-AP,725556,42.577,-100.001,42.39475,-99.42085
Cold & Very Cold,rural,Rural,County,46069,Census Tract 9767; Hyde County; South Dakota,1305,632,1.5,0.7,0.033223,0.083887,0.041528,0.052616,1163,False,41.5,MN_PIERRE-RGNL-AP,726560,44.382,-100.286,44.53717,-99.47274
Cold & Very Cold,rural,Rural,County,02164,Census Tract 1; Lake and Peninsula Borough; Alaska,1007,1355,0.0,0.1,0.093854,0.007475,0.034884,0.051827,1164,False,1479.5,WA_QUILLAYUTE-STATE-AP,727970,47.937,-124.558,58.10851,-156.41341
Cold & Very Cold,rural,Rural,County,30055,Census Tract 9540; McCone County; Montana,1818,1082,0.7,0.4,0.061462,0.032392,0.059801,0.050955,1165,False,33.1,MT_WOLF-POINT-IAP,727686,48.094,-105.578,47.62963,-105.75722
Cold & Very Cold,rural,Rural,County,30017,Census Tract 9613; Custer County; Montana,2098,987,0.6,0.3,0.054817,0.028239,0.072259,0.049003,1166,False,19.5,MT_MILES-CITY-MUNI-AP,742300,46.426,-105.883,46.26141,-105.55035
Cold & Very Cold,rural,Rural,County,46055,Census Tract 9601; Haakon County; South Dakota,1708,872,0.9,0.5,0.045681,0.049003,0.053987,0.048505,1167,False,16.7,SD_PHILIP-AP,726516,44.051,-101.601,44.2881,-101.54086
Cold & Very Cold,rural,Rural,County,31183,Census Tract 9736; Wheeler County; Nebraska,785,603,1.4,1.0,0.032392,0.079734,0.024917,0.047467,1168,False,27.5,NE_ALBION-AP,723441,41.73,-98.054,41.92257,-98.52085
Cold & Very Cold,rural,Rural,County,30109,Census Tract 1; Wibaux County; Montana,1148,596,1.3,0.7,0.031561,0.07309,0.038206,0.047425,1169,False,14.0,ND_BEACH-AP,720854,46.925,-103.982,46.96297,-104.27452
Cold & Very Cold,rural,Rural,County,16025,Census Tract 9701; Camas County; Idaho,1155,694,1.1,0.6,0.036545,0.063953,0.039037,0.046636,1170,False,23.7,ID_HAILEY-FRIEDMAN-MEM,725865,43.5,-114.3,43.50255,-114.77213
Cold & Very Cold,rural,Rural,County,30075,Census Tract 1; Powder River County; Montana,1762,997,0.5,0.3,0.055648,0.025748,0.057309,0.045515,1171,False,72.0,MT_MILES-CITY-MUNI-AP,742300,46.426,-105.883,45.40893,-105.55534
Cold & Very Cold,rural,Rural,County,31103,Census Tract 9754; Keya Paha County; Nebraska,939,495,1.2,0.6,0.02907,0.069767,0.033223,0.044145,1172,False,25.1,NE_AINSWORTH-MUNI-AP,725556,42.577,-100.001,42.87548,-99.71835
Cold & Very Cold,rural,Rural,County,31085,Census Tract 9615; Hayes County; Nebraska,854,479,1.2,0.7,0.028239,0.069767,0.0299,0.043106,1173,False,30.3,NE_IMPERIAL-FAA-AP,725626,40.511,-101.624,40.53723,-101.04796
Cold & Very Cold,rural,Rural,County,46075,Census Tract 916; Jones County; South Dakota,1030,478,1.1,0.5,0.026578,0.063953,0.035714,0.041486,1174,False,35.7,MN_PIERRE-RGNL-AP,726560,44.382,-100.286,43.95199,-100.68614
Cold & Very Cold,rural,Rural,County,31113,Census Tract 9575; Logan County; Nebraska,812,356,1.4,0.6,0.016611,0.079734,0.028239,0.04103,1175,False,29.9,NE_THEDFORD-THOMAS-COU,722211,41.964,-100.569,41.54216,-100.44366
Cold & Very Cold,rural,Rural,County,08061,Census Tract 9601; Kiowa County; Colorado,1356,704,0.8,0.4,0.038206,0.039037,0.04485,0.039826,1176,False,22.1,CO_LAMAR-MUNI-AP,724636,38.072,-102.687,38.38766,-102.75685
Cold & Very Cold,rural,Rural,County,30079,Census Tract 1; Prairie County; Montana,1251,667,0.7,0.4,0.034884,0.032392,0.040698,0.035175,1177,False,32.2,MT_MILES-CITY-MUNI-AP,742300,46.426,-105.883,46.81239,-105.50394
Cold & Very Cold,rural,Rural,County,30011,Census Tract 3; Carter County; Montana,1361,799,0.4,0.2,0.041528,0.019934,0.045681,0.034801,1178,False,47.2,SD_BUFFALO(AMOS),726627,45.604,-103.547,45.51682,-104.51532
Cold & Very Cold,rural,Rural,County,38007,Census Tract 9631; Billings County; North Dakota,948,527,0.8,0.5,0.0299,0.039037,0.034053,0.033929,1179,False,29.7,ND_BEACH-AP,720854,46.925,-103.982,47.00704,-103.36402
Cold & Very Cold,rural,Rural,County,31165,Census Tract 9501; Sioux County; Nebraska,1197,682,0.6,0.3,0.035714,0.028239,0.039867,0.033928,1180,False,35.7,WY_TORRINGTON-MUNI-AP,725763,42.061,-104.158,42.47067,-103.73217
Cold & Very Cold,rural,Rural,County,31115,Census Tract 9728; Loup County; Nebraska,564,429,1.0,0.8,0.021595,0.056478,0.017442,0.032973,1181,False,32.9,NE_BROKEN-BOW-MUNI,725555,41.437,-99.639,41.90279,-99.50928
Cold & Very Cold,rural,Rural,County,46063,Census Tract 9687; Harding County; South Dakota,1092,702,0.4,0.3,0.037375,0.019934,0.037375,0.031271,1182,False,3.6,SD_BUFFALO(AMOS),726627,45.604,-103.547,45.59661,-103.47387
Cold & Very Cold,rural,Rural,County,30103,Census Tract 9635; Treasure County; Montana,761,479,0.8,0.5,0.028239,0.039037,0.023256,0.031022,1183,False,67.5,MT_BILLINGS-LOGAN-IAP,726770,45.807,-108.546,46.22711,-107.2753
Cold & Very Cold,rural,Rural,County,31075,Census Tract 9563; Grant County; Nebraska,695,418,0.9,0.5,0.020764,0.049003,0.021595,0.030814,1184,False,54.6,NE_ALLIANCE-MUNI-AP,725635,42.057,-102.802,41.91396,-101.75596
Cold & Very Cold,rural,Rural,County,31091,Census Tract 9567; Hooker County; Nebraska,613,415,0.9,0.6,0.019934,0.049003,0.018272,0.029776,1185,False,28.3,NE_THEDFORD-THOMAS-COU,722211,41.964,-100.569,41.92032,-101.11732
Cold & Very Cold,rural,Rural,County,30033,Census Tract 1; Garfield County; Montana,938,746,0.2,0.2,0.039867,0.01412,0.031561,0.029194,1186,False,4.6,MT_JORDAN,727684,47.326,-106.949,47.26718,-106.99599
Cold & Very Cold,rural,Rural,County,31171,Census Tract 9571; Thomas County; Nebraska,626,367,0.9,0.5,0.017442,0.049003,0.019103,0.028821,1187,False,7.8,NE_THEDFORD-THOMAS-COU,722211,41.964,-100.569,41.85573,-100.5247
Cold & Very Cold,rural,Rural,County,30037,Census Tract 1; Golden Valley County; Montana,840,473,0.7,0.4,0.024917,0.032392,0.02907,0.028364,1188,False,30.2,MT_KILO-HARLOWTOWN,721005,46.45,-109.8,46.38062,-109.17459
Cold & Very Cold,rural,Rural,County,31007,Census Tract 9540; Banner County; Nebraska,657,351,0.9,0.5,0.015781,0.049003,0.019934,0.028239,1189,False,4.3,NE_CHARLIE-GERING,720979,41.583,-103.667,41.53975,-103.72626
Cold & Very Cold,rural,Rural,County,38087,Census Tract 9650; Slope County; North Dakota,795,458,0.7,0.4,0.023256,0.032392,0.025748,0.026952,1190,False,38.6,MT_BAKER-MUNI-AP,726777,46.352,-104.261,46.44583,-103.46246
Cold & Very Cold,rural,Rural,County,31005,Census Tract 9583; Arthur County; Nebraska,540,230,0.8,0.3,0.012458,0.039037,0.016611,0.022591,1191,False,31.5,NE_OGALLA-SEARLE-FLD,725621,41.119,-101.768,41.57193,-101.69592
Cold & Very Cold,rural,Rural,County,16033,Census Tract 9501; Clark County; Idaho,776,442,0.4,0.3,0.022425,0.019934,0.024086,0.021885,1192,False,41.7,ID_REXBURG,726818,43.832,-111.808,44.29022,-112.35461
Cold & Very Cold,rural,Rural,County,02130,Census Tract 1.02; Ketchikan Gateway Borough; Alaska,475,474,0.1,0.1,0.025748,0.010797,0.01495,0.018356,1193,False,580.6,WA_EASTSOUND-ORCAS-ISLA,722208,48.708,-122.911,55.44994,-131.10668
Cold & Very Cold,rural,Rural,County,31009,Census Tract 9724; Blaine County; Nebraska,385,295,0.5,0.4,0.01495,0.025748,0.011628,0.018065,1194,False,29.5,NE_THEDFORD-THOMAS-COU,722211,41.964,-100.569,41.93194,-99.99641
Cold & Very Cold,rural,Rural,County,31117,Census Tract 9579; McPherson County; Nebraska,463,259,0.5,0.3,0.013289,0.025748,0.01412,0.017816,1195,False,35.8,NE_THEDFORD-THOMAS-COU,722211,41.964,-100.569,41.64841,-101.12085
Cold & Very Cold,rural,Rural,County,02282,Census Tract 1; Yakutat City and Borough; Alaska,506,391,0.1,0.1,0.019103,0.010797,0.015781,0.015531,1196,False,1045.8,WA_EASTSOUND-ORCAS-ISLA,722208,48.708,-122.911,60.01751,-140.41685
Cold & Very Cold,rural,Rural,County,30069,Census Tract 1; Petroleum County; Montana,401,295,0.2,0.2,0.01495,0.01412,0.012458,0.014161,1197,False,35.7,MT_OSCAR-(ROY),721009,47.333,-108.933,47.14192,-108.22658
Cold & Very Cold,rural,Rural,County,08014,Census Tract 9801; Broomfield County; Colorado,0,0,0.0,0.0,0.007475,0.007475,0.005814,0.007143,1198,False,4.0,CO_BROOMFIELD-JEFFCO,724699,39.9,-105.117,39.95735,-105.10125
Cold & Very Cold,rural,Rural,County,08031,Census Tract 9800.01; Denver County; Colorado,0,0,0.0,0.0,0.007475,0.007475,0.005814,0.007143,1199,False,6.3,CO_DENVER-IAP,725650,39.847,-104.656,39.83289,-104.77373
Cold & Very Cold,rural,Rural,County,17031,Census Tract 3817; Cook County; Illinois,0,0,0.0,0.0,0.007475,0.007475,0.005814,0.007143,1200,False,5.0,IL_CHICAGO-MIDWAY-AP,725340,41.784,-87.755,41.85698,-87.76026
Cold & Very Cold,rural,Rural,County,25021,Census Tract 9800; Norfolk County; Massachusetts,0,0,0.0,0.0,0.007475,0.007475,0.005814,0.007143,1201,False,6.3,MA_NORWOOD-MEM,725098,42.191,-71.173,42.21828,-71.05479
Cold & Very Cold,rural,Rural,County,27123,Census Tract 9800; Ramsey County; Minnesota,0,0,0.0,0.0,0.007475,0.007475,0.005814,0.007143,1202,False,2.3,MN_ST-PAUL-DOWNTOWN-AP,726584,44.932,-93.056,44.91092,-93.02023
Cold & Very Cold,rural,Rural,County,36119,Census Tract 56; Westchester County; New York,0,0,0.0,0.0,0.007475,0.007475,0.005814,0.007143,1203,False,9.3,NY_NEW-YORK-LAGUARDIA-AP,725030,40.779,-73.88,40.88418,-73.77025
Cold & Very Cold,rural,Rural,County,55079,Census Tract 9800; Milwaukee County; Wisconsin,0,0,0.0,0.0,0.007475,0.007475,0.005814,0.007143,1204,False,6.2,WI_MILWAUKEE-MITCHELL-IAP,726400,42.955,-87.905,43.04445,-87.88739
Hot-Dry & Mixed Dry,higher density urban,HDU,CBSA,31080,"Los Angeles-Long Beach-Anaheim, CA",12937821,4734200,5892.6,2156.2,1.0,1.0,1.0,1.0,1,True,8.4,CA_LOS-ANGELES-DOWNTOWN-USC,722874,34.024,-118.291,33.98431,-118.15186
Hot-Dry & Mixed Dry,higher density urban,HDU,CBSA,29820,"Las Vegas-Henderson-North Las Vegas, NV",2236332,912409,3931.1,1603.9,0.666667,0.333333,0.666667,0.55,2,False,4.8,NV_LAS-VEGAS-MCCARRAN-IAP,723860,36.072,-115.163,36.14143,-115.15686
Hot-Dry & Mixed Dry,higher density urban,HDU,CBSA,41940,"San Jose-Sunnyvale-Santa Clara, CA",1930393,701298,4500.2,1634.9,0.333333,0.666667,0.333333,0.45,3,False,4.0,CA_SAN-JOSE-IAP,724945,37.359,-121.924,37.3042,-121.89838
Hot-Dry & Mixed Dry,lower density urban,LDU,CBSA,38060,"Phoenix-Mesa-Chandler, AZ",4707856,1937302,2537.6,1044.2,1.0,0.925,1.0,0.97375,1,True,2.0,AZ_PHOENIX-SKY-HARBOR-IAP,722780,33.428,-112.004,33.45731,-112.00637
Hot-Dry & Mixed Dry,lower density urban,LDU,CBSA,41740,"San Diego-Chula Vista-Carlsbad, CA",3172993,1205633,2888.9,1097.7,0.95,1.0,0.95,0.9675,2,False,1.3,CA_MIRAMAR-MCAS,722931,32.867,-117.133,32.87587,-117.11411
Hot-Dry & Mixed Dry,lower density urban,LDU,CBSA,40900,"Sacramento-Roseville-Folsom, CA",2246328,865627,2341.0,902.1,0.925,0.9,0.925,0.91625,3,False,4.2,CA_MCCLELLAN-AFB,724836,38.667,-121.4,38.62473,-121.34511
Hot-Dry & Mixed Dry,lower density urban,LDU,CBSA,40140,"Riverside-San Bernardino-Ontario, CA",4397347,1475513,2019.1,677.5,0.975,0.775,0.975,0.905,4,False,5.2,CA_RIVERSIDE-MARCH-AFB,722860,33.9,-117.25,33.97545,-117.24239
Hot-Dry & Mixed Dry,lower density urban,LDU,CBSA,21340,"El Paso, TX",839755,312526,2071.4,770.9,0.825,0.825,0.85,0.83,5,False,1.8,TX_EL-PASO-IAP,722700,31.812,-106.377,31.78623,-106.36877
Hot-Dry & Mixed Dry,lower density urban,LDU,CBSA,10740,"Albuquerque, NM",818792,358014,1861.8,814.1,0.875,0.725,0.825,0.8125,6,False,4.9,NM_ALBUQUERQUE-IAP,723650,35.042,-106.615,35.11208,-106.63297
Hot-Dry & Mixed Dry,lower density urban,LDU,CBSA,23420,"Fresno, CA",1019440,338924,1834.2,609.8,0.85,0.7,0.9,0.8075,7,False,3.7,CA_FRESNO-YOSEMITE-IAP,723890,36.78,-119.719,36.7822,-119.78504
Hot-Dry & Mixed Dry,lower density urban,LDU,CBSA,46060,"Tucson, AZ",947511,431051,1759.6,800.5,0.9,0.65,0.875,0.8075,8,False,4.9,AZ_DAVIS-MONTHAN-AFB,722745,32.167,-110.883,32.22152,-110.93718
Hot-Dry & Mixed Dry,lower density urban,LDU,CBSA,12540,"Bakersfield-Delano, CA",806172,261430,2086.9,676.7,0.775,0.85,0.8,0.80625,9,False,6.0,CA_BAKERSFIELD-MEADOWS-FLD,723840,35.434,-119.054,35.37501,-118.97478
Hot-Dry & Mixed Dry,lower density urban,LDU,CBSA,33700,"Modesto, CA",502112,166857,2789.8,927.1,0.675,0.975,0.725,0.79,10,False,0.7,CA_MODESTO-CITY-CO-AP,724926,37.624,-120.951,37.61843,-120.96157
Hot-Dry & Mixed Dry,lower density urban,LDU,CBSA,44700,"Stockton-Lodi, CA",748120,242533,1820.4,590.2,0.75,0.675,0.75,0.72375,11,False,5.0,CA_STOCKTON-METRO-AP,724920,37.889,-121.226,37.91971,-121.30836
Hot-Dry & Mixed Dry,lower density urban,LDU,CBSA,37100,"Oxnard-Thousand Oaks-Ventura, CA",802899,280592,1678.2,586.5,0.8,0.575,0.775,0.71625,12,False,3.7,CA_CAMARILLO-AP,723926,34.217,-119.083,34.23987,-119.0246
Hot-Dry & Mixed Dry,lower density urban,LDU,CBSA,42200,"Santa Maria-Santa Barbara, CA",413928,146981,2044.2,725.9,0.625,0.8,0.625,0.68625,13,False,2.9,CA_SANTA-YNEZ,723762,34.607,-120.076,34.64553,-120.09731
Hot-Dry & Mixed Dry,lower density urban,LDU,CBSA,46700,"Vallejo, CA",425146,152016,1682.8,601.7,0.65,0.6,0.675,0.6375,14,False,8.1,CA_FAIRFIELD-TRAVIS-AFB,745160,38.267,-121.933,38.23627,-122.07736
Hot-Dry & Mixed Dry,lower density urban,LDU,CBSA,39900,"Reno, NV",500714,215331,1477.7,635.5,0.725,0.45,0.7,0.62375,15,False,1.5,NV_RENO-TAHOE-IAP,724880,39.508,-119.768,39.52923,-119.7652
Hot-Dry & Mixed Dry,lower density urban,LDU,CBSA,41500,"Salinas, CA",378088,125201,1556.9,515.5,0.6,0.55,0.575,0.5775,16,False,3.8,CA_SALINAS-MUNI-AP,725930,36.664,-121.608,36.63654,-121.66735
Hot-Dry & Mixed Dry,lower density urban,LDU,CBSA,20940,"El Centro, CA",131052,42109,2628.6,844.6,0.325,0.95,0.35,0.54875,17,False,3.3,CA_IMPERIAL,747185,32.834,-115.579,32.80615,-115.53313
Hot-Dry & Mixed Dry,lower density urban,LDU,CBSA,47300,"Visalia, CA",389089,122655,1475.9,465.2,0.575,0.425,0.6,0.5275,18,False,9.2,CA_VISALIA-MUNI(AWOS),723896,36.317,-119.4,36.26909,-119.24663
Hot-Dry & Mixed Dry,lower density urban,LDU,CBSA,42220,"Santa Rosa-Petaluma, CA",424348,172826,1267.1,516.1,0.7,0.2,0.65,0.515,19,False,8.8,CA_SANTA-ROSA(AWOS),724957,38.504,-122.81,38.40349,-122.70951
Hot-Dry & Mixed Dry,lower density urban,LDU,CBSA,49740,"Yuma, AZ",183256,81781,1552.2,692.7,0.5,0.525,0.475,0.50375,20,False,0.6,AZ_YUMA-MCAS,740035,32.65,-114.617,32.64281,-114.62126
Hot-Dry & Mixed Dry,lower density urban,LDU,CBSA,34900,"Napa, CA",111999,44210,1996.1,787.9,0.35,0.75,0.325,0.485,21,False,7.1,CA_NAPA-CO,724955,38.21,-122.285,38.31063,-122.31526
Hot-Dry & Mixed Dry,lower density urban,LDU,CBSA,42100,"Santa Cruz-Watsonville, CA",245886,98309,1427.3,570.7,0.55,0.325,0.55,0.47125,22,False,8.5,CA_WATSONVILLE,745058,36.936,-121.789,36.9783,-121.93302
Hot-Dry & Mixed Dry,lower density urban,LDU,CBSA,32900,"Merced, CA",244107,75215,1475.5,454.6,0.475,0.4,0.525,0.45875,23,False,5.7,CA_MERCED-MUNI-MACREADY-FIELD,724815,37.285,-120.513,37.27434,-120.61613
Hot-Dry & Mixed Dry,lower density urban,LDU,CBSA,42020,"San Luis Obispo-Paso Robles, CA",219997,96883,1444.7,636.2,0.525,0.35,0.5,0.45875,24,False,5.8,CA_SAN-LUIS-CO-RGNL-AP,722897,35.237,-120.641,35.31672,-120.67369
Hot-Dry & Mixed Dry,lower density urban,LDU,CBSA,21980,"Fallon, NV",9270,4680,2329.1,1175.9,0.1,0.875,0.1,0.37125,25,False,5.1,NV_FALLON-NAAS,724885,39.417,-118.717,39.47383,-118.77944
Hot-Dry & Mixed Dry,lower density urban,LDU,CBSA,29740,"Las Cruces, NM",159858,66889,1283.2,536.9,0.425,0.225,0.45,0.36,26,False,10.4,NM_LAS-CRUCES-IAP,722695,32.283,-106.917,32.27057,-106.7396
Hot-Dry & Mixed Dry,lower density urban,LDU,CBSA,49700,"Yuba City, CA",146306,50131,1408.0,482.4,0.375,0.3,0.4,0.35375,27,False,2.4,CA_YUBA-CO,724838,39.102,-121.568,39.12039,-121.6062
Hot-Dry & Mixed Dry,lower density urban,LDU,CBSA,17020,"Chico, CA",154428,68326,1208.8,534.8,0.45,0.15,0.425,0.34,28,False,9.5,CA_CHICO-MUNI-AP,724973,39.8,-121.85,39.68421,-121.75337
Hot-Dry & Mixed Dry,lower density urban,LDU,CBSA,42140,"Santa Fe, NM",103121,51760,1028.7,516.3,0.4,0.075,0.3,0.26625,29,False,6.8,NM_SATA-FE-COUNTY-MUNI-AP,723656,35.611,-106.096,35.6579,-105.99001
Hot-Dry & Mixed Dry,lower density urban,LDU,CBSA,17580,"Clovis, NM",51050,22411,1406.4,617.4,0.25,0.275,0.225,0.25375,30,False,4.5,NM_CLOVIS-CANNON-AFB,722686,34.383,-103.317,34.35653,-103.24414
Hot-Dry & Mixed Dry,lower density urban,LDU,CBSA,39780,"Red Bluff, CA",24894,10000,1496.5,601.1,0.125,0.475,0.125,0.2475,31,False,2.5,CA_RED-BLUFF-MUNI-AP,725910,40.152,-122.254,40.12325,-122.22536
Hot-Dry & Mixed Dry,lower density urban,LDU,CBSA,25260,"Hanford-Corcoran, CA",136224,41256,1110.2,336.2,0.3,0.1,0.375,0.245,32,False,5.9,CA_HANFORD-MUNI-AP,723898,36.319,-119.629,36.26342,-119.70842
Hot-Dry & Mixed Dry,lower density urban,LDU,CBSA,45000,"Susanville, CA",1925,853,1735.8,769.2,0.025,0.625,0.025,0.235,33,False,4.3,CA_SUSANVILLE-MUNI,725837,40.376,-120.573,40.40672,-120.64484
Hot-Dry & Mixed Dry,lower density urban,LDU,CBSA,46380,"Ukiah, CA",32003,13647,1453.0,619.6,0.15,0.375,0.15,0.22875,34,False,14.3,CA_UKIAH-MUNI-AP,725905,39.126,-123.201,39.27589,-123.38557
Hot-Dry & Mixed Dry,lower density urban,LDU,CBSA,16180,"Carson City, NV",49910,21065,1385.3,584.7,0.2,0.25,0.2,0.2175,35,False,1.2,NV_CARSON-AP,720549,39.183,-119.733,39.16859,-119.74636
Hot-Dry & Mixed Dry,lower density urban,LDU,CBSA,26020,"Hobbs, NM",56122,21807,1229.6,477.8,0.225,0.175,0.25,0.2125,36,False,5.8,NM_HOBBS-LEA-CO,722688,32.693,-103.213,32.77288,-103.18152
Hot-Dry & Mixed Dry,lower density urban,LDU,CBSA,49080,"Winnemucca, NV",4328,1898,1540.8,675.7,0.05,0.5,0.05,0.2075,37,False,5.9,NV_WINNEMUCCA-MUNI-AP,725830,40.902,-117.808,40.96128,-117.72718
Hot-Dry & Mixed Dry,lower density urban,LDU,CBSA,43420,"Sierra Vista-Douglas, AZ",64655,30244,1004.5,469.9,0.275,0.025,0.275,0.1875,38,False,15.1,AZ_FORT-HUACHUCA,722730,31.588,-110.344,31.51753,-110.10135
Hot-Dry & Mixed Dry,lower density urban,LDU,CBSA,40740,"Roswell, NM",48671,20770,1144.4,488.4,0.175,0.125,0.175,0.1575,39,False,6.2,NM_ROSWELL-INDUSTRIAL-AP,722680,33.307,-104.508,33.39509,-104.52993
Hot-Dry & Mixed Dry,lower density urban,LDU,CBSA,13860,"Bishop, CA",8469,4117,1020.4,496.0,0.075,0.05,0.075,0.06625,40,False,3.2,CA_BISHOP-AP,724800,37.371,-118.358,37.36502,-118.41493
Hot-Dry & Mixed Dry,suburban/small town,Suburban,CBSA,29420,"Lake Havasu City-Kingman, AZ",162404,88058,883.5,479.1,1.0,0.851852,1.0,0.948148,1,True,20.7,AZ_BULLHEAD-CITY,723788,35.157,-114.559,34.95025,-114.29389
Hot-Dry & Mixed Dry,suburban/small town,Suburban,CBSA,39820,"Redding, CA",137474,58078,887.2,374.8,0.925926,0.888889,0.925926,0.912963,2,False,3.6,CA_REDDING-MUNI-AP,725920,40.518,-122.299,40.55776,-122.34375
Hot-Dry & Mixed Dry,suburban/small town,Suburban,CBSA,21700,"Eureka-Arcata, CA",89261,39264,998.5,439.2,0.851852,1.0,0.851852,0.903704,3,False,1.8,CA_EUREKA,725940,40.81,-124.16,40.80664,-124.12544
Hot-Dry & Mixed Dry,suburban/small town,Suburban,CBSA,22380,"Flagstaff, AZ",94530,38997,949.1,391.5,0.814815,0.925926,0.888889,0.868519,4,False,15.7,AZ_FLAGSTAFF,723760,35.217,-111.817,35.36704,-111.60712
Hot-Dry & Mixed Dry,suburban/small town,Suburban,CBSA,39150,"Prescott Valley-Prescott, AZ",152291,76433,713.9,358.3,0.962963,0.592593,0.962963,0.833333,5,False,8.3,AZ_PRESCOTT-LOVE-FIELD,723723,34.649,-112.422,34.63606,-112.27669
Hot-Dry & Mixed Dry,suburban/small town,Suburban,CBSA,16100,"Carlsbad-Artesia, NM",43983,19604,793.6,353.7,0.703704,0.740741,0.740741,0.724074,6,False,14.9,NM_CARLSBAD-CAVERN-CITY-AP,722687,32.334,-104.258,32.54874,-104.28333
Hot-Dry & Mixed Dry,suburban/small town,Suburban,CBSA,10460,"Alamogordo, NM",42676,18573,808.7,352.0,0.666667,0.777778,0.703704,0.712963,7,False,7.1,NM_ALAMOGORDO-WHITE-SANDS,722693,32.84,-105.991,32.74102,-106.02221
Hot-Dry & Mixed Dry,suburban/small town,Suburban,CBSA,23820,"Gardnerville Ranchos, NV-CA",30649,14862,847.9,411.1,0.592593,0.814815,0.62963,0.677778,8,False,3.2,NV_MINDEN-TAHOE-AP,720551,39.0,-119.751,38.95669,-119.77139
Hot-Dry & Mixed Dry,suburban/small town,Suburban,CBSA,46020,"Truckee-Grass Valley, CA",70780,39456,507.2,282.7,0.888889,0.296296,0.777778,0.659259,9,False,8.3,CA_NEVADA-CO-AIR-PARK,749486,39.224,-121.003,39.22032,-120.84882
Hot-Dry & Mixed Dry,suburban/small town,Suburban,CBSA,22140,"Farmington, NM",86712,33361,544.7,209.6,0.777778,0.333333,0.814815,0.62963,10,False,1.4,NM_FARMINGTON-FOUR-CORNERS-RG,723658,36.744,-108.229,36.75429,-108.20635
Hot-Dry & Mixed Dry,suburban/small town,Suburban,CBSA,17340,"Clearlake, CA",30534,15936,684.9,357.5,0.62963,0.555556,0.592593,0.596297,11,False,27.4,CA_UKIAH-MUNI-AP,725905,39.126,-123.201,38.98021,-122.72644
Hot-Dry & Mixed Dry,suburban/small town,Suburban,CBSA,43320,"Show Low, AZ",29954,22523,409.5,307.9,0.740741,0.148148,0.555556,0.496296,12,False,7.5,AZ_SHOW-LOW-MUNI-AP,723747,34.264,-110.008,34.17785,-110.08853
Hot-Dry & Mixed Dry,suburban/small town,Suburban,CBSA,43760,"Sonora, CA",26049,14020,564.7,304.0,0.555556,0.37037,0.481481,0.475926,13,False,5.1,CA_COLUMBIA,720615,38.033,-120.417,38.001,-120.33213
Hot-Dry & Mixed Dry,suburban/small town,Suburban,CBSA,37220,"Pahrump, NV",24696,11313,620.7,284.3,0.481481,0.481481,0.444444,0.474074,14,False,29.5,NV_MERCURY-DESERT-ROCK-AP,723870,36.621,-116.028,36.19438,-116.00537
Hot-Dry & Mixed Dry,suburban/small town,Suburban,CBSA,40940,"Safford, AZ",11055,4453,969.9,390.7,0.185185,0.962963,0.222222,0.464815,15,False,5.6,AZ_SAFFORD(AMOS),722747,32.857,-109.636,32.83199,-109.72837
Hot-Dry & Mixed Dry,suburban/small town,Suburban,CBSA,21220,"Elko, NV",24327,9857,625.0,253.2,0.444444,0.518519,0.407407,0.462963,16,False,4.7,NV_ELKO-MUNI-AP,725825,40.824,-115.786,40.79368,-115.70566
Hot-Dry & Mixed Dry,suburban/small town,Suburban,CBSA,29780,"Las Vegas, NM",14450,7735,736.6,394.3,0.37037,0.666667,0.296296,0.459259,17,False,5.5,NM_LAS-VEGAS-MUNI-AP,723677,35.656,-105.139,35.61319,-105.22093
Hot-Dry & Mixed Dry,suburban/small town,Suburban,CBSA,35700,"Nogales, AZ",36718,12998,466.4,165.1,0.518519,0.222222,0.666667,0.444445,18,False,6.1,AZ_NOGALES-IAP,722728,31.421,-110.847,31.4007,-110.94684
Hot-Dry & Mixed Dry,suburban/small town,Suburban,CBSA,18860,"Crescent City, CA",17255,7204,724.8,302.6,0.333333,0.62963,0.37037,0.444444,19,False,2.0,CA_CRESCENT-CITY-FAA-AP,725946,41.78,-124.237,41.76834,-124.20177
Hot-Dry & Mixed Dry,suburban/small town,Suburban,CBSA,43500,"Silver City, NM",10719,5564,750.6,389.6,0.222222,0.703704,0.185185,0.383333,20,False,12.1,NM_GRANT-CO-AP,722721,32.633,-108.167,32.77478,-108.28847
Hot-Dry & Mixed Dry,suburban/small town,Suburban,CBSA,23700,"Gallup, NM",27570,9078,457.9,150.8,0.407407,0.185185,0.518519,0.351852,21,False,6.3,NM_GALLUP-SEN-CLARKE-FLD,723627,35.509,-108.793,35.41981,-108.7671
Hot-Dry & Mixed Dry,suburban/small town,Suburban,CBSA,19700,"Deming, NM",15437,7038,577.9,263.5,0.296296,0.407407,0.333333,0.342592,22,False,1.3,NM_DEMING-MUNI,722725,32.259,-107.721,32.25204,-107.74238
Hot-Dry & Mixed Dry,suburban/small town,Suburban,CBSA,37740,"Payson, AZ",11357,6513,588.4,337.4,0.259259,0.444444,0.259259,0.324074,23,False,33.6,AZ_PAYSON-AP,723745,34.257,-111.339,33.82615,-111.06794
Hot-Dry & Mixed Dry,suburban/small town,Suburban,CBSA,40760,"Ruidoso, NM",4243,4159,495.7,485.9,0.148148,0.259259,0.037037,0.164815,24,False,10.3,NM_SIERRA-BLANCA-RGNL-AP,722683,33.45,-105.517,33.35613,-105.65483
Hot-Dry & Mixed Dry,suburban/small town,Suburban,CBSA,21580,"Española, NM",9219,4108,318.5,141.9,0.111111,0.074074,0.148148,0.105555,25,False,15.7,NM_LOS-ALAMOS,723654,35.883,-106.283,36.03522,-106.07356
Hot-Dry & Mixed Dry,suburban/small town,Suburban,CBSA,45340,"Taos, NM",8385,4011,327.2,156.5,0.074074,0.111111,0.111111,0.094444,26,False,6.0,NM_TAOS-MUNI-APT(AWOS),723663,36.45,-105.667,36.36867,-105.62742
Hot-Dry & Mixed Dry,suburban/small town,Suburban,CBSA,31060,"Los Alamos, NM",5568,2304,239.3,99.0,0.037037,0.037037,0.074074,0.044444,27,False,5.7,NM_LOS-ALAMOS,723654,35.883,-106.283,35.81721,-106.34315
Hot-Dry & Mixed Dry,rural,Rural,County,06073,Census Tract 62; San Diego County; California,109789,34974,35.3,11.2,0.941667,0.866667,0.983333,0.92375,1,True,10.6,CA_RAMONA,745056,33.038,-116.916,33.14976,-117.04268
Hot-Dry & Mixed Dry,rural,Rural,County,06097,Census Tract 1501; Sonoma County; California,61294,33493,49.4,27.0,0.916667,0.95,0.875,0.92,2,False,2.5,CA_SANTA-ROSA(AWOS),724957,38.504,-122.81,38.4683,-122.79859
Hot-Dry & Mixed Dry,rural,Rural,County,04013,Census Tract 101.02; Maricopa County; Arizona,137458,54103,17.9,7.0,0.991667,0.691667,1.0,0.888334,3,False,3.9,AZ_LUKE-AFB,722785,33.55,-112.367,33.60391,-112.38518
Hot-Dry & Mixed Dry,rural,Rural,County,06065,Census Tract 420.07; Riverside County; California,104224,52665,17.6,8.9,0.983333,0.675,0.966667,0.872083,4,False,10.3,CA_PALM-SPRINGS-IAP,722868,33.822,-116.504,33.69431,-116.59753
Hot-Dry & Mixed Dry,rural,Rural,County,04021,Census Tract 2.01; Pinal County; Arizona,95892,39318,19.1,7.8,0.95,0.725,0.941667,0.869583,5,False,2.8,AZ_COOLIDGE-ARIZONA-AAF,749173,32.936,-111.427,32.97083,-111.45096
Hot-Dry & Mixed Dry,rural,Rural,County,06019,Census Tract 15; Fresno County; California,98418,34457,17.8,6.2,0.933333,0.683333,0.95,0.849166,6,False,6.8,CA_FRESNO-CHANDLER-EXEC-AP,723897,36.732,-119.82,36.64004,-119.86165
Hot-Dry & Mixed Dry,rural,Rural,County,06061,Census Tract 201.04; Placer County; California,41149,28903,36.8,25.9,0.875,0.883333,0.716667,0.84625,7,False,12.4,CA_AUBURN-MUNI-AP,720267,38.955,-121.082,39.04273,-120.8804
Hot-Dry & Mixed Dry,rural,Rural,County,06029,Census Tract 32.21; Kern County; California,104261,43051,13.5,5.6,0.958333,0.625,0.975,0.845,8,False,19.2,CA_TEHACHAPI-MUNI,749171,35.135,-118.439,35.31715,-118.69621
Hot-Dry & Mixed Dry,rural,Rural,County,06017,Census Tract 305.06; El Dorado County; California,52170,27498,34.9,18.4,0.85,0.858333,0.808333,0.844583,9,False,1.7,CA_PLACERVILLE-AP,720645,38.717,-120.75,38.74098,-120.7531
Hot-Dry & Mixed Dry,rural,Rural,County,06107,Census Tract 1.01; Tulare County; California,86685,29887,19.0,6.6,0.891667,0.716667,0.925,0.837084,10,False,12.7,CA_PORTERVILLE(AWOS),723895,36.029,-119.063,36.18856,-119.17667
Hot-Dry & Mixed Dry,rural,Rural,County,06009,Census Tract 1.21; Calaveras County; California,41707,24086,41.4,23.9,0.8,0.925,0.733333,0.830417,11,False,2.5,CA_CALAVERAS-CO-MAURY-RASMUSS,720681,38.146,-120.648,38.1818,-120.64262
Hot-Dry & Mixed Dry,rural,Rural,County,06079,Census Tract 100.16; San Luis Obispo County; California,61489,27988,19.5,8.9,0.866667,0.733333,0.883333,0.823333,12,False,13.2,CA_SAN-LUIS-CO-RGNL-AP,722897,35.237,-120.641,35.42631,-120.60855
Hot-Dry & Mixed Dry,rural,Rural,County,04019,Census Tract 40.52; Pima County; Arizona,102436,44327,11.8,5.1,0.966667,0.558333,0.958333,0.822083,13,False,1.7,AZ_RYAN-FIELD-AP,720339,32.15,-111.167,32.17034,-111.18291
Hot-Dry & Mixed Dry,rural,Rural,County,06007,Census Tract 14; Butte County; California,55042,22850,36.5,15.1,0.775,0.875,0.833333,0.821667,14,False,8.7,CA_OROVILLE,745048,39.49,-121.618,39.60667,-121.68144
Hot-Dry & Mixed Dry,rural,Rural,County,06037,Census Tract 2774; Los Angeles County; California,64288,24508,26.0,9.9,0.808333,0.783333,0.908333,0.819583,15,False,15.3,CA_WHITEMAN-AP,745057,34.259,-118.413,34.46287,-118.30738
Hot-Dry & Mixed Dry,rural,Rural,County,35049,Census Tract 101.02; Santa Fe County; New Mexico,52054,25926,28.8,14.3,0.825,0.816667,0.8,0.817083,16,False,5.1,NM_SATA-FE-COUNTY-MUNI-AP,723656,35.611,-106.096,35.57489,-106.01586
Hot-Dry & Mixed Dry,rural,Rural,County,04025,Census Tract 2.06; Yavapai County; Arizona,89365,47599,11.3,6.0,0.975,0.533333,0.933333,0.812083,17,False,7.0,AZ_PRESCOTT-LOVE-FIELD,723723,34.649,-112.422,34.60936,-112.30838
Hot-Dry & Mixed Dry,rural,Rural,County,06071,Census Tract 87.11; San Bernardino County; California,136154,70399,7.1,3.7,1.0,0.441667,0.991667,0.802917,18,False,24.4,CA_DAGGETT-BARSTOW-DAGGETT-AP,723815,34.854,-116.786,34.50875,-116.69287
Hot-Dry & Mixed Dry,rural,Rural,County,06099,Census Tract 1.01; Stanislaus County; California,50138,17383,38.1,13.2,0.708333,0.9,0.791667,0.792083,19,False,2.3,CA_MODESTO-CITY-CO-AP,724926,37.624,-120.951,37.62755,-120.90909
Hot-Dry & Mixed Dry,rural,Rural,County,06045,Census Tract 101; Mendocino County; California,58706,27848,16.8,8.0,0.858333,0.666667,0.858333,0.79125,20,False,15.2,CA_UKIAH-MUNI-AP,725905,39.126,-123.201,39.28947,-123.39214
Hot-Dry & Mixed Dry,rural,Rural,County,06005,Census Tract 1.01; Amador County; California,36011,16479,62.3,28.5,0.691667,0.975,0.683333,0.789167,21,False,18.7,CA_CALAVERAS-CO-MAURY-RASMUSS,720681,38.146,-120.648,38.39994,-120.76916
Hot-Dry & Mixed Dry,rural,Rural,County,35013,Census Tract 12.04; Doña Ana County; New Mexico,61807,24513,16.8,6.7,0.816667,0.666667,0.9,0.780834,22,False,7.5,NM_LAS-CRUCES-IAP,722695,32.283,-106.917,32.2403,-106.79931
Hot-Dry & Mixed Dry,rural,Rural,County,06039,Census Tract 1.02; Madera County; California,53084,18990,26.3,9.4,0.75,0.791667,0.816667,0.777917,23,False,11.5,CA_MADERA-MUNI,745046,36.988,-120.111,37.11644,-119.97813
Hot-Dry & Mixed Dry,rural,Rural,County,04017,Census Tract 9400.08; Navajo County; Arizona,77790,34423,7.9,3.5,0.925,0.466667,0.916667,0.762917,24,False,27.9,AZ_WINSLOW-MUNI-AP,723740,35.028,-110.722,35.14177,-110.2483
Hot-Dry & Mixed Dry,rural,Rural,County,06053,Census Tract 103.06; Monterey County; California,57746,19458,19.0,6.4,0.758333,0.716667,0.85,0.762083,25,False,17.9,CA_SALINAS-MUNI-AP,725930,36.664,-121.608,36.43761,-121.45006
Hot-Dry & Mixed Dry,rural,Rural,County,06033,Census Tract 1; Lake County; California,37605,18335,31.1,15.1,0.733333,0.825,0.691667,0.757083,26,False,27.2,CA_UKIAH-MUNI-AP,725905,39.126,-123.201,38.9855,-122.72797
Hot-Dry & Mixed Dry,rural,Rural,County,04003,Census Tract 1.01; Cochise County; Arizona,60803,29068,9.9,4.7,0.883333,0.516667,0.866667,0.751667,27,False,21.4,AZ_FORT-HUACHUCA,722730,31.588,-110.344,31.72233,-110.01624
Hot-Dry & Mixed Dry,rural,Rural,County,06077,Census Tract 39; San Joaquin County; California,39296,14293,40.0,14.6,0.625,0.916667,0.7,0.742083,28,False,8.2,CA_STOCKTON-METRO-AP,724920,37.889,-121.226,38.00431,-121.19181
Hot-Dry & Mixed Dry,rural,Rural,County,06057,Census Tract 1.05; Nevada County; California,31672,14525,38.7,17.8,0.641667,0.908333,0.641667,0.735,29,False,1.0,CA_NEVADA-CO-AIR-PARK,749486,39.224,-121.003,39.23311,-120.98911
Hot-Dry & Mixed Dry,rural,Rural,County,06023,Census Tract 12; Humboldt County; California,46157,23361,13.3,6.7,0.783333,0.616667,0.766667,0.721667,30,False,10.5,CA_ROHNERVILLE,749485,40.554,-124.133,40.63653,-123.96389
Hot-Dry & Mixed Dry,rural,Rural,County,06089,Census Tract 106.03; Shasta County; California,44080,21670,12.2,6.0,0.766667,0.591667,0.758333,0.70375,31,False,12.0,CA_REDDING-MUNI-AP,725920,40.518,-122.299,40.64233,-122.13947
Hot-Dry & Mixed Dry,rural,Rural,County,06113,Census Tract 101.02; Yolo County; California,35622,12991,37.0,13.5,0.566667,0.891667,0.675,0.702084,32,False,9.3,CA_DAVIS-UNIV-AP,720576,38.533,-121.783,38.6652,-121.81423
Hot-Dry & Mixed Dry,rural,Rural,County,04007,Census Tract 1; Gila County; Arizona,42253,26101,8.9,5.5,0.833333,0.491667,0.741667,0.695417,33,False,34.7,AZ_PAYSON-AP,723745,34.257,-111.339,33.86222,-110.96471
Hot-Dry & Mixed Dry,rural,Rural,County,04001,Census Tract 9426; Apache County; Arizona,61494,26853,5.5,2.4,0.841667,0.391667,0.891667,0.694167,34,False,20.2,AZ_WINDOW-ROCK,722764,35.657,-109.06,35.65577,-109.41959
Hot-Dry & Mixed Dry,rural,Rural,County,06047,Census Tract 2.01; Merced County; California,41490,14395,23.4,8.1,0.633333,0.75,0.725,0.6925,35,False,11.2,CA_MERCED-CASTLE-AFB,724810,37.383,-120.567,37.28032,-120.72516
Hot-Dry & Mixed Dry,rural,Rural,County,04015,Census Tract 9404; Mohave County; Arizona,55016,31535,4.2,2.4,0.908333,0.325,0.825,0.6875,36,False,7.2,AZ_KINGMAN(AMOS),723700,35.257,-113.934,35.28554,-114.05744
Hot-Dry & Mixed Dry,rural,Rural,County,06103,Census Tract 1; Tehama County; California,40626,17456,13.9,6.0,0.716667,0.633333,0.708333,0.685833,37,False,3.5,CA_RED-BLUFF-MUNI-AP,725910,40.152,-122.254,40.1115,-122.21485
Hot-Dry & Mixed Dry,rural,Rural,County,06111,Census Tract 5; Ventura County; California,35360,14059,26.0,10.3,0.616667,0.783333,0.666667,0.685,38,False,8.4,CA_CAMARILLO-AP,723926,34.217,-119.083,34.33858,-119.07884
Hot-Dry & Mixed Dry,rural,Rural,County,32003,Census Tract 54.35; Clark County; Nevada,57432,23551,7.8,3.2,0.791667,0.458333,0.841667,0.685,39,False,3.2,NV_LAS-VEGAS-MCCARRAN-IAP,723860,36.072,-115.163,36.09313,-115.11153
Hot-Dry & Mixed Dry,rural,Rural,County,06067,Census Tract 71.01; Sacramento County; California,31294,10631,56.0,19.0,0.475,0.966667,0.625,0.677083,40,False,14.3,CA_SACRAMENTO-EXECUTIVE-AP,724830,38.507,-121.495,38.35824,-121.31065
Hot-Dry & Mixed Dry,rural,Rural,County,35001,Census Tract 38.03; Bernalillo County; New Mexico,31242,13295,34.3,14.6,0.575,0.833333,0.616667,0.67375,41,False,6.5,NM_ALBUQUERQUE-IAP,723650,35.042,-106.615,35.04934,-106.50045
Hot-Dry & Mixed Dry,rural,Rural,County,06095,Census Tract 2527.02; Solano County; California,25678,11439,45.1,20.1,0.508333,0.941667,0.525,0.663333,42,False,2.9,CA_FAIRFIELD-TRAVIS-AFB,745160,38.267,-121.933,38.24838,-121.88558
Hot-Dry & Mixed Dry,rural,Rural,County,06109,Census Tract 21.01; Tuolumne County; California,28824,17471,13.3,8.0,0.725,0.616667,0.575,0.657083,43,False,10.9,CA_COLUMBIA,720615,38.033,-120.417,37.9459,-120.25075
Hot-Dry & Mixed Dry,rural,Rural,County,06025,Census Tract 101.01; Imperial County; California,48267,15402,11.7,3.7,0.666667,0.541667,0.775,0.644584,44,False,8.4,CA_IMPERIAL,747185,32.834,-115.579,32.95439,-115.56435
Hot-Dry & Mixed Dry,rural,Rural,County,04005,Census Tract 6.02; Coconino County; Arizona,50113,30910,2.7,1.7,0.9,0.225,0.783333,0.640417,45,False,35.0,AZ_FLAGSTAFF,723760,35.217,-111.817,35.69063,-111.59755
Hot-Dry & Mixed Dry,rural,Rural,County,35031,Census Tract 9405; McKinley County; New Mexico,43602,16135,8.1,3.0,0.683333,0.475,0.75,0.62375,46,False,16.1,NM_GALLUP-SEN-CLARKE-FLD,723627,35.509,-108.793,35.58906,-108.52359
Hot-Dry & Mixed Dry,rural,Rural,County,06087,Census Tract 1202; Santa Cruz County; California,20135,8326,73.8,30.5,0.416667,0.983333,0.458333,0.623333,47,False,14.9,CA_WATSONVILLE,745058,36.936,-121.789,37.08445,-121.98392
Hot-Dry & Mixed Dry,rural,Rural,County,35055,Census Tract 9400; Taos County; New Mexico,26131,17080,12.0,7.8,0.7,0.575,0.533333,0.622917,48,False,4.5,NM_TAOS-MUNI-APT(AWOS),723663,36.45,-105.667,36.47059,-105.58957
Hot-Dry & Mixed Dry,rural,Rural,County,06055,Census Tract 2009; Napa County; California,24071,11391,34.6,16.4,0.5,0.841667,0.5,0.619583,49,False,14.2,CA_NAPA-CO,724955,38.21,-122.285,38.40999,-122.34439
Hot-Dry & Mixed Dry,rural,Rural,County,48141,Census Tract 101.01; El Paso County; Texas,26520,8286,43.6,13.6,0.408333,0.933333,0.541667,0.61875,50,False,13.5,TX_EL-PASO-IAP,722700,31.812,-106.377,31.73961,-106.16399
Hot-Dry & Mixed Dry,rural,Rural,County,06093,Census Tract 1; Siskiyou County; California,34838,18665,5.6,3.0,0.741667,0.4,0.658333,0.605417,51,False,16.0,CA_MONTAGUE-SISKIYOU-CO-AP,725955,41.781,-122.468,41.54992,-122.49074
Hot-Dry & Mixed Dry,rural,Rural,County,32019,Census Tract 9601.03; Lyon County; Nevada,27855,12219,14.2,6.2,0.541667,0.641667,0.558333,0.58,52,False,25.3,NV_CARSON-AP,720549,39.183,-119.733,39.25917,-119.27056
Hot-Dry & Mixed Dry,rural,Rural,County,06115,Census Tract 408; Yuba County; California,20068,8850,34.8,15.3,0.425,0.85,0.45,0.57875,53,False,6.7,CA_BEALE-AFB,724837,39.133,-121.433,39.21855,-121.37215
Hot-Dry & Mixed Dry,rural,Rural,County,32005,Census Tract 13; Douglas County; Nevada,18975,9737,28.1,14.4,0.458333,0.8,0.433333,0.572916,54,False,4.9,NV_MINDEN-TAHOE-AP,720551,39.0,-119.751,38.9581,-119.6767
Hot-Dry & Mixed Dry,rural,Rural,County,35045,Census Tract 5.04; San Juan County; New Mexico,34466,14724,6.4,2.7,0.65,0.425,0.65,0.57125,55,False,8.7,NM_FARMINGTON-FOUR-CORNERS-RG,723658,36.744,-108.229,36.62026,-108.2545
Hot-Dry & Mixed Dry,rural,Rural,County,06083,Census Tract 17.06; Santa Barbara County; California,30047,12785,11.9,5.1,0.558333,0.566667,0.6,0.569583,56,False,6.0,CA_SANTA-YNEZ,723762,34.607,-120.076,34.65316,-120.16561
Hot-Dry & Mixed Dry,rural,Rural,County,35028,Census Tract 1; Los Alamos County; New Mexico,13806,6356,160.8,74.0,0.325,1.0,0.316667,0.559583,57,False,1.7,NM_LOS-ALAMOS,723654,35.883,-106.283,35.89896,-106.30724
Hot-Dry & Mixed Dry,rural,Rural,County,35039,Census Tract 1; Rio Arriba County; New Mexico,30946,15595,5.3,2.7,0.675,0.383333,0.608333,0.559583,58,False,25.8,NM_LOS-ALAMOS,723654,35.883,-106.283,36.25703,-106.28976
Hot-Dry & Mixed Dry,rural,Rural,County,35043,Census Tract 107.27; Sandoval County; New Mexico,31484,12413,8.7,3.4,0.55,0.483333,0.633333,0.543333,59,False,27.3,NM_ALBUQUERQUE-DOUBLE,723647,35.145,-106.795,35.531,-106.69126
Hot-Dry & Mixed Dry,rural,Rural,County,06063,Census Tract 1; Plumas County; California,19607,15037,7.7,5.9,0.658333,0.45,0.441667,0.542083,60,False,29.0,CA_SUSANVILLE-MUNI,725837,40.376,-120.573,40.00297,-120.82292
Hot-Dry & Mixed Dry,rural,Rural,County,06085,Census Tract 5046.01; Santa Clara County; California,22186,7958,25.3,9.1,0.383333,0.758333,0.483333,0.534583,61,False,11.0,CA_SAN-JOSE-REID-HILLV,724946,37.333,-121.817,37.1738,-121.82289
Hot-Dry & Mixed Dry,rural,Rural,County,06011,Census Tract 1; Colusa County; California,21895,8157,19.0,7.1,0.4,0.716667,0.475,0.525833,62,False,28.9,CA_YUBA-CO,724838,39.102,-121.568,39.14393,-122.10364
Hot-Dry & Mixed Dry,rural,Rural,County,35061,Census Tract 9403; Valencia County; New Mexico,21759,7711,22.4,7.9,0.375,0.741667,0.466667,0.521667,63,False,9.3,NM_ALEXANDER-MUNI,720724,34.646,-106.836,34.75346,-106.73783
Hot-Dry & Mixed Dry,rural,Rural,County,06043,Census Tract 1.01; Mariposa County; California,17060,9796,11.8,6.8,0.466667,0.558333,0.408333,0.487083,64,False,36.4,CA_MERCED-CASTLE-AFB,724810,37.383,-120.567,37.54776,-119.93577
Hot-Dry & Mixed Dry,rural,Rural,County,06035,Census Tract 401; Lassen County; California,29252,11379,6.4,2.5,0.491667,0.425,0.583333,0.486667,65,False,3.1,CA_SUSANVILLE-MUNI,725837,40.376,-120.573,40.40731,-120.53116
Hot-Dry & Mixed Dry,rural,Rural,County,35035,Census Tract 5.02; Otero County; New Mexico,25559,13827,3.9,2.1,0.6,0.3,0.516667,0.478333,66,False,11.4,NM_ALAMOGORDO-WHITE-SANDS,722693,32.84,-105.991,32.87455,-105.79917
Hot-Dry & Mixed Dry,rural,Rural,County,06101,Census Tract 507.02; Sutter County; California,15676,5789,28.3,10.5,0.258333,0.808333,0.341667,0.4675,67,False,7.2,CA_YUBA-CO,724838,39.102,-121.568,39.12519,-121.69867
Hot-Dry & Mixed Dry,rural,Rural,County,06041,Census Tract 1011; Marin County; California,9909,6683,25.4,17.1,0.341667,0.766667,0.208333,0.46375,68,False,10.0,CA_GNOSS-FIELD,720406,38.15,-122.55,38.07221,-122.70493
Hot-Dry & Mixed Dry,rural,Rural,County,06059,Census Tract 218.13; Orange County; California,10360,3849,54.8,20.4,0.166667,0.958333,0.241667,0.45875,69,False,12.5,CA_SANTA-ANA-JOHN-WAYNE-AP,722977,33.68,-117.866,33.70785,-117.65051
Hot-Dry & Mixed Dry,rural,Rural,County,04027,Census Tract 109.10; Yuma County; Arizona,24429,12143,4.5,2.3,0.516667,0.35,0.508333,0.456667,70,False,8.9,AZ_YUMA-MCAS,740035,32.65,-114.617,32.64044,-114.46407
Hot-Dry & Mixed Dry,rural,Rural,County,32510,Census Tract 3; Carson City; Nevada,8454,3837,77.9,35.4,0.158333,0.991667,0.175,0.453333,71,False,3.3,NV_CARSON-AP,720549,39.183,-119.733,39.13907,-119.758
Hot-Dry & Mixed Dry,rural,Rural,County,04009,Census Tract 9405; Graham County; Arizona,27805,9488,6.0,2.1,0.441667,0.408333,0.55,0.451667,72,False,7.8,AZ_SAFFORD(AMOS),722747,32.857,-109.636,32.89672,-109.76104
Hot-Dry & Mixed Dry,rural,Rural,County,06051,Census Tract 1.01; Mono County; California,13169,13632,4.3,4.5,0.591667,0.341667,0.3,0.445834,73,False,8.6,CA_MAMMOTH-YOSEMITE-AP,723894,37.633,-118.85,37.75107,-118.89731
Hot-Dry & Mixed Dry,rural,Rural,County,32023,Census Tract 9601; Nye County; Nevada,28511,13873,1.6,0.8,0.608333,0.15,0.566667,0.439583,74,False,6.3,NV_MERCURY-DESERT-ROCK-AP,723870,36.621,-116.028,36.64456,-116.13836
Hot-Dry & Mixed Dry,rural,Rural,County,35027,Census Tract 9602; Lincoln County; New Mexico,15984,13609,3.3,2.8,0.583333,0.266667,0.366667,0.429167,75,False,3.3,NM_SIERRA-BLANCA-RGNL-AP,722683,33.45,-105.517,33.49073,-105.48707
Hot-Dry & Mixed Dry,rural,Rural,County,32031,Census Tract 23.02; Washoe County; Nevada,23831,10840,4.0,1.8,0.483333,0.308333,0.491667,0.42375,76,False,7.1,NV_RENO-STEAD,720839,39.667,-119.876,39.71228,-119.75541
Hot-Dry & Mixed Dry,rural,Rural,County,32007,Census Tract 9502; Elko County; Nevada,29525,12176,1.7,0.7,0.525,0.158333,0.591667,0.41,77,False,19.6,NV_ELKO-MUNI-AP,725825,40.824,-115.786,40.89722,-115.42457
Hot-Dry & Mixed Dry,rural,Rural,County,06069,Census Tract 1; San Benito County; California,16774,5890,12.2,4.3,0.275,0.591667,0.391667,0.409167,78,False,8.8,CA_HOLLISTER-MUNI,749179,36.9,-121.417,36.79102,-121.33403
Hot-Dry & Mixed Dry,rural,Rural,County,35017,Census Tract 9641; Grant County; New Mexico,17137,9100,4.3,2.3,0.433333,0.341667,0.425,0.399583,79,False,10.0,NM_GRANT-CO-AP,722721,32.633,-108.167,32.76136,-108.24601
Hot-Dry & Mixed Dry,rural,Rural,County,06031,Census Tract 1; Kings County; California,16606,5439,13.1,4.3,0.25,0.6,0.383333,0.399167,80,False,15.8,CA_LEMOORE-REEVES-NAS,747020,36.333,-119.95,36.12799,-119.82363
Hot-Dry & Mixed Dry,rural,Rural,County,04012,Census Tract 201.01; La Paz County; Arizona,13226,12202,2.9,2.7,0.533333,0.241667,0.308333,0.38625,81,False,35.0,CA_BLYTHE-RIVERSIDE-CO-AP,747188,33.619,-114.714,33.81153,-114.15101
Hot-Dry & Mixed Dry,rural,Rural,County,06105,Census Tract 1.01; Trinity County; California,15886,8122,5.0,2.6,0.391667,0.366667,0.358333,0.37625,82,False,40.8,CA_REDDING-MUNI-AP,725920,40.518,-122.299,40.7898,-122.9901
Hot-Dry & Mixed Dry,rural,Rural,County,04023,Census Tract 9660; Santa Cruz County; Arizona,11491,5999,9.9,5.2,0.291667,0.516667,0.25,0.362084,83,False,7.9,AZ_NOGALES-IAP,722728,31.421,-110.847,31.53166,-110.87904
Hot-Dry & Mixed Dry,rural,Rural,County,35057,Census Tract 9632.01; Torrance County; New Mexico,15290,7238,4.6,2.2,0.366667,0.358333,0.333333,0.357083,84,False,19.7,NM_CLINES-CORNERS,722677,35.003,-105.663,34.85695,-105.96211
Hot-Dry & Mixed Dry,rural,Rural,County,35015,Census Tract 4.01; Eddy County; New Mexico,17131,7029,4.2,1.7,0.35,0.325,0.416667,0.354583,85,False,9.0,NM_CARLSBAD-CAVERN-CITY-AP,722687,32.334,-104.258,32.45748,-104.3065
Hot-Dry & Mixed Dry,rural,Rural,County,35007,Census Tract 9505; Colfax County; New Mexico,12336,9578,3.3,2.5,0.45,0.266667,0.266667,0.349167,86,False,7.4,NM_RATON,722678,36.742,-104.508,36.65147,-104.57974
Hot-Dry & Mixed Dry,rural,Rural,County,06021,Census Tract 102; Glenn County; California,12092,4627,9.3,3.6,0.233333,0.5,0.258333,0.331666,87,False,19.3,CA_CHICO-MUNI-AP,724973,39.8,-121.85,39.68835,-122.184
Hot-Dry & Mixed Dry,rural,Rural,County,35025,Census Tract 7.01; Lea County; New Mexico,17032,6318,3.9,1.5,0.316667,0.3,0.4,0.3275,88,False,6.5,NM_HOBBS-LEA-CO,722688,32.693,-103.213,32.7141,-103.3211
Hot-Dry & Mixed Dry,rural,Rural,County,35006,Census Tract 9415; Cibola County; New Mexico,15287,6507,3.4,1.4,0.333333,0.283333,0.325,0.314166,89,False,16.4,NM_GRANTS-MILAN-MUNI-AP,723625,35.165,-107.902,34.93257,-107.84349
Hot-Dry & Mixed Dry,rural,Rural,County,06015,Census Tract 2.01; Del Norte County; California,10038,3952,10.2,4.0,0.183333,0.525,0.225,0.31125,90,False,10.2,CA_CRESCENT-CITY-FAA-AP,725946,41.78,-124.237,41.78751,-124.03904
Hot-Dry & Mixed Dry,rural,Rural,County,32001,Census Tract 9501; Churchill County; Nevada,16344,6244,3.3,1.3,0.308333,0.266667,0.375,0.307083,91,False,9.2,NV_FALLON-NAAS,724885,39.417,-118.717,39.54525,-118.7631
Hot-Dry & Mixed Dry,rural,Rural,County,35047,Census Tract 9575.01; San Miguel County; New Mexico,12586,7102,2.7,1.5,0.358333,0.225,0.283333,0.296666,92,False,11.4,NM_LAS-VEGAS-MUNI-AP,723677,35.656,-105.139,35.53852,-105.28229
Hot-Dry & Mixed Dry,rural,Rural,County,35009,Census Tract 6.01; Curry County; New Mexico,9344,4424,6.8,3.2,0.216667,0.433333,0.191667,0.2875,93,False,12.5,NM_CLOVIS-CANNON-AFB,722686,34.383,-103.317,34.55738,-103.2594
Hot-Dry & Mixed Dry,rural,Rural,County,32029,Census Tract 9702; Storey County; Nevada,4139,2112,15.7,8.0,0.075,0.65,0.083333,0.277917,94,False,13.8,NV_RENO-TAHOE-IAP,724880,39.508,-119.768,39.43839,-119.52465
Hot-Dry & Mixed Dry,rural,Rural,County,35005,Census Tract 11.01; Chaves County; New Mexico,15775,6024,2.6,1.0,0.3,0.2,0.35,0.275,95,False,4.2,NM_ROSWELL-INDUSTRIAL-AP,722680,33.307,-104.508,33.25063,-104.47987
Hot-Dry & Mixed Dry,rural,Rural,County,04011,Census Tract 9601; Greenlee County; Arizona,9452,4422,5.1,2.4,0.208333,0.375,0.2,0.265,96,False,25.3,AZ_SAFFORD(AMOS),722747,32.857,-109.636,33.03865,-109.25758
Hot-Dry & Mixed Dry,rural,Rural,County,35029,Census Tract 4.01; Luna County; New Mexico,9983,4529,3.4,1.5,0.225,0.283333,0.216667,0.24375,97,False,9.6,NM_DEMING-MUNI,722725,32.259,-107.721,32.12093,-107.74152
Hot-Dry & Mixed Dry,rural,Rural,County,35053,Census Tract 9400; Socorro County; New Mexico,12494,5958,1.9,0.9,0.283333,0.175,0.275,0.24375,98,False,2.8,NM_SOCORRO-MUNI-AP,723620,34.067,-106.9,34.02682,-106.90156
Hot-Dry & Mixed Dry,rural,Rural,County,32013,Census Tract 105.01; Humboldt County; Nevada,12971,5816,1.3,0.6,0.266667,0.125,0.291667,0.222084,99,False,10.1,NV_WINNEMUCCA-MUNI-AP,725830,40.902,-117.808,41.04632,-117.77768
Hot-Dry & Mixed Dry,rural,Rural,County,06027,Census Tract 1; Inyo County; California,10334,5383,1.0,0.5,0.241667,0.083333,0.233333,0.184583,100,False,40.2,CA_BISHOP-AP,724800,37.371,-118.358,36.91917,-117.89847
Hot-Dry & Mixed Dry,rural,Rural,County,35041,Census Tract 4.01; Roosevelt County; New Mexico,6540,2956,2.7,1.2,0.133333,0.225,0.166667,0.172083,101,False,23.3,NM_MELROSE-GUNNERY-RANGE-NM,746380,34.295,-103.786,34.05278,-103.50204
Hot-Dry & Mixed Dry,rural,Rural,County,35037,Census Tract 9586.02; Quay County; New Mexico,5461,3900,1.9,1.4,0.175,0.175,0.133333,0.166667,102,False,3.3,NM_TUCUMCARI-FAA-AP,723676,35.181,-103.601,35.14992,-103.64448
Hot-Dry & Mixed Dry,rural,Rural,County,35051,Census Tract 9624.01; Sierra County; New Mexico,4872,4273,1.2,1.0,0.2,0.116667,0.125,0.155833,103,False,8.5,NM_TRUTH-OR-CONSEQ-MUNI-AP,722710,33.237,-107.268,33.11468,-107.2827
Hot-Dry & Mixed Dry,rural,Rural,County,32033,Census Tract 9701; White Pine County; Nevada,8856,4157,1.0,0.5,0.191667,0.083333,0.183333,0.152083,104,False,13.7,NV_ELY-YELLAND-FIELD,724860,39.295,-114.847,39.21686,-115.08187
Hot-Dry & Mixed Dry,rural,Rural,County,06049,Census Tract 2; Modoc County; California,5544,3207,1.4,0.8,0.141667,0.141667,0.141667,0.141667,105,False,10.9,CA_ALTURAS,725958,41.491,-120.564,41.58387,-120.73488
Hot-Dry & Mixed Dry,rural,Rural,County,35033,Census Tract 9552.01; Mora County; New Mexico,4176,2938,2.2,1.5,0.125,0.183333,0.091667,0.13875,106,False,24.8,NM_LAS-VEGAS-MUNI-AP,723677,35.656,-105.139,36.01429,-105.14674
Hot-Dry & Mixed Dry,rural,Rural,County,06091,Census Tract 100; Sierra County; California,2731,2099,2.9,2.2,0.066667,0.241667,0.058333,0.12625,107,False,23.0,CA_BLUE-CANYON-AP,725845,39.277,-120.71,39.57693,-120.52199
Hot-Dry & Mixed Dry,rural,Rural,County,32015,Census Tract 3.01; Lander County; Nevada,5745,2797,1.0,0.5,0.116667,0.083333,0.15,0.111667,108,False,27.1,NV_BATTLE-MOUNTAIN,725835,40.612,-116.892,40.22012,-116.92701
Hot-Dry & Mixed Dry,rural,Rural,County,32027,Census Tract 9601; Pershing County; Nevada,6505,2293,1.1,0.4,0.1,0.1,0.158333,0.111667,109,False,27.0,NV_LOVELOCK-DERBY-FIELD,725805,40.068,-118.57,40.43964,-118.40948
Hot-Dry & Mixed Dry,rural,Rural,County,35019,Census Tract 9616; Guadalupe County; New Mexico,4379,2156,1.4,0.7,0.083333,0.141667,0.1,0.107083,110,False,50.6,NM_CLINES-CORNERS,722677,35.003,-105.663,34.86978,-104.78497
Hot-Dry & Mixed Dry,rural,Rural,County,32021,Census Tract 9707; Mineral County; Nevada,4557,2202,1.2,0.6,0.091667,0.116667,0.116667,0.105417,111,False,3.4,NV_HAWTHORNE-MUNICIPAL,724856,38.544,-118.634,38.53601,-118.57194
Hot-Dry & Mixed Dry,rural,Rural,County,06003,Census Tract 100; Alpine County; California,1695,1587,2.3,2.1,0.05,0.191667,0.041667,0.097917,112,False,21.8,CA_LAKE-TAHOE,725847,38.898,-119.995,38.62178,-119.79835
Hot-Dry & Mixed Dry,rural,Rural,County,35003,Census Tract 9764.01; Catron County; New Mexico,3685,3333,0.5,0.5,0.15,0.041667,0.066667,0.095417,113,False,81.3,NM_TRUTH-OR-CONSEQ-MUNI-AP,722710,33.237,-107.268,33.83324,-108.48501
Hot-Dry & Mixed Dry,rural,Rural,County,32017,Census Tract 9501; Lincoln County; Nevada,4452,2322,0.4,0.2,0.108333,0.033333,0.108333,0.082083,114,False,82.0,UT_ST-GEORGE-MUNI-AP,724754,37.1,-113.6,37.88797,-114.71834
Hot-Dry & Mixed Dry,rural,Rural,County,35059,Census Tract 9502; Union County; New Mexico,4039,2091,1.1,0.5,0.058333,0.1,0.075,0.07625,115,False,18.1,NM_CLAYTON-MUNI-AIRPARK,723600,36.448,-103.154,36.48809,-103.47572
Hot-Dry & Mixed Dry,rural,Rural,County,35011,Census Tract 9601; De Baca County; New Mexico,1580,1165,0.7,0.5,0.041667,0.058333,0.025,0.044167,116,False,33.5,NM_MELROSE-GUNNERY-RANGE-NM,746380,34.295,-103.786,34.35927,-104.3687
Hot-Dry & Mixed Dry,rural,Rural,County,35023,Census Tract 9700; Hidalgo County; New Mexico,1983,1109,0.6,0.3,0.033333,0.05,0.05,0.0425,117,False,58.8,NM_BISBEE-DOUGLAS-IAP,722720,31.458,-109.607,31.89805,-108.75193
Hot-Dry & Mixed Dry,rural,Rural,County,32011,Census Tract 1; Eureka County; Nevada,1660,1020,0.4,0.2,0.025,0.033333,0.033333,0.029583,118,False,29.6,NV_EUREKA,724770,39.601,-116.006,39.97779,-116.27221
Hot-Dry & Mixed Dry,rural,Rural,County,35021,Census Tract 1; Harding County; New Mexico,748,489,0.4,0.2,0.008333,0.033333,0.008333,0.017083,119,False,49.0,NM_TUCUMCARI-FAA-AP,723676,35.181,-103.601,35.85935,-103.85342
Hot-Dry & Mixed Dry,rural,Rural,County,32009,Census Tract 9501; Esmeralda County; Nevada,962,727,0.3,0.2,0.016667,0.008333,0.016667,0.01375,120,False,35.0,NV_TONOPAH-AP,724855,38.05,-117.091,37.77897,-117.63238
Hot-Humid,higher density urban,HDU,CBSA,33100,"Miami-Fort Lauderdale-West Palm Beach, FL",6095879,2648282,4217.4,1832.2,1.0,1.0,1.0,1.0,1,True,4.8,FL_FT-LAUD-HOLLYWOOD-IAP,747830,26.079,-80.162,26.09307,-80.23751
Hot-Humid,higher density urban,HDU,CBSA,26660,"Huntsville, TX",31862,12761,3559.2,1425.5,0.75,0.75,0.75,0.75,2,False,2.9,TX_HUNTSVILLE,722447,30.744,-95.587,30.71706,-95.54902
Hot-Humid,higher density urban,HDU,CBSA,11380,"Andrews, TX",12220,4874,3075.0,1226.5,0.5,0.5,0.5,0.5,3,False,25.0,TX_GAINES-CO-AP,722107,32.675,-102.654,32.32327,-102.55186
Hot-Humid,higher density urban,HDU,CBSA,18620,"Corsicana, TX",10027,3957,3011.1,1188.3,0.25,0.25,0.25,0.25,4,False,6.1,TX_CORSICANA,722469,32.032,-96.399,32.09158,-96.47492
Hot-Humid,lower density urban,LDU,CBSA,19100,"Dallas-Fort Worth-Arlington, TX",7398385,2880694,1972.5,768.0,1.0,0.904762,1.0,0.966667,1,True,5.0,TX_DALLAS-FORT-WORTH-IAP,722590,32.897,-97.022,32.86768,-96.94242
Hot-Humid,lower density urban,LDU,CBSA,26420,"Houston-Pasadena-The Woodlands, TX",6949987,2700400,1948.4,757.0,0.984127,0.873016,0.984127,0.945238,2,False,6.4,TX_HOUSTON-DUNN-HELISTOP,720594,29.717,-95.383,29.7974,-95.43471
Hot-Humid,lower density urban,LDU,CBSA,45300,"Tampa-St. Petersburg-Clearwater, FL",3173042,1462421,1901.5,876.4,0.968254,0.84127,0.968254,0.92381,3,False,4.5,FL_TAMPA-IAP,722110,27.963,-82.54,28.02735,-82.52523
Hot-Humid,lower density urban,LDU,CBSA,35380,"New Orleans-Metairie, LA",937966,439541,2341.4,1097.2,0.873016,0.968254,0.873016,0.906349,4,False,8.4,LA_NEW-ORLEANS-LAKEFRONT-AP,722315,30.049,-90.029,29.96178,-90.12679
Hot-Humid,lower density urban,LDU,CBSA,46520,"Urban Honolulu, HI",985594,364473,2752.1,1017.7,0.84127,1.0,0.888889,0.906349,5,False,2377.6,CA_ROHNERVILLE,749485,40.554,-124.133,21.36887,-157.91402
Hot-Humid,lower density urban,LDU,CBSA,36740,"Orlando-Kissimmee-Sanford, FL",2624858,1078670,1716.7,705.5,0.952381,0.777778,0.952381,0.89127,6,False,5.6,FL_ORLANDO-EXECUTIVE-AP,722053,28.547,-81.335,28.5446,-81.42663
Hot-Humid,lower density urban,LDU,CBSA,41700,"San Antonio-New Braunfels, TX",2328328,923647,1678.8,666.0,0.920635,0.746032,0.936508,0.862699,7,False,2.5,TX_SAN-ANTONIO-IAP,722530,29.544,-98.484,29.50767,-98.49084
Hot-Humid,lower density urban,LDU,CBSA,35840,"North Port-Bradenton-Sarasota, FL",833729,461011,1691.8,935.5,0.888889,0.761905,0.84127,0.834921,8,False,7.1,FL_SARASOTA-BRADENTON,722115,27.401,-82.559,27.33682,-82.46965
Hot-Humid,lower density urban,LDU,CBSA,12420,"Austin-Round Rock-San Marcos, TX",2167707,928367,1434.1,614.2,0.936508,0.603175,0.920635,0.816667,9,False,1.7,TX_AUSTIN-CAMP-MABRY,722544,30.321,-97.76,30.34182,-97.74553
Hot-Humid,lower density urban,LDU,CBSA,15980,"Cape Coral-Fort Myers, FL",769002,415620,1496.7,808.9,0.857143,0.666667,0.825397,0.784127,10,False,0.8,FL_FORT-MYERS-PAGE-FIELD,722106,26.585,-81.861,26.57817,-81.85105
Hot-Humid,lower density urban,LDU,CBSA,27260,"Jacksonville, FL",1521097,662263,1313.2,571.8,0.904762,0.52381,0.904762,0.771429,11,False,3.4,FL_JACKSONVILLE-NAS,722065,30.233,-81.667,30.22797,-81.60951
Hot-Humid,lower density urban,LDU,CBSA,38940,"Port St. Lucie, FL",476810,225363,1504.9,711.3,0.746032,0.68254,0.746032,0.72381,12,False,8.8,FL_STUART-WITHAM,722189,27.182,-80.221,27.27736,-80.31668
Hot-Humid,lower density urban,LDU,CBSA,37340,"Palm Bay-Melbourne-Titusville, FL",599382,285090,1489.2,708.3,0.761905,0.650794,0.761905,0.723016,13,False,5.5,FL_COCOA-BEACH-PATRICK-AFB,747950,28.233,-80.6,28.218,-80.68944
Hot-Humid,lower density urban,LDU,CBSA,32580,"McAllen-Edinburg-Mission, TX",843292,291506,1375.2,475.4,0.777778,0.555556,0.857143,0.715873,14,False,5.3,TX_MCALLEN-MILLER-IAP,722506,26.179,-98.245,26.23299,-98.18462
Hot-Humid,lower density urban,LDU,CBSA,18580,"Corpus Christi, TX",407469,180049,1519.0,671.2,0.698413,0.714286,0.698413,0.703969,15,False,7.6,TX_CORPUS-CHRISTI-IAP,722510,27.773,-97.513,27.76887,-97.38833
Hot-Humid,lower density urban,LDU,CBSA,31180,"Lubbock, TX",298822,130369,1743.8,760.8,0.634921,0.793651,0.650794,0.693651,16,False,9.6,TX_LUBBOCK-IAP,722670,33.666,-101.823,33.54977,-101.91504
Hot-Humid,lower density urban,LDU,CBSA,16700,"Charleston-North Charleston, SC",720467,324313,1212.5,545.8,0.825397,0.396825,0.809524,0.672222,17,False,1.3,SC_CHARLESTON-IAP,722080,32.899,-80.041,32.9145,-80.02851
Hot-Humid,lower density urban,LDU,CBSA,29700,"Laredo, TX",262045,84115,1963.9,630.4,0.492063,0.888889,0.603175,0.653174,18,False,0.7,TX_LAREDO-IAP,722520,27.533,-99.467,27.52454,-99.47361
Hot-Humid,lower density urban,LDU,CBSA,19660,"Deltona-Daytona Beach-Ormond Beach, FL",634485,309686,1166.9,569.6,0.809524,0.349206,0.777778,0.642064,19,False,4.7,FL_DAYTONA-BEACH-IAP,747870,29.174,-81.072,29.15309,-81.14684
Hot-Humid,lower density urban,LDU,CBSA,17780,"College Station-Bryan, TX",209037,86747,1870.0,776.0,0.52381,0.825397,0.539683,0.63254,20,False,2.4,TX_EASTERWOOD-FLD-AP,747460,30.591,-96.363,30.61885,-96.33883
Hot-Humid,lower density urban,LDU,CBSA,47020,"Victoria, TX",62656,27151,2060.0,892.7,0.380952,0.952381,0.380952,0.580952,21,False,4.1,TX_VICTORIA-RGNL-AP,722550,28.862,-96.93,28.83133,-96.98858
Hot-Humid,lower density urban,LDU,CBSA,34940,"Naples-Marco Island, FL",356754,220280,1155.2,713.3,0.730159,0.301587,0.666667,0.56746,22,False,5.2,FL_NAPLES-MUNI-AP,722038,26.155,-81.775,26.19763,-81.70586
Hot-Humid,lower density urban,LDU,CBSA,28660,"Killeen-Temple, TX",409281,159830,1166.3,455.4,0.666667,0.333333,0.714286,0.559524,23,False,2.0,TX_KILLEEN-MUNI(AWOS),722575,31.083,-97.683,31.10113,-97.65697
Hot-Humid,lower density urban,LDU,CBSA,45220,"Tallahassee, FL",278680,128548,1225.0,565.1,0.619048,0.428571,0.619048,0.552381,24,False,6.4,FL_TALLAHASSEE-RGNL-AP,722140,30.394,-84.351,30.46238,-84.27898
Hot-Humid,lower density urban,LDU,CBSA,29460,"Lakeland-Winter Haven, FL",706261,304934,1035.5,447.1,0.793651,0.079365,0.793651,0.543651,25,False,2.2,FL_WINTERHAVEN-GILBERT-AP,747931,28.061,-81.757,28.05372,-81.79194
Hot-Humid,lower density urban,LDU,CBSA,23540,"Gainesville, FL",227396,102494,1258.5,567.3,0.571429,0.492063,0.555556,0.540476,26,False,6.9,FL_GAINESVILLE-RGNL-AP,747560,29.692,-82.276,29.65303,-82.38095
Hot-Humid,lower density urban,LDU,CBSA,11100,"Amarillo, TX",229265,97737,1240.2,528.7,0.555556,0.47619,0.571429,0.530952,27,False,8.7,TX_AMARILLO-IAP,723630,35.22,-101.717,35.17278,-101.86048
Hot-Humid,lower density urban,LDU,CBSA,37860,"Pensacola-Ferry Pass-Brent, FL",458257,204539,1071.8,478.4,0.714286,0.142857,0.730159,0.51746,28,False,0.6,FL_PENSACOLA-RGNL-AP,722223,30.478,-87.187,30.48234,-87.19475
Hot-Humid,lower density urban,LDU,CBSA,15180,"Brownsville-Harlingen, TX",381890,142764,1113.8,416.4,0.650794,0.238095,0.68254,0.512699,29,False,12.2,TX_BROWNSVILLE-S-PADRE-ISL-IA,722500,25.915,-97.423,26.04026,-97.56252
Hot-Humid,lower density urban,LDU,CBSA,17980,"Columbus, GA-AL",244875,110843,1160.6,525.4,0.603175,0.31746,0.587302,0.5,30,False,1.9,GA_COLUMBUS-METRO-AP,722255,32.516,-84.942,32.48887,-84.94493
Hot-Humid,lower density urban,LDU,CBSA,37460,"Panama City-Panama City Beach, FL",152475,93408,1233.9,755.9,0.539683,0.444444,0.47619,0.493651,31,False,10.9,FL_TYNDALL-AFB,747750,30.067,-85.583,30.19607,-85.68726
Hot-Humid,lower density urban,LDU,CBSA,20580,"Eagle Pass, TX",42042,14922,1623.6,576.3,0.349206,0.730159,0.365079,0.485714,32,False,43.9,TX_FAITH-RANCH-AP,720742,28.209,-100.019,28.69852,-100.4806
Hot-Humid,lower density urban,LDU,CBSA,36220,"Odessa, TX",147601,62123,1269.7,534.4,0.428571,0.507937,0.444444,0.459524,33,False,3.8,TX_ODESSA-SCHLEMEYER-FIELD,722648,31.925,-102.387,31.87023,-102.39377
Hot-Humid,lower density urban,LDU,CBSA,34820,"Myrtle Beach-Conway-North Myrtle Beach, SC",291050,178276,1014.2,621.2,0.68254,0.031746,0.634921,0.445238,34,False,3.9,SC_MYRTLE-BEACH-AFB,747910,33.683,-78.933,33.73981,-78.92959
Hot-Humid,lower density urban,LDU,CBSA,39460,"Punta Gorda, FL",173078,103070,1096.6,653.0,0.587302,0.206349,0.507937,0.438095,35,False,8.8,FL_PUNTA-GORDA,722034,26.918,-81.994,26.96418,-82.12724
Hot-Humid,lower density urban,LDU,CBSA,13060,"Bay City, TX",12804,5941,2421.8,1123.7,0.15873,0.984127,0.079365,0.431746,36,False,5.6,TX_BAY-CITY,720273,28.973,-95.863,28.97317,-95.95624
Hot-Humid,lower density urban,LDU,CBSA,47380,"Waco, TX",206472,85799,1125.6,467.7,0.507937,0.269841,0.52381,0.427778,37,False,6.6,TX_WACO-RGNL-AP,722560,31.618,-97.228,31.5393,-97.16335
Hot-Humid,lower density urban,LDU,CBSA,25820,"Hereford, TX",14679,5580,2041.9,776.2,0.111111,0.936508,0.190476,0.415873,38,False,4.2,TX_HEREFORD-MUNI-AP,720393,34.85,-102.333,34.82713,-102.40142
Hot-Humid,lower density urban,LDU,CBSA,28780,"Kingsville, TX",25072,11371,1441.7,653.8,0.301587,0.619048,0.301587,0.412698,39,False,3.7,TX_KINGSVILLE,722516,27.509,-97.804,27.51189,-97.86369
Hot-Humid,lower density urban,LDU,CBSA,41660,"San Angelo, TX",97330,42174,1212.2,525.3,0.396825,0.380952,0.412698,0.394444,40,False,7.6,TX_SAN-ANGELO-MATHIS-FIELD,722630,31.352,-100.495,31.45781,-100.45779
Hot-Humid,lower density urban,LDU,CBSA,40100,"Rio Grande City-Roma, TX",34752,11938,1240.2,426.0,0.31746,0.47619,0.349206,0.379365,41,False,42.4,TX_MCALLEN-MILLER-IAP,722506,26.179,-98.245,26.38724,-98.88827
Hot-Humid,lower density urban,LDU,CBSA,24900,"Greenwood, MS",15199,7234,1514.0,720.6,0.206349,0.698413,0.206349,0.378571,42,False,5.8,MS_GREENWOOD-LEFLORE-AP,747580,33.496,-90.089,33.51864,-90.1854
Hot-Humid,lower density urban,LDU,CBSA,42680,"Sebastian-Vero Beach-West Vero Corridor, FL",154494,81752,1081.5,572.3,0.47619,0.15873,0.492063,0.368254,43,False,1.5,FL_VERO-BEACH-MUNI-AP,747930,27.655,-80.414,27.66838,-80.43341
Hot-Humid,lower density urban,LDU,CBSA,37420,"Pampa, TX",16765,8483,1426.6,721.8,0.238095,0.587302,0.222222,0.357143,44,False,4.8,NM_PAMPA,720313,35.613,-100.996,35.54818,-100.96386
Hot-Humid,lower density urban,LDU,CBSA,38920,"Port Lavaca, TX",10115,4277,2012.1,850.8,0.047619,0.920635,0.063492,0.356349,45,False,4.0,TX_PORT-LAVACA-CALHOUN,722209,28.654,-96.681,28.62671,-96.62333
Hot-Humid,lower density urban,LDU,CBSA,20300,"Dumas, TX",14519,5442,1804.9,676.5,0.079365,0.809524,0.174603,0.353968,46,False,3.6,TX_MOORE-CO,722214,35.858,-102.013,35.9009,-101.97616
Hot-Humid,lower density urban,LDU,CBSA,48680,"Wildwood-The Villages, FL",111381,68551,1046.2,643.9,0.460317,0.095238,0.428571,0.32619,47,False,12.4,FL_LEESBURG-RGNL-AP,722213,28.821,-81.81,28.85132,-82.01256
Hot-Humid,lower density urban,LDU,CBSA,45880,"Town of Pecos, TX",10069,4093,1927.8,783.6,0.031746,0.857143,0.047619,0.32381,48,False,2.2,TX_PECOS-MUNI-AIR,722169,31.383,-103.511,31.41431,-103.50203
Hot-Humid,lower density urban,LDU,CBSA,32940,"Meridian, MS",31811,16715,1119.1,588.0,0.365079,0.253968,0.31746,0.316666,49,False,4.4,MS_MERIDIAN-KEY-FIELD,722340,32.335,-88.751,32.38763,-88.70854
Hot-Humid,lower density urban,LDU,CBSA,13300,"Beeville, TX",13925,5895,1444.2,611.4,0.142857,0.634921,0.126984,0.311905,50,False,4.3,TX_BEEVILLE-MUNI-AP,720391,28.35,-97.717,28.40531,-97.74875
Hot-Humid,lower density urban,LDU,CBSA,33260,"Midland, TX",149924,63339,1025.1,433.1,0.444444,0.047619,0.460317,0.30873,51,False,2.2,TX_MIDLAND-AIRPARK,722324,32.036,-102.101,32.00607,-102.11408
Hot-Humid,lower density urban,LDU,CBSA,17260,"Clarksdale, MS",12816,6277,1377.9,674.9,0.190476,0.571429,0.095238,0.304762,52,False,7.9,MS_FLETCHER-FLD,720927,34.3,-90.512,34.19803,-90.57528
Hot-Humid,lower density urban,LDU,CBSA,28580,"Key West-Key Largo, FL",73472,48531,1027.4,678.6,0.412698,0.063492,0.396825,0.287301,53,False,15.8,FL_MARATHON-AP,722016,24.726,-81.048,24.73354,-81.29946
Hot-Humid,lower density urban,LDU,CBSA,46620,"Uvalde, TX",14403,5575,1342.4,519.6,0.095238,0.539683,0.15873,0.263492,54,False,2.6,TX_GARNER-FLD,722202,29.211,-99.744,29.21047,-99.78754
Hot-Humid,lower density urban,LDU,CBSA,33420,"Mineral Wells, TX",14196,5975,1219.7,513.4,0.174603,0.412698,0.142857,0.251587,55,False,2.8,TX_MINERAL-WELLS-MUNI-AP,722597,32.782,-98.06,32.80693,-98.09857
Hot-Humid,lower density urban,LDU,CBSA,15220,"Brownwood, TX",17865,8049,1152.9,519.4,0.222222,0.285714,0.238095,0.247619,56,False,7.2,TX_BROWNWOOD-MUNI-AP,722666,31.8,-98.95,31.69875,-98.98033
Hot-Humid,lower density urban,LDU,CBSA,10860,"Alice, TX",23696,10064,1085.0,460.8,0.285714,0.174603,0.285714,0.246825,57,False,7.3,TX_ALICE-IAP,722517,27.741,-98.025,27.64942,-98.08289
Hot-Humid,lower density urban,LDU,CBSA,44500,"Stephenville, TX",20167,8796,1111.2,484.7,0.253968,0.222222,0.253968,0.242857,58,False,2.0,TX_STEPHENVILLE-CLARK-FIELD,722600,32.215,-98.178,32.21955,-98.21214
Hot-Humid,lower density urban,LDU,CBSA,38380,"Plainview, TX",21821,9105,1088.2,454.1,0.269841,0.190476,0.269841,0.242063,59,False,1.9,TX_PLAINVIEW-HALE-CO,722174,34.167,-101.717,34.19407,-101.72213
Hot-Humid,lower density urban,LDU,CBSA,34860,"Nacogdoches, TX",33605,14343,1003.2,428.2,0.333333,0.015873,0.333333,0.222222,60,False,4.0,TX_NACOGDOCHES(AWOS),722499,31.578,-94.709,31.61055,-94.65239
Hot-Humid,lower density urban,LDU,CBSA,45020,"Sweetwater, TX",10053,4931,1183.8,580.7,0.063492,0.365079,0.031746,0.162698,61,False,3.8,TX_SWEETWATER-AP,722192,32.473,-100.466,32.47191,-100.40129
Hot-Humid,lower density urban,LDU,CBSA,17380,"Cleveland, MS",12965,5701,1057.9,465.2,0.126984,0.126984,0.111111,0.123809,62,False,8.5,MS_CLEVELAND-MUNI-AP,725023,33.861,-90.758,33.74007,-90.72811
Hot-Humid,lower density urban,LDU,CBSA,14300,"Bonham, TX",4777,1284,1055.2,283.6,0.015873,0.111111,0.015873,0.049206,63,False,27.0,OK_EAKER-FLD,742513,33.942,-96.394,33.58255,-96.20819
Hot-Humid,suburban/small town,Suburban,CBSA,12940,"Baton Rouge, LA",692599,300007,984.5,426.5,0.985915,0.992958,0.985915,0.98838,1,True,9.7,LA_BATON-ROUGE-METRO-R,722320,30.538,-91.147,30.42668,-91.04886
Hot-Humid,suburban/small town,Suburban,CBSA,17900,"Columbia, SC",699499,306076,964.5,422.0,0.992958,0.978873,0.992958,0.988028,2,False,6.3,SC_COLUMBIA-OWENS-APT,723104,33.972,-80.994,34.04696,-81.05666
Hot-Humid,suburban/small town,Suburban,CBSA,33660,"Mobile, AL",343247,155954,969.9,440.7,0.957746,0.985915,0.957746,0.967605,3,False,4.9,AL_MOBILE-RGNL-AP,722230,30.688,-88.246,30.67326,-88.16563
Hot-Humid,suburban/small town,Suburban,CBSA,13140,"Beaumont-Port Arthur, TX",309923,135143,950.9,414.6,0.908451,0.964789,0.929577,0.932395,4,False,7.0,TX_PORT-ARTHUR-JEFFERSON-CO,722410,29.952,-94.026,30.05286,-94.03336
Hot-Humid,suburban/small town,Suburban,CBSA,42340,"Savannah, GA",337390,149563,908.8,402.9,0.950704,0.880282,0.950704,0.926056,5,False,3.4,GA_HUNTER-AAF,747804,32.017,-81.133,32.05754,-81.16713
Hot-Humid,suburban/small town,Suburban,CBSA,33860,"Montgomery, AL",286164,127507,953.2,424.7,0.894366,0.971831,0.901408,0.922887,6,False,4.5,AL_MAXWELL-AFB,722265,32.383,-86.35,32.3987,-86.27547
Hot-Humid,suburban/small town,Suburban,CBSA,12260,"Augusta-Richmond County, GA-SC",472399,205257,869.9,378.0,0.978873,0.816901,0.978873,0.922183,7,False,1.3,GA_DANIEL-FIELD,722181,33.467,-82.038,33.48561,-82.03972
Hot-Humid,suburban/small town,Suburban,CBSA,43340,"Shreveport-Bossier City, LA",295549,138437,930.6,435.9,0.915493,0.929577,0.908451,0.919014,8,False,3.2,LA_SHREVEPORT-DOWNTOWN,722484,32.54,-93.746,32.4932,-93.74421
Hot-Humid,suburban/small town,Suburban,CBSA,13820,"Birmingham, AL",894520,399469,788.0,351.9,1.0,0.753521,1.0,0.913732,9,False,6.6,AL_BIRMINGHAM-MUNI-AP,722280,33.565,-86.745,33.47483,-86.78202
Hot-Humid,suburban/small town,Suburban,CBSA,25060,"Gulfport-Biloxi, MS",321412,146027,881.9,400.7,0.943662,0.84507,0.943662,0.909155,10,False,2.5,MS_KEESLER-AFB,747686,30.417,-88.917,30.41564,-88.95874
Hot-Humid,suburban/small town,Suburban,CBSA,18880,"Crestview-Fort Walton Beach-Destin, FL",242605,139409,911.5,523.8,0.922535,0.894366,0.894366,0.907042,11,False,2.7,FL_VALPARAISO-ELGIN-AFB,722210,30.483,-86.517,30.5141,-86.48894
Hot-Humid,suburban/small town,Suburban,CBSA,27140,"Jackson, MS",441700,194840,779.9,344.0,0.971831,0.739437,0.971831,0.890493,12,False,4.2,MS_JACKSON-IAP,722350,32.32,-90.078,32.34728,-90.14229
Hot-Humid,suburban/small town,Suburban,CBSA,29340,"Lake Charles, LA",165232,79248,935.1,448.5,0.859155,0.943662,0.838028,0.884507,13,False,3.2,LA_LAKE-CHARLES-WB-AP,722404,30.21,-93.143,30.20558,-93.19699
Hot-Humid,suburban/small town,Suburban,CBSA,26620,"Huntsville, AL",427426,185715,771.6,335.3,0.964789,0.71831,0.964789,0.878521,14,False,5.0,AL_REDSTONE-AAF,723231,34.679,-86.685,34.75043,-86.67268
Hot-Humid,suburban/small town,Suburban,CBSA,47580,"Warner Robins, GA",174331,71455,945.4,387.5,0.823944,0.957746,0.852113,0.876408,15,False,6.0,GA_ROBINS-AFB,722175,32.633,-83.6,32.57314,-83.67366
Hot-Humid,suburban/small town,Suburban,CBSA,29180,"Lafayette, LA",317631,144691,775.0,353.0,0.93662,0.732394,0.93662,0.865141,16,False,4.0,LA_LAFAYETTE-RGNL-AP,722405,30.199,-91.99,30.18797,-92.05625
Hot-Humid,suburban/small town,Suburban,CBSA,43640,"Slidell-Mandeville-Covington, LA",216580,90119,854.5,355.5,0.880282,0.802817,0.887324,0.854578,17,False,8.8,LA_SLIDELL-MUN-LA,722330,30.344,-89.822,30.36619,-89.96774
Hot-Humid,suburban/small town,Suburban,CBSA,31420,"Macon-Bibb County, GA",156762,71502,911.5,415.7,0.830986,0.894366,0.823944,0.851761,18,False,10.8,GA_MACON-MIDDLE-GA-RGNL-AP,722170,32.689,-83.653,32.84367,-83.67854
Hot-Humid,suburban/small town,Suburban,CBSA,36100,"Ocala, FL",306782,140503,762.2,349.1,0.929577,0.704225,0.915493,0.847887,19,False,7.2,FL_OCALA-MUNI(AWOS),722055,29.167,-82.233,29.10907,-82.13371
Hot-Humid,suburban/small town,Suburban,CBSA,46220,"Tuscaloosa, AL",191128,85362,849.9,379.6,0.873239,0.795775,0.873239,0.846127,20,False,5.7,AL_TUSCALOOSA-MUNI-AP,722286,33.212,-87.616,33.20698,-87.51796
Hot-Humid,suburban/small town,Suburban,CBSA,10180,"Abilene, TX",136968,56475,936.5,386.2,0.78169,0.950704,0.788732,0.842253,21,False,3.9,TX_ABILENE-RGNL-AP,722660,32.411,-99.682,32.42894,-99.74602
Hot-Humid,suburban/small town,Suburban,CBSA,12220,"Auburn-Opelika, AL",138454,61200,893.1,394.8,0.795775,0.873239,0.795775,0.822887,22,False,3.6,AL_AUBURN-OPELIKA-APT,722284,32.616,-85.433,32.57734,-85.3911
Hot-Humid,suburban/small town,Suburban,CBSA,27980,"Kahului-Wailuku, HI",121418,50970,912.8,383.2,0.767606,0.901408,0.767606,0.814437,23,False,2331.1,CA_HALF-MOON-BAY-AP,720646,37.513,-122.501,20.8568,-156.46373
Hot-Humid,suburban/small town,Suburban,CBSA,25940,"Hilton Head Island-Bluffton-Port Royal, SC",160551,83798,774.0,404.0,0.866197,0.725352,0.830986,0.809859,24,False,8.3,SC_HILTON-HEAD(AWS),720120,32.217,-80.7,32.30856,-80.7928
Hot-Humid,suburban/small town,Suburban,CBSA,48660,"Wichita Falls, TX",116282,49465,883.4,375.8,0.760563,0.859155,0.760563,0.79507,25,False,5.0,TX_WICHITA-FALLS-MUNI-AP,723510,33.979,-98.493,33.91864,-98.54154
Hot-Humid,suburban/small town,Suburban,CBSA,10500,"Albany, GA",86173,40330,914.7,428.1,0.725352,0.908451,0.711268,0.78662,26,False,4.2,GA_ALBANY-DOUGHERTY-CO-AP,722160,31.536,-84.196,31.5954,-84.18315
Hot-Humid,suburban/small town,Suburban,CBSA,43900,"Spartanburg, SC",308778,130053,652.0,274.6,0.901408,0.556338,0.922535,0.784859,27,False,4.0,SC_SPARTANBURG-DOWNTOWN-MEM,723126,34.916,-81.957,34.96117,-82.00223
Hot-Humid,suburban/small town,Suburban,CBSA,12020,"Athens-Clarke County, GA",169132,71713,749.8,317.9,0.838028,0.676056,0.84507,0.782746,28,False,3.9,GA_ATHENS-BEN-EPPS-AP,723110,33.948,-83.327,33.94061,-83.3942
Hot-Humid,suburban/small town,Suburban,CBSA,23580,"Gainesville, GA",191641,72010,722.0,271.3,0.84507,0.640845,0.880282,0.780634,29,False,2.0,GA_GAINESVILLE-LEE-GIL,722185,34.272,-83.83,34.25791,-83.8596
Hot-Humid,suburban/small town,Suburban,CBSA,26380,"Houma-Bayou Cane-Thibodaux, LA",140382,60562,767.9,331.3,0.788732,0.711268,0.802817,0.764437,30,False,6.6,LA_HOUMA-TERREBONNE-AP,722406,29.566,-90.66,29.65195,-90.70752
Hot-Humid,suburban/small town,Suburban,CBSA,45500,"Texarkana, TX-AR",83155,37493,881.1,397.3,0.704225,0.830986,0.704225,0.748591,31,False,5.4,AR_TEXARKANA-WEBB-FIELD,723418,33.456,-93.988,33.44029,-94.07927
Hot-Humid,suburban/small town,Suburban,CBSA,46340,"Tyler, TX",178978,72748,648.9,263.8,0.852113,0.542254,0.859155,0.745071,32,False,7.4,TX_TYLER-POUNDS-FLD,722448,32.359,-95.404,32.29648,-95.30097
Hot-Humid,suburban/small town,Suburban,CBSA,25620,"Hattiesburg, MS",81048,35895,881.3,390.3,0.690141,0.838028,0.697183,0.74331,33,False,6.2,MS_HATTIESBURG-BOBBY-CHAIN-AP,747590,31.27,-89.256,31.31217,-89.34851
Hot-Humid,suburban/small town,Suburban,CBSA,22520,"Florence-Muscle Shoals, AL",90930,43231,733.6,348.8,0.746479,0.65493,0.739437,0.713028,34,False,5.0,AL_MUSCLE-SHOALS-RGNL-AP,723235,34.744,-87.6,34.8056,-87.64749
Hot-Humid,suburban/small town,Suburban,CBSA,25900,"Hilo-Kailua, HI",113402,47148,696.9,289.7,0.753521,0.619718,0.753521,0.70669,35,False,2327.3,CA_HALF-MOON-BAY-AP,720646,37.513,-122.501,19.63976,-155.37434
Hot-Humid,suburban/small town,Suburban,CBSA,30980,"Longview, TX",156531,66176,637.5,269.5,0.809859,0.507042,0.816901,0.705281,36,False,6.8,TX_LONGVIEW-GREGG-CO-AP,722470,32.391,-94.714,32.48931,-94.7188
Hot-Humid,suburban/small town,Suburban,CBSA,10780,"Alexandria, LA",72488,33776,843.9,393.2,0.661972,0.788732,0.647887,0.703521,37,False,6.4,LA_ALEXANDRIA-IAP,747540,31.335,-92.558,31.3065,-92.45402
Hot-Humid,suburban/small town,Suburban,CBSA,33740,"Monroe, LA",146125,64721,622.9,275.9,0.802817,0.464789,0.809859,0.685916,38,False,3.9,LA_MONROE-RGNL-AP,722486,32.516,-92.03,32.54092,-92.08995
Hot-Humid,suburban/small town,Suburban,CBSA,46660,"Valdosta, GA",87700,37517,673.1,287.9,0.711268,0.591549,0.725352,0.672183,39,False,7.3,GA_VALDOSTA-WB-AP,722166,30.776,-83.274,30.88226,-83.27807
Hot-Humid,suburban/small town,Suburban,CBSA,42700,"Sebring, FL",76930,42405,654.7,360.9,0.732394,0.577465,0.683099,0.66831,40,False,8.2,FL_SEBRING-FLORIDA-HENDRICK,749045,27.456,-81.342,27.48405,-81.47222
Hot-Humid,suburban/small town,Suburban,CBSA,15260,"Brunswick-St. Simons, GA",65902,33670,760.0,388.3,0.65493,0.697183,0.633803,0.665493,41,False,4.0,GA_BRUNSWICK-GOLDEN-IS,722136,31.259,-81.466,31.20145,-81.4707
Hot-Humid,suburban/small town,Suburban,CBSA,20020,"Dothan, AL",74141,34959,725.7,342.2,0.676056,0.647887,0.661972,0.66338,42,False,7.0,AL_DOTHAN-RGNL-AP,722268,31.318,-85.443,31.22101,-85.41174
Hot-Humid,suburban/small town,Suburban,CBSA,19300,"Daphne-Fairhope-Foley, AL",189428,106144,466.8,261.6,0.887324,0.21831,0.866197,0.648944,43,False,6.5,AL_FAIRHOPE-SONNY-CALLAHAN-AP,720592,30.46,-87.877,30.50459,-87.78078
Hot-Humid,suburban/small town,Suburban,CBSA,19460,"Decatur, AL",87121,37485,641.8,276.2,0.697183,0.514085,0.71831,0.637324,44,False,8.3,AL_PRYOR-FLD-RGNL-AP,722279,34.658,-86.943,34.54078,-86.97142
Hot-Humid,suburban/small town,Suburban,CBSA,11500,"Anniston-Oxford, AL",74186,34979,651.8,307.3,0.683099,0.549296,0.669014,0.633451,45,False,7.5,AL_ANNISTON-METRO-AP,722287,33.59,-85.848,33.69601,-85.82316
Hot-Humid,suburban/small town,Suburban,CBSA,22500,"Florence, SC",122527,55633,558.8,253.7,0.774648,0.366197,0.774648,0.63169,46,False,5.7,SC_FLORENCE-RGNL-AP,723106,34.188,-79.731,34.18964,-79.83087
Hot-Humid,suburban/small town,Suburban,CBSA,36660,"Opelousas, LA",31809,14512,924.4,421.8,0.471831,0.922535,0.457746,0.62676,47,False,6.6,LA_ST-LANDRY-PARISH-AIR,720468,30.558,-92.099,30.49311,-92.17975
Hot-Humid,suburban/small town,Suburban,CBSA,25980,"Hinesville, GA",46766,19772,752.0,318.0,0.570423,0.683099,0.591549,0.614085,48,False,4.7,GA_FT-STEWART-WRIGHT,722090,31.883,-81.567,31.82516,-81.60997
Hot-Humid,suburban/small town,Suburban,CBSA,25220,"Hammond, LA",80213,34924,628.4,273.6,0.669014,0.492958,0.690141,0.61162,49,False,3.1,LA_HAMMOND,722312,30.521,-90.418,30.51517,-90.46979
Hot-Humid,suburban/small town,Suburban,CBSA,19620,"Del Rio, TX",40713,15408,806.7,305.3,0.492958,0.774648,0.549296,0.602817,50,False,2.7,TX_DEL-RIO-IAP,722610,29.378,-100.927,29.38271,-100.88277
Hot-Humid,suburban/small town,Suburban,CBSA,43300,"Sherman-Denison, TX",88420,37793,569.3,243.3,0.71831,0.380282,0.732394,0.602817,51,False,5.1,TX_SHERMAN-DENNISON,720287,33.714,-96.674,33.66639,-96.60623
Hot-Humid,suburban/small town,Suburban,CBSA,26140,"Homosassa Springs, FL",128652,66314,464.9,239.6,0.816901,0.211268,0.78169,0.597887,52,False,6.8,FL_CRYSTAL-RIVER,720655,28.867,-82.567,28.87258,-82.45408
Hot-Humid,suburban/small town,Suburban,CBSA,34020,"Morgan City, LA",33095,15742,808.0,384.3,0.5,0.78169,0.485915,0.595774,53,False,1.3,LA_PATTERSON-MEM,722329,29.717,-91.333,29.7315,-91.31844
Hot-Humid,suburban/small town,Suburban,CBSA,19140,"Dalton, GA",112000,42476,495.9,188.1,0.739437,0.288732,0.746479,0.583099,54,False,6.2,GA_DALTON,722154,34.722,-84.869,34.79611,-84.93177
Hot-Humid,suburban/small town,Suburban,CBSA,28180,"Kapaa, HI",43043,19617,668.2,304.5,0.56338,0.584507,0.56338,0.570774,55,False,2420.4,CA_ROHNERVILLE,749485,40.554,-124.133,22.01313,-159.39674
Hot-Humid,suburban/small town,Suburban,CBSA,44260,"Starkville, MS",32116,16139,758.1,380.9,0.514085,0.690141,0.471831,0.567254,56,False,1.8,MS_GEORGE-M-BRYAN-AP,720769,33.433,-88.849,33.45903,-88.84355
Hot-Humid,suburban/small town,Suburban,CBSA,40660,"Rome, GA",72585,30244,578.4,241.0,0.633803,0.429577,0.65493,0.566549,57,False,6.6,GA_ROME-R-B-RUSSELL-AP,723200,34.348,-85.162,34.254,-85.17704
Hot-Humid,suburban/small town,Suburban,CBSA,23460,"Gadsden, AL",66171,30346,576.0,264.2,0.640845,0.422535,0.640845,0.564437,58,False,4.7,AL_GADSEN-MUNI(AWOS),722285,33.967,-86.083,33.98011,-86.00254
Hot-Humid,suburban/small town,Suburban,CBSA,24180,"Granbury, TX",37084,17595,689.3,327.1,0.542254,0.605634,0.528169,0.56162,59,False,4.6,TX_GRANBURY,720286,32.444,-97.817,32.42511,-97.74103
Hot-Humid,suburban/small town,Suburban,CBSA,28500,"Kerrville, TX",30208,13319,860.2,379.3,0.422535,0.809859,0.43662,0.560915,60,False,6.6,TX_KERRVILLE-MUNI-AP,722537,29.983,-99.083,30.05,-99.16228
Hot-Humid,suburban/small town,Suburban,CBSA,13700,"Big Spring, TX",24273,10273,934.8,395.6,0.34507,0.93662,0.366197,0.556338,61,False,3.0,TX_BIG-SPRING,720271,32.213,-101.521,32.23672,-101.47844
Hot-Humid,suburban/small town,Suburban,CBSA,35340,"New Iberia, LA",40561,18332,653.5,295.4,0.549296,0.56338,0.542254,0.552817,62,False,3.4,LA_NEW-IBERIA-ACADIANA,722314,30.029,-91.885,30.00855,-91.8333
Hot-Humid,suburban/small town,Suburban,CBSA,31260,"Lufkin, TX",44878,18980,645.6,273.0,0.556338,0.528169,0.577465,0.550704,63,False,6.3,TX_LUFKIN-ANGELINA-CO,722446,31.236,-94.755,31.32646,-94.73854
Hot-Humid,suburban/small town,Suburban,CBSA,45700,"Tifton, GA",25878,11198,886.2,383.5,0.380282,0.866197,0.380282,0.550352,64,False,3.0,GA_HENRY-TIFT-MYERS-AP,720712,31.429,-83.489,31.46613,-83.51509
Hot-Humid,suburban/small town,Suburban,CBSA,44940,"Sumter, SC",74902,33170,516.5,228.7,0.647887,0.316901,0.676056,0.537676,65,False,4.2,SC_SUMTER-AP,720611,34.0,-80.367,33.94352,-80.39272
Hot-Humid,suburban/small town,Suburban,CBSA,34420,"Mount Pleasant, TX",20527,7738,988.4,372.6,0.260563,1.0,0.309859,0.529225,66,False,1.7,TX_MT-PLEASANT,720311,33.096,-94.961,33.10172,-94.93308
Hot-Humid,suburban/small town,Suburban,CBSA,34680,"Murrells Inlet, SC",39166,23631,573.5,346.0,0.612676,0.401408,0.535211,0.523239,67,False,11.9,SC_GEORGETOWN-CO-AP,747918,33.317,-79.317,33.45659,-79.19528
Hot-Humid,suburban/small town,Suburban,CBSA,29300,"LaGrange, GA-AL",51149,21944,568.5,243.9,0.591549,0.373239,0.598592,0.516549,68,False,1.9,GA_LA-GRANGE,747807,33.017,-85.067,32.98966,-85.07009
Hot-Humid,suburban/small town,Suburban,CBSA,24740,"Greenville, MS",35733,17241,627.0,302.5,0.535211,0.485915,0.514085,0.513732,69,False,7.7,MS_MID-DELTA-RGNL-AP,747680,33.494,-90.981,33.38665,-91.0182
Hot-Humid,suburban/small town,Suburban,CBSA,44340,"Statesboro, GA",42992,17102,608.2,241.9,0.528169,0.457746,0.556338,0.509155,70,False,4.7,GA_STATESBORO,747805,32.483,-81.737,32.4237,-81.7778
Hot-Humid,suburban/small town,Suburban,CBSA,21460,"Enterprise, AL",31615,13765,654.4,284.9,0.43662,0.570423,0.450704,0.486268,71,False,2.5,AL_SHELL-AHP,722219,31.363,-85.849,31.32769,-85.84089
Hot-Humid,suburban/small town,Suburban,CBSA,24940,"Greenwood, SC",45740,20250,504.4,223.3,0.577465,0.309859,0.584507,0.485211,72,False,3.5,SC_GREENWOOD-CO,723124,34.254,-82.153,34.20393,-82.14899
Hot-Humid,suburban/small town,Suburban,CBSA,28680,"Kingsland, GA",36709,15233,602.1,249.9,0.485915,0.450704,0.521127,0.480634,73,False,14.3,FL_FERNANDINA-BEACH-MUNI-AP,720946,30.617,-81.467,30.77633,-81.61968
Hot-Humid,suburban/small town,Suburban,CBSA,46180,"Tupelo, MS",62162,27605,457.2,203.0,0.626761,0.204225,0.619718,0.477465,74,False,5.9,MS_TUPELO-C-D-LEMONS-AP,723320,34.262,-88.771,34.31118,-88.68606
Hot-Humid,suburban/small town,Suburban,CBSA,37060,"Oxford, MS",34304,16708,573.1,279.1,0.521127,0.387324,0.5,0.470071,75,False,3.2,MS_OXFORD-UNIV,720541,34.383,-89.55,34.3373,-89.54847
Hot-Humid,suburban/small town,Suburban,CBSA,44860,"Sulphur Springs, TX",15328,6439,918.1,385.7,0.197183,0.915493,0.21831,0.452817,76,False,2.8,TX_SUPLHUR-SPRINGS,722362,33.167,-95.617,33.13071,-95.59646
Hot-Humid,suburban/small town,Suburban,CBSA,23620,"Gainesville, TX",15823,6603,882.9,368.5,0.211268,0.852113,0.246479,0.442606,77,False,4.3,TX_GAINESVILLE-MUNI-AP,722552,33.651,-97.197,33.63145,-97.12673
Hot-Humid,suburban/small town,Suburban,CBSA,18060,"Columbus, MS",32139,16008,520.1,259.1,0.507042,0.323944,0.478873,0.437324,78,False,9.5,MS_GOLDEN-TRI(AWOS),723307,33.45,-88.583,33.47294,-88.4211
Hot-Humid,suburban/small town,Suburban,CBSA,42820,"Selma, AL",19677,10432,701.9,372.1,0.352113,0.626761,0.295775,0.436972,79,False,5.5,AL_CRAIG-FLD,722266,32.344,-86.988,32.41346,-87.0342
Hot-Humid,suburban/small town,Suburban,CBSA,29860,"Laurel, MS",27932,11634,630.0,262.4,0.394366,0.5,0.408451,0.434155,80,False,1.5,MS_HESLER-NOBLE-FLD,720776,31.673,-89.172,31.68508,-89.15087
Hot-Humid,suburban/small town,Suburban,CBSA,11980,"Athens, TX",43247,21977,407.9,207.3,0.598592,0.140845,0.570423,0.432747,81,False,7.8,TX_ATHENS-MUNI,721043,32.164,-95.828,32.25468,-95.90847
Hot-Humid,suburban/small town,Suburban,CBSA,10700,"Albertville, AL",58113,23374,386.9,155.6,0.605634,0.098592,0.612676,0.429578,82,False,3.2,AL_ALBERTVILLE-MUNI,720376,34.229,-86.256,34.27333,-86.27062
Hot-Humid,suburban/small town,Suburban,CBSA,33300,"Milledgeville, GA",27215,13924,573.4,293.3,0.457746,0.394366,0.401408,0.424295,83,False,3.4,GA_BALDWIN-CO,720348,33.154,-83.241,33.10715,-83.2576
Hot-Humid,suburban/small town,Suburban,CBSA,35020,"Natchez, MS-LA",26739,13798,575.5,297.0,0.443662,0.408451,0.394366,0.421479,84,False,7.7,MS_NATCHEZ-HARDY(AWOS),722357,31.617,-91.283,31.58058,-91.40623
Hot-Humid,suburban/small town,Suburban,CBSA,42860,"Seneca, SC",51675,25672,328.8,163.3,0.619718,0.056338,0.605634,0.419718,85,False,6.6,SC_CLEMSON-OCONEE-CO-A,723118,34.672,-82.881,34.73015,-82.97352
Hot-Humid,suburban/small town,Suburban,CBSA,46980,"Vicksburg, MS",20932,10843,644.2,333.7,0.366197,0.521127,0.323944,0.411972,86,False,7.5,MS_VICKSBURG-MUNI,722355,32.233,-90.933,32.32511,-90.86387
Hot-Humid,suburban/small town,Suburban,CBSA,27600,"Jefferson, GA",62416,21803,338.4,118.2,0.584507,0.06338,0.626761,0.410563,87,False,4.0,GA_GAINESVILLE-GEORGIA-NAS,749483,34.147,-83.561,34.13289,-83.62944
Hot-Humid,suburban/small town,Suburban,CBSA,14420,"Borger, TX",13549,6432,874.0,414.9,0.190141,0.823944,0.176056,0.409155,88,False,3.9,TX_BORGER-HUTCHINSON,723635,35.695,-101.396,35.65699,-101.44817
Hot-Humid,suburban/small town,Suburban,CBSA,36700,"Orangeburg, SC",31996,14935,495.3,231.2,0.478873,0.28169,0.464789,0.407042,89,False,3.9,SC_ORANGEBURG,723115,33.464,-80.853,33.51955,-80.84364
Hot-Humid,suburban/small town,Suburban,CBSA,15660,"Calhoun, GA",35382,13627,504.0,194.1,0.429577,0.302817,0.507042,0.400704,90,False,15.9,GA_DALTON,722154,34.722,-84.869,34.49612,-84.91941
Hot-Humid,suburban/small town,Suburban,CBSA,33380,"Minden, LA",15247,7758,748.7,381.0,0.267606,0.669014,0.211268,0.396831,91,False,6.4,LA_MINDEN-AP,720739,32.646,-93.298,32.73302,-93.33455
Hot-Humid,suburban/small town,Suburban,CBSA,48180,"Waycross, GA",23224,11165,594.7,285.9,0.373239,0.43662,0.34507,0.389789,92,False,3.5,GA_WAYCROSS-WARE-CO-AP,722130,31.25,-82.4,31.23539,-82.34332
Hot-Humid,suburban/small town,Suburban,CBSA,45180,"Talladega-Sylacauga, AL",30651,14233,483.3,224.4,0.464789,0.253521,0.443662,0.38662,93,False,11.3,AL_MERKEL-FLD-SYLACAUGA-MUNI,720508,33.172,-86.306,33.31324,-86.20846
Hot-Humid,suburban/small town,Suburban,CBSA,34220,"Moultrie, GA",15430,7093,743.9,341.9,0.225352,0.661972,0.232394,0.379577,94,False,5.3,GA_MOULTRIE-MUNI,722147,31.083,-83.8,31.15598,-83.77332
Hot-Humid,suburban/small town,Suburban,CBSA,11580,"Arcadia, FL",15426,7312,689.7,326.9,0.246479,0.612676,0.225352,0.370423,95,False,20.2,FL_PUNTA-GORDA,722034,26.918,-81.994,27.19031,-81.87439
Hot-Humid,suburban/small town,Suburban,CBSA,40820,"Ruston, LA",33302,13898,450.7,188.1,0.450704,0.197183,0.492958,0.370422,96,False,3.7,LA_RUSTON-RGNL-AP,722251,32.514,-92.588,32.52294,-92.65108
Hot-Humid,suburban/small town,Suburban,CBSA,36380,"Okeechobee, FL",21892,10213,575.9,268.7,0.338028,0.415493,0.338028,0.365141,97,False,2.9,FL_OKEECHOBEE-CO-AP,722261,27.267,-80.85,27.23332,-80.82197
Hot-Humid,suburban/small town,Suburban,CBSA,32620,"McComb, MS",20802,9273,595.4,265.4,0.323944,0.443662,0.316901,0.364437,98,False,5.2,MS_MCCOMB-PIKE-CO-AP,722358,31.182,-90.472,31.24261,-90.42046
Hot-Humid,suburban/small town,Suburban,CBSA,35060,"Natchitoches, LA",19504,8819,623.9,282.1,0.302817,0.471831,0.28169,0.357746,99,False,2.1,LA_NATCHITOCHES,722319,31.736,-93.099,31.76072,-93.07741
Hot-Humid,suburban/small town,Suburban,CBSA,15020,"Brookhaven, MS",10344,5023,797.0,387.0,0.126761,0.760563,0.105634,0.344366,100,False,3.0,MS_BROOKHAVEN-LINCOLN-CO,720932,31.606,-90.409,31.57904,-90.44934
Hot-Humid,suburban/small town,Suburban,CBSA,24980,"Grenada, MS",13278,6384,718.9,345.6,0.176056,0.633803,0.161972,0.333451,101,False,22.7,MS_GREENWOOD-LEFLORE-AP,747580,33.496,-90.089,33.71689,-89.79787
Hot-Humid,suburban/small town,Suburban,CBSA,37300,"Palestine, TX",28606,7805,498.6,136.1,0.28169,0.295775,0.415493,0.31338,102,False,1.5,TX_PALESTINE,720314,31.78,-95.706,31.76152,-95.72048
Hot-Humid,suburban/small town,Suburban,CBSA,38100,"Picayune, MS",28847,12571,396.3,172.7,0.408451,0.126761,0.422535,0.312676,103,False,6.3,MS_PICAYUNE-MUNI,722349,30.487,-89.651,30.57802,-89.64368
Hot-Humid,suburban/small town,Suburban,CBSA,29380,"Lake City, FL",26517,11655,422.6,185.7,0.401408,0.15493,0.387324,0.312324,104,False,41.1,FL_GAINESVILLE-RGNL-AP,747560,29.692,-82.276,30.17399,-82.67692
Hot-Humid,suburban/small town,Suburban,CBSA,37580,"Paris, TX",23709,10820,470.6,214.8,0.359155,0.225352,0.352113,0.310916,105,False,5.3,TX_COX-FLD,722587,33.633,-95.45,33.67651,-95.5263
Hot-Humid,suburban/small town,Suburban,CBSA,18980,"Cullman, AL",25691,11432,440.1,195.8,0.387324,0.169014,0.373239,0.308098,106,False,6.8,AL_FOLSOM-FLD,722031,34.269,-86.858,34.17103,-86.84862
Hot-Humid,suburban/small town,Suburban,CBSA,37260,"Palatka, FL",18953,8279,544.9,238.0,0.295775,0.330986,0.267606,0.302465,107,False,27.5,FL_KEYSTONE-AIRPARK,749048,29.845,-82.048,29.64176,-81.65358
Hot-Humid,suburban/small town,Suburban,CBSA,23500,"Gaffney, SC",29203,13006,366.3,163.1,0.415493,0.077465,0.429577,0.3,108,False,12.9,NC_SHELBY-MUNI,720277,35.256,-81.601,35.07549,-81.65736
Hot-Humid,suburban/small town,Suburban,CBSA,18460,"Cornelia, GA",24196,8836,480.3,175.4,0.309859,0.246479,0.359155,0.297535,109,False,15.0,GA_TOCCOA-RG-LETOURNEAU-FLD-A,725258,34.594,-83.296,34.53203,-83.54796
Hot-Humid,suburban/small town,Suburban,CBSA,45980,"Troy, AL",8842,3333,781.4,294.5,0.042254,0.746479,0.06338,0.292958,110,False,5.7,AL_TROY-AF,722267,31.857,-86.01,31.78296,-85.96797
Hot-Humid,suburban/small town,Suburban,CBSA,20140,"Dublin, GA",21452,9161,472.3,201.7,0.316901,0.232394,0.330986,0.290141,111,False,4.0,GA_W-H-BUD-BARRON,722217,32.564,-82.985,32.54541,-82.92031
Hot-Humid,suburban/small town,Suburban,CBSA,17500,"Clewiston, FL",19087,7862,494.9,203.8,0.288732,0.274648,0.274648,0.280986,112,False,33.5,FL_SOUTHWEST-FLORIDA-I,722108,26.538,-81.757,26.75544,-81.27176
Hot-Humid,suburban/small town,Suburban,CBSA,18380,"Cordele, GA",5477,2473,803.1,362.6,0.021127,0.767606,0.014085,0.280986,113,False,27.5,GA_SOUTHER-FLD,720948,32.11,-84.189,31.94649,-83.76181
Hot-Humid,suburban/small town,Suburban,CBSA,45620,"Thomasville, GA",15669,7289,550.5,256.1,0.239437,0.34507,0.239437,0.276409,114,False,5.4,GA_THOMASVILLE-RGNL-AP,720738,30.902,-83.881,30.85928,-83.95813
Hot-Humid,suburban/small town,Suburban,CBSA,27380,"Jacksonville, TX",19543,6465,555.2,183.7,0.204225,0.352113,0.288732,0.272887,115,False,3.8,TX_JACKSONVILLE,720298,31.869,-95.218,31.92407,-95.22086
Hot-Humid,suburban/small town,Suburban,CBSA,14780,"Brenham, TX",10019,4617,647.0,298.1,0.112676,0.535211,0.098592,0.257746,116,False,30.6,TX_EASTERWOOD-FLD-AP,747460,30.591,-96.363,30.14866,-96.38583
Hot-Humid,suburban/small town,Suburban,CBSA,37120,"Ozark, AL",20385,10134,389.4,193.6,0.330986,0.105634,0.302817,0.246479,117,False,2.1,AL_HANCHEY-AHP-OZARK,722238,31.35,-85.667,31.37835,-85.68036
Hot-Humid,suburban/small town,Suburban,CBSA,45580,"Thomaston, GA",17072,7791,447.6,204.3,0.274648,0.190141,0.253521,0.240845,118,False,5.1,GA_THOMASTON,747806,32.955,-84.264,32.89662,-84.31744
Hot-Humid,suburban/small town,Suburban,CBSA,43660,"Snyder, TX",5711,2778,678.1,329.9,0.028169,0.598592,0.028169,0.227817,119,False,1.0,TX_SNYDER-AP,722122,32.693,-100.951,32.70022,-100.9369
Hot-Humid,suburban/small town,Suburban,CBSA,14220,"Bogalusa, LA",9339,4573,626.8,306.9,0.098592,0.478873,0.077465,0.227465,120,False,1.6,LA_GEORGE-R-CARR-MEM-AIR,720467,30.817,-89.867,30.79422,-89.86284
Hot-Humid,suburban/small town,Suburban,CBSA,18420,"Corinth, MS",13181,7157,447.5,243.0,0.232394,0.183099,0.15493,0.199648,121,False,5.3,MS_ROSCOE-TURNER-AP,720924,34.915,-88.604,34.94961,-88.51974
Hot-Humid,suburban/small town,Suburban,CBSA,16340,"Cedartown, GA",17530,7517,311.5,133.6,0.253521,0.049296,0.260563,0.183451,122,False,13.8,GA_PAULDING-CO-AP,720714,33.912,-84.941,33.99556,-85.15993
Hot-Humid,suburban/small town,Suburban,CBSA,12460,"Bainbridge, GA",14481,6954,392.0,188.2,0.21831,0.119718,0.197183,0.179577,123,False,8.6,GA_BAINBRIDGE,720268,30.983,-84.633,30.88764,-84.53914
Hot-Humid,suburban/small town,Suburban,CBSA,49820,"Zapata, TX",11714,4940,479.3,202.1,0.119718,0.239437,0.126761,0.163028,124,False,5.5,TX_ZAPATA-CO-AP,720584,26.967,-99.25,26.88826,-99.26109
Hot-Humid,suburban/small town,Suburban,CBSA,22340,"Fitzgerald, GA",11795,5584,446.6,211.5,0.147887,0.176056,0.133803,0.154929,125,False,1.9,GA_FITZGERALG-MUNI,721033,31.684,-83.27,31.71132,-83.26498
Hot-Humid,suburban/small town,Suburban,CBSA,27700,"Jesup, GA",13734,5233,437.9,166.8,0.133803,0.161972,0.183099,0.153521,126,False,5.0,GA_JESUP-WAYNE-CO-AP,720671,31.554,-81.883,31.62568,-81.89923
Hot-Humid,suburban/small town,Suburban,CBSA,42460,"Scottsboro, AL",8200,3581,546.7,238.8,0.056338,0.338028,0.049296,0.153521,127,False,2.9,AL_SCOTTSBORO-MUNI-AP,720856,34.689,-86.006,34.65071,-86.02856
Hot-Humid,suburban/small town,Suburban,CBSA,20900,"El Campo, TX",10666,4250,486.1,193.7,0.084507,0.260563,0.112676,0.15176,128,False,9.5,TX_WHARTON-RGNL-AP,722351,29.266,-96.008,29.25786,-96.16492
Hot-Humid,suburban/small town,Suburban,CBSA,47080,"Vidalia, GA",13548,5492,416.7,168.9,0.140845,0.147887,0.169014,0.148943,129,False,1.5,GA_VIDALIA-MUNI-AP,722134,32.193,-82.372,32.20427,-82.39419
Hot-Humid,suburban/small town,Suburban,CBSA,21640,"Eufaula, AL-GA",6699,3100,556.4,257.5,0.035211,0.359155,0.035211,0.148591,130,False,5.5,AL_WEEDON-FLD,720363,31.952,-85.131,31.87679,-85.15918
Hot-Humid,suburban/small town,Suburban,CBSA,35140,"Newberry, SC",13065,5657,390.8,169.2,0.161972,0.112676,0.147887,0.141901,131,False,1.8,SC_NEWBERRY-CO-AP,720596,34.3,-81.633,34.28616,-81.60576
Hot-Humid,suburban/small town,Suburban,CBSA,40770,"Russellville, AL",9785,3560,489.8,178.2,0.049296,0.267606,0.091549,0.134155,132,False,16.8,AL_MUSCLE-SHOALS-RGNL-AP,723235,34.744,-87.6,34.52784,-87.73408
Hot-Humid,suburban/small town,Suburban,CBSA,11140,"Americus, GA",14709,6411,265.1,115.5,0.183099,0.028169,0.204225,0.133099,133,False,2.8,GA_SOUTHER-FLD,720948,32.11,-84.189,32.07654,-84.21709
Hot-Humid,suburban/small town,Suburban,CBSA,20060,"Douglas, GA",14374,6047,309.1,130.0,0.169014,0.042254,0.190141,0.128873,134,False,3.1,GA_DOUGLAS-MUNI,722062,31.477,-82.861,31.52156,-82.85762
Hot-Humid,suburban/small town,Suburban,CBSA,19760,"DeRidder, LA",12293,5618,377.7,172.6,0.15493,0.084507,0.140845,0.127465,135,False,2.1,LA_DE-RIDDER,722334,30.833,-93.333,30.84322,-93.29917
Hot-Humid,suburban/small town,Suburban,CBSA,45740,"Toccoa, GA",11293,4575,404.4,163.8,0.105634,0.133803,0.119718,0.11831,136,False,3.2,GA_TOCCOA-RG-LETOURNEAU-FLD-A,725258,34.594,-83.296,34.56713,-83.34142
Hot-Humid,suburban/small town,Suburban,CBSA,44900,"Summerville, GA",9016,3828,382.0,162.2,0.06338,0.091549,0.070423,0.074648,137,False,13.2,GA_ROME-R-B-RUSSELL-AP,723200,34.348,-85.162,34.47565,-85.33458
Hot-Humid,suburban/small town,Suburban,CBSA,46900,"Vernon, TX",8336,4109,347.3,171.2,0.077465,0.070423,0.056338,0.070775,138,False,24.2,OK_FREDERICK-MUNI,723528,34.353,-98.988,34.13867,-99.32419
Hot-Humid,suburban/small town,Suburban,CBSA,10760,"Alexander City, AL",9386,4404,293.2,137.6,0.091549,0.035211,0.084507,0.070422,139,False,3.1,AL_ALEXANDER-CITY,720265,32.915,-85.963,32.95477,-85.93898
Hot-Humid,suburban/small town,Suburban,CBSA,23240,"Fredericksburg, TX",6870,3893,233.3,132.2,0.070423,0.021127,0.042254,0.047536,140,False,5.2,TX_FREDRICKSBURG,720323,30.243,-98.91,30.2715,-98.82887
Hot-Humid,suburban/small town,Suburban,CBSA,39700,"Raymondville, TX",5566,1857,214.1,71.4,0.014085,0.014085,0.021127,0.015493,141,False,19.1,TX_EDINBURG-IAP,720276,26.442,-98.129,26.48505,-97.82357
Hot-Humid,suburban/small town,Suburban,CBSA,22840,"Fort Payne, AL",2713,1317,206.8,100.4,0.007042,0.007042,0.007042,0.007042,142,False,21.7,AL_SCOTTSBORO-MUNI-AP,720856,34.689,-86.006,34.46009,-85.74556
Hot-Humid,rural,Rural,County,45051,Census Tract 101; Horry County; South Carolina,77887,33410,92.0,39.5,0.997275,0.925068,0.997275,0.972003,1,True,10.2,SC_CONWAY-HORRY-CO-AP,720613,33.828,-79.122,33.92912,-78.99259
Hot-Humid,rural,Rural,County,45007,Census Tract 104.06; Anderson County; South Carolina,50316,23394,116.4,54.1,0.974114,0.974114,0.96049,0.971389,2,False,5.6,SC_ANDERSON-RGNL-AP,723190,34.498,-82.709,34.49505,-82.61157
Hot-Humid,rural,Rural,County,01043,Census Tract 9641; Cullman County; Alabama,63772,28106,94.3,41.6,0.990463,0.930518,0.989101,0.96921,3,False,8.2,AL_FOLSOM-FLD,722031,34.269,-86.858,34.15244,-86.82778
Hot-Humid,rural,Rural,County,48367,Census Tract 1404.10; Parker County; Texas,71212,25598,95.4,34.3,0.985014,0.93188,0.995913,0.968597,4,False,15.1,TX_MINERAL-WELLS-MUNI-AP,722597,32.782,-98.06,32.76582,-97.80102
Hot-Humid,rural,Rural,County,01049,Census Tract 9601.01; DeKalb County; Alabama,69233,29536,90.6,38.7,0.99455,0.915531,0.991826,0.966349,5,False,19.8,AL_SCOTTSBORO-MUNI-AP,720856,34.689,-86.006,34.44799,-85.81928
Hot-Humid,rural,Rural,County,48091,Census Tract 3106.03; Comal County; Texas,45751,19357,151.5,64.1,0.945504,0.99455,0.949591,0.963487,6,False,18.2,TX_NEW-BRAUNFELS,722416,29.709,-98.046,29.81339,-98.32476
Hot-Humid,rural,Rural,County,48423,Census Tract 14.04; Smith County; Texas,59036,25924,91.4,40.2,0.986376,0.919619,0.986376,0.963011,7,False,7.8,TX_TYLER-POUNDS-FLD,722448,32.359,-95.404,32.41382,-95.28763
Hot-Humid,rural,Rural,County,01081,Census Tract 410.01; Lee County; Alabama,47286,20196,101.7,43.4,0.953678,0.949591,0.955041,0.95252,8,False,5.7,AL_AUBURN-OPELIKA-APT,722284,32.616,-85.433,32.6133,-85.33465
Hot-Humid,rural,Rural,County,01009,Census Tract 501.03; Blount County; Alabama,56438,23547,88.6,37.0,0.975477,0.904632,0.982289,0.952044,9,False,26.1,AL_FOLSOM-FLD,722031,34.269,-86.858,33.96024,-86.59445
Hot-Humid,rural,Rural,County,01097,Census Tract 38; Mobile County; Alabama,69915,29459,79.9,33.6,0.993188,0.874659,0.993188,0.951703,10,False,4.1,AL_MOBILE-RGNL-AP,722230,30.688,-88.246,30.74596,-88.23154
Hot-Humid,rural,Rural,County,12001,Census Tract 18.02; Alachua County; Florida,58975,25024,82.6,35.0,0.983651,0.885559,0.985014,0.949591,11,False,10.5,FL_GAINESVILLE-RGNL-AP,747560,29.692,-82.276,29.67498,-82.44936
Hot-Humid,rural,Rural,County,12107,Census Tract 9501; Putnam County; Florida,55282,28335,79.7,40.9,0.991826,0.873297,0.978202,0.947616,12,False,25.3,FL_KEYSTONE-AIRPARK,749048,29.845,-82.048,29.59855,-81.7367
Hot-Humid,rural,Rural,County,22103,Census Tract 401.03; St. Tammany Parish; Louisiana,52751,22295,89.1,37.7,0.964578,0.908719,0.970027,0.946117,13,False,10.0,LA_SLIDELL-MUN-LA,722330,30.344,-89.822,30.46344,-89.91633
Hot-Humid,rural,Rural,County,22105,Census Tract 9532; Tangipahoa Parish; Louisiana,55005,23739,82.9,35.8,0.976839,0.888283,0.976839,0.945844,14,False,6.1,LA_HAMMOND,722312,30.521,-90.418,30.60859,-90.41355
Hot-Humid,rural,Rural,County,12069,Census Tract 301.02; Lake County; Florida,46703,22391,89.1,42.7,0.967302,0.908719,0.953678,0.944073,15,False,9.1,FL_LEESBURG-RGNL-AP,722213,28.821,-81.81,28.74269,-81.68964
Hot-Humid,rural,Rural,County,48309,Census Tract 29; McLennan County; Texas,67376,26066,77.8,30.1,0.987738,0.861035,0.990463,0.943937,16,False,5.5,TX_WACO-RGNL-AP,722560,31.618,-97.228,31.53908,-97.22819
Hot-Humid,rural,Rural,County,48039,Census Tract 6617; Brazoria County; Texas,70489,29605,72.7,30.5,0.995913,0.839237,0.99455,0.940804,17,False,3.6,TX_ANGLETON-LAKE-JACKS,722527,29.115,-95.463,29.16643,-95.47653
Hot-Humid,rural,Rural,County,48257,Census Tract 502.10; Kaufman County; Texas,58553,20042,87.7,30.0,0.949591,0.899183,0.983651,0.93876,18,False,9.5,TX_TERRELL,722489,32.713,-96.269,32.57531,-96.28329
Hot-Humid,rural,Rural,County,12083,Census Tract 1.01; Marion County; Florida,80915,42950,68.2,36.2,1.0,0.822888,0.998638,0.937738,19,False,9.4,FL_OCALA-MUNI(AWOS),722055,29.167,-82.233,29.22199,-82.09047
Hot-Humid,rural,Rural,County,45063,Census Tract 208.01; Lexington County; South Carolina,39418,17911,107.9,49.0,0.926431,0.959128,0.908719,0.934333,20,False,13.3,SC_COLUMBIA-METRO-AP,723100,33.942,-81.118,33.83893,-81.31318
Hot-Humid,rural,Rural,County,48021,Census Tract 9501.01; Bastrop County; Texas,60243,22795,75.7,28.6,0.97139,0.855586,0.987738,0.934128,21,False,20.0,TX_AUSTIN-MUELLER-MUNI,722540,30.183,-97.68,30.12771,-97.3518
Hot-Humid,rural,Rural,County,01121,Census Tract 101.01; Talladega County; Alabama,50519,24052,75.0,35.7,0.979564,0.852861,0.964578,0.932221,22,False,12.3,AL_TALLADEGA-MUNI,720504,33.57,-86.051,33.40714,-86.13753
Hot-Humid,rural,Rural,County,01095,Census Tract 301.01; Marshall County; Alabama,40599,18157,97.7,43.7,0.930518,0.938692,0.922343,0.931744,23,False,10.1,AL_ALBERTVILLE-MUNI,720376,34.229,-86.256,34.36069,-86.33158
Hot-Humid,rural,Rural,County,01073,Census Tract 111.16; Jefferson County; Alabama,44450,18350,91.8,37.9,0.934605,0.920981,0.941417,0.931199,24,False,11.4,AL_BIRMINGHAM-MUNI-AP,722280,33.565,-86.745,33.64516,-86.91856
Hot-Humid,rural,Rural,County,45059,Census Tract 9201.02; Laurens County; South Carolina,50270,23950,74.6,35.6,0.978202,0.848774,0.959128,0.929087,25,False,6.1,SC_LAURENS-CO-AP,720597,34.5,-81.95,34.52109,-82.05402
Hot-Humid,rural,Rural,County,48029,Census Tract 1318.01; Bexar County; Texas,45044,16130,111.2,39.8,0.892371,0.964578,0.946866,0.928542,26,False,1.6,TX_SAN-ANTONIO-STINSON,722523,29.339,-98.472,29.36035,-98.46105
Hot-Humid,rural,Rural,County,01083,Census Tract 201.01; Limestone County; Alabama,41424,17116,99.3,41.0,0.910082,0.944142,0.929155,0.925818,27,False,9.6,AL_PRYOR-FLD-RGNL-AP,722279,34.658,-86.943,34.79688,-86.95546
Hot-Humid,rural,Rural,County,48231,Census Tract 9601; Hunt County; Texas,53750,20878,73.6,28.6,0.956403,0.844687,0.97139,0.9203,28,False,3.8,TX_GREENVILLE-MAJORS,722588,33.068,-96.065,33.09662,-96.12066
Hot-Humid,rural,Rural,County,01015,Census Tract 7; Calhoun County; Alabama,41955,18292,85.3,37.2,0.933243,0.895095,0.933243,0.919891,29,False,14.6,AL_ANNISTON-METRO-AP,722287,33.59,-85.848,33.79907,-85.80782
Hot-Humid,rural,Rural,County,48181,Census Tract 1.01; Grayson County; Texas,51568,22573,66.3,29.0,0.970027,0.818801,0.968665,0.916825,30,False,7.3,TX_SHERMAN-DENNISON,720287,33.714,-96.674,33.60961,-96.66049
Hot-Humid,rural,Rural,County,01115,Census Tract 401.05; St. Clair County; Alabama,40974,18279,82.8,36.9,0.93188,0.886921,0.925068,0.914782,31,False,16.8,AL_TALLADEGA-MUNI,720504,33.57,-86.051,33.67753,-86.31338
Hot-Humid,rural,Rural,County,01051,Census Tract 301.01; Elmore County; Alabama,39706,18803,80.7,38.2,0.942779,0.878747,0.914169,0.914646,32,False,20.1,AL_MAXWELL-AFB,722265,32.383,-86.35,32.61064,-86.135
Hot-Humid,rural,Rural,County,45083,Census Tract 223.04; Spartanburg County; South Carolina,38261,15808,110.3,45.6,0.881471,0.961853,0.899183,0.913147,33,False,0.8,SC_SPARTANBURG-DOWNTOWN-MEM,723126,34.916,-81.957,34.9134,-81.97047
Hot-Humid,rural,Rural,County,13015,Census Tract 9601.01; Bartow County; Georgia,37431,15113,112.8,45.5,0.871935,0.967302,0.891008,0.909128,34,False,9.2,GA_CARTERSVILLE-AP,722156,34.116,-84.851,34.24672,-84.87744
Hot-Humid,rural,Rural,County,22063,Census Tract 401.01; Livingston Parish; Louisiana,39923,17929,81.5,36.6,0.927793,0.880109,0.916894,0.908924,35,False,17.8,LA_HAMMOND,722312,30.521,-90.418,30.44267,-90.70227
Hot-Humid,rural,Rural,County,22019,Census Tract 18.03; Calcasieu Parish; Louisiana,55598,21399,61.4,23.6,0.961853,0.79564,0.979564,0.907221,36,False,9.7,LA_SOUTHLAND-FIELD-AP,722248,30.131,-93.376,30.26265,-93.31943
Hot-Humid,rural,Rural,County,48497,Census Tract 1501.01; Wise County; Texas,54650,20129,64.4,23.7,0.952316,0.80654,0.974114,0.905654,37,False,7.1,TX_DECATUR,720305,33.254,-97.581,33.16332,-97.63961
Hot-Humid,rural,Rural,County,01055,Census Tract 101; Etowah County; Alabama,37037,17141,88.1,40.8,0.911444,0.901907,0.888283,0.903474,38,False,6.8,AL_GADSEN-MUNI(AWOS),722285,33.967,-86.083,34.06371,-86.05958
Hot-Humid,rural,Rural,County,12017,Census Tract 4504.02; Citrus County; Florida,30041,17103,98.4,56.0,0.908719,0.942779,0.820163,0.902929,39,False,6.3,FL_CRYSTAL-RIVER,720655,28.867,-82.567,28.83311,-82.47007
Hot-Humid,rural,Rural,County,12127,Census Tract 827.04; Volusia County; Florida,43056,21234,64.9,32.0,0.959128,0.809264,0.934605,0.901771,40,False,9.1,FL_DELAND-MUNI-SIDNEY,720904,29.067,-81.283,29.03184,-81.13764
Hot-Humid,rural,Rural,County,01127,Census Tract 201; Walker County; Alabama,44525,21687,61.2,29.8,0.963215,0.794278,0.942779,0.9,41,False,6.2,AL_WALKER-CO-BEVILL-FLD,720505,33.902,-87.314,33.82263,-87.26262
Hot-Humid,rural,Rural,County,45003,Census Tract 201; Aiken County; South Carolina,51242,22843,57.5,25.6,0.972752,0.76158,0.96594,0.897479,42,False,8.1,SC_AIKEN-MUNI-AP,720601,33.65,-81.683,33.53397,-81.65936
Hot-Humid,rural,Rural,County,45041,Census Tract 4; Florence County; South Carolina,41901,18661,65.1,29.0,0.941417,0.810627,0.930518,0.893461,43,False,12.3,SC_FLORENCE-RGNL-AP,723106,34.188,-79.731,34.01381,-79.6865
Hot-Humid,rural,Rural,County,01089,Census Tract 101.01; Madison County; Alabama,35862,15365,91.0,39.0,0.878747,0.916894,0.882834,0.892916,44,False,6.9,AL_HUNTSVILLE,720307,34.861,-86.557,34.78092,-86.48438
Hot-Humid,rural,Rural,County,48467,Census Tract 9501; Van Zandt County; Texas,48210,20076,59.4,24.7,0.950954,0.780654,0.957766,0.892711,45,False,22.6,TX_WOOD-CO,722042,32.742,-95.496,32.55459,-95.81462
Hot-Humid,rural,Rural,County,45013,Census Tract 1; Beaufort County; South Carolina,31572,17379,85.7,47.2,0.912807,0.896458,0.839237,0.892371,46,False,5.8,NC_BEAUFORT-CO-AP,720612,32.412,-80.634,32.35859,-80.71155
Hot-Humid,rural,Rural,County,01117,Census Tract 301.02; Shelby County; Alabama,40881,16380,79.6,31.9,0.893733,0.870572,0.923706,0.891621,47,False,9.1,AL_BIRMINGHAM,722300,33.178,-86.782,33.24249,-86.64382
Hot-Humid,rural,Rural,County,22097,Census Tract 9601; St. Landry Parish; Louisiana,50319,22489,56.6,25.3,0.968665,0.750681,0.961853,0.891008,48,False,2.4,LA_ST-LANDRY-PARISH-AIR,720468,30.558,-92.099,30.53186,-92.07206
Hot-Humid,rural,Rural,County,01103,Census Tract 51.01; Morgan County; Alabama,36621,16084,82.5,36.2,0.891008,0.884196,0.886921,0.887806,49,False,13.1,AL_HUNTSVILLE-INTL-JONES-FIEL,723230,34.644,-86.786,34.45896,-86.83571
Hot-Humid,rural,Rural,County,45075,Census Tract 101.01; Orangeburg County; South Carolina,51535,26485,49.5,25.4,0.989101,0.708447,0.967302,0.886512,50,False,5.2,SC_ORANGEBURG,723115,33.464,-80.853,33.44398,-80.76652
Hot-Humid,rural,Rural,County,12023,Census Tract 1102.02; Columbia County; Florida,44238,18411,60.2,25.1,0.93733,0.788828,0.940054,0.885899,51,False,38.1,FL_GAINESVILLE-RGNL-AP,747560,29.692,-82.276,30.13001,-82.66125
Hot-Humid,rural,Rural,County,28081,Census Tract 9501.01; Lee County; Mississippi,32595,14751,96.0,43.4,0.862398,0.934605,0.852861,0.885763,52,False,6.0,MS_TUPELO-C-D-LEMONS-AP,723320,34.262,-88.771,34.29527,-88.67406
Hot-Humid,rural,Rural,County,48251,Census Tract 1301; Johnson County; Texas,40194,14346,90.1,32.2,0.846049,0.911444,0.919619,0.883651,53,False,5.2,TX_CELBURNE,720320,32.354,-97.434,32.33219,-97.34947
Hot-Humid,rural,Rural,County,48453,Census Tract 22.19; Travis County; Texas,35885,13441,115.9,43.4,0.813351,0.97139,0.884196,0.882834,54,False,4.3,TX_AUSTIN-CAMP-MABRY,722544,30.321,-97.76,30.36117,-97.81499
Hot-Humid,rural,Rural,County,12105,Census Tract 116.06; Polk County; Florida,54700,24816,49.0,22.2,0.982289,0.701635,0.975477,0.882698,55,False,5.1,FL_BARTOW-MUNI-AP,722123,27.95,-81.783,27.93514,-81.70125
Hot-Humid,rural,Rural,County,48121,Census Tract 201.17; Denton County; Texas,34904,14047,102.9,41.4,0.831063,0.952316,0.874659,0.882221,56,False,4.8,TX_DENTON-MUNI,722589,33.209,-97.199,33.27732,-97.18627
Hot-Humid,rural,Rural,County,48291,Census Tract 7004; Liberty County; Texas,54222,20726,53.4,20.4,0.955041,0.72752,0.972752,0.878951,57,False,32.9,TX_HOUSTON-BUSH-INTERCONTNL,722430,29.984,-95.361,30.0968,-94.82736
Hot-Humid,rural,Rural,County,12121,Census Tract 9701; Suwannee County; Florida,41181,17816,60.8,26.3,0.919619,0.791553,0.926431,0.876158,58,False,40.5,FL_CROSS-CITY-AP,722120,29.633,-83.105,30.20923,-82.9827
Hot-Humid,rural,Rural,County,48361,Census Tract 203; Orange County; Texas,31829,13068,146.2,60.0,0.798365,0.989101,0.848774,0.875204,59,False,7.5,TX_ORANGE-CO-AP,723629,30.069,-93.804,30.15109,-93.88662
Hot-Humid,rural,Rural,County,48209,Census Tract 106.03; Hays County; Texas,34087,14682,85.3,36.8,0.861035,0.895095,0.86921,0.874591,60,False,17.5,TX_SAN-MARCOS-MUNI,722539,29.891,-97.864,30.05682,-98.08422
Hot-Humid,rural,Rural,County,12053,Census Tract 401.01; Hernando County; Florida,29627,14185,102.9,49.3,0.840599,0.952316,0.811989,0.873978,61,False,8.6,FL_HERNANDO-CO,722014,28.474,-82.454,28.55114,-82.34361
Hot-Humid,rural,Rural,County,48061,Census Tract 101.01; Cameron County; Texas,41302,14801,75.2,27.0,0.86376,0.854223,0.927793,0.873229,62,False,11.0,TX_HARLINGEN-RIO-GRANDE-VALLY,722505,26.23,-97.656,26.13108,-97.51758
Hot-Humid,rural,Rural,County,45031,Census Tract 101; Darlington County; South Carolina,35247,16769,70.7,33.6,0.901907,0.833787,0.877384,0.87316,63,False,9.0,SC_HARTSVILLE-RGNL-AP,720633,34.4,-80.117,34.3207,-79.99154
Hot-Humid,rural,Rural,County,48139,Census Tract 601.05; Ellis County; Texas,45998,15995,65.2,22.7,0.885559,0.811989,0.950954,0.872888,64,False,9.8,TX_MIDLOTHIAN-WAXAHATC,720299,32.456,-96.913,32.34431,-96.81043
Hot-Humid,rural,Rural,County,48471,Census Tract 7901.01; Walker County; Texas,46430,16865,59.9,21.8,0.905995,0.784741,0.952316,0.87282,65,False,2.4,TX_HUNTSVILLE,722447,30.744,-95.587,30.73347,-95.54933
Hot-Humid,rural,Rural,County,22079,Census Tract 101.01; Rapides Parish; Louisiana,55982,24545,45.2,19.8,0.980926,0.6703,0.980926,0.872207,66,False,8.6,LA_ALEXANDRIA-IAP,747540,31.335,-92.558,31.25235,-92.44887
Hot-Humid,rural,Rural,County,22073,Census Tract 51; Ouachita Parish; Louisiana,33129,15220,78.4,36.0,0.874659,0.86376,0.859673,0.867847,67,False,7.9,LA_MONROE-RGNL-AP,722486,32.516,-92.03,32.51694,-92.16587
Hot-Humid,rural,Rural,County,48005,Census Tract 1.02; Angelina County; Texas,41913,17818,57.5,24.5,0.920981,0.76158,0.93188,0.86737,68,False,4.8,TX_LUFKIN-ANGELINA-CO,722446,31.236,-94.755,31.28099,-94.69271
Hot-Humid,rural,Rural,County,48027,Census Tract 201.01; Bell County; Texas,45458,17537,57.4,22.1,0.915531,0.757493,0.948229,0.866757,69,False,9.0,TX_DRAUGHON-MILLER-CEN,722577,31.15,-97.417,31.0248,-97.45921
Hot-Humid,rural,Rural,County,13031,Census Tract 1101; Bulloch County; Georgia,38380,16505,63.4,27.3,0.89782,0.80109,0.901907,0.864782,70,False,5.2,GA_STATESBORO,747805,32.483,-81.737,32.40856,-81.72641
Hot-Humid,rural,Rural,County,28075,Census Tract 102.03; Lauderdale County; Mississippi,40173,16843,59.5,24.9,0.90327,0.782016,0.918256,0.863828,71,False,7.3,MS_MERIDIAN-KEY-FIELD,722340,32.335,-88.751,32.42298,-88.68181
Hot-Humid,rural,Rural,County,28067,Census Tract 9501.01; Jones County; Mississippi,38907,17076,59.8,26.3,0.907357,0.783379,0.905995,0.863692,72,False,1.9,MS_HESLER-NOBLE-FLD,720776,31.673,-89.172,31.6449,-89.17483
Hot-Humid,rural,Rural,County,48473,Census Tract 6802.01; Waller County; Texas,37928,14322,79.4,30.0,0.843324,0.867847,0.896458,0.862534,73,False,15.8,TX_HOUSTON-EXEC-AP,720617,29.8,-95.9,30.01877,-95.97504
Hot-Humid,rural,Rural,County,12039,Census Tract 201.01; Gadsden County; Florida,34853,15227,71.9,31.4,0.876022,0.837875,0.873297,0.862126,74,False,19.3,FL_TALLAHASSEE-RGNL-AP,722140,30.394,-84.351,30.58962,-84.58222
Hot-Humid,rural,Rural,County,48213,Census Tract 9502.01; Henderson County; Texas,40411,19375,52.6,25.2,0.946866,0.719346,0.920981,0.862057,75,False,6.0,TX_ATHENS-MUNI,721043,32.164,-95.828,32.2364,-95.88319
Hot-Humid,rural,Rural,County,13145,Census Tract 1201.98; Harris County; Georgia,35509,14506,76.6,31.3,0.855586,0.858311,0.880109,0.861444,76,False,12.6,GA_COLUMBUS-METRO-AP,722255,32.516,-84.942,32.69533,-84.89912
Hot-Humid,rural,Rural,County,28059,Census Tract 401.03; Jackson County; Mississippi,39441,15982,64.1,26.0,0.884196,0.803815,0.910082,0.86124,77,False,8.4,MS_PASCAGOULA,747688,30.463,-88.532,30.54796,-88.63269
Hot-Humid,rural,Rural,County,01077,Census Tract 112; Lauderdale County; Alabama,35060,16571,61.5,29.1,0.899183,0.797003,0.876022,0.858788,78,False,11.6,AL_MUSCLE-SHOALS-RGNL-AP,723235,34.744,-87.6,34.91077,-87.57163
Hot-Humid,rural,Rural,County,13185,Census Tract 102.01; Lowndes County; Georgia,32996,13524,88.0,36.1,0.817439,0.900545,0.858311,0.8547,79,False,2.6,GA_VALDOSTA-WB-AP,722166,30.776,-83.274,30.81235,-83.28764
Hot-Humid,rural,Rural,County,12063,Census Tract 2101; Jackson County; Florida,43826,18376,48.6,20.4,0.935967,0.700272,0.938692,0.854019,80,False,3.1,FL_MARIANNA-MUNI,747760,30.837,-85.184,30.79943,-85.21286
Hot-Humid,rural,Rural,County,01069,Census Tract 401; Houston County; Alabama,33487,14815,70.1,31.0,0.865123,0.831063,0.867847,0.853747,81,False,12.7,AL_DOTHAN-RGNL-AP,722268,31.318,-85.443,31.15125,-85.3538
Hot-Humid,rural,Rural,County,01003,Census Tract 101; Baldwin County; Alabama,50517,22374,42.7,18.9,0.96594,0.645777,0.963215,0.853338,82,False,18.4,AL_FAIRHOPE-SONNY-CALLAHAN-AP,720592,30.46,-87.877,30.67676,-87.69645
Hot-Humid,rural,Rural,County,13111,Census Tract 501; Fannin County; Georgia,25605,18128,66.1,46.8,0.929155,0.817439,0.743869,0.852997,83,False,19.3,GA_BLAIRSVILLE,720409,34.85,-83.983,34.89554,-84.31975
Hot-Humid,rural,Rural,County,22017,Census Tract 240.02; Caddo Parish; Louisiana,38150,17624,54.8,25.3,0.918256,0.737057,0.89782,0.850749,84,False,4.5,LA_SHREVEPORT-RGNL-AP,722480,32.447,-93.824,32.48351,-93.88756
Hot-Humid,rural,Rural,County,48499,Census Tract 9501; Wood County; Texas,34344,17598,55.4,28.4,0.916894,0.742507,0.871935,0.846867,85,False,6.6,TX_WOOD-CO,722042,32.742,-95.496,32.76449,-95.38521
Hot-Humid,rural,Rural,County,12071,Census Tract 19.08; Lee County; Florida,23690,14623,88.7,54.7,0.856948,0.905995,0.712534,0.845232,86,False,4.0,FL_SOUTHWEST-FLORIDA-I,722108,26.538,-81.757,26.59378,-81.77681
Hot-Humid,rural,Rural,County,48041,Census Tract 1.03; Brazos County; Texas,33320,14392,68.8,29.7,0.848774,0.828338,0.862398,0.844346,87,False,4.5,TX_EASTERWOOD-FLD-AP,747460,30.591,-96.363,30.62493,-96.29763
Hot-Humid,rural,Rural,County,13291,Census Tract 1.01; Union County; Georgia,25598,14952,79.5,46.4,0.86921,0.86921,0.742507,0.843869,88,False,2.4,GA_BLAIRSVILLE,720409,34.85,-83.983,34.87924,-84.00501
Hot-Humid,rural,Rural,County,01071,Census Tract 9501.01; Jackson County; Alabama,44639,21216,42.0,20.0,0.957766,0.637602,0.944142,0.842984,89,False,5.6,AL_SCOTTSBORO-MUNI-AP,720856,34.689,-86.006,34.75262,-85.94585
Hot-Humid,rural,Rural,County,15009,Census Tract 301; Maui County; Hawaii,43214,21333,42.0,20.7,0.96049,0.637602,0.935967,0.842575,90,False,2335.2,CA_HALF-MOON-BAY-AP,720646,37.513,-122.501,20.88132,-156.56362
Hot-Humid,rural,Rural,County,12089,Census Tract 503.06; Nassau County; Florida,37077,14071,68.8,26.1,0.832425,0.828338,0.889646,0.842439,91,False,10.9,FL_JACKSONVILLE-IAP,722060,30.495,-81.694,30.62199,-81.80275
Hot-Humid,rural,Rural,County,13285,Census Tract 9601.01; Troup County; Georgia,31331,12810,90.3,36.9,0.790191,0.912807,0.836512,0.842371,92,False,3.2,GA_LA-GRANGE,747807,33.017,-85.067,33.03501,-85.01552
Hot-Humid,rural,Rural,County,22117,Census Tract 9501.01; Washington Parish; Louisiana,35899,16849,54.8,25.7,0.904632,0.737057,0.885559,0.842166,93,False,10.4,LA_GEORGE-R-CARR-MEM-AIR,720467,30.817,-89.867,30.85352,-90.03731
Hot-Humid,rural,Rural,County,28035,Census Tract 101.01; Forrest County; Mississippi,33440,13485,76.8,31.0,0.816076,0.859673,0.865123,0.841144,94,False,0.8,MS_HATTIESBURG-BOBBY-CHAIN-AP,747590,31.27,-89.256,31.2796,-89.26208
Hot-Humid,rural,Rural,County,01021,Census Tract 601.03; Chilton County; Alabama,37492,16027,56.4,24.1,0.888283,0.747956,0.892371,0.839986,95,False,20.7,AL_BIRMINGHAM,722300,33.178,-86.782,32.88633,-86.70063
Hot-Humid,rural,Rural,County,45025,Census Tract 9501.01; Chesterfield County; South Carolina,37867,17820,48.5,22.8,0.922343,0.69891,0.895095,0.838692,96,False,13.8,SC_CHERAW-MUNI-LYNCH-BELLIN,720605,34.717,-79.95,34.67441,-80.18807
Hot-Humid,rural,Rural,County,45077,Census Tract 101; Pickens County; South Carolina,26883,13180,89.2,43.7,0.805177,0.910082,0.765668,0.833992,97,False,6.4,SC_PICKENS-CO-AP,720744,34.817,-82.7,34.90785,-82.71965
Hot-Humid,rural,Rural,County,48349,Census Tract 9701; Navarro County; Texas,43708,17833,43.4,17.7,0.923706,0.652589,0.93733,0.83154,98,False,6.3,TX_CORSICANA,722469,32.032,-96.399,32.06939,-96.49729
Hot-Humid,rural,Rural,County,01123,Census Tract 9619; Tallapoosa County; Alabama,31684,18563,46.3,27.1,0.940054,0.682561,0.843324,0.830585,99,False,10.5,AL_ALEXANDER-CITY,720265,32.915,-85.963,32.82041,-85.82238
Hot-Humid,rural,Rural,County,01125,Census Tract 101.02; Tuscaloosa County; Alabama,44707,18477,40.6,16.8,0.938692,0.621253,0.945504,0.828951,100,False,5.9,AL_TUSCALOOSA-MUNI-AP,722286,33.212,-87.616,33.24135,-87.51998
Hot-Humid,rural,Rural,County,12031,Census Tract 101.05; Duval County; Florida,29171,11401,110.4,43.1,0.73297,0.963215,0.802452,0.827452,101,False,6.1,FL_JACKSONVILLE-IAP,722060,30.495,-81.694,30.41321,-81.73159
Hot-Humid,rural,Rural,County,45073,Census Tract 301; Oconee County; South Carolina,27891,15842,59.4,33.7,0.882834,0.780654,0.779292,0.826363,102,False,10.9,SC_CLEMSON-OCONEE-CO-A,723118,34.672,-82.881,34.68148,-83.07213
Hot-Humid,rural,Rural,County,48491,Census Tract 201.22; Williamson County; Texas,38534,14869,53.6,20.7,0.867847,0.728883,0.90327,0.826294,103,False,1.0,TX_GEORGETOWN(AWOS),722547,30.679,-97.679,30.69131,-97.67023
Hot-Humid,rural,Rural,County,45057,Census Tract 101; Lancaster County; South Carolina,32356,12870,75.0,29.8,0.792916,0.852861,0.851499,0.825613,104,False,9.7,SC_LANCASTER-CO-MC-WHIR,720607,34.717,-80.85,34.66333,-80.69294
Hot-Humid,rural,Rural,County,45015,Census Tract 201.01; Berkeley County; South Carolina,39722,16708,45.0,18.9,0.900545,0.667575,0.915531,0.822003,105,False,5.2,SC_BERKELEY-CO-AP,720598,33.183,-80.033,33.24032,-79.97456
Hot-Humid,rural,Rural,County,48157,Census Tract 6733; Fort Bend County; Texas,35492,12306,75.0,26.0,0.769755,0.852861,0.878747,0.82064,106,False,12.0,TX_HOUSTON-SUGAR-LAND,722543,29.62,-95.657,29.49542,-95.79612
Hot-Humid,rural,Rural,County,28121,Census Tract 201.01; Rankin County; Mississippi,33477,14150,58.6,24.8,0.837875,0.771117,0.866485,0.820232,107,False,8.9,MS_JACKSON-IAP,722350,32.32,-90.078,32.2632,-89.94107
Hot-Humid,rural,Rural,County,48459,Census Tract 9501.01; Upshur County; Texas,33407,13984,59.3,24.8,0.8297,0.777929,0.86376,0.818392,108,False,2.0,TX_FOX-STEPHENS-FLD,722112,32.699,-94.949,32.7255,-94.93423
Hot-Humid,rural,Rural,County,48339,Census Tract 6922.02; Montgomery County; Texas,29025,12152,84.3,35.3,0.764305,0.892371,0.799728,0.816213,109,False,6.5,TX_MONTGOMERY-CO,722444,30.361,-95.418,30.34684,-95.52655
Hot-Humid,rural,Rural,County,48401,Census Tract 9501.01; Rusk County; Texas,39657,16466,43.6,18.1,0.895095,0.656676,0.912807,0.815191,110,False,6.3,TX_HENDERSON-RUSK-CO-AP,720577,32.15,-94.85,32.21906,-94.78019
Hot-Humid,rural,Rural,County,45067,Census Tract 9501; Marion County; South Carolina,28900,14418,59.1,29.5,0.850136,0.775204,0.79564,0.813011,111,False,1.9,SC_MARION-CO-AP,720608,34.181,-79.335,34.15306,-79.33715
Hot-Humid,rural,Rural,County,13311,Census Tract 9501.01; White County; Georgia,23712,11875,101.4,50.8,0.752044,0.946866,0.715259,0.812875,112,False,21.5,GA_BLAIRSVILLE,720409,34.85,-83.983,34.60759,-83.74552
Hot-Humid,rural,Rural,County,45019,Census Tract 21.03; Charleston County; South Carolina,28920,17485,46.6,28.2,0.914169,0.685286,0.798365,0.810899,113,False,5.9,SC_CHARLESTON-EXEC-AP,720606,32.701,-80.003,32.75816,-80.07749
Hot-Humid,rural,Rural,County,01079,Census Tract 9791; Lawrence County; Alabama,33182,15317,48.0,22.2,0.877384,0.696185,0.861035,0.810695,114,False,20.8,AL_PRYOR-FLD-RGNL-AP,722279,34.658,-86.943,34.53012,-87.27358
Hot-Humid,rural,Rural,County,45027,Census Tract 9601; Clarendon County; South Carolina,29956,16009,49.3,26.4,0.886921,0.70436,0.817439,0.809128,115,False,5.8,SC_SANTEE-COOPER-RGNL-AP,723107,33.587,-80.209,33.67016,-80.21935
Hot-Humid,rural,Rural,County,45021,Census Tract 9701.01; Cherokee County; South Carolina,27096,11939,86.5,38.1,0.756131,0.89782,0.771117,0.808719,116,False,12.3,NC_SHELBY-MUNI,720277,35.256,-81.601,35.07936,-81.62056
Hot-Humid,rural,Rural,County,48373,Census Tract 2101.03; Polk County; Texas,38844,19189,37.7,18.6,0.944142,0.579019,0.904632,0.808447,117,False,34.0,TX_LUFKIN-ANGELINA-CO,722446,31.236,-94.755,30.75626,-94.8816
Hot-Humid,rural,Rural,County,45085,Census Tract 1; Sumter County; South Carolina,29951,14118,57.6,27.1,0.836512,0.762943,0.816076,0.806676,118,False,5.8,SC_SUMTER-SHAW-AFB,747900,33.967,-80.467,33.89393,-80.41597
Hot-Humid,rural,Rural,County,12075,Census Tract 9701.01; Levy County; Florida,39656,19381,36.1,17.6,0.948229,0.559946,0.911444,0.804973,119,False,30.8,FL_CROSS-CITY-AP,722120,29.633,-83.105,29.37715,-82.68649
Hot-Humid,rural,Rural,County,48325,Census Tract 1.01; Medina County; Texas,47702,17867,36.3,13.6,0.925068,0.561308,0.956403,0.804019,120,False,12.1,TX_HONDO-MUNI-AP,722533,29.36,-99.174,29.33778,-98.97435
Hot-Humid,rural,Rural,County,12073,Census Tract 23.02; Leon County; Florida,29919,13154,62.4,27.5,0.802452,0.798365,0.814714,0.803474,121,False,9.7,FL_TALLAHASSEE-RGNL-AP,722140,30.394,-84.351,30.49306,-84.23637
Hot-Humid,rural,Rural,County,13275,Census Tract 9601; Thomas County; Georgia,30027,13668,58.2,26.5,0.821526,0.769755,0.818801,0.802861,122,False,4.4,GA_THOMASVILLE-RGNL-AP,720738,30.902,-83.881,30.86989,-83.94507
Hot-Humid,rural,Rural,County,13045,Census Tract 9103.01; Carroll County; Georgia,27264,11081,92.0,37.4,0.716621,0.925068,0.775204,0.801294,123,False,5.6,GA_WEST-GEORGIA-RGNL-AP,720674,33.633,-85.15,33.55172,-85.14568
Hot-Humid,rural,Rural,County,13103,Census Tract 301; Effingham County; Georgia,30787,11543,78.9,29.6,0.734332,0.866485,0.8297,0.799659,124,False,15.2,GA_SAVANNAH-IAP,722070,32.131,-81.202,32.32088,-81.3325
Hot-Humid,rural,Rural,County,12113,Census Tract 101; Santa Rosa County; Florida,39224,14112,46.8,16.8,0.83515,0.690736,0.907357,0.799046,125,False,1.9,FL_WHITING-FLD-SOUTH,720383,30.697,-87.021,30.69215,-87.05205
Hot-Humid,rural,Rural,County,48183,Census Tract 101; Gregg County; Texas,25137,10124,147.0,59.2,0.677112,0.990463,0.72752,0.796866,126,False,9.1,TX_LONGVIEW-GREGG-CO-AP,722470,32.391,-94.714,32.48002,-94.82977
Hot-Humid,rural,Rural,County,13077,Census Tract 1701.01; Coweta County; Georgia,25455,10273,112.9,45.6,0.682561,0.968665,0.73842,0.793869,127,False,1.4,GA_NEWNAN,722176,33.312,-84.77,33.32292,-84.78998
Hot-Humid,rural,Rural,County,13057,Census Tract 901.01; Cherokee County; Georgia,26737,9705,137.6,49.9,0.658038,0.985014,0.762943,0.793461,128,False,3.1,GA_CHEROKEE-COUNTY-AP,722109,34.317,-84.417,34.31421,-84.47084
Hot-Humid,rural,Rural,County,48203,Census Tract 201.03; Harrison County; Texas,34189,15072,43.2,19.0,0.870572,0.649864,0.870572,0.793324,129,False,4.4,TX_HARRISON-CO,720943,32.521,-94.308,32.54051,-94.37926
Hot-Humid,rural,Rural,County,22057,Census Tract 207.02; Lafourche Parish; Louisiana,38302,16503,38.9,16.8,0.896458,0.598093,0.900545,0.792848,130,False,7.1,LA_HOUMA-TERREBONNE-AP,722406,29.566,-90.66,29.65539,-90.60328
Hot-Humid,rural,Rural,County,48187,Census Tract 2105.06; Guadalupe County; Texas,31561,13276,55.9,23.5,0.807902,0.746594,0.837875,0.792439,131,False,11.3,TX_NEW-BRAUNFELS,722416,29.709,-98.046,29.56989,-97.94844
Hot-Humid,rural,Rural,County,28087,Census Tract 1.02; Lowndes County; Mississippi,29285,12283,65.6,27.5,0.768392,0.814714,0.80654,0.792234,132,False,10.2,MS_COLUMBUS-AFB,723306,33.65,-88.45,33.5195,-88.36564
Hot-Humid,rural,Rural,County,28049,Census Tract 105.01; Hinds County; Mississippi,32648,14342,46.7,20.5,0.844687,0.686649,0.854223,0.791281,133,False,3.5,MS_JOHN-B-WILLIAMS-AP,720787,32.304,-90.411,32.25695,-90.43219
Hot-Humid,rural,Rural,County,13123,Census Tract 801; Gilmer County; Georgia,23683,13796,60.0,34.9,0.825613,0.786104,0.711172,0.788897,134,False,22.4,GA_DALTON,722154,34.722,-84.869,34.67412,-84.47883
Hot-Humid,rural,Rural,County,13237,Census Tract 9601.01; Putnam County; Georgia,22524,13341,65.3,38.7,0.810627,0.813351,0.683924,0.78624,135,False,12.9,GA_BALDWIN-CO,720348,33.154,-83.241,33.31587,-83.35186
Hot-Humid,rural,Rural,County,15001,Census Tract 201; Hawaii County; Hawaii,90282,42638,23.4,11.0,0.998638,0.391008,1.0,0.78624,136,False,2331.7,CA_HALF-MOON-BAY-AP,720646,37.513,-122.501,19.69669,-155.50941
Hot-Humid,rural,Rural,County,48407,Census Tract 2001.03; San Jacinto County; Texas,27983,14487,49.2,25.4,0.852861,0.702997,0.782016,0.78624,137,False,20.5,TX_MONTGOMERY-CO,722444,30.361,-95.418,30.54069,-95.14454
Hot-Humid,rural,Rural,County,48015,Census Tract 7601; Austin County; Texas,30712,14086,47.5,21.8,0.833787,0.694823,0.828338,0.78406,138,False,19.5,TX_HOUSTON-EXEC-AP,720617,29.8,-95.9,29.8592,-96.21759
Hot-Humid,rural,Rural,County,13195,Census Tract 201; Madison County; Georgia,25675,10200,98.2,39.0,0.678474,0.941417,0.745232,0.783856,139,False,13.1,GA_ATHENS-BEN-EPPS-AP,723110,33.948,-83.327,34.11515,-83.2206
Hot-Humid,rural,Rural,County,13207,Census Tract 501.01; Monroe County; Georgia,28919,11354,73.0,28.7,0.730245,0.841962,0.797003,0.782698,140,False,20.7,GA_THOMASTON,747806,32.955,-84.264,33.0348,-83.91905
Hot-Humid,rural,Rural,County,22001,Census Tract 9602.01; Acadia Parish; Louisiana,31703,13157,51.8,21.5,0.803815,0.717984,0.844687,0.781949,141,False,24.6,LA_LAFAYETTE-RGNL-AP,722405,30.199,-91.99,30.29316,-92.38728
Hot-Humid,rural,Rural,County,28073,Census Tract 201.01; Lamar County; Mississippi,28620,11815,65.8,27.2,0.749319,0.816076,0.787466,0.780313,142,False,15.0,MS_HATTIESBURG-BOBBY-CHAIN-AP,747590,31.27,-89.256,31.23251,-89.50602
Hot-Humid,rural,Rural,County,45053,Census Tract 9501; Jasper County; South Carolina,30658,13868,46.8,21.2,0.828338,0.690736,0.826975,0.779905,143,False,16.4,SC_BEAUFORT-MCAS,722085,32.483,-80.717,32.4195,-80.98879
Hot-Humid,rural,Rural,County,13233,Census Tract 101; Polk County; Georgia,25835,9784,101.7,38.5,0.662125,0.949591,0.746594,0.779632,144,False,15.0,GA_PAULDING-CO-AP,720714,33.912,-84.941,34.0052,-85.17819
Hot-Humid,rural,Rural,County,01045,Census Tract 200; Dale County; Alabama,29131,12776,57.3,25.1,0.784741,0.756131,0.80109,0.777997,145,False,4.9,AL_HANCHEY-AHP-OZARK,722238,31.35,-85.667,31.39812,-85.60624
Hot-Humid,rural,Rural,County,22009,Census Tract 301; Avoyelles Parish; Louisiana,32306,15168,39.8,18.7,0.873297,0.613079,0.850136,0.777589,146,False,28.4,LA_ALEXANDRIA-ESLER-RGNL-AP,722487,31.396,-92.283,31.03053,-92.06177
Hot-Humid,rural,Rural,County,13071,Census Tract 9701.01; Colquitt County; Georgia,30477,12195,57.9,23.2,0.765668,0.764305,0.824251,0.776908,147,False,7.8,GA_MOULTRIE-MUNI,722147,31.083,-83.8,31.19088,-83.76091
Hot-Humid,rural,Rural,County,22045,Census Tract 301.01; Iberia Parish; Louisiana,28633,12883,55.9,25.1,0.794278,0.746594,0.790191,0.776771,148,False,10.5,LA_NEW-IBERIA-ACADIANA,722314,30.029,-91.885,29.94367,-91.73917
Hot-Humid,rural,Rural,County,48221,Census Tract 1602.04; Hood County; Texas,27114,11201,73.9,30.5,0.723433,0.846049,0.77248,0.776158,149,False,1.0,TX_GRANBURY,720286,32.444,-97.817,32.44,-97.8003
Hot-Humid,rural,Rural,County,48085,Census Tract 301.01; Collin County; Texas,25385,9509,97.3,36.4,0.655313,0.93733,0.737057,0.770368,150,False,8.8,TX_MCKINNEY-MUNI-AP,722541,33.183,-96.59,33.23116,-96.44928
Hot-Humid,rural,Rural,County,13137,Census Tract 1; Habersham County; Georgia,22752,9938,100.5,43.9,0.668937,0.945504,0.689373,0.769823,151,False,13.2,GA_TOCCOA-RG-LETOURNEAU-FLD-A,725258,34.594,-83.296,34.61165,-83.5268
Hot-Humid,rural,Rural,County,01019,Census Tract 9557.01; Cherokee County; Alabama,25224,14663,45.6,26.5,0.859673,0.675749,0.730245,0.769414,152,False,28.9,GA_ROME-R-B-RUSSELL-AP,723200,34.348,-85.162,34.17387,-85.62304
Hot-Humid,rural,Rural,County,48199,Census Tract 301; Hardin County; Texas,32920,14229,39.4,17.0,0.841962,0.607629,0.855586,0.76267,153,False,16.6,TX_BEAUMONT-MUNI,720926,30.071,-94.216,30.29643,-94.31398
Hot-Humid,rural,Rural,County,45035,Census Tract 101; Dorchester County; South Carolina,28647,11740,58.0,23.8,0.745232,0.76703,0.791553,0.762125,154,False,7.4,SC_SUMMERVILLE-AP,720632,33.063,-80.279,33.06136,-80.40706
Hot-Humid,rural,Rural,County,48037,Census Tract 112.01; Bowie County; Texas,32978,13801,40.8,17.1,0.826975,0.623978,0.856948,0.761921,155,False,23.1,AR_TEXARKANA-WEBB-FIELD,723418,33.456,-93.988,33.44238,-94.3876
Hot-Humid,rural,Rural,County,28071,Census Tract 9501; Lafayette County; Mississippi,26920,13718,45.6,23.2,0.824251,0.675749,0.769755,0.761376,156,False,3.8,MS_OXFORD-UNIV,720541,34.383,-89.55,34.34788,-89.4998
Hot-Humid,rural,Rural,County,28033,Census Tract 701.01; DeSoto County; Mississippi,25152,9434,91.9,34.5,0.649864,0.922343,0.728883,0.761035,157,False,15.1,MS_OLIVE-BRANCH-AP,722165,34.979,-89.787,34.83059,-89.98346
Hot-Humid,rural,Rural,County,28047,Census Tract 31.03; Harrison County; Mississippi,25274,11158,69.6,30.7,0.719346,0.8297,0.73297,0.760695,158,False,8.7,MS_GULFPORT-BILOXI-IAP,747570,30.412,-89.081,30.50893,-89.17492
Hot-Humid,rural,Rural,County,13147,Census Tract 9601.01; Hart County; Georgia,21096,10270,94.3,45.9,0.681199,0.930518,0.641689,0.760559,159,False,18.6,SC_ANDERSON-RGNL-AP,723190,34.498,-82.709,34.34579,-82.9774
Hot-Humid,rural,Rural,County,12129,Census Tract 101.01; Wakulla County; Florida,30133,12261,50.2,20.4,0.76703,0.712534,0.821526,0.758856,160,False,14.7,FL_TALLAHASSEE-RGNL-AP,722140,30.394,-84.351,30.18149,-84.34366
Hot-Humid,rural,Rural,County,12119,Census Tract 9101; Sumter County; Florida,26155,11820,58.0,26.2,0.750681,0.76703,0.752044,0.756676,161,False,14.7,FL_INVERNESS-AP,724737,28.817,-82.317,28.7365,-82.09305
Hot-Humid,rural,Rural,County,45091,Census Tract 613.02; York County; South Carolina,25493,10388,73.4,29.9,0.690736,0.843324,0.739782,0.753951,162,False,12.4,SC_ROCK-HILL-YORK-COUN,723117,34.984,-81.056,34.95927,-81.27361
Hot-Humid,rural,Rural,County,13115,Census Tract 1; Floyd County; Georgia,26400,10519,68.7,27.4,0.694823,0.825613,0.753406,0.752316,163,False,6.1,GA_ROME-R-B-RUSSELL-AP,723200,34.348,-85.162,34.26792,-85.20855
Hot-Humid,rural,Rural,County,01033,Census Tract 207.05; Colbert County; Alabama,26695,12886,47.1,22.7,0.79564,0.69346,0.757493,0.752248,164,False,6.4,AL_MUSCLE-SHOALS-RGNL-AP,723235,34.744,-87.6,34.69414,-87.69395
Hot-Humid,rural,Rural,County,45047,Census Tract 9701.01; Greenwood County; South Carolina,23589,11299,64.6,31.0,0.726158,0.807902,0.708447,0.751226,165,False,4.3,SC_GREENWOOD-CO,723124,34.254,-82.153,34.19324,-82.13441
Hot-Humid,rural,Rural,County,01093,Census Tract 9640.01; Marion County; Alabama,29190,14156,39.3,19.1,0.839237,0.604905,0.803815,0.750136,166,False,18.4,AL_POSEY-FIELD-AP,720413,34.267,-87.6,34.11526,-87.8647
Hot-Humid,rural,Rural,County,12005,Census Tract 2.01; Bay County; Florida,28893,12801,45.5,20.2,0.788828,0.673025,0.794278,0.749387,167,False,14.1,FL_NW-FLORIDA-BEACHES-IAP,720735,30.349,-85.788,30.29864,-85.55851
Hot-Humid,rural,Rural,County,45079,Census Tract 101.04; Richland County; South Carolina,26091,12010,54.6,25.2,0.757493,0.734332,0.749319,0.747752,168,False,6.2,SC_MCENTIRE-ANG-BASE,723105,33.967,-80.8,34.03365,-80.87206
Hot-Humid,rural,Rural,County,13131,Census Tract 9501; Grady County; Georgia,26056,11601,57.3,25.5,0.739782,0.756131,0.747956,0.747139,169,False,19.2,GA_THOMASVILLE-RGNL-AP,720738,30.902,-83.881,30.8814,-84.2047
Hot-Humid,rural,Rural,County,13051,Census Tract 107.01; Chatham County; Georgia,20944,9075,108.6,47.1,0.622616,0.96049,0.637602,0.743869,170,False,1.7,GA_HUNTER-AAF,747804,32.017,-81.133,32.00155,-81.1095
Hot-Humid,rural,Rural,County,48347,Census Tract 9501; Nacogdoches County; Texas,31292,14652,34.3,16.1,0.858311,0.536785,0.83515,0.741145,171,False,6.4,TX_NACOGDOCHES(AWOS),722499,31.578,-94.709,31.63074,-94.62035
Hot-Humid,rural,Rural,County,13129,Census Tract 9701.01; Gordon County; Georgia,22954,9583,80.2,33.5,0.656676,0.876022,0.69346,0.740804,172,False,15.4,GA_DALTON,722154,34.722,-84.869,34.5019,-84.90744
Hot-Humid,rural,Rural,County,15007,Census Tract 401.04; Kauai County; Hawaii,30567,10775,55.0,19.4,0.70436,0.73842,0.825613,0.740532,173,False,2424.1,CA_ROHNERVILLE,749485,40.554,-124.133,22.05562,-159.50983
Hot-Humid,rural,Rural,County,13069,Census Tract 101; Coffee County; Georgia,28787,11379,52.7,20.9,0.731608,0.720708,0.792916,0.740055,174,False,3.2,GA_DOUGLAS-MUNI,722062,31.477,-82.861,31.50646,-82.81927
Hot-Humid,rural,Rural,County,01061,Census Tract 501; Geneva County; Alabama,26726,12555,46.5,21.9,0.773842,0.683924,0.76158,0.739918,175,False,13.2,AL_CAIRNS-FIELD-FORT-RUCKER,722269,31.267,-85.717,31.08574,-85.78536
Hot-Humid,rural,Rural,County,28115,Census Tract 9501.01; Pontotoc County; Mississippi,25564,11755,52.8,24.3,0.747956,0.722071,0.741144,0.737534,176,False,14.5,MS_TUPELO-C-D-LEMONS-AP,723320,34.262,-88.771,34.24797,-89.02496
Hot-Humid,rural,Rural,County,01053,Census Tract 9698.01; Escambia County; Alabama,31670,14351,34.2,15.5,0.847411,0.535422,0.841962,0.737125,177,False,22.8,AL_EVERGREEN,722276,31.419,-87.048,31.1329,-87.24187
Hot-Humid,rural,Rural,County,48477,Census Tract 1701; Washington County; Texas,26137,12754,44.4,21.7,0.783379,0.66485,0.750681,0.735354,178,False,27.2,TX_EASTERWOOD-FLD-AP,747460,30.591,-96.363,30.19763,-96.38833
Hot-Humid,rural,Rural,County,48493,Census Tract 1.02; Wilson County; Texas,31795,12029,42.2,16.0,0.758856,0.640327,0.847411,0.735082,179,False,23.5,TX_SAN-ANTONIO-STINSON,722523,29.339,-98.472,29.21318,-98.11018
Hot-Humid,rural,Rural,County,12109,Census Tract 206.04; St. Johns County; Florida,19950,10929,70.3,38.5,0.708447,0.832425,0.614441,0.733038,180,False,11.9,FL_ST-AUGUSTINE-AP,722212,29.959,-81.34,29.79991,-81.41801
Hot-Humid,rural,Rural,County,48167,Census Tract 7206.05; Galveston County; Texas,14374,11194,92.5,72.1,0.720708,0.926431,0.419619,0.732493,181,False,6.0,TX_GALVESTON-SCHOLES,722420,29.27,-94.864,29.3443,-94.91645
Hot-Humid,rural,Rural,County,45037,Census Tract 9702.01; Edgefield County; South Carolina,26508,11317,52.9,22.6,0.72752,0.724796,0.754768,0.732016,182,False,15.3,SC_AIKEN-MUNI-AP,720601,33.65,-81.683,33.72809,-81.93113
Hot-Humid,rural,Rural,County,45089,Census Tract 9701; Williamsburg County; South Carolina,29330,14837,31.4,15.9,0.866485,0.510899,0.807902,0.730313,183,False,8.2,SC_WILLIAMSBURG-KINGSTREE-AP,720604,33.717,-79.85,33.65457,-79.72872
Hot-Humid,rural,Rural,County,48147,Census Tract 9501; Fannin County; Texas,31748,13459,35.8,15.2,0.814714,0.549046,0.846049,0.727997,184,False,29.4,OK_EAKER-FLD,742513,33.942,-96.394,33.56033,-96.16836
Hot-Humid,rural,Rural,County,48073,Census Tract 9501; Cherokee County; Texas,31600,14499,31.0,14.2,0.854223,0.498638,0.840599,0.727043,185,False,3.0,TX_JACKSONVILLE,720298,31.869,-95.218,31.91267,-95.21404
Hot-Humid,rural,Rural,County,45001,Census Tract 9501; Abbeville County; South Carolina,24352,11718,49.6,23.9,0.742507,0.711172,0.717984,0.726635,186,False,16.2,SC_GREENWOOD-CO,723124,34.254,-82.153,34.23795,-82.43531
Hot-Humid,rural,Rural,County,45029,Census Tract 9701; Colleton County; South Carolina,29513,16059,28.5,15.5,0.889646,0.461853,0.810627,0.724115,187,False,1.8,SC_LOWCOUNTRY-RGNL-AP,720609,32.917,-80.633,32.9009,-80.6584
Hot-Humid,rural,Rural,County,13227,Census Tract 501.02; Pickens County; Georgia,20173,8567,107.8,45.8,0.588556,0.957766,0.618529,0.723774,188,False,11.0,GA_CHEROKEE-COUNTY-AP,722109,34.317,-84.417,34.46614,-84.48613
Hot-Humid,rural,Rural,County,22015,Census Tract 109; Bossier Parish; Louisiana,28408,12629,40.3,17.9,0.777929,0.618529,0.786104,0.723774,189,False,8.5,LA_BARKSDALE-AFB,722485,32.5,-93.667,32.59341,-93.5709
Hot-Humid,rural,Rural,County,45071,Census Tract 9501; Newberry County; South Carolina,25056,12741,42.0,21.3,0.782016,0.637602,0.726158,0.7203,190,False,5.2,SC_NEWBERRY-CO-AP,720596,34.3,-81.633,34.2606,-81.55462
Hot-Humid,rural,Rural,County,48259,Census Tract 9701.01; Kendall County; Texas,27794,11573,44.4,18.5,0.737057,0.66485,0.777929,0.719959,191,False,22.5,TX_KERRVILLE-MUNI-AP,722537,29.983,-99.083,29.89672,-98.7199
Hot-Humid,rural,Rural,County,12055,Census Tract 9601.01; Highlands County; Florida,26878,15681,29.9,17.4,0.880109,0.487738,0.764305,0.719618,192,False,3.7,FL_SEBRING-FLORIDA-HENDRICK,749045,27.456,-81.342,27.40248,-81.33516
Hot-Humid,rural,Rural,County,13297,Census Tract 1101.02; Walton County; Georgia,20942,7983,133.9,51.0,0.549046,0.983651,0.63624,0.718597,193,False,1.0,GA_MONROE-WALTON-CO,720897,33.782,-83.693,33.76812,-83.69003
Hot-Humid,rural,Rural,County,48013,Census Tract 9601.01; Atascosa County; Texas,35581,13544,30.2,11.5,0.818801,0.490463,0.881471,0.716417,194,False,4.2,TX_PLEASANTON-MUNI-AP,720395,28.95,-98.517,28.9963,-98.56268
Hot-Humid,rural,Rural,County,01101,Census Tract 3; Montgomery County; Alabama,27457,11934,41.5,18.0,0.754768,0.629428,0.776567,0.715259,195,False,10.3,AL_MAXWELL-AFB,722265,32.383,-86.35,32.28197,-86.22115
Hot-Humid,rural,Rural,County,13085,Census Tract 9701.01; Dawson County; Georgia,19900,8339,105.2,44.1,0.573569,0.955041,0.608992,0.714169,196,False,16.5,GA_CHEROKEE-COUNTY-AP,722109,34.317,-84.417,34.43212,-84.16343
Hot-Humid,rural,Rural,County,13175,Census Tract 9501; Laurens County; Georgia,28167,12847,37.0,16.9,0.791553,0.570845,0.784741,0.712943,197,False,5.8,GA_W-H-BUD-BARRON,722217,32.564,-82.985,32.49245,-82.93328
Hot-Humid,rural,Rural,County,12095,Census Tract 166.04; Orange County; Florida,23708,8443,81.9,29.2,0.577657,0.881471,0.713896,0.71124,198,False,7.1,FL_ORLANDO-EXECUTIVE-AP,722053,28.547,-81.335,28.55409,-81.21754
Hot-Humid,rural,Rural,County,01133,Census Tract 9655.01; Winston County; Alabama,23637,13111,38.6,21.4,0.80109,0.595368,0.709809,0.710831,199,False,13.2,AL_POSEY-FIELD-AP,720413,34.267,-87.6,34.16516,-87.40481
Hot-Humid,rural,Rural,County,48303,Census Tract 101.01; Lubbock County; Texas,29651,11558,40.1,15.6,0.735695,0.615804,0.813351,0.709264,200,False,7.2,TX_LUBBOCK-IAP,722670,33.666,-101.823,33.56686,-101.86294
Hot-Humid,rural,Rural,County,28109,Census Tract 9501.01; Pearl River County; Mississippi,27934,12566,37.8,17.0,0.776567,0.581744,0.780654,0.709196,201,False,15.9,MS_PICAYUNE-MUNI,722349,30.487,-89.651,30.71563,-89.6148
Hot-Humid,rural,Rural,County,28093,Census Tract 9501.01; Marshall County; Mississippi,26697,12476,38.8,18.1,0.77248,0.59673,0.758856,0.708243,202,False,16.3,MS_OLIVE-BRANCH-AP,722165,34.979,-89.787,34.82949,-89.56536
Hot-Humid,rural,Rural,County,13295,Census Tract 204; Walker County; Georgia,22608,9309,63.3,26.1,0.641689,0.799728,0.685286,0.705722,203,False,21.2,TN_CHATTANOOGA-LOVELL-FIELD-A,723240,35.034,-85.2,34.73778,-85.2989
Hot-Humid,rural,Rural,County,22007,Census Tract 501; Assumption Parish; Louisiana,20720,10039,60.2,29.2,0.674387,0.788828,0.63079,0.705722,204,False,19.5,LA_LOUISIANA-RGNL-AP,721046,30.173,-90.941,29.91458,-91.07128
Hot-Humid,rural,Rural,County,28113,Census Tract 9501.02; Pike County; Mississippi,21140,10685,55.9,28.2,0.700272,0.746594,0.643052,0.705041,205,False,3.0,MS_MCCOMB-PIKE-CO-AP,722358,31.182,-90.472,31.1903,-90.42229
Hot-Humid,rural,Rural,County,48215,Census Tract 228.01; Hidalgo County; Texas,37629,10667,39.3,11.1,0.69891,0.604905,0.893733,0.704973,206,False,8.4,TX_EDINBURG-IAP,720276,26.442,-98.129,26.3206,-98.13448
Hot-Humid,rural,Rural,County,13187,Census Tract 9601.03; Lumpkin County; Georgia,19498,8666,83.2,37.0,0.598093,0.891008,0.59673,0.700341,207,False,19.8,GA_BLAIRSVILLE,720409,34.85,-83.983,34.56422,-84.00711
Hot-Humid,rural,Rural,County,12007,Census Tract 2.01; Bradford County; Florida,21831,8292,79.7,30.3,0.570845,0.873297,0.663488,0.695232,208,False,10.2,FL_KEYSTONE-AIRPARK,749048,29.845,-82.048,29.96285,-82.15133
Hot-Humid,rural,Rural,County,48481,Census Tract 7401; Wharton County; Texas,30985,13296,29.1,12.5,0.809264,0.470027,0.832425,0.695163,209,False,10.3,TX_WHARTON-RGNL-AP,722351,29.266,-96.008,29.27387,-96.17831
Hot-Humid,rural,Rural,County,01109,Census Tract 1886; Pike County; Alabama,24111,12791,36.5,19.4,0.787466,0.564033,0.716621,0.695095,210,False,6.5,AL_TROY-AF,722267,31.857,-86.01,31.78749,-85.93457
Hot-Humid,rural,Rural,County,12133,Census Tract 9701.02; Washington County; Florida,25259,10962,43.2,18.7,0.711172,0.649864,0.731608,0.693801,211,False,21.9,FL_NW-FLORIDA-BEACHES-IAP,720735,30.349,-85.788,30.63867,-85.6395
Hot-Humid,rural,Rural,County,12015,Census Tract 101; Charlotte County; Florida,22005,11751,42.1,22.5,0.746594,0.638965,0.666213,0.692848,212,False,5.8,FL_PUNTA-GORDA,722034,26.918,-81.994,26.83425,-81.98343
Hot-Humid,rural,Rural,County,45055,Census Tract 9701; Kershaw County; South Carolina,24463,11656,39.6,18.9,0.741144,0.611717,0.722071,0.69203,213,False,2.6,SC_CAMDEN-WOODWARD-FLD-AP,720603,34.283,-80.567,34.31908,-80.5778
Hot-Humid,rural,Rural,County,01111,Census Tract 1; Randolph County; Alabama,22310,12461,38.4,21.5,0.771117,0.592643,0.681199,0.690667,214,False,27.0,GA_LA-GRANGE,747807,33.017,-85.067,33.26958,-85.42203
Hot-Humid,rural,Rural,County,45043,Census Tract 9201; Georgetown County; South Carolina,25034,13073,33.6,17.5,0.799728,0.525886,0.724796,0.688897,215,False,9.6,SC_GEORGETOWN-CO-AP,747918,33.317,-79.317,33.45202,-79.35282
Hot-Humid,rural,Rural,County,28085,Census Tract 9501; Lincoln County; Mississippi,24486,10862,42.7,18.9,0.705722,0.645777,0.723433,0.688283,216,False,7.2,MS_BROOKHAVEN-LINCOLN-CO,720932,31.606,-90.409,31.51888,-90.47613
Hot-Humid,rural,Rural,County,28137,Census Tract 9501; Tate County; Mississippi,22084,9435,55.4,23.7,0.651226,0.742507,0.673025,0.687534,217,False,22.5,MS_TUNICA-MUNI-AP,722364,34.681,-90.347,34.64388,-89.95375
Hot-Humid,rural,Rural,County,13241,Census Tract 9701.01; Rabun County; Georgia,17107,12142,46.2,32.8,0.762943,0.679837,0.523161,0.685899,218,False,21.8,GA_TOCCOA-RG-LETOURNEAU-FLD-A,725258,34.594,-83.296,34.8931,-83.41978
Hot-Humid,rural,Rural,County,13157,Census Tract 102; Jackson County; Georgia,18224,7586,117.5,48.9,0.512262,0.976839,0.566757,0.685763,219,False,3.7,GA_GAINESVILLE-GEORGIA-NAS,749483,34.147,-83.561,34.11398,-83.51101
Hot-Humid,rural,Rural,County,12131,Census Tract 9501.02; Walton County; Florida,28161,12785,30.8,14.0,0.786104,0.497275,0.783379,0.684469,220,False,22.1,FL_CRESTVIEW-BOB-SIKES-AP,722215,30.777,-86.519,30.69738,-86.15868
Hot-Humid,rural,Rural,County,48469,Census Tract 7; Victoria County; Texas,28625,12087,33.6,14.2,0.760218,0.525886,0.788828,0.683924,221,False,4.9,TX_VICTORIA-RGNL-AP,722550,28.862,-96.93,28.81934,-96.99485
Hot-Humid,rural,Rural,County,01039,Census Tract 9616; Covington County; Alabama,27164,13716,27.4,13.8,0.822888,0.452316,0.773842,0.683379,222,False,2.9,AL_ANDALUSIA-OPP-AP,722275,31.306,-86.39,31.27809,-86.4259
Hot-Humid,rural,Rural,County,48053,Census Tract 9601.01; Burnet County; Texas,26905,13391,29.0,14.5,0.811989,0.467302,0.768392,0.682629,223,False,2.6,TX_BURNET-MUNI,722542,30.741,-98.235,30.73261,-98.19246
Hot-Humid,rural,Rural,County,28105,Census Tract 9501.01; Oktibbeha County; Mississippi,20858,10033,49.6,23.9,0.673025,0.711172,0.633515,0.678474,224,False,1.5,MS_GEORGE-M-BRYAN-AP,720769,33.433,-88.849,33.4507,-88.83444
Hot-Humid,rural,Rural,County,22113,Census Tract 9501.02; Vermilion Parish; Louisiana,29510,13225,26.6,11.9,0.80654,0.438692,0.809264,0.678338,225,False,7.4,LA_ABBEVILLE-C-CRUSTA-MEM-AP,720587,29.976,-92.084,29.97075,-92.20764
Hot-Humid,rural,Rural,County,45033,Census Tract 9701; Dillon County; South Carolina,21081,9443,54.4,24.4,0.652589,0.730245,0.640327,0.677316,226,False,15.3,SC_MARION-CO-AP,720608,34.181,-79.335,34.40029,-79.36776
Hot-Humid,rural,Rural,County,28003,Census Tract 9501; Alcorn County; Mississippi,21319,9085,57.5,24.5,0.623978,0.76158,0.648501,0.677043,227,False,3.9,MS_ROSCOE-TURNER-AP,720924,34.915,-88.604,34.88764,-88.54438
Hot-Humid,rural,Rural,County,48001,Census Tract 9501; Anderson County; Texas,29219,12669,29.1,12.6,0.780654,0.470027,0.805177,0.676839,228,False,5.3,TX_PALESTINE,720314,31.78,-95.706,31.78216,-95.61558
Hot-Humid,rural,Rural,County,22031,Census Tract 9501.01; De Soto Parish; Louisiana,26897,12560,30.7,14.3,0.775204,0.49455,0.76703,0.67534,229,False,23.1,LA_SHREVEPORT-RGNL-AP,722480,32.447,-93.824,32.11708,-93.76238
Hot-Humid,rural,Rural,County,28149,Census Tract 9501.01; Warren County; Mississippi,22691,10699,40.8,19.2,0.701635,0.623978,0.688011,0.67173,230,False,9.0,MS_VICKSBURG-MUNI,722355,32.233,-90.933,32.32451,-90.82351
Hot-Humid,rural,Rural,County,13213,Census Tract 101; Murray County; Georgia,19916,8455,68.3,29.0,0.579019,0.824251,0.611717,0.67139,231,False,6.4,GA_DALTON,722154,34.722,-84.869,34.73914,-84.75816
Hot-Humid,rural,Rural,County,12115,Census Tract 27.25; Sarasota County; Florida,19399,8834,61.2,27.9,0.606267,0.794278,0.594005,0.669618,232,False,12.2,FL_VENICE-MUNI-AP,722118,27.072,-82.44,27.206,-82.31044
Hot-Humid,rural,Rural,County,22115,Census Tract 9501; Vernon Parish; Louisiana,30208,13662,23.2,10.5,0.820163,0.386921,0.822888,0.669073,233,False,4.6,LA_FORT-POLK-AAF,722390,31.05,-93.183,31.09999,-93.23557
Hot-Humid,rural,Rural,County,13211,Census Tract 101; Morgan County; Georgia,20614,8699,59.3,25.0,0.600817,0.777929,0.629428,0.668528,234,False,17.7,GA_MONROE-WALTON-CO,720897,33.782,-83.693,33.59176,-83.48753
Hot-Humid,rural,Rural,County,13127,Census Tract 3.02; Glynn County; Georgia,19085,9258,57.3,27.8,0.63624,0.756131,0.585831,0.66812,235,False,4.6,GA_BRUNSWICK-GOLDEN-IS,722136,31.259,-81.466,31.21884,-81.52869
Hot-Humid,rural,Rural,County,48277,Census Tract 1.01; Lamar County; Texas,26712,11924,31.2,13.9,0.753406,0.50545,0.760218,0.667984,236,False,6.3,TX_COX-FLD,722587,33.633,-95.45,33.68572,-95.53879
Hot-Humid,rural,Rural,County,13029,Census Tract 9201.01; Bryan County; Georgia,22968,8383,58.2,21.2,0.574932,0.769755,0.697548,0.667643,237,False,13.1,GA_FT-STEWART-WRIGHT,722090,31.883,-81.567,31.98651,-81.38025
Hot-Humid,rural,Rural,County,13257,Census Tract 9701.02; Stephens County; Georgia,15549,7769,103.0,51.5,0.527248,0.953678,0.470027,0.665054,238,False,2.5,GA_TOCCOA-RG-LETOURNEAU-FLD-A,725258,34.594,-83.296,34.56161,-83.27537
Hot-Humid,rural,Rural,County,13139,Census Tract 1.01; Hall County; Georgia,16754,7223,131.7,56.8,0.482289,0.982289,0.509537,0.662739,239,False,11.6,GA_GAINESVILLE-LEE-GIL,722185,34.272,-83.83,34.41827,-83.72866
Hot-Humid,rural,Rural,County,13231,Census Tract 101.01; Pike County; Georgia,19540,7262,90.4,33.6,0.485014,0.914169,0.599455,0.658106,240,False,10.8,GA_GRIFFIN-SPALDING-CO,720966,33.227,-84.275,33.09572,-84.37711
Hot-Humid,rural,Rural,County,01017,Census Tract 9538; Chambers County; Alabama,21791,10928,38.0,19.0,0.707084,0.584469,0.660763,0.654905,241,False,18.5,GA_LA-GRANGE,747807,33.017,-85.067,32.87523,-85.33697
Hot-Humid,rural,Rural,County,28039,Census Tract 9501.01; George County; Mississippi,21909,9119,46.3,19.3,0.626703,0.682561,0.66485,0.653883,242,False,24.7,AL_MOBILE-RGNL-AP,722230,30.688,-88.246,30.86471,-88.60813
Hot-Humid,rural,Rural,County,48097,Census Tract 1; Cooke County; Texas,26650,11238,31.1,13.1,0.724796,0.502725,0.756131,0.653338,243,False,2.3,TX_GAINESVILLE-MUNI-AP,722552,33.651,-97.197,33.62934,-97.16693
Hot-Humid,rural,Rural,County,12021,Census Tract 109.06; Collier County; Florida,30927,14452,18.3,8.6,0.851499,0.29564,0.831063,0.652861,244,False,21.6,FL_NAPLES-MUNI-AP,722038,26.155,-81.775,26.2671,-81.44959
Hot-Humid,rural,Rural,County,13217,Census Tract 1002.02; Newton County; Georgia,17415,6701,145.8,56.1,0.442779,0.987738,0.53406,0.651771,245,False,18.1,GA_MONROE-WALTON-CO,720897,33.782,-83.693,33.53363,-83.79573
Hot-Humid,rural,Rural,County,12057,Census Tract 101.08; Hillsborough County; Florida,20122,7981,64.3,25.5,0.547684,0.805177,0.617166,0.651703,246,False,7.0,FL_PLANT-CITY-MUNI,720373,28.0,-82.164,27.90217,-82.19295
Hot-Humid,rural,Rural,County,15003,Census Tract 86.11; Honolulu County; Hawaii,18072,7856,74.5,32.4,0.535422,0.847411,0.559946,0.649523,247,False,2375.3,CA_ROHNERVILLE,749485,40.554,-124.133,21.53865,-158.02862
Hot-Humid,rural,Rural,County,13083,Census Tract 401.02; Dade County; Georgia,16196,7413,93.0,42.6,0.498638,0.927793,0.493188,0.647752,248,False,20.6,TN_CHATTANOOGA-LOVELL-FIELD-A,723240,35.034,-85.2,34.86355,-85.49935
Hot-Humid,rural,Rural,County,13143,Census Tract 101; Haralson County; Georgia,18336,7535,78.7,32.3,0.509537,0.865123,0.569482,0.645981,249,False,11.2,GA_WEST-GEORGIA-RGNL-AP,720674,33.633,-85.15,33.79,-85.19887
Hot-Humid,rural,Rural,County,12101,Census Tract 318.09; Pasco County; Florida,17678,7922,71.8,32.2,0.540872,0.836512,0.546322,0.645436,250,False,12.5,FL_HERNANDO-CO,722014,28.474,-82.454,28.38242,-82.27741
Hot-Humid,rural,Rural,County,13011,Census Tract 9701; Banks County; Georgia,18757,7373,80.6,31.7,0.493188,0.877384,0.580381,0.645095,251,False,14.7,GA_GAINESVILLE-GEORGIA-NAS,749483,34.147,-83.561,34.35344,-83.49771
Hot-Humid,rural,Rural,County,01031,Census Tract 101; Coffee County; Alabama,22616,10634,35.9,16.9,0.697548,0.551771,0.686649,0.644346,252,False,8.9,AL_SHELL-AHP,722219,31.363,-85.849,31.3874,-85.99797
Hot-Humid,rural,Rural,County,01059,Census Tract 9729; Franklin County; Alabama,22193,10405,36.1,16.9,0.692098,0.559946,0.679837,0.643393,253,False,16.3,AL_POSEY-FIELD-AP,720413,34.267,-87.6,34.44171,-87.79151
Hot-Humid,rural,Rural,County,28107,Census Tract 9501.01; Panola County; Mississippi,23157,10470,34.8,15.7,0.69346,0.543597,0.700272,0.64237,254,False,22.0,MS_OXFORD-UNIV,720541,34.383,-89.55,34.34201,-89.93278
Hot-Humid,rural,Rural,County,22099,Census Tract 201.01; St. Martin Parish; Louisiana,23226,10314,35.9,16.0,0.685286,0.551771,0.701635,0.641826,255,False,11.9,LA_LAFAYETTE-RGNL-AP,722405,30.199,-91.99,30.23276,-91.79444
Hot-Humid,rural,Rural,County,48427,Census Tract 9501.01; Starr County; Texas,31057,11070,26.0,9.3,0.715259,0.430518,0.833787,0.639305,256,False,36.9,TX_MCALLEN-MILLER-IAP,722506,26.179,-98.245,26.42645,-98.77319
Hot-Humid,rural,Rural,County,01001,Census Tract 208.01; Autauga County; Alabama,21824,9371,40.1,17.2,0.647139,0.615804,0.662125,0.639169,257,False,18.0,AL_MAXWELL-AFB,722265,32.383,-86.35,32.5402,-86.59598
Hot-Humid,rural,Rural,County,22039,Census Tract 9501.01; Evangeline Parish; Louisiana,23544,9942,36.1,15.2,0.6703,0.559946,0.707084,0.639033,258,False,18.9,LA_ALLEN-PARISH-AP,720346,30.75,-92.688,30.70585,-92.37362
Hot-Humid,rural,Rural,County,22119,Census Tract 311; Webster Parish; Louisiana,20942,10583,36.6,18.5,0.696185,0.566757,0.63624,0.638896,259,False,2.4,LA_MINDEN-AP,720739,32.646,-93.298,32.65833,-93.3367
Hot-Humid,rural,Rural,County,13033,Census Tract 9501.01; Burke County; Georgia,24427,11201,29.5,13.5,0.723433,0.479564,0.720708,0.637534,260,False,19.3,GA_AUGUSTA-BUSH-FIELD,722180,33.365,-81.964,33.08791,-82.00782
Hot-Humid,rural,Rural,County,48217,Census Tract 9601; Hill County; Texas,25299,11575,26.8,12.2,0.73842,0.445504,0.734332,0.635082,261,False,6.9,TX_HILLSBORO,720295,32.084,-97.097,31.9969,-97.15288
Hot-Humid,rural,Rural,County,28095,Census Tract 9501.01; Monroe County; Mississippi,22799,11064,30.8,14.9,0.713896,0.497275,0.690736,0.633447,262,False,3.5,MS_MONROE-COUNTY-AP,746941,33.873,-88.49,33.92139,-88.47048
Hot-Humid,rural,Rural,County,28145,Census Tract 9501; Union County; Mississippi,19845,8459,50.8,21.7,0.580381,0.713896,0.606267,0.632288,263,False,20.6,MS_TUPELO-C-D-LEMONS-AP,723320,34.262,-88.771,34.48116,-89.01562
Hot-Humid,rural,Rural,County,45023,Census Tract 204; Chester County; South Carolina,21604,9502,38.2,16.8,0.653951,0.589918,0.656676,0.632084,264,False,6.5,SC_CHESTER-CATAWBA-RGNL-AP,720599,34.783,-81.2,34.72113,-81.11408
Hot-Humid,rural,Rural,County,45081,Census Tract 9601; Saluda County; South Carolina,18958,9420,41.9,20.8,0.648501,0.633515,0.584469,0.630449,265,False,22.3,SC_NEWBERRY-CO-AP,720596,34.3,-81.633,33.98664,-81.72563
Hot-Humid,rural,Rural,County,13075,Census Tract 9601; Cook County; Georgia,17363,7399,76.0,32.4,0.49455,0.856948,0.531335,0.628746,266,False,17.8,GA_MOODY-AFB-VALDOSTA,747810,30.967,-83.2,31.14445,-83.41785
Hot-Humid,rural,Rural,County,28127,Census Tract 9501.01; Simpson County; Mississippi,21358,9812,36.8,16.9,0.663488,0.56812,0.649864,0.627384,267,False,29.9,MS_JACKSON-IAP,722350,32.32,-90.078,31.91916,-89.88425
Hot-Humid,rural,Rural,County,45011,Census Tract 9701.01; Barnwell County; South Carolina,20565,9901,37.5,18.1,0.666213,0.577657,0.626703,0.627316,268,False,3.7,SC_BARNWELL-RGNL-AP,720602,33.25,-81.383,33.2937,-81.34684
Hot-Humid,rural,Rural,County,48321,Census Tract 7301; Matagorda County; Texas,23470,12930,21.6,11.9,0.797003,0.36376,0.705722,0.627112,269,False,10.6,TX_BAY-CITY,720273,28.973,-95.863,28.87961,-96.00229
Hot-Humid,rural,Rural,County,13107,Census Tract 9701.01; Emanuel County; Georgia,22961,9990,33.7,14.7,0.671662,0.527248,0.696185,0.626022,270,False,3.8,GA_EMANUEL-CO,720951,32.609,-82.37,32.58528,-82.31146
Hot-Humid,rural,Rural,County,28099,Census Tract 101.01; Neshoba County; Mississippi,22058,9021,39.5,16.1,0.617166,0.610354,0.6703,0.625409,271,False,17.3,MS_RANGE-B,720708,32.8,-88.833,32.75612,-89.12652
Hot-Humid,rural,Rural,County,12085,Census Tract 16.02; Martin County; Florida,22358,7712,51.7,17.8,0.521798,0.716621,0.682561,0.622139,272,False,12.8,FL_STUART-WITHAM,722189,27.182,-80.221,27.06659,-80.38453
Hot-Humid,rural,Rural,County,28057,Census Tract 9501; Itawamba County; Mississippi,20228,9260,38.5,17.6,0.637602,0.594005,0.621253,0.619073,273,False,21.7,MS_TUPELO-C-D-LEMONS-AP,723320,34.262,-88.771,34.29881,-88.39394
Hot-Humid,rural,Rural,County,48355,Census Tract 54.06; Nueces County; Texas,21494,10320,31.4,15.1,0.686649,0.510899,0.652589,0.618324,274,False,4.7,TX_ROBSTON,720316,27.779,-97.691,27.74955,-97.62259
Hot-Humid,rural,Rural,County,13267,Census Tract 9501; Tattnall County; Georgia,21584,8054,45.5,17.0,0.554496,0.673025,0.655313,0.616145,275,False,15.4,GA_CLAXTON-EVANS-CO-AP,722691,32.2,-81.87,32.02764,-82.03715
Hot-Humid,rural,Rural,County,13255,Census Tract 1601.02; Spalding County; Georgia,15939,5980,148.7,55.8,0.384196,0.991826,0.479564,0.61594,276,False,2.6,GA_GRIFFIN-SPALDING-CO,720966,33.227,-84.275,33.25459,-84.24345
Hot-Humid,rural,Rural,County,12019,Census Tract 301.04; Clay County; Florida,18785,8166,46.9,20.4,0.561308,0.692098,0.581744,0.611172,277,False,13.7,FL_JACKSONVILLE-CECIL,722067,30.219,-81.876,30.0216,-81.8884
Hot-Humid,rural,Rural,County,13035,Census Tract 1501.02; Butts County; Georgia,16595,5808,116.4,40.7,0.376022,0.974114,0.504087,0.610967,278,False,17.0,GA_GRIFFIN-SPALDING-CO,720966,33.227,-84.275,33.27199,-83.98562
Hot-Humid,rural,Rural,County,13321,Census Tract 9501; Worth County; Georgia,20575,9296,36.1,16.3,0.640327,0.559946,0.628065,0.609741,279,False,19.9,GA_ALBANY-DOUGHERTY-CO-AP,722160,31.536,-84.196,31.54559,-83.85748
Hot-Humid,rural,Rural,County,12009,Census Tract 601.06; Brevard County; Florida,21151,9371,34.5,15.3,0.647139,0.53951,0.644414,0.608924,280,False,12.4,FL_COCOA-BEACH-PATRICK-AFB,747950,28.233,-80.6,28.2601,-80.80204
Hot-Humid,rural,Rural,County,22085,Census Tract 1; Sabine Parish; Louisiana,19904,12632,23.3,14.8,0.779292,0.388283,0.610354,0.608651,281,False,25.9,LA_PEASON-RIDGE-FT-POL,722820,31.357,-93.176,31.56371,-93.54208
Hot-Humid,rural,Rural,County,01007,Census Tract 100.01; Bibb County; Alabama,22152,9090,35.6,14.6,0.625341,0.547684,0.677112,0.608515,282,False,23.0,AL_BESSEMER-AIPORT,720507,33.313,-86.926,33.03313,-87.14237
Hot-Humid,rural,Rural,County,13119,Census Tract 8901.03; Franklin County; Georgia,16086,7269,70.9,32.0,0.486376,0.83515,0.485014,0.608175,283,False,15.1,GA_TOCCOA-RG-LETOURNEAU-FLD-A,725258,34.594,-83.296,34.38231,-83.22742
Hot-Humid,rural,Rural,County,48265,Census Tract 9601.01; Kerr County; Texas,22958,12120,21.5,11.3,0.76158,0.358311,0.694823,0.607084,284,False,7.8,TX_KERRVILLE-MUNI-AP,722537,29.983,-99.083,30.01942,-99.20655
Hot-Humid,rural,Rural,County,22109,Census Tract 10.01; Terrebonne Parish; Louisiana,25348,11335,22.4,10.0,0.728883,0.376022,0.735695,0.606744,285,False,12.7,LA_HOUMA-TERREBONNE-AP,722406,29.566,-90.66,29.41893,-90.78702
Hot-Humid,rural,Rural,County,28079,Census Tract 401; Leake County; Mississippi,21288,9054,36.5,15.5,0.621253,0.564033,0.645777,0.606131,286,False,39.8,MS_RANGE-B,720708,32.8,-88.833,32.73955,-89.51409
Hot-Humid,rural,Rural,County,22005,Census Tract 301.06; Ascension Parish; Louisiana,14736,6562,95.7,42.6,0.425068,0.933243,0.43733,0.605382,287,False,1.3,LA_LOUISIANA-RGNL-AP,721046,30.173,-90.941,30.17957,-90.92097
Hot-Humid,rural,Rural,County,22077,Census Tract 9519; Pointe Coupee Parish; Louisiana,18491,10286,33.3,18.5,0.683924,0.521798,0.573569,0.605109,288,False,5.7,LA_FALSE-RIVER-RGNL-AP,720967,30.718,-91.479,30.64575,-91.52685
Hot-Humid,rural,Rural,County,48185,Census Tract 1801.01; Grimes County; Texas,22189,10229,28.7,13.2,0.679837,0.464578,0.678474,0.604224,289,False,24.8,TX_EASTERWOOD-FLD-AP,747460,30.591,-96.363,30.45254,-95.97839
Hot-Humid,rural,Rural,County,22043,Census Tract 201; Grant Parish; Louisiana,22123,9054,34.4,14.1,0.621253,0.538147,0.675749,0.603065,290,False,13.5,LA_ALEXANDRIA-IAP,747540,31.335,-92.558,31.52957,-92.53023
Hot-Humid,rural,Rural,County,28139,Census Tract 9501; Tippah County; Mississippi,18739,8641,41.2,19.0,0.595368,0.626703,0.579019,0.603065,291,False,20.5,MS_ROSCOE-TURNER-AP,720924,34.915,-88.604,34.76182,-88.91392
Hot-Humid,rural,Rural,County,12041,Census Tract 9501; Gilchrist County; Florida,18494,7697,52.9,22.0,0.520436,0.724796,0.574932,0.602861,292,False,19.4,FL_CROSS-CITY-AP,722120,29.633,-83.105,29.72469,-82.7989
Hot-Humid,rural,Rural,County,13171,Census Tract 9701; Lamar County; Georgia,15358,6575,88.6,37.9,0.426431,0.904632,0.46049,0.600613,293,False,10.8,GA_THOMASTON,747806,32.955,-84.264,33.08128,-84.15544
Hot-Humid,rural,Rural,County,48241,Census Tract 9501.01; Jasper County; Texas,22087,11152,24.2,12.2,0.717984,0.407357,0.674387,0.600545,294,False,11.1,TX_JASPER-CO-BELL-FLD,720296,30.886,-94.035,30.72545,-94.02073
Hot-Humid,rural,Rural,County,22037,Census Tract 9513; East Feliciana Parish; Louisiana,19378,8171,42.7,18.0,0.564033,0.645777,0.592643,0.598365,295,False,19.4,LA_BATON-ROUGE-METRO-R,722320,30.538,-91.147,30.81493,-91.09183
Hot-Humid,rural,Rural,County,12091,Census Tract 201.01; Okaloosa County; Florida,23361,9175,29.6,11.6,0.633515,0.483651,0.702997,0.594959,296,False,4.1,FL_CRESTVIEW-BOB-SIKES-AP,722215,30.777,-86.519,30.75976,-86.58531
Hot-Humid,rural,Rural,County,28141,Census Tract 9501.01; Tishomingo County; Mississippi,16224,9193,39.0,22.1,0.634877,0.599455,0.495913,0.594687,297,False,25.2,MS_ROSCOE-TURNER-AP,720924,34.915,-88.604,34.71307,-88.23382
Hot-Humid,rural,Rural,County,48067,Census Tract 9501.01; Cass County; Texas,22044,10948,23.9,11.9,0.709809,0.400545,0.668937,0.593392,298,False,33.2,AR_TEXARKANA-WEBB-FIELD,723418,33.456,-93.988,33.06813,-94.32814
Hot-Humid,rural,Rural,County,48223,Census Tract 9501; Hopkins County; Texas,22023,9354,29.3,12.5,0.643052,0.472752,0.667575,0.588352,299,False,3.8,TX_SUPLHUR-SPRINGS,722362,33.167,-95.617,33.12462,-95.57423
Hot-Humid,rural,Rural,County,13025,Census Tract 9601.01; Brantley County; Georgia,18171,8237,41.0,18.6,0.56812,0.625341,0.564033,0.58733,300,False,24.9,GA_JESUP-WAYNE-CO-AP,720671,31.554,-81.883,31.20054,-81.96467
Hot-Humid,rural,Rural,County,48245,Census Tract 112.05; Jefferson County; Texas,21386,9278,29.6,12.8,0.638965,0.483651,0.651226,0.587057,301,False,7.4,TX_BEAUMONT-MUNI,720926,30.071,-94.216,29.96369,-94.22244
Hot-Humid,rural,Rural,County,13245,Census Tract 106.02; Richmond County; Georgia,17613,5111,96.3,27.9,0.331063,0.935967,0.543597,0.585286,302,False,7.4,GA_AUGUSTA-BUSH-FIELD,722180,33.365,-81.964,33.31993,-82.08026
Hot-Humid,rural,Rural,County,12059,Census Tract 9601; Holmes County; Florida,18111,8636,38.1,18.2,0.594005,0.587193,0.561308,0.585081,303,False,28.7,AL_CAIRNS-FIELD-FORT-RUCKER,722269,31.267,-85.717,30.85377,-85.7683
Hot-Humid,rural,Rural,County,12033,Census Tract 36.13; Escambia County; Florida,19513,7302,48.3,18.1,0.490463,0.697548,0.598093,0.584469,304,False,22.9,FL_WHITING-FLD-NAAS,722226,30.717,-87.017,30.82332,-87.38254
Hot-Humid,rural,Rural,County,45069,Census Tract 9601; Marlboro County; South Carolina,19144,7977,41.8,17.4,0.544959,0.632153,0.587193,0.583924,305,False,4.1,SC_MARLBORO-CO-JETPT-AVENT-FL,720631,34.617,-79.733,34.64587,-79.6696
Hot-Humid,rural,Rural,County,13009,Census Tract 9701.01; Baldwin County; Georgia,16454,6256,77.9,29.6,0.400545,0.862398,0.5,0.582085,306,False,7.3,GA_BALDWIN-CO,720348,33.154,-83.241,33.04817,-83.24774
Hot-Humid,rural,Rural,County,13133,Census Tract 9501; Greene County; Georgia,16290,8148,43.5,21.8,0.559946,0.655313,0.497275,0.58079,307,False,2.1,GA_GREENE-CO-RGNL-AP,720347,33.598,-83.139,33.5703,-83.15592
Hot-Humid,rural,Rural,County,22011,Census Tract 9601.01; Beauregard Parish; Louisiana,24353,10350,21.6,9.2,0.688011,0.36376,0.719346,0.58079,308,False,12.7,LA_DE-RIDDER,722334,30.833,-93.333,30.65262,-93.29067
Hot-Humid,rural,Rural,County,13179,Census Tract 101.01; Liberty County; Georgia,20060,7456,44.2,16.4,0.502725,0.660763,0.615804,0.580654,309,False,5.4,GA_FT-STEWART-WRIGHT,722090,31.883,-81.567,31.85266,-81.48282
Hot-Humid,rural,Rural,County,13019,Census Tract 9701; Berrien County; Georgia,18257,8065,40.3,17.8,0.555858,0.618529,0.56812,0.580245,310,False,19.0,GA_MOODY-AFB-VALDOSTA,747810,30.967,-83.2,31.24068,-83.2307
Hot-Humid,rural,Rural,County,48449,Census Tract 9501; Titus County; Texas,18187,7484,45.9,18.9,0.506812,0.678474,0.565395,0.57861,311,False,6.8,TX_MT-PLEASANT,720311,33.096,-94.961,33.19385,-94.9556
Hot-Humid,rural,Rural,County,22047,Census Tract 9526; Iberville Parish; Louisiana,20321,8625,34.0,14.4,0.592643,0.53406,0.622616,0.578134,312,False,19.5,LA_LOUISIANA-RGNL-AP,721046,30.173,-90.941,30.24777,-91.25605
Hot-Humid,rural,Rural,County,45087,Census Tract 304.01; Union County; South Carolina,18047,8733,36.0,17.4,0.604905,0.554496,0.557221,0.577725,313,False,22.5,SC_SPARTANBURG-DOWNTOWN-MEM,723126,34.916,-81.957,34.73287,-81.62794
Hot-Humid,rural,Rural,County,01025,Census Tract 9575; Clarke County; Alabama,22802,11727,18.4,9.5,0.743869,0.297003,0.692098,0.577112,314,False,47.8,AL_EVERGREEN,722276,31.419,-87.048,31.65922,-87.80851
Hot-Humid,rural,Rural,County,13223,Census Tract 1201.04; Paulding County; Georgia,13591,5228,120.0,46.2,0.343324,0.979564,0.39782,0.576907,315,False,0.3,GA_PAULDING-CO-AP,720714,33.912,-84.941,33.91637,-84.94357
Hot-Humid,rural,Rural,County,48049,Census Tract 9501; Brown County; Texas,20429,11038,22.0,11.9,0.712534,0.371935,0.625341,0.575886,316,False,4.9,TX_BROWNWOOD-MUNI-AP,722666,31.8,-98.95,31.75498,-99.01504
Hot-Humid,rural,Rural,County,48055,Census Tract 9601.02; Caldwell County; Texas,21041,7141,43.5,14.8,0.472752,0.655313,0.638965,0.569891,317,False,13.5,TX_SAN-MARCOS-MUNI,722539,29.891,-97.864,29.89122,-97.63921
Hot-Humid,rural,Rural,County,13281,Census Tract 9601; Towns County; Georgia,10732,7223,67.6,45.5,0.482289,0.821526,0.325613,0.569687,318,False,12.1,GA_BLAIRSVILLE,720409,34.85,-83.983,34.92107,-83.78783
Hot-Humid,rural,Rural,County,13081,Census Tract 101; Crisp County; Georgia,14518,7429,54.6,27.9,0.5,0.734332,0.426431,0.567302,319,False,27.1,GA_SOUTHER-FLD,720948,32.11,-84.189,31.94222,-83.77043
Hot-Humid,rural,Rural,County,01067,Census Tract 301; Henry County; Alabama,17450,9151,31.1,16.3,0.63079,0.502725,0.536785,0.567166,320,False,15.0,AL_DOTHAN-RGNL-AP,722268,31.318,-85.443,31.4708,-85.26252
Hot-Humid,rural,Rural,County,28045,Census Tract 302.01; Hancock County; Mississippi,17192,8042,39.4,18.4,0.553134,0.607629,0.527248,0.56703,321,False,6.8,MS_STENNIS-IAP,722138,30.368,-89.455,30.46671,-89.45626
Hot-Humid,rural,Rural,County,13199,Census Tract 9705.01; Meriwether County; Georgia,18143,8235,36.6,16.6,0.566757,0.566757,0.56267,0.56594,322,False,19.2,GA_NEWNAN,722176,33.312,-84.77,33.04203,-84.68944
Hot-Humid,rural,Rural,County,48149,Census Tract 9701; Fayette County; Texas,20189,10760,21.4,11.4,0.702997,0.355586,0.619891,0.564782,323,False,21.9,TX_GIDDINGS-LEE-CO-AP,722113,30.169,-96.98,29.85619,-96.92199
Hot-Humid,rural,Rural,County,48143,Census Tract 9501; Erath County; Texas,23077,9719,21.7,9.1,0.659401,0.365123,0.69891,0.564306,324,False,4.3,TX_STEPHENVILLE-CLARK-FIELD,722600,32.215,-98.178,32.21486,-98.25235
Hot-Humid,rural,Rural,County,13169,Census Tract 301.01; Jones County; Georgia,17139,7232,46.8,19.8,0.483651,0.690736,0.524523,0.564305,325,False,21.4,GA_BALDWIN-CO,720348,33.154,-83.241,32.99523,-83.55803
Hot-Humid,rural,Rural,County,13225,Census Tract 401.01; Peach County; Georgia,11567,5158,117.0,52.2,0.337875,0.975477,0.352861,0.564033,326,False,13.2,GA_MACON-MIDDLE-GA-RGNL-AP,722170,32.689,-83.653,32.57299,-83.83243
Hot-Humid,rural,Rural,County,45049,Census Tract 9201; Hampton County; South Carolina,18555,8622,33.1,15.4,0.591281,0.520436,0.577657,0.56376,327,False,28.2,SC_LOWCOUNTRY-RGNL-AP,720609,32.917,-80.633,32.81556,-81.10357
Hot-Humid,rural,Rural,County,13277,Census Tract 9601; Tift County; Georgia,15444,6366,66.7,27.5,0.407357,0.820163,0.46594,0.563556,328,False,1.7,GA_HENRY-TIFT-MYERS-AP,720712,31.429,-83.489,31.43914,-83.51533
Hot-Humid,rural,Rural,County,13055,Census Tract 101; Chattooga County; Georgia,15959,7055,55.1,24.4,0.461853,0.739782,0.480926,0.562943,329,False,14.9,GA_ROME-R-B-RUSSELL-AP,723200,34.348,-85.162,34.49514,-85.35257
Hot-Humid,rural,Rural,County,28123,Census Tract 201.01; Scott County; Mississippi,19426,8482,32.7,14.3,0.583106,0.517711,0.595368,0.56267,330,False,33.3,MS_JACKSON-IAP,722350,32.32,-90.078,32.41802,-89.51877
Hot-Humid,rural,Rural,County,48019,Census Tract 1.01; Bandera County; Texas,19246,9913,24.6,12.7,0.667575,0.411444,0.588556,0.562125,331,False,19.3,TX_KERRVILLE-MUNI-AP,722537,29.983,-99.083,29.70414,-99.07921
Hot-Humid,rural,Rural,County,13105,Census Tract 1; Elbert County; Georgia,15828,7519,45.7,21.7,0.508174,0.677112,0.478202,0.561308,332,False,23.1,GA_WASHINGTON-WILKES-CO-AP,720294,33.78,-82.816,34.11088,-82.86971
Hot-Humid,rural,Rural,County,48089,Census Tract 7501; Colorado County; Texas,20736,10066,21.6,10.5,0.675749,0.36376,0.632153,0.557834,333,False,39.3,TX_HOUSTON-EXEC-AP,720617,29.8,-95.9,29.65754,-96.53375
Hot-Humid,rural,Rural,County,13303,Census Tract 9501; Washington County; Georgia,19893,8696,29.3,12.8,0.599455,0.472752,0.607629,0.556744,334,False,29.7,GA_W-H-BUD-BARRON,722217,32.564,-82.985,32.959,-82.78245
Hot-Humid,rural,Rural,County,13095,Census Tract 104.03; Dougherty County; Georgia,14991,6859,56.7,25.9,0.452316,0.752044,0.449591,0.556676,335,False,3.9,GA_ALBANY-DOUGHERTY-CO-AP,722160,31.536,-84.196,31.51643,-84.13398
Hot-Humid,rural,Rural,County,28117,Census Tract 9501.01; Prentiss County; Mississippi,17094,7435,43.0,18.7,0.501362,0.647139,0.521798,0.556471,336,False,20.2,MS_ROSCOE-TURNER-AP,720924,34.915,-88.604,34.62831,-88.53617
Hot-Humid,rural,Rural,County,12027,Census Tract 101.01; DeSoto County; Florida,19293,8401,31.4,13.7,0.576294,0.510899,0.589918,0.556131,337,False,21.0,FL_PUNTA-GORDA,722034,26.918,-81.994,27.17824,-81.81799
Hot-Humid,rural,Rural,County,22033,Census Tract 46.03; East Baton Rouge Parish; Louisiana,11992,5436,91.1,41.3,0.355586,0.918256,0.365123,0.554428,338,False,7.2,LA_BATON-ROUGE-METRO-R,722320,30.538,-91.147,30.63931,-91.12171
Hot-Humid,rural,Rural,County,13205,Census Tract 901; Mitchell County; Georgia,18534,7726,37.2,15.5,0.523161,0.573569,0.576294,0.55143,339,False,19.5,GA_ALBANY-DOUGHERTY-CO-AP,722160,31.536,-84.196,31.25439,-84.18586
Hot-Humid,rural,Rural,County,48171,Census Tract 9501; Gillespie County; Texas,20332,10362,19.8,10.1,0.689373,0.326975,0.623978,0.549455,340,False,6.3,TX_FREDRICKSBURG,720323,30.243,-98.91,30.33069,-98.9384
Hot-Humid,rural,Rural,County,13039,Census Tract 101; Camden County; Georgia,19327,7959,33.9,14.0,0.543597,0.531335,0.591281,0.548842,341,False,21.9,FL_FERNANDINA-BEACH-MUNI-AP,720946,30.617,-81.467,30.87911,-81.67439
Hot-Humid,rural,Rural,County,48329,Census Tract 101.19; Midland County; Texas,21572,8226,28.6,10.9,0.565395,0.463215,0.653951,0.547343,342,False,8.7,TX_MIDLAND-AIRPARK,722324,32.036,-102.101,31.93337,-102.01461
Hot-Humid,rural,Rural,County,28091,Census Tract 9501; Marion County; Mississippi,17484,8240,33.1,15.6,0.569482,0.520436,0.53951,0.546322,343,False,29.2,LA_GEORGE-R-CARR-MEM-AIR,720467,30.817,-89.867,31.2382,-89.81811
Hot-Humid,rural,Rural,County,13021,Census Tract 135.02; Bibb County; Georgia,11168,4894,106.2,46.5,0.316076,0.956403,0.343324,0.54564,344,False,9.1,GA_MACON-MIDDLE-GA-RGNL-AP,722170,32.689,-83.653,32.78701,-83.75739
Hot-Humid,rural,Rural,County,22053,Census Tract 1; Jefferson Davis Parish; Louisiana,19921,7922,31.4,12.5,0.540872,0.510899,0.613079,0.544823,345,False,20.3,LA_LAKE-CHARLES-WB-AP,722404,30.21,-93.143,30.26494,-92.80911
Hot-Humid,rural,Rural,County,13229,Census Tract 9601; Pierce County; Georgia,15815,6731,49.4,21.0,0.444142,0.707084,0.476839,0.542711,346,False,11.5,GA_WAYCROSS-WARE-CO-AP,722130,31.25,-82.4,31.32134,-82.22497
Hot-Humid,rural,Rural,County,48381,Census Tract 217.02; Randall County; Texas,21296,8494,25.8,10.3,0.584469,0.425068,0.647139,0.541213,347,False,17.0,TX_AMARILLO-IAP,723630,35.22,-101.717,35.01639,-101.88602
Hot-Humid,rural,Rural,County,13189,Census Tract 9501; McDuffie County; Georgia,13818,6233,60.8,27.4,0.396458,0.791553,0.404632,0.536376,348,False,6.5,GA_THOMSON-MCDUFFIE-CO-AP,720289,33.53,-82.516,33.44186,-82.47767
Hot-Humid,rural,Rural,County,48099,Census Tract 101.01; Coryell County; Texas,21607,8963,21.8,9.0,0.611717,0.36921,0.658038,0.536104,349,False,3.8,TX_GATESVILLE,722323,31.417,-97.8,31.42426,-97.73589
Hot-Humid,rural,Rural,County,48419,Census Tract 9501; Shelby County; Texas,18475,9127,23.7,11.7,0.628065,0.396458,0.572207,0.535831,350,False,25.7,TX_PANOLA-CO-SHARPE-FLD,720806,32.176,-94.299,31.82155,-94.16822
Hot-Humid,rural,Rural,County,28031,Census Tract 9501; Covington County; Mississippi,16165,7412,39.5,18.1,0.497275,0.610354,0.489101,0.535218,351,False,17.2,MS_HATTIESBURG-LAUREL,722348,31.467,-89.333,31.62724,-89.55624
Hot-Humid,rural,Rural,County,12029,Census Tract 9701.01; Dixie County; Florida,16952,9365,24.0,13.3,0.644414,0.404632,0.514986,0.534605,352,False,1.1,FL_CROSS-CITY-AP,722120,29.633,-83.105,29.64658,-83.11597
Hot-Humid,rural,Rural,County,13313,Census Tract 1.01; Whitfield County; Georgia,11484,4686,97.8,39.9,0.299728,0.940054,0.351499,0.534196,353,False,9.7,GA_DALTON,722154,34.722,-84.869,34.80362,-85.00732
Hot-Humid,rural,Rural,County,13183,Census Tract 9701.01; Long County; Georgia,17512,6605,43.7,16.5,0.433243,0.658038,0.540872,0.533447,354,False,14.4,GA_JESUP-WAYNE-CO-AP,720671,31.554,-81.883,31.73255,-81.75736
Hot-Humid,rural,Rural,County,13047,Census Tract 301; Catoosa County; Georgia,11390,4154,149.1,54.4,0.256131,0.993188,0.347411,0.532357,355,False,12.3,TN_CHATTANOOGA-LOVELL-FIELD-A,723240,35.034,-85.2,34.87818,-85.09496
Hot-Humid,rural,Rural,County,28017,Census Tract 9501; Chickasaw County; Mississippi,16994,7817,33.9,15.6,0.53406,0.531335,0.517711,0.529836,356,False,24.9,MS_TUPELO-C-D-LEMONS-AP,723320,34.262,-88.771,33.93188,-88.94447
Hot-Humid,rural,Rural,County,45039,Census Tract 9601; Fairfield County; South Carolina,17289,8997,25.3,13.2,0.614441,0.420981,0.529973,0.529836,357,False,4.6,SC_FAIRFIELD-CO-AP,720634,34.315,-81.109,34.37085,-81.0647
Hot-Humid,rural,Rural,County,48439,Census Tract 1110.10; Tarrant County; Texas,10145,4387,124.4,53.8,0.275204,0.980926,0.310627,0.529291,358,False,4.1,TX_FORT-WORTH-NAS,722595,32.767,-97.45,32.70849,-97.46467
Hot-Humid,rural,Rural,County,28089,Census Tract 303.02; Madison County; Mississippi,17475,7984,30.3,13.9,0.550409,0.493188,0.538147,0.527929,359,False,20.4,MS_JACKSON-IAP,722350,32.32,-90.078,32.6157,-90.07601
Hot-Humid,rural,Rural,County,13177,Census Tract 201.01; Lee County; Georgia,16088,6304,49.4,19.4,0.404632,0.707084,0.486376,0.526839,360,False,14.7,GA_ALBANY-DOUGHERTY-CO-AP,722160,31.536,-84.196,31.74123,-84.13158
Hot-Humid,rural,Rural,County,28101,Census Tract 501; Newton County; Mississippi,18003,7760,31.6,13.6,0.525886,0.512262,0.551771,0.526295,361,False,23.3,MS_MERIDIAN-KEY-FIELD,722340,32.335,-88.751,32.41111,-89.14031
Hot-Humid,rural,Rural,County,12045,Census Tract 9601.01; Gulf County; Florida,14772,9142,26.7,16.5,0.629428,0.441417,0.438692,0.525477,362,False,17.3,FL_TYNDALL-DRONE-RUNWAY,720964,30.033,-85.533,29.94698,-85.26146
Hot-Humid,rural,Rural,County,48249,Census Tract 9501.01; Jim Wells County; Texas,19553,8660,23.0,10.2,0.59673,0.382834,0.600817,0.522684,363,False,1.7,TX_ALICE-IAP,722517,27.741,-98.025,27.75663,-98.04624
Hot-Humid,rural,Rural,County,48451,Census Tract 16; Tom Green County; Texas,22068,9775,15.3,6.8,0.660763,0.250681,0.671662,0.519414,364,False,2.5,TX_SAN-ANGELO-MATHIS-FIELD,722630,31.352,-100.495,31.38734,-100.49973
Hot-Humid,rural,Rural,County,12093,Census Tract 9101.01; Okeechobee County; Florida,18357,8319,25.1,11.4,0.572207,0.416894,0.570845,0.517575,365,False,4.2,FL_OKEECHOBEE-CO-AP,722261,27.267,-80.85,27.32535,-80.83282
Hot-Humid,rural,Rural,County,12003,Census Tract 401.02; Baker County; Florida,19627,7003,35.3,12.6,0.457766,0.544959,0.603542,0.517439,366,False,21.8,FL_JACKSONVILLE-CECIL,722067,30.219,-81.876,30.27833,-82.23487
Hot-Humid,rural,Rural,County,48485,Census Tract 112; Wichita County; Texas,16740,7672,32.7,15.0,0.517711,0.517711,0.506812,0.515531,367,False,7.9,TX_WICHITA-FALLS-MUNI-AP,723510,33.979,-98.493,33.9325,-98.61868
Hot-Humid,rural,Rural,County,12117,Census Tract 212.01; Seminole County; Florida,10648,4039,114.4,43.4,0.246594,0.970027,0.322888,0.515054,368,False,11.3,FL_ORLANDO-SANFORD-AP,722057,28.78,-81.244,28.69698,-81.08305
Hot-Humid,rural,Rural,County,12125,Census Tract 9601; Union County; Florida,15551,4772,63.9,19.6,0.30654,0.802452,0.47139,0.513079,369,False,24.1,FL_KEYSTONE-AIRPARK,749048,29.845,-82.048,30.05099,-82.37235
Hot-Humid,rural,Rural,County,01107,Census Tract 500; Pickens County; Alabama,18843,8726,21.4,9.9,0.603542,0.355586,0.583106,0.51267,370,False,27.0,AL_TUSCALOOSA-MUNI-AP,722286,33.212,-87.616,33.31021,-88.06874
Hot-Humid,rural,Rural,County,22111,Census Tract 9601; Union Parish; Louisiana,17737,9048,20.4,10.4,0.618529,0.341962,0.547684,0.507562,371,False,22.7,LA_RUSTON-RGNL-AP,722251,32.514,-92.588,32.79875,-92.39487
Hot-Humid,rural,Rural,County,48331,Census Tract 9501; Milam County; Texas,19641,8911,19.5,8.8,0.610354,0.318801,0.604905,0.507221,372,False,6.7,TX_CAMERON-MUNI-AIRPARK,721034,30.879,-96.971,30.78856,-97.01281
Hot-Humid,rural,Rural,County,13161,Census Tract 9601.01; Jeff Davis County; Georgia,14838,6379,44.8,19.3,0.410082,0.666213,0.442779,0.506267,373,False,3.8,GA_HASLEHURST-ARPT,721035,31.885,-82.647,31.85438,-82.59295
Hot-Humid,rural,Rural,County,48123,Census Tract 9701; DeWitt County; Texas,18047,8993,20.0,10.0,0.613079,0.331063,0.557221,0.503202,374,False,28.7,TX_VICTORIA-RGNL-AP,722550,28.862,-96.93,29.09641,-97.32229
Hot-Humid,rural,Rural,County,13091,Census Tract 9601; Dodge County; Georgia,16572,7179,34.0,14.7,0.476839,0.53406,0.502725,0.502044,375,False,1.9,GA_HEART-OF-GEORGIA-RGNL-AP,720962,32.214,-83.128,32.22664,-83.15685
Hot-Humid,rural,Rural,County,48379,Census Tract 9501.01; Rains County; Texas,12505,5858,54.5,25.5,0.377384,0.731608,0.378747,0.501635,376,False,19.7,TX_WOOD-CO,722042,32.742,-95.496,32.88003,-95.79364
Hot-Humid,rural,Rural,County,22093,Census Tract 401; St. James Parish; Louisiana,12541,5562,56.5,25.1,0.361035,0.749319,0.381471,0.501022,377,False,15.6,LA_LOUISIANA-RGNL-AP,721046,30.173,-90.941,30.02086,-90.74912
Hot-Humid,rural,Rural,County,22055,Census Tract 14.08; Lafayette Parish; Louisiana,8813,3677,161.2,67.3,0.222071,0.997275,0.257493,0.500477,378,False,4.7,LA_LAFAYETTE-RGNL-AP,722405,30.199,-91.99,30.21882,-92.06464
Hot-Humid,rural,Rural,County,13159,Census Tract 101; Jasper County; Georgia,15345,6452,41.7,17.5,0.415531,0.63079,0.459128,0.499591,379,False,29.9,GA_MONROE-WALTON-CO,720897,33.782,-83.693,33.35004,-83.71791
Hot-Humid,rural,Rural,County,01113,Census Tract 309.03; Russell County; Alabama,16742,7697,29.0,13.3,0.520436,0.467302,0.508174,0.499387,380,False,7.3,GA_FORT-BENNING,722250,32.35,-85.0,32.30691,-85.11387
Hot-Humid,rural,Rural,County,01005,Census Tract 9501; Barbour County; Alabama,18058,8602,20.7,9.9,0.589918,0.347411,0.558583,0.498774,381,False,16.9,AL_WEEDON-FLD,720363,31.952,-85.131,31.84862,-85.39202
Hot-Humid,rural,Rural,County,22003,Census Tract 9501; Allen Parish; Louisiana,18027,7921,23.8,10.5,0.538147,0.39782,0.554496,0.492302,382,False,9.8,LA_ALLEN-PARISH-AP,720346,30.75,-92.688,30.63502,-92.786
Hot-Humid,rural,Rural,County,28061,Census Tract 9501.01; Jasper County; Mississippi,16211,8097,24.0,12.0,0.558583,0.404632,0.49455,0.491894,383,False,21.0,MS_HESLER-NOBLE-FLD,720776,31.673,-89.172,31.97437,-89.12952
Hot-Humid,rural,Rural,County,45017,Census Tract 9501; Calhoun County; South Carolina,14150,7061,37.1,18.5,0.464578,0.572207,0.411444,0.491621,384,False,15.4,SC_ORANGEBURG,723115,33.464,-80.853,33.68469,-80.81011
Hot-Humid,rural,Rural,County,22061,Census Tract 9601; Lincoln Parish; Louisiana,14858,6752,37.4,17.0,0.445504,0.574932,0.445504,0.490804,385,False,7.6,LA_RUSTON-RGNL-AP,722251,32.514,-92.588,32.61724,-92.63169
Hot-Humid,rural,Rural,County,22089,Census Tract 601; St. Charles Parish; Louisiana,12505,4921,58.8,23.1,0.318801,0.773842,0.378747,0.490055,386,False,8.2,LA_NEW-ORLEANS-IAP,722310,29.998,-90.278,29.93682,-90.39519
Hot-Humid,rural,Rural,County,13279,Census Tract 9701.01; Toombs County; Georgia,13395,6589,40.4,19.9,0.429155,0.619891,0.395095,0.489101,387,False,3.5,GA_VIDALIA-MUNI-AP,722134,32.193,-82.372,32.15878,-82.32744
Hot-Humid,rural,Rural,County,22069,Census Tract 1; Natchitoches Parish; Louisiana,17543,9844,14.4,8.1,0.66485,0.231608,0.542234,0.488692,388,False,2.3,LA_NATCHITOCHES,722319,31.736,-93.099,31.74557,-93.13565
Hot-Humid,rural,Rural,County,48201,Census Tract 2517.02; Harris County; Texas,10401,4511,72.9,31.6,0.287466,0.840599,0.316076,0.486785,389,False,4.5,TX_HOUSTON-BUSH-INTERCONTNL,722430,29.984,-95.361,29.9605,-95.43058
Hot-Humid,rural,Rural,County,28029,Census Tract 9502; Copiah County; Mississippi,17675,7921,23.2,10.4,0.538147,0.386921,0.544959,0.48658,390,False,17.4,MS_BROOKHAVEN-LINCOLN-CO,720932,31.606,-90.409,31.8582,-90.40979
Hot-Humid,rural,Rural,County,01057,Census Tract 200; Fayette County; Alabama,16173,7798,25.8,12.4,0.531335,0.425068,0.490463,0.485967,391,False,30.1,AL_WALKER-CO-BEVILL-FLD,720505,33.902,-87.314,33.70459,-87.7807
Hot-Humid,rural,Rural,County,13305,Census Tract 9701; Wayne County; Georgia,16785,7357,27.5,12.1,0.491826,0.453678,0.510899,0.482289,392,False,3.6,GA_JESUP-WAYNE-CO-AP,720671,31.554,-81.883,31.57341,-81.93994
Hot-Humid,rural,Rural,County,48395,Census Tract 9601; Robertson County; Texas,16973,8559,19.8,10.0,0.587193,0.326975,0.516349,0.481948,393,False,9.9,TX_HEARNE,720303,30.872,-96.622,30.9996,-96.54563
Hot-Humid,rural,Rural,County,13001,Census Tract 9501; Appling County; Georgia,15488,7118,31.1,14.3,0.47139,0.502725,0.468665,0.481812,394,False,19.4,GA_BACON-CO-AP,723160,31.54,-82.507,31.77342,-82.32418
Hot-Humid,rural,Rural,County,12051,Census Tract 2; Hendry County; Florida,21711,7777,19.4,7.0,0.529973,0.316076,0.659401,0.480995,395,False,37.6,FL_SOUTHWEST-FLORIDA-I,722108,26.538,-81.757,26.6463,-81.1604
Hot-Humid,rural,Rural,County,01047,Census Tract 9561.01; Dallas County; Alabama,17859,8517,18.8,9.0,0.585831,0.305177,0.549046,0.480245,396,False,5.6,AL_CRAIG-FLD,722266,32.344,-86.988,32.41753,-87.02937
Hot-Humid,rural,Rural,County,13261,Census Tract 9501; Sumter County; Georgia,14465,7088,33.8,16.6,0.467302,0.52861,0.423706,0.480041,397,False,4.8,GA_SOUTHER-FLD,720948,32.11,-84.189,32.04001,-84.19388
Hot-Humid,rural,Rural,County,01091,Census Tract 9729.02; Marengo County; Alabama,17432,8873,17.9,9.1,0.607629,0.280654,0.535422,0.478746,398,False,47.1,MS_MERIDIAN-NAAS,722345,32.55,-88.567,32.31424,-87.80986
Hot-Humid,rural,Rural,County,48285,Census Tract 1; Lavaca County; Texas,17043,8899,17.6,9.2,0.608992,0.275204,0.519074,0.474183,399,False,38.2,TX_VICTORIA-RGNL-AP,722550,28.862,-96.93,29.41124,-96.99767
Hot-Humid,rural,Rural,County,13163,Census Tract 9601; Jefferson County; Georgia,15468,7165,29.4,13.6,0.475477,0.474114,0.467302,0.473365,400,False,32.0,GA_EMANUEL-CO,720951,32.609,-82.37,33.07078,-82.40727
Hot-Humid,rural,Rural,County,45061,Census Tract 9201; Lee County; South Carolina,14234,6661,35.5,16.6,0.440054,0.546322,0.416894,0.472616,401,False,12.7,SC_SUMTER-AP,720611,34.0,-80.367,34.16244,-80.26167
Hot-Humid,rural,Rural,County,13109,Census Tract 9701; Evans County; Georgia,10740,4676,58.7,25.6,0.298365,0.77248,0.326975,0.470027,402,False,4.2,GA_CLAXTON-EVANS-CO-AP,722691,32.2,-81.87,32.14389,-81.89553
Hot-Humid,rural,Rural,County,48457,Census Tract 9501; Tyler County; Texas,17392,8171,18.9,8.9,0.564033,0.307902,0.532698,0.46812,403,False,22.2,TX_JASPER-CO-BELL-FLD,720296,30.886,-94.035,30.74691,-94.37211
Hot-Humid,rural,Rural,County,01099,Census Tract 756; Monroe County; Alabama,16806,8704,16.5,8.5,0.60218,0.268392,0.512262,0.467371,404,False,20.2,AL_EVERGREEN,722276,31.419,-87.048,31.49404,-87.37858
Hot-Humid,rural,Rural,County,13221,Census Tract 9601; Oglethorpe County; Georgia,15221,6450,34.7,14.7,0.414169,0.542234,0.455041,0.467166,405,False,12.0,GA_ATHENS-BEN-EPPS-AP,723110,33.948,-83.327,33.91488,-83.12115
Hot-Humid,rural,Rural,County,28011,Census Tract 9501; Bolivar County; Mississippi,17198,7978,19.9,9.2,0.546322,0.328338,0.52861,0.466485,406,False,6.6,MS_CLEVELAND-MUNI-AP,725023,33.861,-90.758,33.78233,-90.82448
Hot-Humid,rural,Rural,County,22101,Census Tract 401; St. Mary Parish; Louisiana,15360,6768,29.7,13.1,0.446866,0.485014,0.461853,0.463215,407,False,6.3,LA_PATTERSON-MEM,722329,29.717,-91.333,29.65655,-91.41229
Hot-Humid,rural,Rural,County,48363,Census Tract 1; Palo Pinto County; Texas,14724,9172,15.6,9.7,0.632153,0.257493,0.435967,0.461785,408,False,10.6,TX_MINERAL-WELLS-MUNI-AP,722597,32.782,-98.06,32.75603,-98.23919
Hot-Humid,rural,Rural,County,48289,Census Tract 9501.01; Leon County; Texas,16067,9018,15.0,8.4,0.615804,0.245232,0.482289,0.459401,409,False,36.3,TX_CROCKETT-HOUSTON-CO-AP,724462,31.307,-95.404,31.29096,-96.01815
Hot-Humid,rural,Rural,County,28051,Census Tract 9501; Holmes County; Mississippi,16491,7573,21.8,10.0,0.510899,0.36921,0.501362,0.4594,410,False,27.2,MS_GREENWOOD-LEFLORE-AP,747580,33.496,-90.089,33.10411,-90.04873
Hot-Humid,rural,Rural,County,48441,Census Tract 130; Taylor County; Texas,17880,7201,23.0,9.2,0.478202,0.382834,0.550409,0.459265,411,False,6.2,TX_DYESS-AFB-ABILENE,720965,32.433,-99.85,32.34857,-99.81221
Hot-Humid,rural,Rural,County,22049,Census Tract 9701; Jackson Parish; Louisiana,14939,7223,26.2,12.7,0.482289,0.433243,0.446866,0.458038,412,False,16.2,LA_RUSTON-RGNL-AP,722251,32.514,-92.588,32.28134,-92.62859
Hot-Humid,rural,Rural,County,28131,Census Tract 202.03; Stone County; Mississippi,15133,6162,34.7,14.1,0.392371,0.542234,0.453678,0.457084,413,False,26.4,MS_GULFPORT-BILOXI-IAP,747570,30.412,-89.081,30.79307,-89.11345
Hot-Humid,rural,Rural,County,45009,Census Tract 9601.01; Bamberg County; South Carolina,13164,6598,33.5,16.8,0.43188,0.523161,0.393733,0.456199,414,False,18.4,SC_ORANGEBURG,723115,33.464,-80.853,33.26338,-81.06281
Hot-Humid,rural,Rural,County,48113,Census Tract 169.03; Dallas County; Texas,7673,2586,119.8,40.4,0.156676,0.978202,0.215259,0.455927,415,False,3.1,TX_LANCASTER,722143,32.579,-96.719,32.58919,-96.66641
Hot-Humid,rural,Rural,County,28023,Census Tract 9501; Clarke County; Mississippi,15424,7635,22.3,11.0,0.514986,0.374659,0.464578,0.45579,416,False,19.1,MS_MERIDIAN-KEY-FIELD,722340,32.335,-88.751,32.05918,-88.73414
Hot-Humid,rural,Rural,County,48397,Census Tract 405.08; Rockwall County; Texas,6706,2452,189.5,69.3,0.151226,1.0,0.182561,0.454564,417,False,6.7,TX_ROCKWALL-MUNI,721044,32.931,-96.435,32.84502,-96.37995
Hot-Humid,rural,Rural,County,13027,Census Tract 9602; Brooks County; Georgia,14644,6624,30.2,13.6,0.43733,0.490463,0.429155,0.454292,418,False,17.3,GA_VALDOSTA-WB-AP,722166,30.776,-83.274,30.8398,-83.55638
Hot-Humid,rural,Rural,County,13097,Census Tract 804.06; Douglas County; Georgia,6399,2379,179.8,66.8,0.147139,0.998638,0.179837,0.451703,419,False,17.6,GA_PAULDING-CO-AP,720714,33.912,-84.941,33.67138,-84.83999
Hot-Humid,rural,Rural,County,01029,Census Tract 9595; Cleburne County; Alabama,15254,6853,27.2,12.2,0.450954,0.449591,0.456403,0.451567,420,False,19.6,AL_ANNISTON-METRO-AP,722287,33.59,-85.848,33.65111,-85.51539
Hot-Humid,rural,Rural,County,22125,Census Tract 9517.03; West Feliciana Parish; Louisiana,15381,5127,38.1,12.7,0.332425,0.587193,0.463215,0.447752,421,False,11.3,LA_FALSE-RIVER-RGNL-AP,720967,30.718,-91.479,30.87452,-91.42609
Hot-Humid,rural,Rural,County,48293,Census Tract 9701; Limestone County; Texas,16186,7989,18.0,8.9,0.551771,0.282016,0.491826,0.445368,422,False,6.6,TX_MEXIA-LIMESTONE-CO,720779,31.641,-96.514,31.55382,-96.56164
Hot-Humid,rural,Rural,County,48365,Census Tract 9501; Panola County; Texas,16127,7590,20.2,9.5,0.513624,0.332425,0.487738,0.445027,423,False,1.2,TX_PANOLA-CO-SHARPE-FLD,720806,32.176,-94.299,32.16014,-94.30638
Hot-Humid,rural,Rural,County,12049,Census Tract 9701.01; Hardee County; Florida,16664,6235,26.7,10.0,0.39782,0.441417,0.50545,0.434605,424,False,28.7,FL_BARTOW-MUNI-AP,722123,27.95,-81.783,27.53514,-81.80635
Hot-Humid,rural,Rural,County,13043,Census Tract 9501; Candler County; Georgia,10972,4653,45.1,19.1,0.29564,0.668937,0.336512,0.434468,425,False,19.4,GA_CLAXTON-EVANS-CO-AP,722691,32.2,-81.87,32.41983,-82.07567
Hot-Humid,rural,Rural,County,48051,Census Tract 9701; Burleson County; Texas,13950,7464,21.5,11.5,0.504087,0.358311,0.405995,0.433447,426,False,6.4,TX_CALDWELL-AP,723761,30.516,-96.704,30.46795,-96.61189
Hot-Humid,rural,Rural,County,12065,Census Tract 2501.03; Jefferson County; Florida,14713,6815,24.6,11.4,0.449591,0.411444,0.433243,0.43297,427,False,28.0,FL_TALLAHASSEE-RGNL-AP,722140,30.394,-84.351,30.46344,-83.88772
Hot-Humid,rural,Rural,County,13219,Census Tract 301.01; Oconee County; Georgia,8162,2755,82.4,27.8,0.168937,0.882834,0.239782,0.43297,428,False,11.4,GA_ATHENS-BEN-EPPS-AP,723110,33.948,-83.327,33.8019,-83.41882
Hot-Humid,rural,Rural,County,01013,Census Tract 9527; Butler County; Alabama,14724,7749,19.3,10.2,0.524523,0.313351,0.435967,0.432902,429,False,7.0,AL_GREENVILLE-MUNI-ASO,720362,31.847,-86.614,31.75235,-86.65643
Hot-Humid,rural,Rural,County,12123,Census Tract 9501; Taylor County; Florida,14839,8464,14.5,8.3,0.581744,0.23297,0.444142,0.432153,430,False,42.0,FL_CROSS-CITY-AP,722120,29.633,-83.105,30.06463,-83.59898
Hot-Humid,rural,Rural,County,12086,Census Tract 114.08; Miami-Dade County; Florida,23368,6637,16.3,4.6,0.438692,0.26703,0.70436,0.431744,431,False,9.7,FL_HOMESTEAD-AFB,722026,25.483,-80.383,25.51769,-80.53362
Hot-Humid,rural,Rural,County,01027,Census Tract 9589; Clay County; Alabama,14188,7072,23.5,11.7,0.46594,0.393733,0.412807,0.430041,432,False,20.9,AL_ANNISTON-METRO-AP,722287,33.59,-85.848,33.28755,-85.84226
Hot-Humid,rural,Rural,County,13079,Census Tract 701; Crawford County; Georgia,12183,5215,37.5,16.1,0.341962,0.577657,0.36921,0.429905,433,False,17.6,GA_MACON-MIDDLE-GA-RGNL-AP,722170,32.689,-83.653,32.70789,-83.95509
Hot-Humid,rural,Rural,County,12099,Census Tract 77.59; Palm Beach County; Florida,19627,7478,14.2,5.4,0.50545,0.228883,0.603542,0.42827,434,False,29.6,FL_WEST-PALM-BEACH-IAP,722030,26.685,-80.099,26.71983,-80.57748
Hot-Humid,rural,Rural,County,13173,Census Tract 9501; Lanier County; Georgia,10094,4134,51.4,21.0,0.253406,0.715259,0.309264,0.426226,435,False,8.6,GA_MOODY-AFB-VALDOSTA,747810,30.967,-83.2,31.0427,-83.08545
Hot-Humid,rural,Rural,County,28001,Census Tract 1.01; Adams County; Mississippi,13119,6243,29.5,14.0,0.399183,0.479564,0.391008,0.425681,436,False,7.1,MS_NATCHEZ-HARDY(AWOS),722357,31.617,-91.283,31.52563,-91.3368
Hot-Humid,rural,Rural,County,01075,Census Tract 300; Lamar County; Alabama,13809,7107,22.8,11.8,0.470027,0.380109,0.40327,0.425204,437,False,21.7,MS_COLUMBUS-AFB,723306,33.65,-88.45,33.77098,-88.10151
Hot-Humid,rural,Rural,County,28133,Census Tract 9501; Sunflower County; Mississippi,17142,5927,24.8,8.6,0.382834,0.414169,0.525886,0.422412,438,False,17.6,MS_CLEVELAND-MUNI-AP,725023,33.861,-90.758,33.6567,-90.57363
Hot-Humid,rural,Rural,County,48225,Census Tract 9501.01; Houston County; Texas,16072,8082,13.1,6.6,0.557221,0.212534,0.483651,0.421867,439,False,1.7,TX_CROCKETT-HOUSTON-CO-AP,724462,31.307,-95.404,31.30392,-95.43334
Hot-Humid,rural,Rural,County,13149,Census Tract 9701; Heard County; Georgia,11616,4797,39.2,16.2,0.309264,0.60218,0.355586,0.421049,440,False,19.3,GA_LA-GRANGE,747807,33.017,-85.067,33.29365,-85.10819
Hot-Humid,rural,Rural,County,13191,Census Tract 1101.01; McIntosh County; Georgia,11187,6796,25.9,15.8,0.448229,0.426431,0.346049,0.420164,441,False,15.6,GA_BRUNSWICK-GOLDEN-IS,722136,31.259,-81.466,31.47538,-81.39004
Hot-Humid,rural,Rural,County,13005,Census Tract 9701; Bacon County; Georgia,11129,4830,39.2,17.0,0.313351,0.60218,0.339237,0.419618,442,False,1.1,GA_BACON-CO-AP,723160,31.54,-82.507,31.55037,-82.49211
Hot-Humid,rural,Rural,County,48071,Census Tract 7103; Chambers County; Texas,14101,5707,29.5,11.9,0.371935,0.479564,0.410082,0.417235,443,False,28.4,TX_BEAUMONT-MUNI,720926,30.071,-94.216,29.75061,-94.51184
Hot-Humid,rural,Rural,County,48133,Census Tract 9501; Eastland County; Texas,14228,7938,15.5,8.6,0.542234,0.254768,0.415531,0.41628,444,False,26.3,TX_STEPHENS-CO-AP,720578,32.717,-98.892,32.34662,-98.78946
Hot-Humid,rural,Rural,County,12035,Census Tract 602.06; Flagler County; Florida,12398,5451,32.6,14.3,0.356948,0.514986,0.376022,0.416076,445,False,7.8,FL_FLAGLER-CO,720672,29.467,-81.206,29.40401,-81.31352
Hot-Humid,rural,Rural,County,22041,Census Tract 9501; Franklin Parish; Louisiana,14440,6589,23.5,10.7,0.429155,0.393733,0.422343,0.415395,446,False,33.3,LA_MONROE-RGNL-AP,722486,32.516,-92.03,32.13187,-91.68574
Hot-Humid,rural,Rural,County,13023,Census Tract 7901; Bleckley County; Georgia,9480,4447,44.3,20.8,0.282016,0.662125,0.283379,0.415327,447,False,19.1,GA_HEART-OF-GEORGIA-RGNL-AP,720962,32.214,-83.128,32.42791,-83.33611
Hot-Humid,rural,Rural,County,28147,Census Tract 9501.01; Walthall County; Mississippi,11852,6034,29.6,15.1,0.385559,0.483651,0.358311,0.414442,448,False,21.1,MS_MCCOMB-PIKE-CO-AP,722358,31.182,-90.472,31.17024,-90.1148
Hot-Humid,rural,Rural,County,13087,Census Tract 9701; Decatur County; Georgia,14637,6152,26.1,11.0,0.391008,0.43188,0.427793,0.41267,449,False,7.5,GA_BAINBRIDGE,720268,30.983,-84.633,30.88516,-84.57663
Hot-Humid,rural,Rural,County,28129,Census Tract 9501; Smith County; Mississippi,14193,6684,22.3,10.5,0.441417,0.374659,0.414169,0.412602,450,False,27.3,MS_HESLER-NOBLE-FLD,720776,31.673,-89.172,31.95441,-89.49826
Hot-Humid,rural,Rural,County,48403,Census Tract 9501; Sabine County; Texas,9998,7665,20.3,15.6,0.516349,0.339237,0.303815,0.411853,451,False,32.1,TX_JASPER-CO-BELL-FLD,720296,30.886,-94.035,31.32657,-93.86407
Hot-Humid,rural,Rural,County,13253,Census Tract 2001; Seminole County; Georgia,9117,5061,38.4,21.3,0.328338,0.592643,0.273842,0.409946,452,False,13.4,GA_BAINBRIDGE,720268,30.983,-84.633,30.95565,-84.85724
Hot-Humid,rural,Rural,County,01129,Census Tract 439; Washington County; Alabama,15270,7774,14.1,7.2,0.52861,0.22752,0.457766,0.40906,453,False,50.8,AL_MOBILE-RGNL-AP,722230,30.688,-88.246,31.42085,-88.18136
Hot-Humid,rural,Rural,County,12037,Census Tract 9701.02; Franklin County; Florida,10054,7808,18.7,14.5,0.532698,0.302452,0.307902,0.407153,454,False,9.5,FL_APALACHICOLA-MUNI-AP,722200,29.727,-85.025,29.78601,-84.88153
Hot-Humid,rural,Rural,County,22059,Census Tract 9701; LaSalle Parish; Louisiana,14804,6203,23.7,9.9,0.395095,0.396458,0.440054,0.404564,455,False,24.7,LA_ALEXANDRIA-ESLER-RGNL-AP,722487,31.396,-92.283,31.73109,-92.13691
Hot-Humid,rural,Rural,County,22067,Census Tract 9501; Morehouse Parish; Louisiana,14710,7096,18.7,9.0,0.468665,0.302452,0.43188,0.403133,456,False,3.8,LA_MOREHOUSE-MUNI,722253,32.756,-91.881,32.8063,-91.8552
Hot-Humid,rural,Rural,County,13251,Census Tract 9702; Screven County; Georgia,14057,6545,21.8,10.1,0.422343,0.36921,0.408719,0.401022,457,False,5.1,GA_PLANTATION-AIRPARK,720301,32.646,-81.596,32.71751,-81.62085
Hot-Humid,rural,Rural,County,28153,Census Tract 9501.01; Wayne County; Mississippi,14955,6954,18.7,8.7,0.456403,0.302452,0.448229,0.400885,458,False,29.6,MS_HESLER-NOBLE-FLD,720776,31.673,-89.172,31.64592,-88.66988
Hot-Humid,rural,Rural,County,13299,Census Tract 9501; Ware County; Georgia,16915,6489,19.2,7.4,0.419619,0.311989,0.513624,0.40075,459,False,6.6,GA_WAYCROSS-WARE-CO-AP,722130,31.25,-82.4,31.17323,-82.46761
Hot-Humid,rural,Rural,County,13293,Census Tract 101; Upson County; Georgia,10784,4582,37.8,16.1,0.291553,0.581744,0.328338,0.400477,460,False,4.4,GA_THOMASTON,747806,32.955,-84.264,32.91283,-84.32128
Hot-Humid,rural,Rural,County,28077,Census Tract 9601; Lawrence County; Mississippi,11883,5766,27.6,13.4,0.373297,0.457766,0.359673,0.400136,461,False,17.4,MS_BROOKHAVEN-LINCOLN-CO,720932,31.606,-90.409,31.54792,-90.12209
Hot-Humid,rural,Rural,County,48239,Census Tract 9501; Jackson County; Texas,15081,7021,18.2,8.5,0.459128,0.292916,0.450954,0.399319,462,False,20.5,TX_PORT-LAVACA-CALHOUN,722209,28.654,-96.681,28.94211,-96.599
Hot-Humid,rural,Rural,County,13113,Census Tract 1405.02; Fayette County; Georgia,3824,1374,140.8,50.6,0.069482,0.986376,0.111717,0.398842,463,False,7.1,GA_PEACHTREE-CITY-FALCO,722197,33.354,-84.569,33.2968,-84.46674
Hot-Humid,rural,Rural,County,48343,Census Tract 9501; Morris County; Texas,9452,4730,38.0,19.0,0.305177,0.584469,0.282016,0.398297,464,False,13.4,TX_MT-PLEASANT,720311,33.096,-94.961,33.09936,-94.72908
Hot-Humid,rural,Rural,County,01041,Census Tract 9634; Crenshaw County; Alabama,13144,6562,21.6,10.8,0.425068,0.36376,0.392371,0.397071,465,False,18.5,AL_TROY-AF,722267,31.857,-86.01,31.74793,-86.29699
Hot-Humid,rural,Rural,County,28159,Census Tract 9501; Winston County; Mississippi,13463,6407,22.7,10.8,0.411444,0.377384,0.396458,0.396526,466,False,22.4,MS_RANGE-B,720708,32.8,-88.833,33.07781,-89.03356
Hot-Humid,rural,Rural,County,48455,Census Tract 9501; Trinity County; Texas,12199,7402,17.7,10.7,0.495913,0.279292,0.371935,0.3953,467,False,22.6,TX_CROCKETT-HOUSTON-CO-AP,724462,31.307,-95.404,31.01733,-95.22541
Hot-Humid,rural,Rural,County,28025,Census Tract 9501; Clay County; Mississippi,11164,5614,27.6,13.9,0.367847,0.457766,0.341962,0.394142,468,False,16.2,MS_COLUMBUS-AFB,723306,33.65,-88.45,33.65146,-88.73175
Hot-Humid,rural,Rural,County,28065,Census Tract 9501.01; Jefferson Davis County; Mississippi,11183,5665,27.4,13.9,0.370572,0.452316,0.344687,0.394005,469,False,28.9,MS_HATTIESBURG-LAUREL,722348,31.467,-89.333,31.5651,-89.80916
Hot-Humid,rural,Rural,County,13193,Census Tract 1; Macon County; Georgia,11953,5148,29.8,12.8,0.33515,0.486376,0.362398,0.393529,470,False,16.8,GA_SOUTHER-FLD,720948,32.11,-84.189,32.31935,-84.04116
Hot-Humid,rural,Rural,County,28005,Census Tract 9501; Amite County; Mississippi,12611,7289,17.3,10.0,0.489101,0.273842,0.382834,0.392507,471,False,20.0,MS_MCCOMB-PIKE-CO-AP,722358,31.182,-90.472,31.19353,-90.80984
Hot-Humid,rural,Rural,County,01065,Census Tract 400; Hale County; Alabama,12950,6610,20.3,10.4,0.434605,0.339237,0.388283,0.391962,472,False,29.8,AL_TUSCALOOSA-MUNI-AP,722286,33.212,-87.616,32.78134,-87.62286
Hot-Humid,rural,Rural,County,13151,Census Tract 702.15; Henry County; Georgia,2856,1272,155.1,69.1,0.059946,0.995913,0.076294,0.390804,473,False,14.2,GA_GRIFFIN-SPALDING-CO,720966,33.227,-84.275,33.41925,-84.18626
Hot-Humid,rural,Rural,County,48409,Census Tract 107; San Patricio County; Texas,14001,6037,22.8,9.8,0.386921,0.380109,0.407357,0.388624,474,False,17.0,TX_CORPUS-CHRISTI-IAP,722510,27.773,-97.513,28.01824,-97.53957
Hot-Humid,rural,Rural,County,12013,Census Tract 101; Calhoun County; Florida,13593,5663,24.0,10.0,0.36921,0.404632,0.399183,0.387602,475,False,29.0,FL_MARIANNA-MUNI,747760,30.837,-85.184,30.41977,-85.13693
Hot-Humid,rural,Rural,County,22083,Census Tract 9702; Richland Parish; Louisiana,13004,5591,24.8,10.6,0.365123,0.414169,0.389646,0.387194,476,False,16.8,LA_MONROE-RGNL-AP,722486,32.516,-92.03,32.40697,-91.77207
Hot-Humid,rural,Rural,County,48163,Census Tract 9501.01; Frio County; Texas,18019,6378,15.9,5.6,0.408719,0.26158,0.553134,0.386103,477,False,28.0,TX_COTULLA-FAA-AP,722526,28.459,-99.223,28.85596,-99.13045
Hot-Humid,rural,Rural,County,48489,Census Tract 9504; Willacy County; Texas,14652,4997,26.0,8.9,0.326975,0.430518,0.430518,0.383924,478,False,15.7,TX_HARLINGEN-RIO-GRANDE-VALLY,722505,26.23,-97.656,26.45432,-97.70049
Hot-Humid,rural,Rural,County,48253,Census Tract 201.01; Jones County; Texas,14316,7060,15.4,7.6,0.463215,0.253406,0.418256,0.38079,479,False,23.0,TX_DYESS-AFB-ABILENE,720965,32.433,-99.85,32.76561,-99.8799
Hot-Humid,rural,Rural,County,48035,Census Tract 9501; Bosque County; Texas,13792,7276,14.1,7.4,0.487738,0.22752,0.401907,0.379495,480,False,26.3,TX_WACO-RGNL-AP,722560,31.618,-97.228,31.88233,-97.54975
Hot-Humid,rural,Rural,County,45065,Census Tract 9201; McCormick County; South Carolina,9701,5563,27.0,15.5,0.362398,0.446866,0.292916,0.378065,481,False,25.4,SC_GREENWOOD-CO,723124,34.254,-82.153,33.90437,-82.2894
Hot-Humid,rural,Rural,County,12097,Census Tract 408.10; Osceola County; Florida,15105,6935,14.3,6.6,0.455041,0.230245,0.452316,0.375817,482,False,19.8,FL_ORLANDO-KISSIMMEE-M,722011,28.29,-81.437,28.17523,-81.13818
Hot-Humid,rural,Rural,County,13215,Census Tract 108.02; Muscogee County; Georgia,6237,1360,83.0,18.1,0.066757,0.889646,0.171662,0.375749,483,False,8.2,GA_COLUMBUS-METRO-AP,722255,32.516,-84.942,32.47829,-84.8086
Hot-Humid,rural,Rural,County,22091,Census Tract 9511; St. Helena Parish; Louisiana,10849,5310,26.6,13.0,0.344687,0.438692,0.331063,0.374864,484,False,25.7,LA_HAMMOND,722312,30.521,-90.418,30.79727,-90.70728
Hot-Humid,rural,Rural,County,48255,Census Tract 9701; Karnes County; Texas,14819,5892,19.8,7.9,0.380109,0.326975,0.441417,0.373774,485,False,35.9,TX_BEEVILLE-MUNI-AP,720391,28.35,-97.717,28.85067,-97.87246
Hot-Humid,rural,Rural,County,22121,Census Tract 203.01; West Baton Rouge Parish; Louisiana,6989,2833,53.4,21.7,0.175749,0.72752,0.19346,0.372411,486,False,10.9,LA_BATON-ROUGE-METRO-R,722320,30.538,-91.147,30.52651,-91.32994
Hot-Humid,rural,Rural,County,22013,Census Tract 9701; Bienville Parish; Louisiana,12769,6874,15.7,8.5,0.453678,0.258856,0.385559,0.371866,487,False,21.0,LA_MINDEN-AP,720739,32.646,-93.298,32.39713,-93.09229
Hot-Humid,rural,Rural,County,13181,Census Tract 9701; Lincoln County; Georgia,7773,4487,36.9,21.3,0.284741,0.569482,0.220708,0.371594,488,False,18.2,GA_THOMSON-MCDUFFIE-CO-AP,720289,33.53,-82.516,33.78729,-82.44985
Hot-Humid,rural,Rural,County,48315,Census Tract 9501; Marion County; Texas,9631,5609,25.3,14.7,0.366485,0.420981,0.291553,0.370572,489,False,20.0,TX_HARRISON-CO,720943,32.521,-94.308,32.79222,-94.4277
Hot-Humid,rural,Rural,County,22095,Census Tract 701; St. John the Baptist Parish; Louisiana,8006,3425,44.0,18.8,0.205722,0.659401,0.23297,0.369959,490,False,17.5,LA_NEW-ORLEANS-IAP,722310,29.998,-90.278,30.08096,-90.55461
Hot-Humid,rural,Rural,County,48135,Census Tract 22; Ector County; Texas,15605,5419,20.0,6.9,0.354223,0.331063,0.472752,0.369823,491,False,5.1,TX_ODESSA-SCHLEMEYER-FIELD,722648,31.925,-102.387,31.85577,-102.41948
Hot-Humid,rural,Rural,County,48063,Census Tract 9501.01; Camp County; Texas,7784,3765,41.3,20.0,0.231608,0.628065,0.222071,0.368461,492,False,8.4,TX_MT-PLEASANT,720311,33.096,-94.961,32.97876,-95.00184
Hot-Humid,rural,Rural,County,48161,Census Tract 1.01; Freestone County; Texas,14426,6540,16.7,7.5,0.420981,0.269755,0.420981,0.368052,493,False,19.7,TX_MEXIA-LIMESTONE-CO,720779,31.641,-96.514,31.71674,-96.19138
Hot-Humid,rural,Rural,County,13153,Census Tract 206; Houston County; Georgia,9273,3837,38.2,15.8,0.234332,0.589918,0.276567,0.367234,494,False,15.4,GA_ROBINS-AFB,722175,32.633,-83.6,32.43333,-83.71691
Hot-Humid,rural,Rural,County,13093,Census Tract 9701; Dooly County; Georgia,11026,4796,28.1,12.2,0.307902,0.459128,0.337875,0.366826,495,False,24.7,GA_SOUTHER-FLD,720948,32.11,-84.189,32.17135,-83.77242
Hot-Humid,rural,Rural,County,01023,Census Tract 9567; Choctaw County; Alabama,12525,7164,13.7,7.8,0.474114,0.220708,0.380109,0.366621,496,False,35.8,MS_MERIDIAN-KEY-FIELD,722340,32.335,-88.751,32.02223,-88.26312
Hot-Humid,rural,Rural,County,12079,Census Tract 1101; Madison County; Florida,12687,6296,18.9,9.4,0.401907,0.307902,0.384196,0.365463,497,False,23.6,GA_VALDOSTA-WB-AP,722166,30.776,-83.274,30.46151,-83.42779
Hot-Humid,rural,Rural,County,28043,Census Tract 9501.01; Grenada County; Mississippi,10466,5202,25.6,12.7,0.339237,0.422343,0.321526,0.364782,498,False,26.0,MS_GREENWOOD-LEFLORE-AP,747580,33.496,-90.089,33.75803,-89.76523
Hot-Humid,rural,Rural,County,13247,Census Tract 601.03; Rockdale County; Georgia,1845,799,112.3,48.6,0.032698,0.96594,0.042234,0.36124,499,False,15.7,GA_MONROE-WALTON-CO,720897,33.782,-83.693,33.74889,-83.96361
Hot-Humid,rural,Rural,County,12081,Census Tract 19.14; Manatee County; Florida,11903,4937,24.3,10.1,0.321526,0.408719,0.361035,0.359945,500,False,19.4,FL_SARASOTA-BRADENTON,722115,27.401,-82.559,27.43796,-82.24614
Hot-Humid,rural,Rural,County,48425,Census Tract 1.01; Somervell County; Texas,7796,3336,42.4,18.1,0.200272,0.641689,0.224796,0.359673,501,False,15.4,TX_GRANBURY,720286,32.444,-97.817,32.2237,-97.77476
Hot-Humid,rural,Rural,County,48057,Census Tract 3; Calhoun County; Texas,9806,6466,19.5,12.9,0.418256,0.318801,0.29564,0.358924,502,False,10.5,TX_PORT-LAVACA-CALHOUN,722209,28.654,-96.681,28.51507,-96.61097
Hot-Humid,rural,Rural,County,12043,Census Tract 1; Glades County; Florida,12324,6612,15.3,8.2,0.435967,0.250681,0.374659,0.358855,503,False,31.4,FL_OKEECHOBEE-CO-AP,722261,27.267,-80.85,26.95358,-81.21991
Hot-Humid,rural,Rural,County,28083,Census Tract 9501; Leflore County; Mississippi,12233,5409,20.9,9.3,0.352861,0.351499,0.373297,0.356471,504,False,10.3,MS_GREENWOOD-LEFLORE-AP,747580,33.496,-90.089,33.49295,-90.26766
Hot-Humid,rural,Rural,County,48177,Census Tract 1; Gonzales County; Texas,14487,6591,13.6,6.2,0.430518,0.219346,0.425068,0.355518,505,False,35.6,TX_SAN-MARCOS-MUNI,722539,29.891,-97.864,29.50252,-97.47524
Hot-Humid,rural,Rural,County,28163,Census Tract 9501; Yazoo County; Mississippi,15658,5582,17.2,6.1,0.36376,0.27248,0.474114,0.353883,506,False,32.9,MS_HAWKINS-FIELD,722354,32.338,-90.221,32.80909,-90.29774
Hot-Humid,rural,Rural,County,48025,Census Tract 9501; Bee County; Texas,17075,4712,19.6,5.4,0.303815,0.321526,0.520436,0.353338,507,False,3.8,TX_BEEVILLE-MUNI-AP,720391,28.35,-97.717,28.36995,-97.65816
Hot-Humid,rural,Rural,County,22123,Census Tract 1; West Carroll Parish; Louisiana,9622,4691,26.8,13.0,0.30109,0.445504,0.290191,0.349455,508,False,25.2,LA_MOREHOUSE-MUNI,722253,32.756,-91.881,32.80615,-91.45142
Hot-Humid,rural,Rural,County,13209,Census Tract 9501; Montgomery County; Georgia,8675,3776,36.0,15.7,0.23297,0.554496,0.252044,0.349319,509,False,10.0,GA_VIDALIA-MUNI-AP,722134,32.193,-82.372,32.16411,-82.53941
Hot-Humid,rural,Rural,County,48031,Census Tract 9501.01; Blanco County; Texas,12008,6099,16.9,8.6,0.389646,0.271117,0.366485,0.343529,510,False,25.2,TX_HORSESHOE-BAY-RESORT-AP,720639,30.533,-98.367,30.17095,-98.41219
Hot-Humid,rural,Rural,County,12047,Census Tract 9601.02; Hamilton County; Florida,10441,5365,20.6,10.6,0.350136,0.344687,0.320163,0.342234,511,False,24.7,GA_VALDOSTA-WB-AP,722166,30.776,-83.274,30.50378,-83.00505
Hot-Humid,rural,Rural,County,28041,Census Tract 9501.01; Greene County; Mississippi,13595,5137,19.1,7.2,0.333787,0.310627,0.400545,0.339033,512,False,37.8,MS_HATTIESBURG-BOBBY-CHAIN-AP,747590,31.27,-89.256,31.21729,-88.61851
Hot-Humid,rural,Rural,County,13287,Census Tract 9702.01; Turner County; Georgia,8915,3921,31.2,13.7,0.239782,0.50545,0.265668,0.337943,513,False,21.6,GA_FITZGERALG-MUNI,721033,31.684,-83.27,31.71883,-83.63482
Hot-Humid,rural,Rural,County,01087,Census Tract 2314; Macon County; Alabama,10874,5777,18.2,9.7,0.374659,0.292916,0.332425,0.337602,514,False,22.1,AL_AUBURN-OPELIKA-APT,722284,32.616,-85.433,32.41973,-85.73229
Hot-Humid,rural,Rural,County,48351,Census Tract 9501; Newton County; Texas,12193,6460,13.1,6.9,0.416894,0.212534,0.370572,0.336104,515,False,19.9,TX_JASPER-CO-BELL-FLD,720296,30.886,-94.035,30.71878,-93.76252
Hot-Humid,rural,Rural,County,48159,Census Tract 9501.01; Franklin County; Texas,8193,4273,29.5,15.4,0.264305,0.479564,0.241144,0.335013,516,False,15.2,TX_MT-PLEASANT,720311,33.096,-94.961,33.11883,-95.22238
Hot-Humid,rural,Rural,County,01119,Census Tract 113.01; Sumter County; Alabama,12020,6329,13.3,7.0,0.405995,0.215259,0.367847,0.331608,517,False,21.8,MS_MERIDIAN-NAAS,722345,32.55,-88.567,32.5584,-88.19244
Hot-Humid,rural,Rural,County,13099,Census Tract 901; Early County; Georgia,10683,4933,20.8,9.6,0.320163,0.350136,0.324251,0.331471,518,False,4.5,GA_BLAKELY,720257,31.397,-84.895,31.33656,-84.92135
Hot-Humid,rural,Rural,County,01035,Census Tract 9602; Conecuh County; Alabama,11411,6444,13.4,7.6,0.412807,0.216621,0.348774,0.331335,519,False,4.2,AL_EVERGREEN,722276,31.419,-87.048,31.40992,-86.97778
Hot-Humid,rural,Rural,County,13317,Census Tract 101.01; Wilkes County; Georgia,9553,5210,20.3,11.1,0.340599,0.339237,0.286104,0.329223,520,False,5.4,GA_WASHINGTON-WILKES-CO-AP,720294,33.78,-82.816,33.76392,-82.72464
Hot-Humid,rural,Rural,County,28111,Census Tract 9501.01; Perry County; Mississippi,11459,5463,17.7,8.4,0.358311,0.279292,0.350136,0.329019,521,False,16.2,MS_HATTIESBURG-BOBBY-CHAIN-AP,747590,31.27,-89.256,31.23674,-88.98389
Hot-Humid,rural,Rural,County,01037,Census Tract 9610; Coosa County; Alabama,10323,6042,15.9,9.3,0.388283,0.26158,0.313351,0.328951,522,False,13.8,AL_ALEXANDER-CITY,720265,32.915,-85.963,32.93364,-86.19932
Hot-Humid,rural,Rural,County,48337,Census Tract 9501; Montague County; Texas,11992,6304,13.0,6.9,0.404632,0.209809,0.365123,0.328542,523,False,28.0,TX_DECATUR,720305,33.254,-97.581,33.63797,-97.73809
Hot-Humid,rural,Rural,County,13155,Census Tract 9501; Irwin County; Georgia,9385,4185,26.5,11.8,0.260218,0.434605,0.280654,0.325341,524,False,6.2,GA_FITZGERALG-MUNI,721033,31.684,-83.27,31.59481,-83.26687
Hot-Humid,rural,Rural,County,13273,Census Tract 1202; Terrell County; Georgia,8941,4241,26.6,12.6,0.26158,0.438692,0.26703,0.324659,525,False,21.9,GA_ALBANY-DOUGHERTY-CO-AP,722160,31.536,-84.196,31.76714,-84.45192
Hot-Humid,rural,Rural,County,13167,Census Tract 9601; Johnson County; Georgia,9192,3571,30.3,11.8,0.215259,0.493188,0.275204,0.324523,526,False,19.4,GA_EMANUEL-CO,720951,32.609,-82.37,32.71609,-82.67902
Hot-Humid,rural,Rural,County,48323,Census Tract 9502.07; Maverick County; Texas,15728,5336,12.5,4.3,0.348774,0.207084,0.475477,0.324523,527,False,45.8,TX_FAITH-RANCH-AP,720742,28.209,-100.019,28.79967,-100.36002
Hot-Humid,rural,Rural,County,48165,Census Tract 9501; Gaines County; Texas,16381,5388,10.9,3.6,0.351499,0.185286,0.498638,0.322752,528,False,4.1,TX_GAINES-CO-AP,722107,32.675,-102.654,32.72733,-102.62003
Hot-Humid,rural,Rural,County,13271,Census Tract 9501.01; Telfair County; Georgia,10006,4418,23.4,10.3,0.276567,0.391008,0.305177,0.322343,529,False,15.7,GA_HASLEHURST-ARPT,721035,31.885,-82.647,31.96991,-82.89538
Hot-Humid,rural,Rural,County,48279,Census Tract 9501; Lamb County; Texas,12919,5893,12.7,5.8,0.381471,0.208447,0.386921,0.322003,530,False,34.7,TX_PLAINVIEW-HALE-CO,722174,34.167,-101.717,34.01855,-102.29725
Hot-Humid,rural,Rural,County,48287,Census Tract 1; Lee County; Texas,10932,5152,18.2,8.6,0.336512,0.292916,0.33515,0.320981,531,False,9.4,TX_GIDDINGS-LEE-CO-AP,722113,30.169,-96.98,30.30213,-97.01495
Hot-Humid,rural,Rural,County,13165,Census Tract 9601; Jenkins County; Georgia,8674,4427,25.0,12.7,0.277929,0.415531,0.250681,0.32064,532,False,23.7,GA_PLANTATION-AIRPARK,720301,32.646,-81.596,32.80666,-81.95714
Hot-Humid,rural,Rural,County,28143,Census Tract 9501.01; Tunica County; Mississippi,9586,4712,21.1,10.4,0.303815,0.352861,0.288828,0.317984,533,False,2.8,MS_TUNICA-MUNI-AP,722364,34.681,-90.347,34.70516,-90.38652
Hot-Humid,rural,Rural,County,48299,Census Tract 9701; Llano County; Texas,8844,7050,9.8,7.8,0.46049,0.167575,0.258856,0.317643,534,False,8.2,TX_LLANO-MUNI-AP,720110,30.784,-98.662,30.68554,-98.58495
Hot-Humid,rural,Rural,County,48387,Census Tract 9501; Red River County; Texas,11621,6186,11.1,5.9,0.393733,0.189373,0.356948,0.31485,535,False,22.4,TX_COX-FLD,722587,33.633,-95.45,33.60427,-95.06259
Hot-Humid,rural,Rural,County,28007,Census Tract 601; Attala County; Mississippi,10806,5484,14.9,7.6,0.359673,0.242507,0.3297,0.31267,536,False,40.7,MS_GREENWOOD-LEFLORE-AP,747580,33.496,-90.089,33.06926,-89.60278
Hot-Humid,rural,Rural,County,22027,Census Tract 9501; Claiborne Parish; Louisiana,11136,5322,15.0,7.2,0.347411,0.245232,0.340599,0.310286,537,False,19.8,LA_MINDEN-AP,720739,32.646,-93.298,32.83312,-93.04039
Hot-Humid,rural,Rural,County,48145,Census Tract 2; Falls County; Texas,11577,4846,15.3,6.4,0.314714,0.250681,0.354223,0.300204,538,False,24.3,TX_CAMERON-MUNI-AIRPARK,721034,30.879,-96.971,31.23041,-96.97952
Hot-Humid,rural,Rural,County,13073,Census Tract 304.01; Columbia County; Georgia,4242,1801,43.4,18.4,0.10218,0.652589,0.123978,0.299183,539,False,11.6,GA_THOMSON-MCDUFFIE-CO-AP,720289,33.53,-82.516,33.60383,-82.33453
Hot-Humid,rural,Rural,County,13141,Census Tract 4803; Hancock County; Georgia,8630,4945,18.3,10.5,0.322888,0.29564,0.249319,0.298637,540,False,16.6,GA_BALDWIN-CO,720348,33.154,-83.241,33.27435,-82.99281
Hot-Humid,rural,Rural,County,12061,Census Tract 509.07; Indian River County; Florida,9362,3341,26.0,9.3,0.201635,0.430518,0.279292,0.297275,541,False,13.9,FL_VERO-BEACH-MUNI-AP,747930,27.655,-80.414,27.69102,-80.63762
Hot-Humid,rural,Rural,County,28015,Census Tract 9501; Carroll County; Mississippi,9828,4950,15.6,7.9,0.324251,0.257493,0.299728,0.295981,542,False,9.7,MS_GREENWOOD-LEFLORE-AP,747580,33.496,-90.089,33.46855,-89.92384
Hot-Humid,rural,Rural,County,28155,Census Tract 9501; Webster County; Mississippi,8441,4348,20.3,10.4,0.27248,0.339237,0.247956,0.29094,543,False,25.6,MS_GEORGE-M-BRYAN-AP,720769,33.433,-88.849,33.62634,-89.22762
Hot-Humid,rural,Rural,County,13283,Census Tract 9601; Treutlen County; Georgia,6387,2652,32.0,13.3,0.16485,0.513624,0.178474,0.289646,544,False,18.8,GA_VIDALIA-MUNI-AP,722134,32.193,-82.372,32.38704,-82.59662
Hot-Humid,rural,Rural,County,22021,Census Tract 1; Caldwell Parish; Louisiana,9563,4644,18.1,8.8,0.294278,0.284741,0.287466,0.289578,545,False,31.9,LA_MONROE-RGNL-AP,722486,32.516,-92.03,32.05936,-92.1099
Hot-Humid,rural,Rural,County,01131,Census Tract 347; Wilcox County; Alabama,10347,5314,11.7,6.0,0.346049,0.19891,0.314714,0.288283,546,False,31.4,AL_CRAIG-FLD,722266,32.344,-86.988,32.0176,-87.36241
Hot-Humid,rural,Rural,County,13289,Census Tract 601.01; Twiggs County; Georgia,7869,4053,21.9,11.3,0.247956,0.370572,0.226158,0.286512,547,False,9.9,GA_ROBINS-AFB,722175,32.633,-83.6,32.69402,-83.4463
Hot-Humid,rural,Rural,County,01011,Census Tract 9521; Bullock County; Alabama,10157,4554,16.3,7.3,0.290191,0.26703,0.311989,0.286444,548,False,26.4,AL_TROY-AF,722267,31.857,-86.01,32.13136,-85.69766
Hot-Humid,rural,Rural,County,13003,Census Tract 9601; Atkinson County; Georgia,8261,3509,24.1,10.2,0.211172,0.405995,0.243869,0.285899,549,False,13.4,GA_DOUGLAS-MUNI,722062,31.477,-82.861,31.28381,-82.88857
Hot-Humid,rural,Rural,County,13319,Census Tract 9602; Wilkinson County; Georgia,8795,4298,19.6,9.6,0.268392,0.321526,0.256131,0.284537,550,False,21.5,GA_BALDWIN-CO,720348,33.154,-83.241,32.84339,-83.2268
Hot-Humid,rural,Rural,County,28013,Census Tract 9501; Calhoun County; Mississippi,9302,4668,16.2,8.1,0.297003,0.262943,0.277929,0.281267,551,False,34.6,MS_OXFORD-UNIV,720541,34.383,-89.55,33.92007,-89.31697
Hot-Humid,rural,Rural,County,01085,Census Tract 7808; Lowndes County; Alabama,10008,4827,14.0,6.7,0.311989,0.224796,0.30654,0.280382,552,False,16.3,AL_MONTGOMERY-DANNELLY-FIELD,722260,32.3,-86.407,32.15206,-86.62338
Hot-Humid,rural,Rural,County,13315,Census Tract 9601; Wilcox County; Georgia,8784,3457,23.2,9.2,0.208447,0.386921,0.254768,0.280177,553,False,20.3,GA_FITZGERALG-MUNI,721033,31.684,-83.27,31.95495,-83.40393
Hot-Humid,rural,Rural,County,13235,Census Tract 9501; Pulaski County; Georgia,6814,2902,27.6,11.8,0.179837,0.457766,0.186649,0.278475,554,False,20.4,GA_HEART-OF-GEORGIA-RGNL-AP,720962,32.214,-83.128,32.25868,-83.47239
Hot-Humid,rural,Rural,County,28161,Census Tract 9501; Yalobusha County; Mississippi,8135,4468,18.2,10.0,0.283379,0.292916,0.237057,0.277453,555,False,25.4,MS_OXFORD-UNIV,720541,34.383,-89.55,34.03581,-89.6973
Hot-Humid,rural,Rural,County,12111,Census Tract 3822.01; St. Lucie County; Florida,7533,4152,20.6,11.3,0.254768,0.344687,0.207084,0.276703,556,False,12.2,FL_ST-LUCIE-CO-IAP,722103,27.498,-80.376,27.41394,-80.55041
Hot-Humid,rural,Rural,County,12087,Census Tract 9714.02; Monroe County; Florida,8368,5887,9.2,6.5,0.378747,0.162125,0.245232,0.276226,557,False,23.3,FL_MARATHON-AP,722016,24.726,-81.048,25.00869,-80.84515
Hot-Humid,rural,Rural,County,13269,Census Tract 9501; Taylor County; Georgia,7786,3932,20.7,10.4,0.241144,0.347411,0.223433,0.274795,558,False,29.1,GA_THOMASTON,747806,32.955,-84.264,32.53584,-84.21635
Hot-Humid,rural,Rural,County,48503,Census Tract 9502; Young County; Texas,9953,5078,11.0,5.6,0.3297,0.186649,0.302452,0.274183,559,False,9.1,TX_GRAHAM-MUNI,720318,33.11,-98.555,33.2075,-98.65957
Hot-Humid,rural,Rural,County,22051,Census Tract 279.03; Jefferson Parish; Louisiana,4019,3329,28.2,23.4,0.197548,0.46049,0.117166,0.273501,560,False,11.5,LA_NEW-ORLEANS-CALLENDER-FIEL,722316,29.817,-90.017,29.68001,-90.12606
Hot-Humid,rural,Rural,County,28135,Census Tract 9501; Tallahatchie County; Mississippi,9819,4368,15.3,6.8,0.273842,0.250681,0.297003,0.270368,561,False,28.6,MS_FLETCHER-FLD,720927,34.3,-90.512,33.97556,-90.20177
Hot-Humid,rural,Rural,County,48405,Census Tract 9501; San Augustine County; Texas,7889,4799,14.9,9.0,0.310627,0.242507,0.22752,0.270164,562,False,34.5,TX_NACOGDOCHES(AWOS),722499,31.578,-94.709,31.4411,-94.14657
Hot-Humid,rural,Rural,County,48281,Census Tract 9501; Lampasas County; Texas,9504,4510,13.9,6.6,0.286104,0.223433,0.284741,0.263897,563,False,3.6,TX_LAMPASAS-AP,720647,31.106,-98.196,31.14792,-98.15875
Hot-Humid,rural,Rural,County,45005,Census Tract 9702.01; Allendale County; South Carolina,7738,4055,19.0,9.9,0.249319,0.309264,0.216621,0.26376,564,False,18.3,SC_BARNWELL-RGNL-AP,720602,33.25,-81.383,32.9904,-81.3162
Hot-Humid,rural,Rural,County,28009,Census Tract 9501.01; Benton County; Mississippi,7592,4100,18.7,10.1,0.250681,0.302452,0.212534,0.261171,565,False,28.7,TN_WILLIAM-L-WHITEHURST-FLD,720171,35.214,-89.043,34.82093,-89.20466
Hot-Humid,rural,Rural,County,28097,Census Tract 9501; Montgomery County; Mississippi,7306,4181,18.2,10.4,0.257493,0.292916,0.19891,0.258174,566,False,25.8,MS_GREENWOOD-LEFLORE-AP,747580,33.496,-90.089,33.49102,-89.64078
Hot-Humid,rural,Rural,County,13197,Census Tract 9201; Marion County; Georgia,7474,3541,20.4,9.7,0.213896,0.341962,0.20436,0.256812,567,False,26.3,GA_SOUTHER-FLD,720948,32.11,-84.189,32.36211,-84.5257
Hot-Humid,rural,Rural,County,48297,Census Tract 9501; Live Oak County; Texas,9063,4979,8.7,4.8,0.325613,0.156676,0.271117,0.255586,568,False,21.1,TX_BEEVILLE-MUNI-AP,720391,28.35,-97.717,28.34255,-98.06416
Hot-Humid,rural,Rural,County,13309,Census Tract 7801; Wheeler County; Georgia,7434,2434,25.2,8.2,0.148501,0.418256,0.201635,0.253542,569,False,17.2,GA_HASLEHURST-ARPT,721035,31.885,-82.647,32.11521,-82.75706
Hot-Humid,rural,Rural,County,28157,Census Tract 9501; Wilkinson County; Mississippi,8376,4600,12.4,6.8,0.292916,0.205722,0.246594,0.253134,570,False,32.6,LA_FALSE-RIVER-RGNL-AP,720967,30.718,-91.479,31.14521,-91.24665
Hot-Humid,rural,Rural,County,48415,Census Tract 9501; Scurry County; Texas,10922,4118,12.2,4.6,0.252044,0.20436,0.333787,0.251703,571,False,7.0,TX_SNYDER-AP,722122,32.693,-100.951,32.72951,-100.83884
Hot-Humid,rural,Rural,County,22081,Census Tract 9601; Red River Parish; Louisiana,7529,3599,19.4,9.3,0.219346,0.316076,0.205722,0.250477,572,False,26.2,LA_NATCHITOCHES,722319,31.736,-93.099,32.05727,-93.33666
Hot-Humid,rural,Rural,County,22029,Census Tract 1; Concordia Parish; Louisiana,8846,4347,13.2,6.5,0.271117,0.213896,0.260218,0.24891,573,False,19.9,MS_NATCHEZ-HARDY(AWOS),722357,31.617,-91.283,31.52472,-91.60249
Hot-Humid,rural,Rural,County,48189,Census Tract 9506; Hale County; Texas,10426,4294,10.6,4.4,0.26703,0.181199,0.318801,0.247343,574,False,9.9,TX_PLAINVIEW-HALE-CO,722174,34.167,-101.717,34.06588,-101.83847
Hot-Humid,rural,Rural,County,48463,Census Tract 9501; Uvalde County; Texas,10407,4517,6.8,2.9,0.288828,0.141689,0.317439,0.243052,575,False,5.1,TX_GARNER-FLD,722202,29.211,-99.744,29.26508,-99.6854
Hot-Humid,rural,Rural,County,48375,Census Tract 134; Potter County; Texas,9864,4039,12.2,5.0,0.246594,0.20436,0.30109,0.242711,576,False,14.4,TX_AMARILLO-IAP,723630,35.22,-101.717,35.36822,-101.89534
Hot-Humid,rural,Rural,County,48059,Census Tract 301.02; Callahan County; Texas,9080,4428,10.2,5.0,0.279292,0.177112,0.27248,0.242167,577,False,17.6,TX_ABILENE-RGNL-AP,722660,32.411,-99.682,32.30719,-99.40699
Hot-Humid,rural,Rural,County,28037,Census Tract 9501.01; Franklin County; Mississippi,7655,4303,13.6,7.6,0.269755,0.219346,0.213896,0.24094,578,False,24.4,MS_NATCHEZ-HARDY(AWOS),722357,31.617,-91.283,31.48069,-90.90031
Hot-Humid,rural,Rural,County,13017,Census Tract 9601; Ben Hill County; Georgia,5343,2551,23.9,11.4,0.153951,0.400545,0.153951,0.240259,579,False,6.3,GA_FITZGERALG-MUNI,721033,31.684,-83.27,31.75062,-83.19586
Hot-Humid,rural,Rural,County,13249,Census Tract 9601; Schley County; Georgia,4539,1985,27.2,11.9,0.125341,0.449591,0.132153,0.240191,580,False,12.9,GA_SOUTHER-FLD,720948,32.11,-84.189,32.26186,-84.31654
Hot-Humid,rural,Rural,County,13201,Census Tract 9501; Miller County; Georgia,5873,2851,20.8,10.1,0.177112,0.350136,0.168937,0.236035,581,False,14.3,GA_BAINBRIDGE,720268,30.983,-84.633,31.17032,-84.7341
Hot-Humid,rural,Rural,County,28027,Census Tract 9501; Coahoma County; Mississippi,7992,3911,14.7,7.2,0.235695,0.23842,0.231608,0.235831,582,False,6.6,MS_FLETCHER-FLD,720927,34.3,-90.512,34.2361,-90.59845
Hot-Humid,rural,Rural,County,48083,Census Tract 9503; Coleman County; Texas,7765,4902,6.1,3.9,0.317439,0.13079,0.219346,0.232493,583,False,3.9,TX_COLEMAN-MUNI-AP,720771,31.841,-99.404,31.78744,-99.42546
Hot-Humid,rural,Rural,County,28069,Census Tract 301; Kemper County; Mississippi,8855,3937,11.6,5.1,0.242507,0.196185,0.264305,0.230654,584,False,12.1,MS_RANGE-B,720708,32.8,-88.833,32.75221,-88.63246
Hot-Humid,rural,Rural,County,01063,Census Tract 600; Greene County; Alabama,7589,4258,11.7,6.6,0.262943,0.19891,0.211172,0.230177,585,False,32.5,AL_TUSCALOOSA-MUNI-AP,722286,33.212,-87.616,32.8294,-87.94243
Hot-Humid,rural,Rural,County,48369,Census Tract 9502; Parmer County; Texas,9752,3753,11.1,4.3,0.230245,0.189373,0.294278,0.228746,586,False,19.1,NM_CLOVIS-MUNI(AWOS),722689,34.433,-103.083,34.55205,-102.77995
Hot-Humid,rural,Rural,County,22127,Census Tract 9601; Winn Parish; Louisiana,9049,4182,9.6,4.4,0.258856,0.16485,0.269755,0.228134,587,False,28.2,LA_NATCHITOCHES,722319,31.736,-93.099,31.92619,-92.67358
Hot-Humid,rural,Rural,County,48131,Census Tract 9501; Duval County; Texas,9824,4430,5.5,2.5,0.280654,0.117166,0.298365,0.226975,588,False,26.5,TX_NAVAL-AUXILIARY-LANDING-FD,722518,27.895,-98.043,27.80517,-98.46475
Hot-Humid,rural,Rural,County,28021,Census Tract 9501; Claiborne County; Mississippi,7902,3290,16.3,6.8,0.194823,0.26703,0.228883,0.226907,589,False,20.3,MS_VICKSBURG-MUNI,722355,32.233,-90.933,31.93864,-90.93665
Hot-Humid,rural,Rural,County,01105,Census Tract 6868; Perry County; Alabama,8231,3961,11.4,5.5,0.243869,0.19346,0.242507,0.225953,590,False,29.2,AL_CRAIG-FLD,722266,32.344,-86.988,32.6165,-87.37193
Hot-Humid,rural,Rural,County,48313,Census Tract 1; Madison County; Texas,8157,2809,18.1,6.2,0.174387,0.284741,0.23842,0.225818,591,False,24.9,TX_HUNTSVILLE,722447,30.744,-95.587,30.97719,-95.90742
Hot-Humid,rural,Rural,County,28019,Census Tract 9501; Choctaw County; Mississippi,6365,3589,15.4,8.7,0.217984,0.253406,0.177112,0.222207,592,False,23.8,MS_GEORGE-M-BRYAN-AP,720769,33.433,-88.849,33.32905,-89.24297
Hot-Humid,rural,Rural,County,12067,Census Tract 9601; Lafayette County; Florida,8035,3334,14.8,6.1,0.19891,0.239782,0.234332,0.2203,593,False,29.2,FL_CROSS-CITY-AP,722120,29.633,-83.105,30.04698,-83.19901
Hot-Humid,rural,Rural,County,48009,Census Tract 201; Archer County; Texas,8734,3920,9.7,4.3,0.23842,0.166213,0.253406,0.216145,594,False,16.2,TX_KICKAPOO-DOWNTOWN-AP,720404,33.85,-98.483,33.64704,-98.6232
Hot-Humid,rural,Rural,County,48219,Census Tract 9501; Hockley County; Texas,8847,3750,9.9,4.2,0.228883,0.173025,0.26158,0.215872,595,False,29.2,TX_LUBBOCK-IAP,722670,33.666,-101.823,33.59712,-102.32437
Hot-Humid,rural,Rural,County,48227,Census Tract 9501; Howard County; Texas,8854,3726,10.1,4.3,0.226158,0.175749,0.262943,0.215872,596,False,8.1,TX_BIG-SPRING,720271,32.213,-101.521,32.27337,-101.40214
Hot-Humid,rural,Rural,County,28151,Census Tract 1; Washington County; Mississippi,7941,3653,11.9,5.5,0.220708,0.200272,0.230245,0.215463,597,False,15.7,MS_MID-DELTA-RGNL-AP,747680,33.494,-90.981,33.26617,-90.97791
Hot-Humid,rural,Rural,County,48335,Census Tract 9502; Mitchell County; Texas,8989,3697,9.9,4.1,0.224796,0.173025,0.268392,0.215395,598,False,22.7,TX_SNYDER-AP,722122,32.693,-100.951,32.37166,-100.8687
Hot-Humid,rural,Rural,County,13243,Census Tract 7901; Randolph County; Georgia,6270,3573,14.6,8.3,0.216621,0.235695,0.173025,0.214578,599,False,24.4,AL_WEEDON-FLD,720363,31.952,-85.131,31.74986,-84.78949
Hot-Humid,rural,Rural,County,48093,Census Tract 9501.02; Comanche County; Texas,7553,4284,8.1,4.6,0.265668,0.148501,0.208447,0.213215,600,False,4.0,TX_COMANCHE-CO-CITY,747355,31.917,-98.6,31.9717,-98.57676
Hot-Humid,rural,Rural,County,22071,Census Tract 17.51; Orleans Parish; Louisiana,2568,1445,26.8,15.1,0.077657,0.445504,0.061308,0.203134,601,False,11.9,LA_NEW-ORLEANS-LAKEFRONT-AP,722315,30.049,-90.029,30.07656,-89.83205
Hot-Humid,rural,Rural,County,13037,Census Tract 9501; Calhoun County; Georgia,5528,2033,19.7,7.3,0.128065,0.322888,0.158038,0.202248,602,False,16.6,GA_BLAKELY,720257,31.397,-84.895,31.52448,-84.65566
Hot-Humid,rural,Rural,County,13301,Census Tract 9704; Warren County; Georgia,5175,2572,18.2,9.0,0.155313,0.292916,0.145777,0.201567,603,False,11.9,GA_THOMSON-MCDUFFIE-CO-AP,720289,33.53,-82.516,33.39573,-82.64572
Hot-Humid,rural,Rural,County,13263,Census Tract 9601; Talbot County; Georgia,5753,3069,14.7,7.8,0.188011,0.23842,0.16485,0.201022,604,False,23.7,GA_THOMASTON,747806,32.955,-84.264,32.70603,-84.54474
Hot-Humid,rural,Rural,County,48399,Census Tract 9501; Runnels County; Texas,7756,3913,7.4,3.7,0.237057,0.143052,0.217984,0.200341,605,False,32.3,TX_COLEMAN-MUNI-AP,720771,31.841,-99.404,31.7749,-99.94887
Hot-Humid,rural,Rural,County,28103,Census Tract 9501; Noxubee County; Mississippi,6899,3481,10.0,5.0,0.209809,0.174387,0.189373,0.193324,606,False,23.0,MS_GOLDEN-TRI(AWOS),723307,33.45,-88.583,33.11801,-88.5607
Hot-Humid,rural,Rural,County,22075,Census Tract 501; Plaquemines Parish; Louisiana,7456,3374,9.9,4.5,0.202997,0.173025,0.202997,0.192507,607,False,36.8,LA_GALLIANO-LAFOURCHE,722041,29.445,-90.261,29.37088,-89.65577
Hot-Humid,rural,Rural,County,48233,Census Tract 9502; Hutchinson County; Texas,6864,3743,7.9,4.3,0.22752,0.147139,0.188011,0.191485,608,False,3.4,TX_BORGER-HUTCHINSON,723635,35.695,-101.396,35.74354,-101.38727
Hot-Humid,rural,Rural,County,48175,Census Tract 9601; Goliad County; Texas,7096,3541,8.3,4.2,0.213896,0.153951,0.194823,0.189101,609,False,29.0,TX_VICTORIA-RGNL-AP,722550,28.862,-96.93,28.70893,-97.37596
Hot-Humid,rural,Rural,County,48077,Census Tract 303.01; Clay County; Texas,7222,3681,6.7,3.4,0.223433,0.138965,0.197548,0.188692,610,False,15.8,TX_KICKAPOO-DOWNTOWN-AP,720404,33.85,-98.483,33.83843,-98.20851
Hot-Humid,rural,Rural,County,48007,Census Tract 9501.01; Aransas County; Texas,3833,2452,17.7,11.3,0.151226,0.279292,0.113079,0.18842,611,False,1.9,TX_ROCKPORT-ARANSAS-CO,722524,28.084,-97.047,28.07965,-97.07818
Hot-Humid,rural,Rural,County,13049,Census Tract 101.01; Charlton County; Georgia,8133,2725,10.6,3.6,0.167575,0.181199,0.235695,0.185967,612,False,31.8,FL_JACKSONVILLE-IAP,722060,30.495,-81.694,30.74942,-82.13978
Hot-Humid,rural,Rural,County,22025,Census Tract 1; Catahoula Parish; Louisiana,6929,3274,9.9,4.7,0.19346,0.173025,0.190736,0.185763,613,False,33.2,MS_NATCHEZ-HARDY(AWOS),722357,31.617,-91.283,31.69243,-91.83976
Hot-Humid,rural,Rural,County,28063,Census Tract 9501.01; Jefferson County; Mississippi,5846,2941,11.3,5.7,0.182561,0.192098,0.167575,0.182902,614,False,14.8,MS_NATCHEZ-HARDY(AWOS),722357,31.617,-91.283,31.73486,-91.07225
Hot-Humid,rural,Rural,County,48501,Census Tract 9501; Yoakum County; Texas,7589,3015,9.5,3.8,0.183924,0.163488,0.211172,0.182221,615,False,28.2,TX_GAINES-CO-AP,722107,32.675,-102.654,33.06359,-102.80334
Hot-Humid,rural,Rural,County,13053,Census Tract 201; Chattahoochee County; Georgia,4568,1821,18.8,7.5,0.107629,0.305177,0.133515,0.181948,616,False,11.6,GA_FORT-BENNING,722250,32.35,-85.0,32.31463,-84.80663
Hot-Humid,rural,Rural,County,48391,Census Tract 9502; Refugio County; Texas,6693,3328,8.7,4.3,0.196185,0.156676,0.181199,0.17936,617,False,21.3,TX_ROCKPORT-ARANSAS-CO,722524,28.084,-97.047,28.36904,-97.18139
Hot-Humid,rural,Rural,County,48069,Census Tract 9501; Castro County; Texas,7328,3026,8.2,3.4,0.185286,0.151226,0.200272,0.176362,618,False,22.9,TX_HEREFORD-MUNI-AP,720393,34.85,-102.333,34.52074,-102.2898
Hot-Humid,rural,Rural,County,13065,Census Tract 9701; Clinch County; Georgia,6722,3031,8.2,3.7,0.186649,0.151226,0.185286,0.173978,619,False,2.5,GA_HOMERVILLE-AP,720392,31.056,-82.767,31.02125,-82.75286
Hot-Humid,rural,Rural,County,12077,Census Tract 9501; Liberty County; Florida,6293,3209,7.5,3.8,0.190736,0.145777,0.174387,0.171731,620,False,35.0,FL_TALLAHASSEE-RGNL-AP,722140,30.394,-84.351,30.27699,-84.92137
Hot-Humid,rural,Rural,County,13125,Census Tract 101; Glascock County; Georgia,2913,1412,20.3,9.8,0.072207,0.339237,0.079019,0.16703,621,False,21.5,GA_THOMSON-MCDUFFIE-CO-AP,720289,33.53,-82.516,33.22749,-82.60691
Hot-Humid,rural,Rural,County,48341,Census Tract 9501; Moore County; Texas,6715,2779,7.5,3.1,0.1703,0.145777,0.183924,0.164442,622,False,8.8,TX_MOORE-CO,722214,35.858,-102.013,35.85745,-101.8565
Hot-Humid,rural,Rural,County,48207,Census Tract 9503; Haskell County; Texas,5390,3084,6.0,3.4,0.189373,0.128065,0.155313,0.161103,623,False,52.6,TX_DYESS-AFB-ABILENE,720965,32.433,-99.85,33.18573,-99.71749
Hot-Humid,rural,Rural,County,48429,Census Tract 9503; Stephens County; Texas,5701,2891,6.4,3.3,0.178474,0.13624,0.163488,0.160695,624,False,2.9,TX_STEPHENS-CO-AP,720578,32.717,-98.892,32.73578,-98.84711
Hot-Humid,rural,Rural,County,22023,Census Tract 9701.01; Cameron Parish; Louisiana,5222,3447,4.1,2.7,0.207084,0.100817,0.148501,0.158174,625,False,13.3,LA_LAKE-CHARLES-RGNL-AP,722400,30.126,-93.228,29.95017,-93.13913
Hot-Humid,rural,Rural,County,48065,Census Tract 9501; Carson County; Texas,5802,2792,6.3,3.0,0.171662,0.132153,0.166213,0.156744,626,False,20.3,TX_BORGER-HUTCHINSON,723635,35.695,-101.396,35.40373,-101.35489
Hot-Humid,rural,Rural,County,48193,Census Tract 9501; Hamilton County; Texas,5023,2913,6.1,3.5,0.181199,0.13079,0.141689,0.155654,627,False,8.6,TX_HAMILTON-MUNI-AP,722231,31.666,-98.149,31.77676,-98.08213
Hot-Humid,rural,Rural,County,22035,Census Tract 1; East Carroll Parish; Louisiana,4847,2000,11.6,4.8,0.126703,0.196185,0.137602,0.153201,628,False,31.1,LA_VICKSBURG-TALLULAH,722488,32.348,-91.03,32.76385,-91.23245
Hot-Humid,rural,Rural,County,28119,Census Tract 9501; Quitman County; Mississippi,4367,2204,10.9,5.5,0.138965,0.185286,0.126703,0.152725,629,False,13.4,MS_FLETCHER-FLD,720927,34.3,-90.512,34.23729,-90.29052
Hot-Humid,rural,Rural,County,48273,Census Tract 201.01; Kleberg County; Texas,5557,2613,6.4,3.0,0.162125,0.13624,0.159401,0.15252,630,False,8.1,TX_KINGSVILLE,722516,27.509,-97.804,27.41603,-97.72223
Hot-Humid,rural,Rural,County,13259,Census Tract 9501; Stewart County; Georgia,4978,2113,10.9,4.6,0.132153,0.185286,0.140327,0.152384,631,False,20.3,AL_WEEDON-FLD,720363,31.952,-85.131,32.08716,-84.82367
Hot-Humid,rural,Rural,County,13061,Census Tract 9603; Clay County; Georgia,2853,1936,14.6,9.9,0.118529,0.235695,0.074932,0.150818,632,False,16.4,GA_BLAKELY,720257,31.397,-84.895,31.61983,-84.99258
Hot-Humid,rural,Rural,County,22107,Census Tract 1; Tensas Parish; Louisiana,3992,2804,6.6,4.6,0.173025,0.137602,0.115804,0.149183,633,False,25.3,MS_NATCHEZ-HARDY(AWOS),722357,31.617,-91.283,31.98309,-91.28785
Hot-Humid,rural,Rural,County,48305,Census Tract 9504; Lynn County; Texas,5667,2527,6.4,2.8,0.152589,0.13624,0.160763,0.148502,634,False,33.2,TX_LUBBOCK-IAP,722670,33.666,-101.823,33.18528,-101.80731
Hot-Humid,rural,Rural,County,48107,Census Tract 9501; Crosby County; Texas,5072,2668,5.6,3.0,0.166213,0.119891,0.143052,0.145368,635,False,29.2,TX_LUBBOCK-IAP,722670,33.666,-101.823,33.61031,-101.31964
Hot-Humid,rural,Rural,County,48465,Census Tract 9505.01; Val Verde County; Texas,6934,3223,2.2,1.0,0.192098,0.057221,0.192098,0.144891,636,False,11.9,TX_DEL-RIO-IAP,722610,29.378,-100.927,29.54304,-100.98399
Hot-Humid,rural,Rural,County,48333,Census Tract 9501; Mills County; Texas,4499,2614,6.0,3.5,0.163488,0.128065,0.129428,0.144278,637,False,30.5,TX_HAMILTON-MUNI-AP,722231,31.666,-98.149,31.45276,-98.60204
Hot-Humid,rural,Rural,County,48153,Census Tract 9505; Floyd County; Texas,5294,2601,5.3,2.6,0.159401,0.114441,0.151226,0.14203,638,False,25.5,TX_PLAINVIEW-HALE-CO,722174,34.167,-101.717,34.03651,-101.29962
Hot-Humid,rural,Rural,County,48237,Census Tract 9501; Jack County; Texas,5475,2328,6.0,2.6,0.144414,0.128065,0.156676,0.141144,639,False,15.6,TX_BRIDGEPORT-MUNI,720261,33.175,-97.828,33.18408,-98.0983
Hot-Humid,rural,Rural,County,48377,Census Tract 9501; Presidio County; Texas,6043,3380,1.6,0.9,0.20436,0.042234,0.1703,0.140804,640,False,18.4,TX_PRESIDIO-LELY-IAP,721048,29.634,-104.361,29.86028,-104.19876
Hot-Humid,rural,Rural,County,48483,Census Tract 9501; Wheeler County; Texas,4902,2595,5.4,2.8,0.158038,0.115804,0.138965,0.139442,641,False,37.0,TX_CANADIAN-HEMPHILL,722637,35.9,-100.4,35.37293,-100.28282
Hot-Humid,rural,Rural,County,22087,Census Tract 301.05; St. Bernard Parish; Louisiana,3702,1935,10.6,5.5,0.117166,0.181199,0.104905,0.137125,642,False,10.6,LA_NEW-ORLEANS-LAKEFRONT-AP,722315,30.049,-90.029,29.95785,-89.88628
Hot-Humid,rural,Rural,County,48195,Census Tract 9501; Hansford County; Texas,5182,2284,5.6,2.5,0.143052,0.119891,0.147139,0.135763,643,False,28.9,TX_PAMPA-MESA-VISTA-AP,720626,35.883,-101.033,36.23409,-101.3147
Hot-Humid,rural,Rural,County,48317,Census Tract 9501; Martin County; Texas,5230,2207,5.7,2.4,0.140327,0.121253,0.149864,0.135558,644,False,19.6,TX_BIG-SPRING,720271,32.213,-101.521,32.2419,-101.85378
Hot-Humid,rural,Rural,County,28053,Census Tract 9501; Humphreys County; Mississippi,3761,1967,9.1,4.7,0.122616,0.160763,0.108992,0.133243,645,False,34.2,MS_GREENWOOD-LEFLORE-AP,747580,33.496,-90.089,33.14944,-90.51165
Hot-Humid,rural,Rural,County,48003,Census Tract 9501; Andrews County; Texas,6298,2189,4.2,1.5,0.13624,0.103542,0.175749,0.132697,646,False,24.8,TX_ODESSA-SCHLEMEYER-FIELD,722648,31.925,-102.387,32.24997,-102.56542
Hot-Humid,rural,Rural,County,13239,Census Tract 9603; Quitman County; Georgia,2092,1715,13.8,11.3,0.095368,0.222071,0.047684,0.130177,647,False,9.6,AL_WEEDON-FLD,720363,31.952,-85.131,31.86294,-85.0048
Hot-Humid,rural,Rural,County,22065,Census Tract 9601; Madison Parish; Louisiana,4210,1968,6.8,3.2,0.123978,0.141689,0.122616,0.129904,648,False,10.7,LA_VICKSBURG-TALLULAH,722488,32.348,-91.03,32.36068,-91.21247
Hot-Humid,rural,Rural,County,48353,Census Tract 9501; Nolan County; Texas,4512,2198,5.0,2.4,0.137602,0.111717,0.13079,0.12718,649,False,10.2,TX_SWEETWATER-AP,722192,32.473,-100.466,32.34071,-100.38773
Hot-Humid,rural,Rural,County,48119,Census Tract 9501; Delta County; Texas,2977,1478,12.1,6.0,0.081744,0.201635,0.081744,0.123706,650,False,15.5,TX_SUPLHUR-SPRINGS,722362,33.167,-95.617,33.38593,-95.67335
Hot-Humid,rural,Rural,County,48479,Census Tract 17.10; Webb County; Texas,5686,2612,1.8,0.8,0.160763,0.049046,0.162125,0.121934,651,False,8.2,TX_LAREDO-IAP,722520,27.533,-99.467,27.52823,-99.33296
Hot-Humid,rural,Rural,County,48169,Census Tract 9501.01; Garza County; Texas,4203,2094,4.7,2.3,0.13079,0.107629,0.121253,0.120776,652,False,40.4,TX_SNYDER-AP,722122,32.693,-100.951,33.19181,-101.31524
Hot-Humid,rural,Rural,County,48103,Census Tract 9501; Crane County; Texas,4623,1829,5.9,2.3,0.110354,0.123978,0.134877,0.120027,653,False,35.2,TX_ODESSA-SCHLEMEYER-FIELD,722648,31.925,-102.387,31.4228,-102.48777
Hot-Humid,rural,Rural,County,48371,Census Tract 9501; Pecos County; Texas,7168,2372,1.5,0.5,0.145777,0.040872,0.196185,0.119142,654,False,8.0,TX_FORT-STOCKTON-PECOS-CO-AP,722618,30.912,-102.917,30.82997,-102.82268
Hot-Humid,rural,Rural,County,48475,Census Tract 9501; Ward County; Texas,4138,1949,5.0,2.3,0.119891,0.111717,0.119891,0.11703,655,False,19.3,TX_WINK-WINKLER-CO-AP,722656,31.78,-103.202,31.51307,-103.10511
Hot-Humid,rural,Rural,County,48247,Census Tract 9502; Jim Hogg County; Texas,4797,1931,4.2,1.7,0.115804,0.103542,0.13624,0.115599,656,False,13.9,TX_HEBBRONVILLE,722338,27.349,-98.737,27.14796,-98.72173
Hot-Humid,rural,Rural,County,48023,Census Tract 9503.01; Baylor County; Texas,3464,2170,4.0,2.5,0.134877,0.098093,0.100817,0.115191,657,False,36.7,TX_KICKAPOO-DOWNTOWN-AP,720404,33.85,-98.483,33.68284,-99.08972
Hot-Humid,rural,Rural,County,48151,Census Tract 9503; Fisher County; Texas,3661,2041,4.1,2.3,0.129428,0.100817,0.103542,0.114237,658,False,20.0,TX_SWEETWATER-AP,722192,32.473,-100.466,32.75625,-100.39549
Hot-Humid,rural,Rural,County,13101,Census Tract 8801; Echols County; Georgia,3705,1474,8.8,3.5,0.080381,0.158038,0.106267,0.112738,659,False,16.7,GA_VALDOSTA-WB-AP,722166,30.776,-83.274,30.73202,-82.99752
Hot-Humid,rural,Rural,County,48115,Census Tract 9504.02; Dawson County; Texas,5119,1564,5.8,1.8,0.089918,0.122616,0.144414,0.112262,660,False,41.9,TX_GAINES-CO-AP,722107,32.675,-102.654,32.75478,-101.9393
Hot-Humid,rural,Rural,County,48081,Census Tract 9501; Coke County; Texas,3315,2147,3.6,2.4,0.133515,0.092643,0.09673,0.111853,661,False,37.7,TX_SAN-ANGELO-MATHIS-FIELD,722630,31.352,-100.495,31.897,-100.50068
Hot-Humid,rural,Rural,County,48197,Census Tract 9501; Hardeman County; Texas,3529,1866,5.1,2.7,0.113079,0.113079,0.10218,0.110899,662,False,32.1,TX_CHILDRESS-MUNI-AP,723660,34.427,-100.284,34.2899,-99.7457
Hot-Humid,rural,Rural,County,48205,Census Tract 9502; Hartley County; Texas,5307,1808,3.6,1.2,0.104905,0.092643,0.152589,0.11015,663,False,13.2,TX_DALHART-MUNI-AP,747360,36.025,-102.549,35.84024,-102.61005
Hot-Humid,rural,Rural,County,48487,Census Tract 9503; Wilbarger County; Texas,4376,1739,4.6,1.8,0.098093,0.106267,0.128065,0.106948,664,False,22.3,OK_FREDERICK-MUNI,723528,34.353,-98.988,34.11077,-99.24484
Hot-Humid,rural,Rural,County,48507,Census Tract 9501; Zavala County; Texas,4116,1909,3.2,1.5,0.114441,0.081744,0.118529,0.103815,665,False,23.5,TX_GARNER-FLD,722202,29.211,-99.744,28.87289,-99.79165
Hot-Humid,rural,Rural,County,13307,Census Tract 9601; Webster County; Georgia,2348,1163,11.2,5.5,0.057221,0.190736,0.055858,0.103679,666,False,22.0,GA_SOUTHER-FLD,720948,32.11,-84.189,32.03777,-84.55453
Hot-Humid,rural,Rural,County,48127,Census Tract 9502.02; Dimmit County; Texas,3927,1958,3.0,1.5,0.121253,0.074932,0.114441,0.103678,667,False,19.3,TX_FAITH-RANCH-AP,720742,28.209,-100.019,28.45144,-99.8604
Hot-Humid,rural,Rural,County,13007,Census Tract 9601; Baker County; Georgia,2830,1419,8.3,4.1,0.074932,0.153951,0.073569,0.102316,668,False,19.9,GA_ALBANY-DOUGHERTY-CO-AP,722160,31.536,-84.196,31.32668,-84.42708
Hot-Humid,rural,Rural,County,48179,Census Tract 9501; Gray County; Texas,4366,1492,4.8,1.6,0.084469,0.108992,0.125341,0.101226,669,False,18.7,NM_PAMPA,720313,35.613,-100.996,35.38659,-100.81296
Hot-Humid,rural,Rural,County,48275,Census Tract 9501; Knox County; Texas,3322,1802,3.9,2.1,0.103542,0.095368,0.098093,0.099591,670,False,68.5,OK_FREDERICK-MUNI,723528,34.353,-98.988,33.54154,-99.67581
Hot-Humid,rural,Rural,County,48385,Census Tract 9501; Real County; Texas,2821,1829,4.0,2.6,0.110354,0.098093,0.070845,0.098161,671,False,23.1,TX_EDWARDS-CO,722363,29.947,-100.173,29.8301,-99.81255
Hot-Humid,rural,Rural,County,48211,Census Tract 9503; Hemphill County; Texas,3311,1694,3.7,1.9,0.094005,0.094005,0.095368,0.094278,672,False,8.9,TX_CANADIAN-HEMPHILL,722637,35.9,-100.4,35.81596,-100.27921
Hot-Humid,rural,Rural,County,48417,Census Tract 9503; Shackelford County; Texas,3169,1572,3.5,1.7,0.091281,0.088556,0.088556,0.089782,673,False,26.5,TX_STEPHENS-CO-AP,720578,32.717,-98.892,32.74382,-99.347
Hot-Humid,rural,Rural,County,48191,Census Tract 9505; Hall County; Texas,2827,1748,3.2,2.0,0.100817,0.081744,0.072207,0.088419,674,False,24.7,TX_CHILDRESS-MUNI-AP,723660,34.427,-100.284,34.50243,-100.70746
Hot-Humid,rural,Rural,County,48043,Census Tract 9505; Brewster County; Texas,3156,2229,0.5,0.4,0.141689,0.010899,0.087193,0.085013,675,False,45.0,TX_LAJITAS-INTL-ARPT,720579,29.278,-103.687,29.809,-103.25246
Hot-Humid,rural,Rural,County,48307,Census Tract 9504; McCulloch County; Texas,2743,1818,2.6,1.7,0.106267,0.066757,0.06812,0.084809,676,False,1.9,TX_BRADY-CURTIS-FIELD,723628,31.178,-99.324,31.15783,-99.34519
Hot-Humid,rural,Rural,County,48435,Census Tract 9503; Sutton County; Texas,3306,1740,2.3,1.2,0.099455,0.059946,0.094005,0.084537,677,False,9.2,TX_SONORA,747335,30.586,-100.649,30.52219,-100.51336
Hot-Humid,rural,Rural,County,13265,Census Tract 102; Taliaferro County; Georgia,1740,984,8.9,5.1,0.044959,0.159401,0.03951,0.083924,678,False,15.4,GA_GREENE-CO-RGNL-AP,720347,33.598,-83.139,33.55932,-82.87527
Hot-Humid,rural,Rural,County,48095,Census Tract 9503; Concho County; Texas,3301,1420,3.4,1.4,0.076294,0.087193,0.092643,0.083378,679,False,33.3,TX_BRADY-CURTIS-FIELD,723628,31.178,-99.324,31.31888,-99.86365
Hot-Humid,rural,Rural,County,48295,Census Tract 9502; Lipscomb County; Texas,2964,1505,3.2,1.6,0.085831,0.081744,0.080381,0.083311,680,False,23.9,TX_PERRYTON,720315,36.414,-100.75,36.31772,-100.33759
Hot-Humid,rural,Rural,County,48461,Census Tract 9501; Upton County; Texas,3227,1629,2.6,1.3,0.092643,0.066757,0.089918,0.083038,681,False,41.0,TX_MIDLAND-IAP,722650,31.948,-102.209,31.36108,-102.10463
Hot-Humid,rural,Rural,County,48411,Census Tract 9502; San Saba County; Texas,2987,1510,2.7,1.3,0.087193,0.069482,0.083106,0.080177,682,False,27.3,TX_LLANO-MUNI-AP,720110,30.784,-98.662,31.15514,-98.81929
Hot-Humid,rural,Rural,County,48117,Census Tract 9506; Deaf Smith County; Texas,3808,1413,2.6,0.9,0.073569,0.066757,0.110354,0.078542,683,False,16.8,TX_HEREFORD-MUNI-AP,720393,34.85,-102.333,34.94077,-102.60756
Hot-Humid,rural,Rural,County,48267,Census Tract 9501; Kimble County; Texas,2216,1850,1.8,1.5,0.111717,0.049046,0.053134,0.078066,684,False,2.4,TX_JUNCTION-KIMBLE-CO-AP,747400,30.51,-99.766,30.47947,-99.7464
Hot-Humid,rural,Rural,County,48271,Census Tract 9501; Kinney County; Texas,3140,1548,2.3,1.1,0.088556,0.059946,0.084469,0.077725,685,False,22.0,TX_DEL-RIO-LAUGHLIN-AFB,722615,29.367,-100.783,29.34709,-100.4177
Hot-Humid,rural,Rural,County,48383,Census Tract 9501; Reagan County; Texas,3259,1379,2.8,1.2,0.070845,0.072207,0.091281,0.075409,686,False,47.9,TX_OZONA-MUNI,720659,30.735,-101.203,31.37519,-101.5144
Hot-Humid,rural,Rural,County,48087,Census Tract 9503; Collingsworth County; Texas,2733,1471,3.0,1.6,0.079019,0.074932,0.065395,0.074864,687,False,37.1,TX_CHILDRESS-MUNI-AP,723660,34.427,-100.284,34.96336,-100.27214
Hot-Humid,rural,Rural,County,48079,Census Tract 9501; Cochran County; Texas,2520,1260,3.3,1.6,0.058583,0.084469,0.059946,0.067916,688,False,58.1,TX_LUBBOCK-IAP,722670,33.666,-101.823,33.60844,-102.83045
Hot-Humid,rural,Rural,County,48283,Census Tract 9503.02; La Salle County; Texas,3717,1126,2.5,0.8,0.054496,0.061308,0.107629,0.067507,689,False,10.7,TX_COTULLA-FAA-AP,722526,28.459,-99.223,28.3511,-99.09677
Hot-Humid,rural,Rural,County,48105,Census Tract 9501; Crockett County; Texas,2881,1739,1.0,0.6,0.098093,0.021798,0.077657,0.067303,690,False,12.0,TX_OZONA-MUNI,720659,30.735,-101.203,30.71753,-101.40421
Hot-Humid,rural,Rural,County,48047,Census Tract 9501; Brooks County; Texas,2601,1339,2.8,1.4,0.065395,0.072207,0.06267,0.067234,691,False,13.2,TX_FALFURIAS,720269,27.207,-98.121,27.03499,-98.21528
Hot-Humid,rural,Rural,County,48017,Census Tract 9501.02; Bailey County; Texas,2742,1076,3.4,1.3,0.047684,0.087193,0.066757,0.065327,692,False,29.1,NM_CLOVIS-MUNI(AWOS),722689,34.433,-103.083,34.06752,-102.83034
Hot-Humid,rural,Rural,County,48437,Census Tract 9502; Swisher County; Texas,2783,1080,3.2,1.2,0.049046,0.081744,0.069482,0.064577,693,False,25.6,TX_PLAINVIEW-HALE-CO,722174,34.167,-101.717,34.53744,-101.73858
Hot-Humid,rural,Rural,County,28125,Census Tract 9501; Sharkey County; Mississippi,1957,820,4.6,1.9,0.03406,0.106267,0.044959,0.061512,694,False,39.4,LA_VICKSBURG-TALLULAH,722488,32.348,-91.03,32.89239,-90.82761
Hot-Humid,rural,Rural,County,48445,Census Tract 9501; Terry County; Texas,2678,983,3.1,1.1,0.043597,0.076294,0.064033,0.059128,695,False,38.8,TX_GAINES-CO-AP,722107,32.675,-102.654,33.17123,-102.33928
Hot-Humid,rural,Rural,County,48421,Census Tract 9502; Sherman County; Texas,2434,1117,2.6,1.2,0.053134,0.066757,0.058583,0.058992,696,False,29.7,TX_MOORE-CO,722214,35.858,-102.013,36.27859,-101.89926
Hot-Humid,rural,Rural,County,48327,Census Tract 9503; Menard County; Texas,1964,1309,2.2,1.5,0.064033,0.057221,0.046322,0.058107,697,False,26.5,TX_JUNCTION-KIMBLE-CO-AP,747400,30.51,-99.766,30.88527,-99.85886
Hot-Humid,rural,Rural,County,48505,Census Tract 9504.02; Zapata County; Texas,2141,1278,2.2,1.3,0.061308,0.057221,0.050409,0.057698,698,False,4.6,TX_ZAPATA-CO-AP,720584,26.967,-99.25,26.99698,-99.1826
Hot-Humid,rural,Rural,County,48413,Census Tract 9503; Schleicher County; Texas,2426,1290,1.9,1.0,0.06267,0.050409,0.057221,0.057289,699,False,22.6,TX_SONORA,747335,30.586,-100.649,30.89623,-100.52722
Hot-Humid,rural,Rural,County,48319,Census Tract 9502; Mason County; Texas,1602,1364,1.7,1.5,0.06812,0.044959,0.03406,0.053202,700,False,33.2,TX_BRADY-CURTIS-FIELD,723628,31.178,-99.324,30.70392,-99.2373
Hot-Humid,rural,Rural,County,48243,Census Tract 9501; Jeff Davis County; Texas,1740,1483,0.8,0.7,0.083106,0.020436,0.03951,0.052452,701,False,20.4,TX_MARFA-AP,722640,30.371,-104.017,30.62536,-104.19187
Hot-Humid,rural,Rural,County,48229,Census Tract 9503; Hudspeth County; Texas,3331,1130,0.7,0.2,0.055858,0.014986,0.099455,0.050272,702,False,42.6,TX_PINE-SPRINGS-GUADALUPE-MTN,722620,31.833,-104.809,31.45087,-105.37755
Hot-Humid,rural,Rural,County,48075,Census Tract 9501; Childress County; Texas,2234,582,3.3,0.8,0.019074,0.084469,0.054496,0.049047,703,False,8.0,TX_CHILDRESS-MUNI-AP,723660,34.427,-100.284,34.52462,-100.20817
Hot-Humid,rural,Rural,County,48125,Census Tract 9503; Dickens County; Texas,1641,1107,1.8,1.2,0.051771,0.049046,0.035422,0.047547,704,False,59.7,TX_LUBBOCK-IAP,722670,33.666,-101.823,33.61536,-100.78762
Hot-Humid,rural,Rural,County,48389,Census Tract 9506; Reeves County; Texas,3150,1025,1.2,0.4,0.046322,0.025886,0.085831,0.047071,705,False,13.0,TX_PECOS-MUNI-AIR,722169,31.383,-103.511,31.30837,-103.71271
Hot-Humid,rural,Rural,County,48011,Census Tract 9501; Armstrong County; Texas,1883,888,2.1,1.0,0.035422,0.053134,0.043597,0.043256,706,False,27.0,TX_AMARILLO-IAP,723630,35.22,-101.717,34.96418,-101.35664
Hot-Humid,rural,Rural,County,48129,Census Tract 9503; Donley County; Texas,1420,1089,1.5,1.2,0.050409,0.040872,0.029973,0.042984,707,False,46.6,NM_PAMPA,720313,35.613,-100.996,34.95504,-100.81585
Hot-Humid,rural,Rural,County,48447,Census Tract 9503; Throckmorton County; Texas,1589,960,1.7,1.1,0.040872,0.044959,0.032698,0.040668,708,False,36.2,TX_STEPHENS-CO-AP,720578,32.717,-98.892,33.1707,-99.2058
Hot-Humid,rural,Rural,County,48495,Census Tract 9504; Winkler County; Texas,1728,712,2.1,0.9,0.024523,0.053134,0.036785,0.036989,709,False,9.4,TX_WINK-WINKLER-CO-AP,722656,31.78,-103.202,31.83286,-103.05492
Hot-Humid,rural,Rural,County,48101,Census Tract 9501; Cottle County; Texas,1302,972,1.4,1.1,0.042234,0.035422,0.025886,0.03658,710,False,23.2,TX_CHILDRESS-MUNI-AP,723660,34.427,-100.284,34.09191,-100.27644
Hot-Humid,rural,Rural,County,15005,Census Tract 319; Kalawao County; Hawaii,43,95,3.6,7.9,0.006812,0.092643,0.004087,0.036308,711,False,2341.1,CA_ROHNERVILLE,749485,40.554,-124.133,21.17667,-156.96575
Hot-Humid,rural,Rural,County,48359,Census Tract 9501; Oldham County; Texas,2097,791,1.4,0.5,0.029973,0.035422,0.049046,0.035695,712,False,41.0,TX_HEREFORD-MUNI-AP,720393,34.85,-102.333,35.40192,-102.59762
Hot-Humid,rural,Rural,County,28055,Census Tract 9501; Issaquena County; Mississippi,1095,438,2.7,1.1,0.013624,0.069482,0.019074,0.034264,713,False,28.2,LA_VICKSBURG-TALLULAH,722488,32.348,-91.03,32.75554,-91.00354
Hot-Humid,rural,Rural,County,48045,Census Tract 9502; Briscoe County; Texas,1223,901,1.4,1.0,0.036785,0.035422,0.021798,0.033311,714,False,38.2,TX_PLAINVIEW-HALE-CO,722174,34.167,-101.717,34.52517,-101.20589
Hot-Humid,rural,Rural,County,48235,Census Tract 9501; Irion County; Texas,1432,795,1.4,0.8,0.031335,0.035422,0.031335,0.032765,715,False,28.9,TX_SAN-ANGELO-MATHIS-FIELD,722630,31.352,-100.495,31.30342,-100.9813
Hot-Humid,rural,Rural,County,48109,Census Tract 9503; Culberson County; Texas,2181,959,0.6,0.3,0.03951,0.012262,0.051771,0.032425,716,False,31.5,TX_PINE-SPRINGS-GUADALUPE-MTN,722620,31.833,-104.809,31.44591,-104.52694
Hot-Humid,rural,Rural,County,48433,Census Tract 9503; Stonewall County; Texas,1244,733,1.4,0.8,0.027248,0.035422,0.023161,0.029292,717,False,50.4,TX_SWEETWATER-AP,722192,32.473,-100.466,33.17958,-100.25381
Hot-Humid,rural,Rural,County,48111,Census Tract 9501; Dallam County; Texas,1776,729,1.2,0.5,0.025886,0.025886,0.040872,0.028883,718,False,18.2,TX_DALHART-MUNI-AP,747360,36.025,-102.549,36.28637,-102.59402
Hot-Humid,rural,Rural,County,48137,Census Tract 9503; Edwards County; Texas,1392,903,0.7,0.4,0.038147,0.014986,0.02861,0.028133,719,False,8.5,TX_EDWARDS-CO,722363,29.947,-100.173,29.98593,-100.3074
Hot-Humid,rural,Rural,County,48345,Census Tract 9501; Motley County; Texas,1267,746,1.3,0.8,0.02861,0.02861,0.024523,0.027793,720,False,38.7,TX_CHILDRESS-MUNI-AP,723660,34.427,-100.284,34.0579,-100.79315
Hot-Humid,rural,Rural,County,48431,Census Tract 9501; Sterling County; Texas,1389,508,1.5,0.6,0.017711,0.040872,0.027248,0.027725,721,False,37.7,TX_BIG-SPRING,720271,32.213,-101.521,31.83577,-101.05491
Hot-Humid,rural,Rural,County,48155,Census Tract 9501; Foard County; Texas,1079,602,1.5,0.9,0.021798,0.040872,0.017711,0.027657,722,False,41.7,TX_CHILDRESS-MUNI-AP,723660,34.427,-100.284,33.96331,-99.81683
Hot-Humid,rural,Rural,County,48357,Census Tract 9501; Ochiltree County; Texas,1167,600,1.3,0.7,0.020436,0.02861,0.020436,0.023297,723,False,10.1,TX_PERRYTON,720315,36.414,-100.75,36.2774,-100.81601
Hot-Humid,rural,Rural,County,48173,Census Tract 9501; Glasscock County; Texas,1070,463,1.2,0.5,0.014986,0.025886,0.016349,0.019074,724,False,23.8,TX_BIG-SPRING,720271,32.213,-101.521,31.86801,-101.52149
Hot-Humid,rural,Rural,County,48263,Census Tract 9501; Kent County; Texas,727,484,0.8,0.5,0.016349,0.020436,0.012262,0.016962,725,False,35.6,TX_SNYDER-AP,722122,32.693,-100.951,33.18478,-100.76972
Hot-Humid,rural,Rural,County,48443,Census Tract 9501; Terrell County; Texas,851,663,0.4,0.3,0.023161,0.008174,0.014986,0.016281,726,False,15.3,TX_TERRELL-CO,722616,30.048,-102.213,30.23234,-102.07251
Hot-Humid,rural,Rural,County,48393,Census Tract 9501; Roberts County; Texas,785,392,0.8,0.4,0.012262,0.020436,0.013624,0.015395,727,False,11.4,TX_PAMPA-MESA-VISTA-AP,720626,35.883,-101.033,35.8386,-100.83668
Hot-Humid,rural,Rural,County,48033,Census Tract 9501; Borden County; Texas,723,352,0.8,0.4,0.010899,0.020436,0.010899,0.014237,728,False,28.6,TX_SNYDER-AP,722122,32.693,-100.951,32.73859,-101.4392
Hot-Humid,rural,Rural,County,48311,Census Tract 9501; McMullen County; Texas,623,326,0.5,0.3,0.009537,0.010899,0.009537,0.010014,729,False,39.2,TX_PLEASANTON-MUNI-AP,720395,28.95,-98.517,28.38492,-98.57885
Hot-Humid,rural,Rural,County,48269,Census Tract 9501; King County; Texas,189,148,0.2,0.2,0.008174,0.006812,0.008174,0.007697,730,False,56.2,TX_CHILDRESS-MUNI-AP,723660,34.427,-100.284,33.61427,-100.24535
Hot-Humid,rural,Rural,County,48301,Census Tract 9501; Loving County; Texas,54,47,0.1,0.1,0.004087,0.00545,0.006812,0.005109,731,False,21.6,TX_WINK-WINKLER-CO-AP,722656,31.78,-103.202,31.84494,-103.56123
Hot-Humid,rural,Rural,County,48261,Census Tract 9501; Kenedy County; Texas,52,69,0.0,0.0,0.00545,0.004087,0.00545,0.004973,732,False,34.2,TX_FALFURIAS,720269,27.207,-98.121,26.89562,-97.6895
Hot-Humid,rural,Rural,County,12011,Census Tract 9800; Broward County; Florida,2,0,0.0,0.0,0.002725,0.004087,0.002725,0.003202,733,False,26.7,FL_FORT-LAUDERDALE,722039,26.199,-80.178,26.24804,-80.60532
Hot-Humid,rural,Rural,County,13063,Census Tract 9800; Clayton County; Georgia,0,0,0.0,0.0,0.002725,0.004087,0.001362,0.002929,734,False,0.7,GA_ATLANTA-HARTSFIELD-IAP,722190,33.63,-84.442,33.63501,-84.43237
Marine,higher density urban,HDU,CBSA,39420,"Pullman, WA",14766,5508,6386.7,2382.4,0.666667,1.0,0.666667,0.783334,1,True,2.5,WA_PULLMAN-MOSCOW-RGNL-AP,727857,46.744,-117.116,46.73443,-117.16676
Marine,higher density urban,HDU,CBSA,41860,"San Francisco-Oakland-Fremont, CA",4575638,1834270,3912.1,1568.3,1.0,0.333333,1.0,0.766667,2,False,3.2,CA_OAKLAND-METRO-AP,724930,37.721,-122.221,37.766,-122.20663
Marine,higher density urban,HDU,CBSA,29260,"La Grande, OR",3009,1519,3964.4,2001.3,0.333333,0.666667,0.333333,0.45,3,False,4.9,OR_LA-GRANDE-MUNI-AP,726884,45.283,-118.0,45.31857,-118.08798
Marine,lower density urban,LDU,CBSA,42660,"Seattle-Tacoma-Bellevue, WA",3924808,1641019,2210.7,924.3,1.0,0.952381,1.0,0.983333,1,True,2.2,WA_SEATTLE-BOEING-FIELD,727935,47.546,-122.315,47.54439,-122.26744
Marine,lower density urban,LDU,CBSA,38900,"Portland-Vancouver-Hillsboro, OR-WA",2335648,980498,2017.2,846.8,0.952381,0.904762,0.952381,0.935714,2,False,6.4,OR_PORTLAND-IAP,726980,45.596,-122.609,45.51439,-122.67229
Marine,lower density urban,LDU,CBSA,21660,"Eugene-Springfield, OR",302727,133796,1669.8,738.0,0.809524,0.857143,0.809524,0.826191,3,False,7.2,OR_EUGENE-MAHLON-SWEET-AP,726930,44.133,-123.216,44.05195,-123.12462
Marine,lower density urban,LDU,CBSA,41420,"Salem, OR",357962,135882,1516.7,575.7,0.857143,0.761905,0.857143,0.82381,4,False,3.4,OR_SALEM-MCNARY-FIELD,726940,44.905,-123.001,44.95318,-123.01028
Marine,lower density urban,LDU,CBSA,44060,"Spokane-Spokane Valley, WA",494725,208922,1346.6,568.7,0.904762,0.52381,0.904762,0.771429,5,False,2.3,WA_FELTS-FLD,727856,47.686,-117.321,47.68891,-117.37033
Marine,lower density urban,LDU,CBSA,28420,"Kennewick-Richland, WA",262112,97564,1392.8,518.4,0.714286,0.619048,0.761905,0.690477,6,False,5.2,WA_PASCO,727845,46.27,-119.118,46.23527,-119.21501
Marine,lower density urban,LDU,CBSA,32780,"Medford, OR",172976,74323,1332.0,572.3,0.666667,0.47619,0.619048,0.590476,7,False,3.7,OR_MEDFORD-ROGUE-VALLEY-IAP,725970,42.375,-122.877,42.32818,-122.84154
Marine,lower density urban,LDU,CBSA,36500,"Olympia-Lacey-Tumwater, WA",249250,104980,1067.5,449.6,0.761905,0.190476,0.714286,0.552381,8,False,4.4,WA_OLYMPIA-AP,727920,46.974,-122.905,47.02174,-122.84299
Marine,lower density urban,LDU,CBSA,48300,"Wenatchee-East Wenatchee, WA",68865,28190,1581.3,647.3,0.333333,0.809524,0.333333,0.5,9,False,6.0,WA_PANGBORN-MEM,727825,47.397,-120.201,47.43888,-120.31328
Marine,lower density urban,LDU,CBSA,34580,"Mount Vernon-Anacortes, WA",91175,38522,1137.7,480.7,0.52381,0.428571,0.52381,0.490476,10,False,1.5,WA_SKAGIT-RGNL-AP,720272,48.467,-122.417,48.46207,-122.38543
Marine,lower density urban,LDU,CBSA,49420,"Yakima, WA",199903,72406,1048.7,379.9,0.619048,0.142857,0.666667,0.461905,11,False,5.6,WA_YAKIMA-AIR-TERMINAL,727810,46.564,-120.535,46.53184,-120.42688
Marine,lower density urban,LDU,CBSA,26220,"Hood River, OR",10249,4788,2623.2,1225.5,0.142857,1.0,0.142857,0.442857,12,False,18.7,WA_THE-DALLES-MUNI-AP,726988,45.619,-121.166,45.70661,-121.53262
Marine,lower density urban,LDU,CBSA,13460,"Bend, OR",161497,70502,1040.6,454.3,0.571429,0.047619,0.571429,0.388095,13,False,4.0,OR_BEND-MUNI-AP,720638,44.095,-121.2,44.13493,-121.25813
Marine,lower density urban,LDU,CBSA,10540,"Albany, OR",74503,30453,1076.0,439.8,0.380952,0.380952,0.380952,0.380952,14,False,15.1,OR_CORVALLIS-MUNI,726945,44.5,-123.283,44.56806,-122.99234
Marine,lower density urban,LDU,CBSA,31020,"Longview-Kelso, WA",81781,33876,1069.2,442.9,0.428571,0.238095,0.428571,0.361904,15,False,0.8,WA_KELSO-WB-AP,727924,46.117,-122.894,46.1171,-122.91072
Marine,lower density urban,LDU,CBSA,18700,"Corvallis, OR",84159,35485,1047.8,441.8,0.47619,0.095238,0.47619,0.342857,16,False,6.0,OR_CORVALLIS-MUNI,726945,44.5,-123.283,44.5863,-123.26615
Marine,lower density urban,LDU,CBSA,45520,"The Dalles, OR",16853,7208,1375.4,588.3,0.190476,0.571429,0.190476,0.32381,17,False,1.7,WA_THE-DALLES-MUNI-AP,726988,45.619,-121.166,45.60136,-121.18905
Marine,lower density urban,LDU,CBSA,36830,"Othello, WA",8978,2675,1458.2,434.5,0.047619,0.714286,0.095238,0.290476,18,False,26.9,WA_MOSES-LAKE-GRANT-CO-AP,727827,47.193,-119.315,46.81789,-119.16227
Marine,lower density urban,LDU,CBSA,15060,"Brookings, OR",6832,3772,1444.1,797.3,0.095238,0.666667,0.047619,0.285714,19,False,1.2,OR_BROOKINGS-AP,720365,42.074,-124.29,42.05655,-124.28547
Marine,lower density urban,LDU,CBSA,24420,"Grants Pass, OR",50898,21803,1074.3,460.2,0.285714,0.285714,0.285714,0.285714,20,False,12.2,OR_SEXTON-SUMMIT,725975,42.6,-123.364,42.4239,-123.34828
Marine,lower density urban,LDU,CBSA,47460,"Walla Walla, WA",46014,18952,1074.7,442.6,0.238095,0.333333,0.238095,0.271428,21,False,3.4,WA_WALLA-WALLA-CITY-CO-AP,727846,46.095,-118.286,46.05752,-118.33167
Marine,suburban/small town,Suburban,CBSA,14740,"Bremerton-Silverdale-Port Orchard, WA",270533,112933,840.9,351.0,1.0,0.764706,1.0,0.917647,1,True,11.0,WA_BREMERTON-NATIONAL,727928,47.483,-122.767,47.61335,-122.62979
Marine,suburban/small town,Suburban,CBSA,13380,"Bellingham, WA",182896,81906,850.1,380.7,0.941176,0.823529,0.941176,0.9,2,False,1.8,WA_BELLINGHAM-IAP,727976,48.799,-122.541,48.80959,-122.50573
Marine,suburban/small town,Suburban,CBSA,38820,"Port Angeles, WA",53995,26880,634.7,316.0,0.823529,0.588235,0.764706,0.729411,3,False,4.0,WA_PORT-ANGELES-CGAS,742010,48.141,-123.414,48.09163,-123.36977
Marine,suburban/small town,Suburban,CBSA,28900,"Klamath Falls, OR",44097,19076,886.5,383.5,0.588235,0.941176,0.529412,0.7,4,False,4.8,OR_KLAMATH-FALLS-IAP,725895,42.147,-121.726,42.21286,-121.75456
Marine,suburban/small town,Suburban,CBSA,40700,"Roseburg, OR",51956,23296,686.3,307.7,0.705882,0.647059,0.705882,0.685294,5,False,2.2,OR_ROSEBURG-RGNL-AP,726904,43.234,-123.358,43.20203,-123.35495
Marine,suburban/small town,Suburban,CBSA,36020,"Oak Harbor, WA",84395,40615,429.9,206.9,0.882353,0.176471,0.882353,0.635294,6,False,10.7,WA_WHIDBEY-ISLAND-NAS,720749,48.35,-122.667,48.20751,-122.57816
Marine,suburban/small town,Suburban,CBSA,34180,"Moses Lake, WA",56654,21801,555.3,213.7,0.647059,0.411765,0.823529,0.6,7,False,4.5,WA_MOSES-LAKE-GRANT-CO-AP,727827,47.193,-119.315,47.17889,-119.40922
Marine,suburban/small town,Suburban,CBSA,10140,"Aberdeen, WA",46118,23429,543.6,276.2,0.764706,0.294118,0.588235,0.564706,8,False,3.9,WA_HOQUIAM-AP,727923,46.973,-123.931,46.97278,-123.84786
Marine,suburban/small town,Suburban,CBSA,18300,"Coos Bay-North Bend, OR",35659,17121,805.3,386.6,0.470588,0.705882,0.411765,0.541176,9,False,4.4,OR_NORTH-BEND-MUNI-AP,726917,43.413,-124.244,43.34926,-124.25511
Marine,suburban/small town,Suburban,CBSA,35440,"Newport, OR",17594,11286,891.7,572.0,0.235294,1.0,0.176471,0.491176,10,False,17.6,OR_NEWPORT-MUNI-AP,726950,44.583,-124.05,44.83751,-124.0201
Marine,suburban/small town,Suburban,CBSA,16500,"Centralia, WA",37292,14954,557.9,223.7,0.411765,0.470588,0.470588,0.444118,11,False,1.3,WA_CHEHALIS-CENTRALIA-AP,720254,46.683,-122.983,46.69012,-122.95802
Marine,suburban/small town,Suburban,CBSA,21260,"Ellensburg, WA",22759,11172,860.4,422.3,0.176471,0.882353,0.235294,0.435294,12,False,3.1,WA_ELLENSBURG-BOWERS-FIELD,727883,47.034,-120.531,47.02629,-120.59565
Marine,suburban/small town,Suburban,CBSA,25840,"Hermiston-Pendleton, OR",49563,18464,393.5,146.6,0.529412,0.117647,0.647059,0.408824,13,False,7.4,OR_HERMISTN-MUNI-AP,726883,45.826,-119.261,45.84233,-119.10972
Marine,suburban/small town,Suburban,CBSA,11820,"Astoria, OR",26225,14830,550.6,311.4,0.352941,0.352941,0.294118,0.341176,14,False,1.9,OR_ASTORIA-RGNL-AP,727910,46.157,-123.883,46.12919,-123.88928
Marine,suburban/small town,Suburban,CBSA,12520,"Baker City, OR",6203,3012,632.8,307.3,0.058824,0.529412,0.058824,0.22353,15,False,4.4,OR_BAKER-MUNI-AP,726886,44.843,-117.81,44.78493,-117.84603
Marine,suburban/small town,Suburban,CBSA,43220,"Shelton, WA",33219,13011,351.7,137.7,0.294118,0.058824,0.352941,0.22353,16,False,6.0,WA_SHELTON-SANDERSON,727925,47.238,-123.141,47.27027,-123.02146
Marine,suburban/small town,Suburban,CBSA,39040,"Port Townsend, WA",17554,9879,542.2,305.2,0.117647,0.235294,0.117647,0.158823,17,False,17.2,WA_WHIDBEY-ISLAND-NAS,720749,48.35,-122.667,48.11422,-122.78775
Marine,rural,Rural,County,53063,Census Tract 101.01; Spokane County; Washington,61736,24585,43.2,17.2,0.962025,0.860759,0.987342,0.931645,1,True,5.4,WA_FELTS-FLD,727856,47.686,-117.321,47.69905,-117.43548
Marine,rural,Rural,County,53067,Census Tract 118.10; Thurston County; Washington,47390,18353,96.9,37.5,0.822785,0.974684,0.898734,0.891139,2,False,7.7,WA_OLYMPIA-AP,727920,46.974,-122.905,46.87955,-122.81949
Marine,rural,Rural,County,41047,Census Tract 25.02; Marion County; Oregon,54009,19867,53.8,19.8,0.860759,0.886076,0.924051,0.882278,3,False,9.1,OR_SALEM-MCNARY-FIELD,726940,44.905,-123.001,44.94334,-122.82327
Marine,rural,Rural,County,41017,Census Tract 1; Deschutes County; Oregon,58412,33122,20.1,11.4,0.987342,0.64557,0.962025,0.862658,4,False,6.9,OR_BEND-MUNI-AP,720638,44.095,-121.2,44.07382,-121.33594
Marine,rural,Rural,County,41043,Census Tract 201.01; Linn County; Oregon,55291,22287,24.9,10.0,0.936709,0.721519,0.936709,0.861393,5,False,19.2,OR_CORVALLIS-MUNI,726945,44.5,-123.283,44.52813,-122.89555
Marine,rural,Rural,County,41041,Census Tract 9501; Lincoln County; Oregon,33038,21087,34.4,21.9,0.924051,0.810127,0.734177,0.846203,6,False,6.6,OR_NEWPORT-MUNI-AP,726950,44.583,-124.05,44.63498,-123.93784
Marine,rural,Rural,County,53045,Census Tract 9400; Mason County; Washington,33749,20740,39.0,24.0,0.898734,0.835443,0.746835,0.846202,7,False,7.3,WA_SHELTON-SANDERSON,727925,47.238,-123.141,47.32141,-123.04507
Marine,rural,Rural,County,41039,Census Tract 1; Lane County; Oregon,79901,34520,18.3,7.9,1.0,0.556962,1.0,0.844937,8,False,12.9,OR_EUGENE-MAHLON-SWEET-AP,726930,44.133,-123.216,43.99054,-123.04871
Marine,rural,Rural,County,53073,Census Tract 1.01; Whatcom County; Washington,45536,20022,24.1,10.6,0.886076,0.696203,0.873418,0.817089,9,False,10.0,WA_BELLINGHAM-IAP,727976,48.799,-122.541,48.87357,-122.35335
Marine,rural,Rural,County,41029,Census Tract 13.04; Jackson County; Oregon,49587,22760,18.7,8.6,0.949367,0.56962,0.911392,0.808861,10,False,3.5,OR_MEDFORD-ROGUE-VALLEY-IAP,725970,42.375,-122.877,42.42135,-122.90576
Marine,rural,Rural,County,53041,Census Tract 9701; Lewis County; Washington,46633,21083,20.0,9.0,0.911392,0.632911,0.886076,0.80886,11,False,15.4,WA_CHEHALIS-CENTRALIA-AP,720254,46.683,-122.983,46.55057,-122.72252
Marine,rural,Rural,County,41005,Census Tract 231; Clackamas County; Oregon,42588,18009,27.3,11.5,0.810127,0.759494,0.848101,0.8,12,False,17.8,OR_AURORA-STATE,726959,45.247,-122.771,45.24589,-122.40436
Marine,rural,Rural,County,53033,Census Tract 313.01; King County; Washington,38752,16053,27.9,11.6,0.746835,0.772152,0.822785,0.770886,13,False,19.3,WA_RENTON-MUNI,727934,47.495,-122.214,47.46211,-121.80282
Marine,rural,Rural,County,41019,Census Tract 100; Douglas County; Oregon,59851,26961,12.1,5.4,0.974684,0.379747,0.974684,0.766456,14,False,4.0,OR_ROSEBURG-RGNL-AP,726904,43.234,-123.358,43.29177,-123.34585
Marine,rural,Rural,County,53057,Census Tract 9408.02; Skagit County; Washington,39232,17950,23.8,10.9,0.797468,0.683544,0.835443,0.76519,15,False,13.0,WA_SKAGIT-RGNL-AP,720272,48.467,-122.417,48.48315,-122.13427
Marine,rural,Rural,County,41071,Census Tract 303.02; Yamhill County; Oregon,35121,12770,56.1,20.4,0.632911,0.898734,0.759494,0.751266,16,False,7.4,OR_MC-MINNVILLE-MUNI,726881,45.196,-123.134,45.22234,-123.28116
Marine,rural,Rural,County,41033,Census Tract 3601; Josephine County; Oregon,37171,17414,23.4,10.9,0.772152,0.670886,0.810127,0.744304,17,False,16.2,OR_SEXTON-SUMMIT,725975,42.6,-123.364,42.37939,-123.47312
Marine,rural,Rural,County,06013,Census Tract 3010; Contra Costa County; California,28947,10876,109.4,41.1,0.56962,0.987342,0.64557,0.731013,18,False,11.5,CA_CONCORD-BUCHANAN-FIELD,724950,37.992,-122.055,37.92425,-121.86161
Marine,rural,Rural,County,53077,Census Tract 16.01; Yakima County; Washington,56702,19241,13.8,4.7,0.848101,0.417722,0.949367,0.717722,19,False,8.7,WA_YAKIMA-AIR-TERMINAL,727810,46.564,-120.535,46.46421,-120.42233
Marine,rural,Rural,County,53025,Census Tract 101; Grant County; Washington,43774,17695,17.0,6.9,0.78481,0.506329,0.860759,0.702531,20,False,11.3,WA_MOSES-LAKE-GRANT-CO-AP,727827,47.193,-119.315,47.10747,-119.52087
Marine,rural,Rural,County,53007,Census Tract 9601; Chelan County; Washington,36509,19879,12.6,6.9,0.873418,0.392405,0.797468,0.689873,21,False,21.0,WA_PANGBORN-MEM,727825,47.397,-120.201,47.66091,-120.42494
Marine,rural,Rural,County,53015,Census Tract 15.01; Cowlitz County; Washington,29758,12008,28.0,11.3,0.620253,0.78481,0.670886,0.687975,22,False,6.8,WA_KELSO-WB-AP,727924,46.117,-122.894,46.19493,-122.80614
Marine,rural,Rural,County,53055,Census Tract 9601.01; San Juan County; Washington,14631,11937,87.0,71.0,0.607595,0.962025,0.329114,0.675949,23,False,4.9,WA_FRIDAY-HARBOR,727985,48.52,-123.026,48.57586,-122.95969
Marine,rural,Rural,County,41067,Census Tract 322.02; Washington County; Oregon,26449,10287,49.3,19.2,0.544304,0.873418,0.607595,0.672152,24,False,6.5,OR_PORTLAND-HILLSBORO,726986,45.548,-122.956,45.56341,-123.08784
Marine,rural,Rural,County,41009,Census Tract 9702.01; Columbia County; Oregon,24318,10439,41.7,17.9,0.556962,0.848101,0.56962,0.661392,25,False,12.2,WA_KELSO-WB-AP,727924,46.117,-122.894,45.9818,-123.05759
Marine,rural,Rural,County,53061,Census Tract 521.05; Snohomish County; Washington,30102,13398,19.4,8.6,0.683544,0.620253,0.683544,0.661392,26,False,17.7,WA_ARLINGTON-MUNI-AP,727945,48.161,-122.159,48.07979,-121.79501
Marine,rural,Rural,County,53065,Census Tract 9410; Stevens County; Washington,35332,17226,14.4,7.0,0.759494,0.455696,0.78481,0.658228,27,False,13.6,WA_COLVILLE-MUNICIPAL,727873,48.544,-117.884,48.3525,-117.81121
Marine,rural,Rural,County,41011,Census Tract 1.01; Coos County; Oregon,29173,14577,18.8,9.4,0.708861,0.582278,0.658228,0.65443,28,False,12.7,OR_NORTH-BEND-MUNI-AP,726917,43.413,-124.244,43.24127,-124.15299
Marine,rural,Rural,County,53011,Census Tract 401.01; Clark County; Washington,24788,8918,79.9,28.8,0.443038,0.936709,0.582278,0.643671,29,False,16.5,WA_PEARSON-FLD,727918,45.621,-122.654,45.8246,-122.47542
Marine,rural,Rural,County,53053,Census Tract 701; Pierce County; Washington,27805,11501,24.2,10.0,0.594937,0.708861,0.632911,0.642405,30,False,8.2,WA_PIERCE-CO-AP-THUN-FLD,720388,47.104,-122.287,46.98618,-122.31446
Marine,rural,Rural,County,53075,Census Tract 2.01; Whitman County; Washington,32276,15724,15.0,7.3,0.734177,0.468354,0.721519,0.638607,31,False,11.1,WA_PULLMAN-MOSCOW-RGNL-AP,727857,46.744,-117.116,46.82159,-117.32036
Marine,rural,Rural,County,41057,Census Tract 9601.02; Tillamook County; Oregon,20840,14622,19.2,13.4,0.721519,0.594937,0.481013,0.629114,32,False,2.8,OR_TILLAMOOK-AP,720202,45.417,-123.817,45.45202,-123.78677
Marine,rural,Rural,County,53047,Census Tract 9401; Okanogan County; Washington,35272,18907,6.7,3.6,0.835443,0.240506,0.772152,0.614557,33,False,6.9,WA_OMAK,727890,48.461,-119.521,48.48382,-119.6678
Marine,rural,Rural,County,06001,Census Tract 4301.02; Alameda County; California,23145,7895,62.8,21.4,0.392405,0.924051,0.531646,0.606329,34,False,5.1,CA_LIVERMORE-MUNI-AP,724927,37.693,-121.814,37.62095,-121.79149
Marine,rural,Rural,County,53027,Census Tract 2.02; Grays Harbor County; Washington,30279,13139,16.7,7.2,0.64557,0.493671,0.696203,0.602532,35,False,14.7,WA_HOQUIAM-AP,727923,46.973,-123.931,47.05211,-123.64068
Marine,rural,Rural,County,41053,Census Tract 53.02; Polk County; Oregon,23114,9297,33.9,13.6,0.468354,0.797468,0.518987,0.59367,36,False,18.0,OR_SALEM-MCNARY-FIELD,726940,44.905,-123.001,44.9277,-123.36739
Marine,rural,Rural,County,41059,Census Tract 9400; Umatilla County; Oregon,30524,13229,9.9,4.3,0.670886,0.329114,0.708861,0.558861,37,False,4.6,OR_PENDLETON-E-OR-RGNL-AP,726880,45.698,-118.834,45.73253,-118.75211
Marine,rural,Rural,County,06081,Census Tract 6134; San Mateo County; California,15905,6507,57.9,23.7,0.341772,0.911392,0.379747,0.548734,38,False,8.9,CA_SAN-CARLOS-AP,724938,37.517,-122.25,37.4241,-122.3633
Marine,rural,Rural,County,53005,Census Tract 107.01; Benton County; Washington,27375,9657,17.7,6.2,0.506329,0.544304,0.620253,0.542405,39,False,10.4,WA_RICHLAND,727884,46.306,-119.304,46.26146,-119.51297
Marine,rural,Rural,County,53009,Census Tract 6; Clallam County; Washington,23598,11415,14.3,6.9,0.582278,0.443038,0.556962,0.528481,40,False,6.0,WA_WILLIAM-R-FAIRCHILD,727885,48.122,-123.507,48.03643,-123.53233
Marine,rural,Rural,County,53049,Census Tract 9502; Pacific County; Washington,16086,9898,17.5,10.8,0.518987,0.531646,0.392405,0.498101,41,False,27.8,WA_HOQUIAM-AP,727923,46.973,-123.931,46.57836,-123.81285
Marine,rural,Rural,County,53037,Census Tract 9751.01; Kittitas County; Washington,21977,13154,9.7,5.8,0.658228,0.291139,0.493671,0.496835,42,False,5.7,WA_ELLENSBURG-BOWERS-FIELD,727883,47.034,-120.531,47.08029,-120.63048
Marine,rural,Rural,County,41035,Census Tract 9701; Klamath County; Oregon,25715,13928,4.4,2.4,0.696203,0.177215,0.594937,0.494304,43,False,19.3,OR_KLAMATH-FALLS-IAP,725895,42.147,-121.726,42.42634,-121.7177
Marine,rural,Rural,County,41061,Census Tract 9701; Union County; Oregon,23183,10267,11.4,5.0,0.531646,0.367089,0.544304,0.476583,44,False,4.5,OR_LA-GRANDE-MUNI-AP,726884,45.283,-118.0,45.34743,-118.01493
Marine,rural,Rural,County,41007,Census Tract 9504; Clatsop County; Oregon,15118,8421,19.4,10.8,0.417722,0.620253,0.35443,0.475949,45,False,12.8,OR_ASTORIA-RGNL-AP,727910,46.157,-123.883,46.00683,-123.72666
Marine,rural,Rural,County,41027,Census Tract 9501; Hood River County; Oregon,13709,5422,26.5,10.5,0.291139,0.734177,0.303797,0.448734,46,False,21.1,WA_THE-DALLES-MUNI-AP,726988,45.619,-121.166,45.58582,-121.60012
Marine,rural,Rural,County,53039,Census Tract 9501.01; Klickitat County; Washington,19626,9011,10.5,4.8,0.455696,0.35443,0.468354,0.422785,47,False,16.9,WA_THE-DALLES-MUNI-AP,726988,45.619,-121.166,45.84651,-121.0358
Marine,rural,Rural,County,41015,Census Tract 9501; Curry County; Oregon,16631,9351,10.2,5.8,0.481013,0.341772,0.417722,0.41962,48,False,22.4,OR_BROOKINGS-AP,720365,42.074,-124.29,42.39234,-124.20383
Marine,rural,Rural,County,41003,Census Tract 102; Benton County; Oregon,12200,5080,20.5,8.5,0.278481,0.658228,0.265823,0.408861,49,False,6.5,OR_CORVALLIS-MUNI,726945,44.5,-123.283,44.47617,-123.41071
Marine,rural,Rural,County,53035,Census Tract 920; Kitsap County; Washington,6048,2396,82.4,32.6,0.113924,0.949367,0.126582,0.408861,50,False,7.3,WA_BREMERTON-NATIONAL,727928,47.483,-122.767,47.57108,-122.85185
Marine,rural,Rural,County,53029,Census Tract 9713.02; Island County; Washington,2352,1783,193.7,146.8,0.075949,1.0,0.075949,0.399367,51,False,17.4,WA_SNOHOMISH-CO,727937,47.923,-122.283,48.07275,-122.58604
Marine,rural,Rural,County,53031,Census Tract 9502.02; Jefferson County; Washington,15759,9480,8.9,5.4,0.493671,0.278481,0.367089,0.393038,52,False,28.2,WA_PORT-ANGELES-CGAS,742010,48.141,-123.414,47.9143,-122.90656
Marine,rural,Rural,County,41051,Census Tract 43; Multnomah County; Oregon,9341,3629,36.9,14.3,0.139241,0.822785,0.202532,0.39114,53,False,4.2,OR_PORTLAND-TROUTDALE,726985,45.551,-122.41,45.60374,-122.4551
Marine,rural,Rural,County,53021,Census Tract 206.08; Franklin County; Washington,18413,5059,15.3,4.2,0.265823,0.481013,0.443038,0.376582,54,False,19.5,WA_PASCO,727845,46.27,-119.118,46.54226,-119.0119
Marine,rural,Rural,County,53071,Census Tract 9200; Walla Walla County; Washington,16088,6267,13.1,5.1,0.329114,0.405063,0.405063,0.370886,55,False,11.2,WA_WALLA-WALLA-CITY-CO-AP,727846,46.095,-118.286,46.20483,-118.45864
Marine,rural,Rural,County,53017,Census Tract 9501.01; Douglas County; Washington,17877,7781,9.9,4.3,0.367089,0.329114,0.43038,0.366456,56,False,20.9,WA_PANGBORN-MEM,727825,47.397,-120.201,47.62344,-119.90283
Marine,rural,Rural,County,41013,Census Tract 9501.02; Crook County; Oregon,18842,8606,6.4,2.9,0.43038,0.227848,0.455696,0.364557,57,False,22.3,OR_ROBERTS-FLD-AP,726920,44.256,-121.141,44.30043,-120.69541
Marine,rural,Rural,County,53051,Census Tract 9701; Pend Oreille County; Washington,13811,8036,9.9,5.7,0.405063,0.329114,0.316456,0.360759,58,False,24.5,WA_DEER-PARK-AP,727870,47.974,-117.429,48.29806,-117.2142
Marine,rural,Rural,County,41031,Census Tract 9400; Jefferson County; Oregon,14899,6813,8.5,3.9,0.35443,0.265823,0.341772,0.320886,59,False,22.2,OR_ROBERTS-FLD-AP,726920,44.256,-121.141,44.56536,-121.26223
Marine,rural,Rural,County,41045,Census Tract 9400; Malheur County; Oregon,21979,7824,2.2,0.8,0.379747,0.075949,0.506329,0.298734,60,False,22.6,OR_ONTARIO-MUNI-AP,726837,44.014,-117.008,43.73948,-117.25325
Marine,rural,Rural,County,53059,Census Tract 9501; Skamania County; Washington,12276,5899,7.4,3.6,0.316456,0.253165,0.291139,0.289241,61,False,25.5,OR_PORTLAND-TROUTDALE,726985,45.551,-122.41,45.71963,-121.93959
Marine,rural,Rural,County,53003,Census Tract 9601; Asotin County; Washington,8836,4388,14.0,7.0,0.21519,0.43038,0.189873,0.285443,62,False,14.2,ID_LEWISTON-NEZ-PERCE-CNTY-AP,727830,46.375,-117.015,46.2485,-117.25024
Marine,rural,Rural,County,06075,Census Tract 9803; San Francisco County; California,49,40,26.7,21.8,0.012658,0.746835,0.012658,0.26962,63,False,12.4,CA_SAN-FRANCISCO-IAP,724940,37.62,-122.365,37.7684,-122.49209
Marine,rural,Rural,County,53069,Census Tract 9501; Wahkiakum County; Washington,4573,2207,17.4,8.4,0.088608,0.518987,0.101266,0.241772,64,False,23.9,OR_ASTORIA-RGNL-AP,727910,46.157,-123.883,46.29464,-123.42446
Marine,rural,Rural,County,41001,Census Tract 9501; Baker County; Oregon,10593,5675,3.5,1.9,0.303797,0.139241,0.240506,0.233544,65,False,9.8,OR_BAKER-MUNI-AP,726886,44.843,-117.81,44.71629,-117.71992
Marine,rural,Rural,County,41049,Census Tract 9701.01; Morrow County; Oregon,12249,4813,6.0,2.4,0.227848,0.202532,0.278481,0.229114,66,False,21.7,OR_HERMISTN-MUNI-AP,726883,45.826,-119.261,45.67176,-119.65344
Marine,rural,Rural,County,53043,Census Tract 9602; Lincoln County; Washington,9448,5010,4.1,2.2,0.253165,0.164557,0.21519,0.214557,67,False,33.7,WA_FAIRCHILD-AFB,727855,47.633,-117.65,47.61604,-118.37304
Marine,rural,Rural,County,41065,Census Tract 9706; Wasco County; Oregon,9750,4894,4.1,2.1,0.240506,0.164557,0.227848,0.211392,68,False,18.4,WA_THE-DALLES-MUNI-AP,726988,45.619,-121.166,45.3593,-121.24823
Marine,rural,Rural,County,53001,Census Tract 9501; Adams County; Washington,11712,4169,6.1,2.2,0.177215,0.21519,0.253165,0.205696,69,False,27.1,WA_MOSES-LAKE-GRANT-CO-AP,727827,47.193,-119.315,46.91192,-118.91347
Marine,rural,Rural,County,41063,Census Tract 9601; Wallowa County; Oregon,7532,4334,2.4,1.4,0.202532,0.101266,0.164557,0.159494,70,False,11.2,OR_JOSEPH-STATE,720837,45.36,-117.254,45.52223,-117.26343
Marine,rural,Rural,County,53019,Census Tract 9400; Ferry County; Washington,7326,4105,3.3,1.9,0.151899,0.126582,0.151899,0.143038,71,False,30.2,WA_COLVILLE-MUNICIPAL,727873,48.544,-117.884,48.60027,-118.53862
Marine,rural,Rural,County,41037,Census Tract 9601; Lake County; Oregon,8254,4223,1.0,0.5,0.189873,0.037975,0.177215,0.134177,72,False,18.3,OR_LAKEVIEW(AWOS),725976,42.167,-120.4,42.41739,-120.51399
Marine,rural,Rural,County,53013,Census Tract 9602; Columbia County; Washington,3996,2218,4.6,2.6,0.101266,0.189873,0.088608,0.129747,73,False,22.5,WA_WALLA-WALLA-CITY-CO-AP,727846,46.095,-118.286,46.29285,-117.91163
Marine,rural,Rural,County,41023,Census Tract 9601; Grant County; Oregon,7238,4147,1.6,0.9,0.164557,0.050633,0.139241,0.11962,74,False,4.3,OR_GRANT-CO-RGNL-AP,726876,44.4,-118.967,44.46111,-118.98375
Marine,rural,Rural,County,53023,Census Tract 9703; Garfield County; Washington,2326,1223,3.3,1.7,0.063291,0.126582,0.063291,0.085443,75,False,25.1,ID_LEWISTON-NEZ-PERCE-CNTY-AP,727830,46.375,-117.015,46.42932,-117.53671
Marine,rural,Rural,County,41025,Census Tract 9601.02; Harney County; Oregon,5086,2676,0.5,0.3,0.126582,0.012658,0.113924,0.084177,76,False,18.2,OR_BURNS-MUNI-AP,726830,43.595,-118.958,43.38177,-119.17243
Marine,rural,Rural,County,41055,Census Tract 9501; Sherman County; Oregon,1908,979,2.3,1.2,0.037975,0.088608,0.037975,0.055697,77,False,28.1,WA_THE-DALLES-MUNI-AP,726988,45.619,-121.166,45.39922,-120.67851
Marine,rural,Rural,County,41021,Census Tract 9601; Gilliam County; Oregon,2002,1111,1.7,0.9,0.050633,0.063291,0.050633,0.055063,78,False,46.1,WA_THE-DALLES-MUNI-AP,726988,45.619,-121.166,45.38296,-120.27625
Marine,rural,Rural,County,41069,Census Tract 9601; Wheeler County; Oregon,1434,905,0.8,0.5,0.025316,0.025316,0.025316,0.025316,79,False,57.1,OR_GRANT-CO-RGNL-AP,726876,44.4,-118.967,44.73641,-120.02686
Mixed-Humid,higher density urban,HDU,CBSA,47620,"Warren, PA",9273,4757,3185.5,1634.1,1.0,1.0,1.0,1.0,1,True,21.9,NY_CHATAUQUA-CO-JAMESTO,725235,42.15,-79.25,41.84388,-79.14073
Mixed-Humid,lower density urban,LDU,CBSA,47900,"Washington-Arlington-Alexandria, DC-VA-MD-WV",5948550,2361497,2272.4,902.1,0.983051,0.915254,0.983051,0.959322,1,True,9.0,VA_WASHINGTON-DC-REAGAN-AP,724050,38.847,-77.035,38.89793,-77.18979
Mixed-Humid,lower density urban,LDU,CBSA,37980,"Philadelphia-Camden-Wilmington, PA-NJ-DE-MD",6126265,2561373,1844.2,771.1,1.0,0.847458,1.0,0.94661,2,False,7.4,PA_PHILADELPHIA-IAP,724080,39.873,-75.227,39.97894,-75.24638
Mixed-Humid,lower density urban,LDU,CBSA,12580,"Baltimore-Columbia-Towson, MD",2730359,1151966,1672.2,705.5,0.949153,0.79661,0.949153,0.895763,3,False,8.6,MD_BALTIMORE-BLT-WASHNGTN-IAP,724060,39.173,-76.684,39.2908,-76.63441
Mixed-Humid,lower density urban,LDU,CBSA,47260,"Virginia Beach-Chesapeake-Norfolk, VA-NC",1629588,687531,1916.1,808.4,0.864407,0.864407,0.864407,0.864407,4,False,1.9,VA_NORFOLK-NAS,723085,36.937,-76.289,36.91961,-76.31647
Mixed-Humid,lower density urban,LDU,CBSA,12060,"Atlanta-Sandy Springs-Roswell, GA",5793186,2308011,1326.9,528.6,0.966102,0.576271,0.966102,0.829661,5,False,3.4,GA_DEKALB-PEACHTREE,722196,33.878,-84.298,33.83772,-84.33268
Mixed-Humid,lower density urban,LDU,CBSA,28140,"Kansas City, MO-KS",1960457,850781,1441.8,625.7,0.881356,0.677966,0.881356,0.810169,6,False,7.0,MO_KANSAS-CITY-DOWNTOWN-AP,724463,39.128,-94.589,39.02714,-94.58875
Mixed-Humid,lower density urban,LDU,CBSA,41180,"St. Louis, MO-IL",2467023,1121140,1279.8,581.6,0.932203,0.508475,0.932203,0.783898,7,False,6.9,MO_ST-LOUIS-LAMBERT-IAP,724340,38.752,-90.373,38.65256,-90.37116
Mixed-Humid,lower density urban,LDU,CBSA,36420,"Oklahoma City, OK",1240795,535521,1345.7,580.8,0.830508,0.610169,0.830508,0.753389,8,False,6.2,OK_OKLAHOMA-CITY-WILL-ROGERS-,723530,35.388,-97.6,35.46219,-97.53862
Mixed-Humid,lower density urban,LDU,CBSA,40060,"Richmond, VA",1113095,472996,1400.7,595.2,0.779661,0.627119,0.779661,0.726271,9,False,7.1,VA_CHESTERFIELD-CO-AP,720498,37.4,-77.517,37.50068,-77.48865
Mixed-Humid,lower density urban,LDU,CBSA,32820,"Memphis, TN-MS-AR",1162623,499348,1312.0,563.5,0.79661,0.559322,0.813559,0.716949,10,False,6.4,TN_MEMPHIS-IAP,723340,35.056,-89.986,35.10857,-89.89259
Mixed-Humid,lower density urban,LDU,CBSA,45940,"Trenton-Princeton, NJ",383286,150600,1707.4,670.9,0.644068,0.830508,0.644068,0.709322,11,False,6.4,NJ_TRENTON-MERCER-CO-AP,724095,40.277,-74.816,40.25486,-74.69835
Mixed-Humid,lower density urban,LDU,CBSA,30460,"Lexington-Fayette, KY",441889,198567,1609.4,723.2,0.661017,0.779661,0.661017,0.702542,12,False,6.3,KY_LEXINGTON-BLUEGRASS-AP,724220,38.034,-84.611,38.02653,-84.49574
Mixed-Humid,lower density urban,LDU,CBSA,31140,"Louisville/Jefferson County, KY-IN",1142554,508040,1277.8,568.2,0.813559,0.491525,0.79661,0.697457,13,False,1.5,KY_LOUISVILLE-BOWMAN-FIELD,724235,38.23,-85.663,38.21243,-85.68018
Mixed-Humid,lower density urban,LDU,CBSA,38300,"Pittsburgh, PA",2085509,1002244,1124.8,540.5,0.898305,0.288136,0.898305,0.684746,14,False,7.2,PA_PITTSBURGH-ALLEGHENY-CO-AP,725205,40.355,-79.921,40.45661,-79.9532
Mixed-Humid,lower density urban,LDU,CBSA,48620,"Wichita, KS",546035,236195,1331.8,576.1,0.728814,0.59322,0.728814,0.681356,15,False,6.0,KS_MC-CONNELL-AFB,724505,37.617,-97.267,37.69614,-97.31307
Mixed-Humid,lower density urban,LDU,CBSA,29940,"Lawrence, KS",93112,42916,2442.3,1125.7,0.508475,0.983051,0.474576,0.667797,16,False,4.7,KS_LAWRENCE-MUNI-AP,724508,39.008,-95.212,38.95518,-95.26733
Mixed-Humid,lower density urban,LDU,CBSA,16740,"Charlotte-Concord-Gastonia, NC-SC",2460932,1032730,1041.6,437.1,0.915254,0.101695,0.915254,0.630508,17,False,6.6,NC_CHARLOTTE-DOUGLAS-IAP,723140,35.223,-80.954,35.24341,-80.84066
Mixed-Humid,lower density urban,LDU,CBSA,39580,"Raleigh-Cary, NC",1355533,560722,1104.4,456.8,0.847458,0.220339,0.847458,0.627966,18,False,11.5,NC_RALEIGH-DURHAM-IAP,723060,35.892,-78.782,35.77118,-78.64186
Mixed-Humid,lower density urban,LDU,CBSA,46140,"Tulsa, OK",824035,357462,1178.2,511.1,0.762712,0.355932,0.762712,0.620339,19,False,6.7,OK_TULSA-IAP,723560,36.199,-95.878,36.10259,-95.88796
Mixed-Humid,lower density urban,LDU,CBSA,21500,"Erie, PA",217840,97949,1409.6,633.8,0.576271,0.644068,0.559322,0.59661,20,False,5.5,PA_ERIE-IAP,725260,42.08,-80.182,42.08687,-80.07509
Mixed-Humid,lower density urban,LDU,CBSA,44300,"State College, PA",100875,40191,1480.7,590.0,0.474576,0.711864,0.491525,0.561017,21,False,2.6,PA_STATE-COLLEGE,725128,40.85,-77.85,40.81445,-77.86554
Mixed-Humid,lower density urban,LDU,CBSA,22180,"Fayetteville, NC",337933,141896,1223.8,513.8,0.610169,0.457627,0.627119,0.560169,22,False,6.4,NC_FORT-BRAGG-SIMMONS,746930,35.133,-78.933,35.04719,-78.97656
Mixed-Humid,lower density urban,LDU,CBSA,17300,"Clarksville, TN-KY",235716,94925,1280.2,515.6,0.559322,0.525424,0.59322,0.554237,23,False,2.1,TN_OUTLAW-FIELD-AP,723280,36.617,-87.412,36.61733,-87.37356
Mixed-Humid,lower density urban,LDU,CBSA,42540,"Scranton--Wilkes-Barre, PA",445054,204378,1166.1,535.5,0.677966,0.322034,0.677966,0.55339,24,False,4.9,PA_WILKES-BARRE-SCRANTON-IAP,725130,41.333,-75.723,41.2963,-75.80304
Mixed-Humid,lower density urban,LDU,CBSA,25420,"Harrisburg-Carlisle, PA",485015,209984,1117.7,483.9,0.694915,0.271186,0.694915,0.54661,25,False,4.0,PA_HARRISBURG-CAPITAL-CITY-AP,725118,40.218,-76.855,40.25428,-76.91373
Mixed-Humid,lower density urban,LDU,CBSA,10900,"Allentown-Bethlehem-Easton, PA-NJ",781289,319413,1063.9,434.9,0.745763,0.152542,0.745763,0.538136,26,False,3.2,PA_ALLENTOWN-LEHIGH-VALLEY-IA,725170,40.65,-75.448,40.66457,-75.38914
Mixed-Humid,lower density urban,LDU,CBSA,20500,"Durham-Chapel Hill, NC",492928,218562,1088.3,482.5,0.711864,0.20339,0.711864,0.533898,27,False,11.7,NC_RALEIGH-DURHAM-IAP,723060,35.892,-78.782,35.97289,-78.96631
Mixed-Humid,lower density urban,LDU,CBSA,26740,"Hutchinson, KS",35617,16922,1969.6,935.8,0.322034,0.881356,0.305085,0.514407,28,False,3.4,KS_HUTCHINSON-MUNI-AP,724506,38.068,-97.861,38.07058,-97.92379
Mixed-Humid,lower density urban,LDU,CBSA,21420,"Enid, OK",38348,17248,1604.1,721.5,0.338983,0.745763,0.338983,0.481356,29,False,5.1,OK_VANCE-AFB,723535,36.333,-97.917,36.40403,-97.89015
Mixed-Humid,lower density urban,LDU,CBSA,17860,"Columbia, MO",143794,62754,1176.1,513.2,0.542373,0.338983,0.542373,0.471186,30,False,11.8,MO_COLUMBIA-RGNL-AP,724450,38.817,-92.215,38.94936,-92.35478
Mixed-Humid,lower density urban,LDU,CBSA,40220,"Roanoke, VA",226894,105433,1074.3,499.2,0.59322,0.169492,0.576271,0.441525,31,False,2.9,VA_ROANOKE-RGNL-AP,724110,37.317,-79.974,37.27445,-79.97073
Mixed-Humid,lower density urban,LDU,CBSA,11020,"Altoona, PA",77785,36771,1188.9,562.0,0.457627,0.389831,0.457627,0.433898,32,False,14.7,PA_ALTOONA-BLAIR-CO-AP,725126,40.3,-78.317,40.50627,-78.38517
Mixed-Humid,lower density urban,LDU,CBSA,12780,"Bartlesville, OK",37301,16663,1432.9,640.1,0.305085,0.661017,0.322034,0.433051,33,False,4.2,OK_BARTLESVILLE-PHILLI,723565,36.766,-96.013,36.7401,-95.94498
Mixed-Humid,lower density urban,LDU,CBSA,44180,"Springfield, MO",330621,148440,1027.1,461.1,0.627119,0.067797,0.610169,0.427966,34,False,8.4,MO_SPRINGFIELD-RGNL-AP,724400,37.24,-93.39,37.15311,-93.28239
Mixed-Humid,lower density urban,LDU,CBSA,42380,"Sayre, PA",14734,7479,2014.2,1022.4,0.169492,0.898305,0.169492,0.424577,35,False,25.4,NY_ELMIRA-CORNING-RGNL-AP,725156,42.157,-76.903,41.93398,-76.50882
Mixed-Humid,lower density urban,LDU,CBSA,41140,"St. Joseph, MO-KS",76689,35303,1180.9,543.6,0.440678,0.372881,0.440678,0.416949,36,False,4.6,MO_ST-JOSEPH-ROSECRANS-MEM,724490,39.768,-94.91,39.77192,-94.82429
Mixed-Humid,lower density urban,LDU,CBSA,21380,"Emporia, KS",24138,11461,1446.1,686.6,0.271186,0.694915,0.254237,0.416101,37,False,5.5,KS_EMPORIA-MUNI-AP,724556,38.329,-96.195,38.40846,-96.19059
Mixed-Humid,lower density urban,LDU,CBSA,47220,"Vineland, NJ",118700,42369,1109.5,396.0,0.491525,0.254237,0.508475,0.411864,38,False,5.2,NJ_MILLVILLE-MUNI-AP,724075,39.366,-75.078,39.44185,-75.07638
Mixed-Humid,lower density urban,LDU,CBSA,36340,"Oil City, PA",15543,7611,1695.0,830.0,0.186441,0.813559,0.186441,0.405932,39,False,6.0,PA_FRANKLIN,725267,41.383,-79.867,41.41233,-79.75771
Mixed-Humid,lower density urban,LDU,CBSA,41460,"Salina, KS",46492,20894,1239.3,557.0,0.355932,0.474576,0.355932,0.397457,40,False,3.4,KS_SALINA-MUNI-AP,724586,38.78,-97.644,38.81803,-97.60538
Mixed-Humid,lower density urban,LDU,CBSA,44660,"Stillwater, OK",53220,24107,1204.7,545.7,0.372881,0.423729,0.372881,0.390678,41,False,4.1,OK_STILLWATER-RGNL-AP,723545,36.162,-97.089,36.11317,-97.04725
Mixed-Humid,lower density urban,LDU,CBSA,48220,"Weatherford, OK",9651,4181,2388.3,1034.6,0.084746,0.966102,0.067797,0.389831,42,False,7.4,OK_THOMAS-P-STAFFORD-AP,722368,35.55,-98.667,35.5275,-98.79582
Mixed-Humid,lower density urban,LDU,CBSA,16820,"Charlottesville, VA",143469,62117,1048.3,453.9,0.525424,0.135593,0.525424,0.388983,43,False,5.8,VA_CHARLOTTESVILLE-FAA,724016,38.137,-78.455,38.05546,-78.48331
Mixed-Humid,lower density urban,LDU,CBSA,26500,"Huntingdon, PA",12388,4119,2343.5,779.2,0.067797,0.949153,0.101695,0.383051,44,False,21.1,PA_ALTOONA-BLAIR-CO-AP,725126,40.3,-78.317,40.47632,-77.99054
Mixed-Humid,lower density urban,LDU,CBSA,36980,"Owensboro, KY",73646,32435,1135.5,500.1,0.423729,0.305085,0.423729,0.382204,45,False,3.5,KY_OWENSBORO-DAVIESS-C,724237,37.75,-87.167,37.75116,-87.1022
Mixed-Humid,lower density urban,LDU,CBSA,21180,"Elkins, WV",3674,1832,2547.9,1270.5,0.016949,1.0,0.016949,0.361017,46,False,2.7,WV_ELKINS-ELKINS-RANDOLPH-CO-,724170,38.89,-79.855,38.92961,-79.85267
Mixed-Humid,lower density urban,LDU,CBSA,24460,"Great Bend, KS",12519,6263,1606.4,803.7,0.135593,0.762712,0.118644,0.351695,47,False,4.8,KS_GREAT-BEND(AWOS),724517,38.35,-98.867,38.36974,-98.78194
Mixed-Humid,lower density urban,LDU,CBSA,14620,"Bradford, PA",7738,3574,2330.7,1076.5,0.033898,0.932203,0.033898,0.348305,48,False,11.1,PA_BRADFORD-RGNL-AP,725266,41.798,-78.635,41.95772,-78.64802
Mixed-Humid,lower density urban,LDU,CBSA,42740,"Sedalia, MO",24051,10708,1292.0,575.2,0.237288,0.542373,0.237288,0.344068,49,False,3.4,MO_SEDALIA-MEM,724453,38.712,-93.175,38.70092,-93.23596
Mixed-Humid,lower density urban,LDU,CBSA,37620,"Parkersburg-Vienna, WV",55522,27653,1086.2,541.0,0.40678,0.186441,0.40678,0.329661,50,False,6.2,WV_PARKERSBURG-WOOD-CO-AP,724273,39.339,-81.444,39.28324,-81.53543
Mixed-Humid,lower density urban,LDU,CBSA,38620,"Ponca City, OK",24148,11398,1206.7,569.6,0.254237,0.440678,0.271186,0.322881,51,False,1.9,OK_PONCA-CITY-RGNL-AP,724530,36.737,-97.102,36.71871,-97.07613
Mixed-Humid,lower density urban,LDU,CBSA,30280,"Lewisburg, TN",8965,3699,1564.8,645.7,0.050847,0.728814,0.050847,0.288135,52,False,4.0,TN_ELLINGTON,720775,35.507,-86.804,35.4498,-86.80025
Mixed-Humid,lower density urban,LDU,CBSA,16020,"Cape Girardeau, MO-IL",54981,24249,1036.3,457.1,0.389831,0.084746,0.389831,0.283051,53,False,8.0,MO_CAPE-GIRARDEAU-RGNL-AP,723290,37.225,-89.579,37.34128,-89.58331
Mixed-Humid,lower density urban,LDU,CBSA,32340,"Maryville, MO",11191,4969,1192.8,529.6,0.101695,0.40678,0.084746,0.205085,54,False,2.3,MO_NORTHWEST-MISSOURI-RGNL,720475,40.353,-94.915,40.3429,-94.8742
Mixed-Humid,lower density urban,LDU,CBSA,14100,"Bloomsburg-Berwick, PA",33451,15098,1006.9,454.5,0.288136,0.016949,0.288136,0.193221,55,False,29.3,PA_SELINSGROVE,725105,40.819,-76.866,41.02112,-76.373
Mixed-Humid,lower density urban,LDU,CBSA,47660,"Warrensburg, MO",23234,9461,1042.0,424.3,0.220339,0.118644,0.220339,0.184746,56,False,6.5,MO_WARRENSGBURG-SKYHAVEN-AP,722367,38.783,-93.8,38.75125,-93.68719
Mixed-Humid,lower density urban,LDU,CBSA,15700,"Cambridge, MD",12571,6445,1108.0,568.0,0.152542,0.237288,0.135593,0.178813,57,False,3.7,MD_CAMBRIDGE-DORCHESTER-AP,722218,38.533,-76.033,38.56555,-76.08721
Mixed-Humid,lower density urban,LDU,CBSA,11620,"Ardmore, OK",19544,8757,1013.2,454.0,0.20339,0.050847,0.20339,0.15,58,False,11.1,OK_ARDMORE-MUNI-AP,723555,34.3,-97.017,34.17216,-97.13348
Mixed-Humid,lower density urban,LDU,CBSA,32180,"Marshall, MO",13840,5355,1008.2,390.1,0.118644,0.033898,0.152542,0.095763,59,False,1.3,MO_MARSHALL-MEM-MUNI,720483,39.096,-93.203,39.11388,-93.19518
Mixed-Humid,suburban/small town,Suburban,CBSA,34980,"Nashville-Davidson--Murfreesboro--Franklin, TN",1690083,727689,994.0,428.0,1.0,1.0,1.0,1.0,1,True,2.3,TN_NASHVILLE-IAP,723270,36.111,-86.688,36.07731,-86.68253
Mixed-Humid,suburban/small town,Suburban,CBSA,48900,"Wilmington, NC",359054,196760,897.4,491.8,0.95,0.922222,0.938889,0.938056,2,False,7.6,NC_WILMINGTON-IAP,723020,34.267,-77.9,34.17135,-77.96578
Mixed-Humid,suburban/small town,Suburban,CBSA,12100,"Atlantic City-Hammonton, NJ",317451,209036,885.0,582.7,0.966667,0.888889,0.927778,0.931667,3,False,8.6,NJ_ATLANTIC-CITY-IAP,724070,39.452,-74.567,39.33426,-74.61801
Mixed-Humid,suburban/small town,Suburban,CBSA,24660,"Greensboro-High Point, NC",654874,285587,844.2,368.2,0.983333,0.833333,0.983333,0.930833,4,False,6.3,NC_GREENSBORO-PIEDMONT-IAP,723170,36.097,-79.943,36.05172,-79.84538
Mixed-Humid,suburban/small town,Suburban,CBSA,24860,"Greenville-Anderson-Greer, SC",788497,339981,819.7,353.4,0.994444,0.794444,0.994444,0.924444,5,False,3.1,SC_GREENVILLE,723122,34.758,-82.376,34.77532,-82.42604
Mixed-Humid,suburban/small town,Suburban,CBSA,22220,"Fayetteville-Springdale-Rogers, AR",459869,185092,876.5,352.8,0.944444,0.872222,0.955556,0.921389,6,False,6.0,AR_SPRINGDALE-MUNI,723434,36.176,-94.119,36.2368,-94.1953
Mixed-Humid,suburban/small town,Suburban,CBSA,16860,"Chattanooga, TN-GA",463566,205732,842.2,373.8,0.961111,0.827778,0.961111,0.914444,7,False,1.5,TN_CHATTANOOGA-LOVELL-FIELD-A,723240,35.034,-85.2,35.05138,-85.21689
Mixed-Humid,suburban/small town,Suburban,CBSA,39740,"Reading, PA",377852,150387,867.1,345.1,0.927778,0.85,0.944444,0.903889,8,False,3.3,PA_READING-SPAATZ-FIELD,725103,40.373,-75.959,40.35021,-75.90462
Mixed-Humid,suburban/small town,Suburban,CBSA,30780,"Little Rock-North Little Rock-Conway, AR",609753,278175,796.3,363.3,0.977778,0.738889,0.977778,0.894167,9,False,8.1,AR_LITTLE-ROCK-ADAMS-FLD,723403,34.727,-92.236,34.80779,-92.33916
Mixed-Humid,suburban/small town,Suburban,CBSA,45820,"Topeka, KS",162438,74360,887.9,406.4,0.888889,0.9,0.883333,0.891667,10,False,5.0,KS_TOPEKA-MUNI-AP,724560,39.072,-95.626,39.02715,-95.69887
Mixed-Humid,suburban/small town,Suburban,CBSA,28940,"Knoxville, TN",740593,327751,770.4,340.9,0.988889,0.688889,0.988889,0.883889,11,False,9.2,TN_KNOXVILLE-MCGHEE-TYSON-AP,723260,35.818,-83.986,35.94022,-84.04995
Mixed-Humid,suburban/small town,Suburban,CBSA,14540,"Bowling Green, KY",106938,45878,984.2,422.2,0.811111,0.988889,0.816667,0.874445,12,False,1.5,KY_BOWLING-GREEN-WARREN-CO-AP,746716,36.965,-86.424,36.96676,-86.45079
Mixed-Humid,suburban/small town,Suburban,CBSA,13980,"Blacksburg-Christiansburg-Radford, VA",104828,44451,976.9,414.3,0.805556,0.983333,0.805556,0.867778,13,False,3.6,VA_VIRGINIA-TECH-AP,724113,37.208,-80.408,37.17873,-80.46294
Mixed-Humid,suburban/small town,Suburban,CBSA,24780,"Greenville, NC",129993,61976,893.9,426.2,0.844444,0.911111,0.833333,0.865555,14,False,3.9,NC_PITT-GREENVILLE-AP,723065,35.633,-77.383,35.5767,-77.38777
Mixed-Humid,suburban/small town,Suburban,CBSA,29540,"Lancaster, PA",511305,202598,760.4,301.3,0.955556,0.677778,0.966667,0.860556,15,False,2.6,PA_LANCASTER,725116,40.121,-76.294,40.08383,-76.30016
Mixed-Humid,suburban/small town,Suburban,CBSA,15500,"Burlington, NC",145113,63188,865.9,377.0,0.861111,0.844444,0.861111,0.855278,16,False,3.9,NC_BURLINGTON-RGNL-AP,723174,36.048,-79.474,36.07638,-79.41403
Mixed-Humid,suburban/small town,Suburban,CBSA,30020,"Lawton, OK",90568,40323,990.9,441.2,0.772222,0.994444,0.783333,0.852222,17,False,2.3,OK_FORT-SILL-POST-FLD-AF,723550,34.65,-98.4,34.61933,-98.41342
Mixed-Humid,suburban/small town,Suburban,CBSA,49180,"Winston-Salem, NC",556911,247326,728.3,323.5,0.972222,0.627778,0.972222,0.851667,18,False,6.3,NC_WINSTON-SALEM-REYNOLDS-AP,723193,36.133,-80.224,36.04625,-80.25822
Mixed-Humid,suburban/small town,Suburban,CBSA,26580,"Huntington-Ashland, WV-KY-OH",216568,101221,783.2,366.0,0.911111,0.711111,0.911111,0.841111,19,False,8.0,WV_HUNTINGTON-TRI-STATE-AP,724250,38.365,-82.555,38.43673,-82.43798
Mixed-Humid,suburban/small town,Suburban,CBSA,31340,"Lynchburg, VA",143414,62342,838.1,364.3,0.85,0.816667,0.855556,0.839445,20,False,3.7,VA_LYNCHBURG-RGNL-AP,724100,37.321,-79.206,37.37374,-79.22081
Mixed-Humid,suburban/small town,Suburban,CBSA,49620,"York-Hanover, PA",415846,170937,725.3,298.1,0.938889,0.611111,0.95,0.826389,21,False,6.4,PA_YORK-AP,725114,39.919,-76.877,39.95167,-76.76428
Mixed-Humid,suburban/small town,Suburban,CBSA,49020,"Winchester, VA-WV",89497,35961,915.5,367.9,0.733333,0.938889,0.777778,0.814167,22,False,1.3,VA_WINCHESTER-RGNL-AP,724053,39.143,-78.144,39.16067,-78.151
Mixed-Humid,suburban/small town,Suburban,CBSA,25180,"Hagerstown-Martinsburg, MD-WV",228021,94303,727.7,301.0,0.905556,0.622222,0.916667,0.808611,23,False,12.3,WV_MARTINSBURG-E-WV-RGNL-AP,724177,39.404,-77.975,39.54844,-77.84028
Mixed-Humid,suburban/small town,Suburban,CBSA,22900,"Fort Smith, AR-OK",148124,65141,763.6,335.8,0.872222,0.683333,0.866667,0.805,24,False,4.0,AR_FORT-SMITH-RGNL-AP,723440,35.333,-94.365,35.38537,-94.39531
Mixed-Humid,suburban/small town,Suburban,CBSA,25500,"Harrisonburg, VA",86816,32789,943.3,356.3,0.688889,0.961111,0.772222,0.800833,25,False,12.3,VA_STAUNTON-SHENANDOAH,724105,38.264,-78.896,38.43957,-78.8595
Mixed-Humid,suburban/small town,Suburban,CBSA,34060,"Morgantown, WV",86263,41039,859.6,408.9,0.777778,0.838889,0.766667,0.796945,26,False,1.5,WV_MORGANTOWN-HART-FIELD,724176,39.65,-79.921,39.62837,-79.91664
Mixed-Humid,suburban/small town,Suburban,CBSA,11700,"Asheville, NC",342272,164047,649.8,311.4,0.933333,0.494444,0.933333,0.779722,27,False,6.2,NC_ASHEVILLE-RGNL-AP,723150,35.432,-82.538,35.52211,-82.53399
Mixed-Humid,suburban/small town,Suburban,CBSA,31740,"Manhattan, KS",104927,44109,793.8,333.7,0.8,0.733333,0.811111,0.778889,28,False,1.6,KS_MANHATTAN-RGNL-AP,724555,39.135,-96.679,39.14769,-96.65397
Mixed-Humid,suburban/small town,Suburban,CBSA,27340,"Jacksonville, NC",164431,64009,720.8,280.6,0.866667,0.6,0.888889,0.777778,29,False,4.2,NC_NEW-RIVER-MCAF,723096,34.708,-77.44,34.74415,-77.37979
Mixed-Humid,suburban/small town,Suburban,CBSA,16620,"Charleston, WV",134787,69864,706.4,366.1,0.877778,0.588889,0.85,0.771111,30,False,5.5,WV_CHARLESTON-YEAGER-AP,724140,38.38,-81.591,38.36668,-81.69044
Mixed-Humid,suburban/small town,Suburban,CBSA,27780,"Johnstown, PA",75315,39156,806.1,419.1,0.755556,0.766667,0.705556,0.749445,31,False,3.0,PA_JOHNSTOWN-CAMBRIA-CO-AP,725127,40.315,-78.831,40.34996,-78.86395
Mixed-Humid,suburban/small town,Suburban,CBSA,27740,"Johnson City, TN",153960,72467,660.0,310.7,0.883333,0.505556,0.872222,0.748889,32,False,11.1,TN_TRI-CITIES-RGNL-AP,723350,36.48,-82.399,36.32089,-82.36668
Mixed-Humid,suburban/small town,Suburban,CBSA,20100,"Dover, DE",155875,62782,671.3,270.4,0.855556,0.527778,0.877778,0.745278,33,False,4.4,DE_DOVER-AFB,724088,39.133,-75.467,39.13506,-75.54837
Mixed-Humid,suburban/small town,Suburban,CBSA,36180,"Ocean Pines, MD",34436,47324,802.6,1102.9,0.816667,0.761111,0.533333,0.740556,34,False,3.3,MD_OCEAN-CITY-MUNI-APT,745946,38.309,-75.123,38.34523,-75.1629
Mixed-Humid,suburban/small town,Suburban,CBSA,27180,"Jackson, TN",98957,42937,745.0,323.3,0.794444,0.638889,0.794444,0.74,35,False,8.5,TN_JACKSON-MCKELLAR-RGNL-AP,723346,35.593,-88.917,35.68468,-88.81602
Mixed-Humid,suburban/small town,Suburban,CBSA,21060,"Elizabethtown, KY",77616,34001,824.6,361.2,0.694444,0.805556,0.722222,0.738889,36,False,6.1,KY_ADDINGTON-FLD,720451,37.686,-85.925,37.77354,-85.91855
Mixed-Humid,suburban/small town,Suburban,CBSA,30140,"Lebanon, PA",123271,51469,687.4,287.0,0.827778,0.566667,0.827778,0.736389,37,False,9.7,PA_MUIR-AAF,725144,40.433,-76.567,40.33304,-76.43862
Mixed-Humid,suburban/small town,Suburban,CBSA,27900,"Joplin, MO-KS",134592,59471,675.8,298.6,0.838889,0.533333,0.844444,0.733055,38,False,4.7,MO_JOPLIN-MUNI-AP,723495,37.152,-94.495,37.08487,-94.47698
Mixed-Humid,suburban/small town,Suburban,CBSA,28700,"Kingsport-Bristol, TN-VA",200071,94298,562.7,265.2,0.9,0.416667,0.905556,0.731945,39,False,5.3,TN_TRI-CITIES-RGNL-AP,723350,36.48,-82.399,36.55637,-82.39196
Mixed-Humid,suburban/small town,Suburban,CBSA,41540,"Salisbury, MD",82994,35213,791.7,335.9,0.722222,0.727778,0.755556,0.730833,40,False,5.2,MD_SALBRY-OCEAN-CTY-RGNL-AP,723980,38.341,-75.513,38.36462,-75.60455
Mixed-Humid,suburban/small town,Suburban,CBSA,37140,"Paducah, KY-IL",57756,28138,884.9,431.1,0.65,0.883333,0.644444,0.730555,41,False,7.5,KY_PADUCAH-BARKLEY-RGNL-AP,724350,37.056,-88.774,37.06228,-88.63736
Mixed-Humid,suburban/small town,Suburban,CBSA,39060,"Pottsville, PA",80776,39944,728.5,360.3,0.766667,0.633333,0.744444,0.715556,42,False,27.3,PA_READING-SPAATZ-FIELD,725103,40.373,-75.959,40.72954,-76.18192
Mixed-Humid,suburban/small town,Suburban,CBSA,42580,"Seaford, DE",175426,115762,503.8,332.4,0.916667,0.327778,0.894444,0.706111,43,False,4.4,DE_GEORGETOWN-SUSSEX,724093,38.69,-75.362,38.66557,-75.28617
Mixed-Humid,suburban/small town,Suburban,CBSA,19260,"Danville, VA",48803,25191,869.1,448.6,0.611111,0.855556,0.605556,0.695556,44,False,4.5,VA_DANVILLE-FAA-AP,724106,36.573,-79.335,36.59821,-79.41045
Mixed-Humid,suburban/small town,Suburban,CBSA,22100,"Farmington, MO",38385,15252,961.6,382.1,0.522222,0.977778,0.572222,0.691667,45,False,6.3,MO_FARMINGTON,724454,37.761,-90.428,37.84069,-90.48457
Mixed-Humid,suburban/small town,Suburban,CBSA,25860,"Hickory-Lenoir-Morganton, NC",295202,130895,455.9,202.1,0.922222,0.25,0.922222,0.686944,46,False,0.8,NC_HICKORY-RGNL-AP,723010,35.742,-81.382,35.75349,-81.38595
Mixed-Humid,suburban/small town,Suburban,CBSA,44980,"Sunbury, PA",60484,29865,790.2,390.2,0.666667,0.722222,0.655556,0.683889,47,False,12.0,PA_SELINSGROVE,725105,40.819,-76.866,40.89187,-76.6579
Mixed-Humid,suburban/small town,Suburban,CBSA,34780,"Muskogee, OK",37166,17053,894.9,410.6,0.555556,0.916667,0.555556,0.681945,48,False,6.6,OK_MUSKOGEE-DAVIS-FLD,723556,35.658,-95.366,35.75205,-95.34947
Mixed-Humid,suburban/small town,Suburban,CBSA,25850,"Hermitage, PA",59990,27911,797.5,371.0,0.638889,0.75,0.65,0.68,49,False,14.2,PA_NEW-CASTLE-MUNI-AP,720378,41.033,-80.417,41.23686,-80.37684
Mixed-Humid,suburban/small town,Suburban,CBSA,26300,"Hot Springs, AR",63231,34594,707.8,387.2,0.716667,0.594444,0.666667,0.663889,50,False,1.7,AR_MEMORIAL-FLD,723415,34.476,-93.104,34.48869,-93.07757
Mixed-Humid,suburban/small town,Suburban,CBSA,40580,"Rocky Mount, NC",82490,39926,645.6,312.5,0.761111,0.483333,0.75,0.661667,51,False,8.7,NC_ROCKY-MOUNT-WILSON,723068,35.85,-77.895,35.94116,-77.7884
Mixed-Humid,suburban/small town,Suburban,CBSA,17420,"Cleveland, TN",84311,34414,681.2,278.0,0.711111,0.538889,0.761111,0.660833,52,False,22.4,TN_CHATTANOOGA-LOVELL-FIELD-A,723240,35.034,-85.2,35.18179,-84.84793
Mixed-Humid,suburban/small town,Suburban,CBSA,27620,"Jefferson City, MO",71429,31864,727.2,324.4,0.672222,0.616667,0.7,0.658333,53,False,2.5,MO_JEFFERSON-CITY-MEM,724458,38.595,-92.157,38.62107,-92.19018
Mixed-Humid,suburban/small town,Suburban,CBSA,27860,"Jonesboro, AR",96112,41653,562.5,243.8,0.783333,0.411111,0.788889,0.654166,54,False,2.7,AR_JONESBORO-MUNI,723407,35.836,-90.644,35.80316,-90.6712
Mixed-Humid,suburban/small town,Suburban,CBSA,40780,"Russellville, AR",33221,13583,912.7,373.2,0.483333,0.933333,0.516667,0.6475,55,False,3.3,AR_RUSSELLVILLE-MUNI-AP,723429,35.257,-93.095,35.28073,-93.14574
Mixed-Humid,suburban/small town,Suburban,CBSA,38220,"Pine Bluff, AR",38449,19470,815.5,413.0,0.572222,0.783333,0.577778,0.647222,56,False,6.9,AR_PINE-BLUFF-FAA-AP,723417,34.18,-91.934,34.22918,-92.03852
Mixed-Humid,suburban/small town,Suburban,CBSA,30500,"Lexington Park, MD",191226,74999,408.0,160.0,0.894444,0.133333,0.9,0.629166,57,False,12.2,MD_PATUXENT-RIVER-NAS,724040,38.3,-76.417,38.43231,-76.56713
Mixed-Humid,suburban/small town,Suburban,CBSA,48700,"Williamsport, PA",76128,34250,625.2,281.3,0.7,0.472222,0.716667,0.623611,58,False,3.6,PA_WILLIAMSPORT-RGNL-AP,725140,41.243,-76.922,41.24012,-76.99084
Mixed-Humid,suburban/small town,Suburban,CBSA,33980,"Morehead City, NC",53567,42596,547.7,435.5,0.788889,0.4,0.622222,0.619444,59,False,10.4,NC_BOGUE-FLD-MCAF,723097,34.683,-77.033,34.73356,-76.86124
Mixed-Humid,suburban/small town,Suburban,CBSA,48980,"Wilson, NC",49735,23388,752.7,354.0,0.594444,0.655556,0.611111,0.619167,60,False,7.9,NC_ROCKY-MOUNT-WILSON,723068,35.85,-77.895,35.73882,-77.92761
Mixed-Humid,suburban/small town,Suburban,CBSA,40080,"Richmond-Berea, KY",70673,29699,666.2,279.9,0.661111,0.522222,0.694444,0.619166,61,False,5.0,KY_MADISON-RICHMOND,720455,37.633,-84.333,37.70129,-84.30021
Mixed-Humid,suburban/small town,Suburban,CBSA,40620,"Rolla, MO",25242,11581,936.7,429.7,0.438889,0.955556,0.433333,0.618611,62,False,12.1,MO_ROLLA-NATIONAL-AP,724420,38.132,-91.765,37.95851,-91.73546
Mixed-Humid,suburban/small town,Suburban,CBSA,20700,"East Stroudsburg, PA",133672,57783,435.8,188.4,0.833333,0.2,0.838889,0.612778,63,False,8.6,PA_MT-POCONO-MUNI,725434,41.137,-75.377,41.02911,-75.29361
Mixed-Humid,suburban/small town,Suburban,CBSA,44420,"Staunton-Stuarts Draft, VA",78240,35566,547.1,248.7,0.727778,0.394444,0.727778,0.611111,64,False,12.2,VA_STAUNTON-SHENANDOAH,724105,38.264,-78.896,38.10733,-78.99962
Mixed-Humid,suburban/small town,Suburban,CBSA,16540,"Chambersburg, PA",114936,49483,440.2,189.5,0.822222,0.216667,0.822222,0.610278,65,False,13.0,MD_HAGERSTOWN-RGNL-RIC,724066,39.706,-77.73,39.87738,-77.62927
Mixed-Humid,suburban/small town,Suburban,CBSA,43060,"Shawnee, OK",34770,14429,823.4,341.7,0.494444,0.8,0.538889,0.610278,66,False,0.4,OK_SHAWNEE,722187,35.357,-96.943,35.35731,-96.95097
Mixed-Humid,suburban/small town,Suburban,CBSA,34100,"Morristown, TN",80388,34289,527.6,225.0,0.705556,0.377778,0.733333,0.596389,67,False,32.2,TN_KNOXVILLE-DOWNTOWN,723264,35.964,-83.874,36.17017,-83.35757
Mixed-Humid,suburban/small town,Suburban,CBSA,25775,"Henderson, KY",23976,11467,888.1,424.8,0.433333,0.905556,0.416667,0.595278,68,False,6.7,KY_HENDERSON-CITY,724238,37.8,-87.683,37.83979,-87.57201
Mixed-Humid,suburban/small town,Suburban,CBSA,23180,"Frankfort, KY",53466,24166,686.2,310.2,0.6,0.555556,0.616667,0.587778,69,False,2.9,KY_CAPITAL-CITY-AP,724233,38.185,-84.904,38.15275,-84.86895
Mixed-Humid,suburban/small town,Suburban,CBSA,32740,"Meadville, PA",22962,10714,903.6,421.6,0.4,0.927778,0.394444,0.583611,70,False,9.2,PA_MEADVILLE,725104,41.626,-80.212,41.63862,-80.03551
Mixed-Humid,suburban/small town,Suburban,CBSA,41820,"Sanford, NC",37328,15186,754.2,306.8,0.516667,0.672222,0.566667,0.581111,71,False,9.1,NC_SANFORD,722201,35.582,-79.101,35.46111,-79.1671
Mixed-Humid,suburban/small town,Suburban,CBSA,26860,"Indiana, PA",34383,16298,746.2,353.7,0.55,0.644444,0.527778,0.578611,72,False,4.4,PA_INDIANA-CO-AP,725175,40.633,-79.1,40.59905,-79.17044
Mixed-Humid,suburban/small town,Suburban,CBSA,46100,"Tullahoma-Manchester, TN",31245,13296,801.8,341.2,0.472222,0.755556,0.488889,0.574722,73,False,4.8,TN_TULLAHOMA-RGNL-WM-NO,721031,35.38,-86.246,35.40788,-86.16731
Mixed-Humid,suburban/small town,Suburban,CBSA,17220,"Clarksburg, WV",38981,18680,698.5,334.7,0.566667,0.577778,0.583333,0.573889,74,False,5.8,WV_HARRISON-MARION-RGN,724175,39.302,-80.224,39.28683,-80.33086
Mixed-Humid,suburban/small town,Suburban,CBSA,35100,"New Bern, NC",69410,32450,515.4,241.0,0.683333,0.344444,0.688889,0.565833,75,False,1.8,NC_NEW-BERN-CRAVEN-CO-RGNL-AP,723095,35.068,-77.048,35.04712,-77.02818
Mixed-Humid,suburban/small town,Suburban,CBSA,21900,"Fairmont, WV",33729,15758,725.1,338.8,0.538889,0.605556,0.522222,0.558889,76,False,12.4,WV_HARRISON-MARION-RGN,724175,39.302,-80.224,39.47309,-80.15284
Mixed-Humid,suburban/small town,Suburban,CBSA,28820,"Kinston, NC",17482,9555,952.5,520.6,0.366667,0.972222,0.266667,0.558611,77,False,3.9,NC_KINSTON-STALLINGS-AFB,723067,35.317,-77.633,35.27602,-77.58574
Mixed-Humid,suburban/small town,Suburban,CBSA,40260,"Roanoke Rapids, NC",20160,9260,922.3,423.6,0.35,0.944444,0.344444,0.556944,78,False,8.4,NC_HALIFAX-NORTHAMPTON-RGNL-A,720649,36.33,-77.635,36.44905,-77.66825
Mixed-Humid,suburban/small town,Suburban,CBSA,28620,"Kill Devil Hills, NC",30863,27893,651.9,589.2,0.633333,0.5,0.483333,0.556666,79,False,2.0,NC_FIRST-FLIGHT,720282,36.018,-75.671,36.02282,-75.70681
Mixed-Humid,suburban/small town,Suburban,CBSA,18260,"Cookeville, TN",63252,28038,527.1,233.7,0.644444,0.372222,0.672222,0.554722,80,False,5.6,TN_UPPER-CUMBERLAND-RGNL-AP,723274,36.056,-85.531,36.13414,-85.50273
Mixed-Humid,suburban/small town,Suburban,CBSA,37500,"Paragould, AR",27351,11462,810.1,339.5,0.427778,0.772222,0.455556,0.553889,81,False,17.1,AR_JONESBORO-MUNI,723407,35.836,-90.644,36.05595,-90.50473
Mixed-Humid,suburban/small town,Suburban,CBSA,38240,"Pinehurst-Southern Pines, NC",64816,31975,462.3,228.1,0.677778,0.277778,0.677778,0.537778,82,False,2.7,NC_SOUTHERN-PINES(AWOS),723143,35.237,-79.391,35.20681,-79.42195
Mixed-Humid,suburban/small town,Suburban,CBSA,19060,"Cumberland, MD-WV",55613,26456,511.2,243.2,0.622222,0.338889,0.627778,0.524167,83,False,3.7,MD_CUMBERLAND-RGNL-AP,720355,39.6,-78.767,39.62213,-78.82951
Mixed-Humid,suburban/small town,Suburban,CBSA,25300,"Hannibal, MO",20620,9485,840.1,386.4,0.361111,0.822222,0.366667,0.523611,84,False,1.9,MO_HANNIBAL-RGNL-AP,720476,39.725,-91.444,39.73113,-91.4085
Mixed-Humid,suburban/small town,Suburban,CBSA,24140,"Goldsboro, NC",80650,36908,394.5,180.6,0.738889,0.116667,0.738889,0.521111,85,False,3.6,NC_GOLDSBORO-S-JOHNSON-AFB,723066,35.344,-77.965,35.39155,-77.9891
Mixed-Humid,suburban/small town,Suburban,CBSA,11360,"Anderson Creek, NC",100258,38750,347.1,134.1,0.75,0.061111,0.8,0.518889,86,False,7.9,NC_ERWIN-HARNETT-AP,746936,35.379,-78.734,35.3406,-78.86567
Mixed-Humid,suburban/small town,Suburban,CBSA,23900,"Gettysburg, PA",55769,22529,518.2,209.3,0.588889,0.361111,0.633333,0.518056,87,False,13.0,PA_YORK-AP,725114,39.919,-76.877,39.83103,-77.09269
Mixed-Humid,suburban/small town,Suburban,CBSA,42940,"Sevierville, TN",76119,38091,382.2,191.3,0.744444,0.1,0.711111,0.512222,88,False,17.2,TN_KNOXVILLE-DOWNTOWN,723264,35.964,-83.874,35.87972,-83.5846
Mixed-Humid,suburban/small town,Suburban,CBSA,30580,"Liberal, KS",19107,7349,943.5,362.9,0.233333,0.966667,0.327778,0.508889,89,False,2.3,KS_LIBERAL-MUNI,724516,37.05,-100.967,37.03813,-100.92722
Mixed-Humid,suburban/small town,Suburban,CBSA,13220,"Beckley, WV",57097,27503,461.9,222.5,0.627778,0.272222,0.638889,0.505556,90,False,3.4,WV_BECKLEY-RALEIGH-CO-MEM-AP,724120,37.784,-81.123,37.81426,-81.17316
Mixed-Humid,suburban/small town,Suburban,CBSA,14380,"Boone, NC",31526,13729,662.6,288.6,0.488889,0.516667,0.494444,0.499722,91,False,1.7,NC_BOONE-WATAUGA-HOSPTL,722198,36.2,-81.65,36.21462,-81.67446
Mixed-Humid,suburban/small town,Suburban,CBSA,32300,"Martinsville, VA",32423,16255,588.4,295.0,0.544444,0.438889,0.505556,0.499722,92,False,8.2,VA_MARTINSVILLE,745985,36.631,-80.018,36.6784,-79.88194
Mixed-Humid,suburban/small town,Suburban,CBSA,43140,"Shelby-Kings Mountain, NC",66255,28396,425.2,182.2,0.655556,0.172222,0.683333,0.491945,93,False,6.0,NC_SHELBY-MUNI,720277,35.256,-81.601,35.26327,-81.49449
Mixed-Humid,suburban/small town,Suburban,CBSA,25700,"Hays, KS",16984,7609,882.5,395.4,0.261111,0.877778,0.25,0.474722,94,False,3.6,KS_HAYS-MUNI(AWOS),724518,38.85,-99.267,38.87283,-99.32639
Mixed-Humid,suburban/small town,Suburban,CBSA,10220,"Ada, OK",16069,7749,869.2,419.2,0.272222,0.861111,0.222222,0.468333,95,False,2.6,OK_ADA,722044,34.804,-96.671,34.7672,-96.65815
Mixed-Humid,suburban/small town,Suburban,CBSA,43700,"Somerset, KY",33037,14679,540.7,240.3,0.505556,0.388889,0.511111,0.465834,96,False,1.2,KY_SOMERSET-PULASKI-CO,724354,37.054,-84.615,37.06501,-84.63125
Mixed-Humid,suburban/small town,Suburban,CBSA,14140,"Bluefield, WV-VA",47968,24195,436.7,220.3,0.605556,0.205556,0.6,0.464445,97,False,4.1,WV_BLUEFIELD-MERCER-CO,724125,37.298,-81.204,37.28554,-81.27666
Mixed-Humid,suburban/small town,Suburban,CBSA,30260,"Lewisburg, PA",20356,6230,887.6,271.6,0.161111,0.894444,0.355556,0.456667,98,False,11.0,PA_SELINSGROVE,725105,40.819,-76.866,40.97019,-76.92998
Mixed-Humid,suburban/small town,Suburban,CBSA,38740,"Poplar Bluff, MO",18414,8632,773.0,362.4,0.311111,0.7,0.3,0.445,99,False,4.6,MO_POPLAR-BLUFF(AMOS),723300,36.77,-90.322,36.76485,-90.40576
Mixed-Humid,suburban/small town,Suburban,CBSA,18340,"Corbin, KY",61702,26001,373.3,157.3,0.616667,0.094444,0.661111,0.442778,100,False,5.5,KY_LONDON-CORBIN-AP,724243,37.09,-84.069,37.011,-84.05627
Mixed-Humid,suburban/small town,Suburban,CBSA,14700,"Branson, MO",37196,19740,433.3,229.9,0.577778,0.188889,0.561111,0.438333,101,False,9.1,MO_BRANSON-AP,720616,36.533,-93.2,36.66456,-93.21779
Mixed-Humid,suburban/small town,Suburban,CBSA,38260,"Pittsburg, KS",16624,7530,819.4,371.2,0.25,0.788889,0.244444,0.4375,102,False,3.0,KS_ATKINSON-MUNICIPAL-AP,720436,37.45,-94.733,37.41635,-94.69836
Mixed-Humid,suburban/small town,Suburban,CBSA,30060,"Lebanon, MO",14968,6665,872.9,388.7,0.188889,0.866667,0.194444,0.427222,103,False,1.9,MO_FLOYD-W-JONES-LEBANON,720477,37.648,-92.652,37.67396,-92.66377
Mixed-Humid,suburban/small town,Suburban,CBSA,20340,"Duncan, OK",23184,10857,595.7,278.9,0.405556,0.444444,0.4,0.418056,104,False,3.1,OK_HALLIBURTON-FLD,722078,34.471,-97.951,34.51483,-97.96431
Mixed-Humid,suburban/small town,Suburban,CBSA,32540,"McAlester, OK",17887,8068,746.7,336.8,0.288889,0.65,0.288889,0.415278,105,False,3.8,OK_MCALESTER-MUNI-AP,723566,34.882,-95.782,34.93612,-95.76633
Mixed-Humid,suburban/small town,Suburban,CBSA,33620,"Moberly, MO",12363,5862,936.4,444.0,0.133333,0.95,0.105556,0.413611,106,False,3.5,MO_OMAR-N-BRADLEY,720482,39.464,-92.427,39.41466,-92.44139
Mixed-Humid,suburban/small town,Suburban,CBSA,22780,"Fort Leonard Wood, MO",28162,9090,629.3,203.1,0.338889,0.477778,0.466667,0.413056,107,False,3.5,MO_FT-LNRD-WD-AAF,724457,37.75,-92.15,37.79972,-92.15757
Mixed-Humid,suburban/small town,Suburban,CBSA,40460,"Rockingham, NC",19065,8898,688.5,321.3,0.327778,0.572222,0.322222,0.412222,108,False,2.3,NC_RICHMOND-CO-AP,722243,34.891,-79.759,34.92165,-79.74292
Mixed-Humid,suburban/small town,Suburban,CBSA,48200,"Waynesville, NC",38990,20848,364.6,194.9,0.583333,0.083333,0.588889,0.409444,109,False,23.1,NC_ASHEVILLE-RGNL-AP,723150,35.432,-82.538,35.52306,-82.93388
Mixed-Humid,suburban/small town,Suburban,CBSA,42620,"Searcy, AR",37061,15501,418.2,174.9,0.533333,0.161111,0.55,0.406389,110,False,2.4,AR_SEARCY,722188,35.212,-91.737,35.23298,-91.77011
Mixed-Humid,suburban/small town,Suburban,CBSA,43460,"Sikeston, MO",25929,12207,493.1,232.1,0.455556,0.322222,0.438889,0.405556,111,False,2.9,MO_SIKESTON-MEM-MUNI,720488,36.899,-89.562,36.9219,-89.51775
Mixed-Humid,suburban/small town,Suburban,CBSA,24620,"Greeneville, TN",28916,12578,473.4,205.9,0.461111,0.288889,0.477778,0.404167,112,False,32.1,TN_TRI-CITIES-RGNL-AP,723350,36.48,-82.399,36.16384,-82.82254
Mixed-Humid,suburban/small town,Suburban,CBSA,25780,"Henderson, NC",22767,10107,578.2,256.7,0.388889,0.433333,0.383333,0.403333,113,False,8.5,NC_OXFORD-HENDERSON,720288,36.361,-78.529,36.31276,-78.38765
Mixed-Humid,suburban/small town,Suburban,CBSA,31300,"Lumberton, NC",42883,17780,372.9,154.6,0.561111,0.088889,0.594444,0.4025,114,False,4.4,NC_LUMBERTON-MUNI,723108,34.608,-79.059,34.66828,-79.08549
Mixed-Humid,suburban/small town,Suburban,CBSA,23980,"Glasgow, KY",13778,6690,813.4,394.9,0.194444,0.777778,0.166667,0.393056,115,False,2.4,KY_GLASGOW,722322,37.033,-85.95,37.00457,-85.9251
Mixed-Humid,suburban/small town,Suburban,CBSA,20460,"Durant, OK",19736,8212,681.4,283.5,0.3,0.544444,0.333333,0.392222,116,False,4.6,OK_EAKER-FLD,742513,33.942,-96.394,34.00876,-96.39934
Mixed-Humid,suburban/small town,Suburban,CBSA,11680,"Arkansas City-Winfield, KS",20561,9452,606.0,278.6,0.355556,0.455556,0.361111,0.391667,117,False,1.4,KS_WINFIELD-ARK-CITY,724502,37.165,-97.035,37.15594,-97.01318
Mixed-Humid,suburban/small town,Suburban,CBSA,23780,"Garden City, KS",27272,10496,511.2,196.7,0.394444,0.338889,0.45,0.386111,118,False,8.7,KS_GARDEN-CITY-MUNI-AP,724515,37.922,-100.724,37.99265,-100.85546
Mixed-Humid,suburban/small town,Suburban,CBSA,21020,"Elizabeth City, NC",35493,15335,388.1,167.7,0.527778,0.111111,0.544444,0.385278,119,False,5.0,NC_ELZ-CTY-CGAS-RGNL-AP,723070,36.258,-76.172,36.29616,-76.24776
Mixed-Humid,suburban/small town,Suburban,CBSA,18900,"Crossville, TN",27594,13556,439.0,215.7,0.477778,0.211111,0.461111,0.381111,120,False,3.4,TN_CROSSVILLE-MEM-WHITSON,723250,35.951,-85.081,35.93106,-85.0246
Mixed-Humid,suburban/small town,Suburban,CBSA,47820,"Washington, NC",13066,7466,772.3,441.3,0.244444,0.694444,0.138889,0.380833,121,False,1.9,NC_WARREN-FLD-AP,746925,35.57,-77.05,35.54524,-77.03501
Mixed-Humid,suburban/small town,Suburban,CBSA,20980,"El Dorado, AR",17808,8049,684.9,309.6,0.283333,0.55,0.283333,0.376666,122,False,8.6,AR_EL-DORADO-GOODWIN-FIELD,723419,33.221,-92.814,33.21942,-92.666
Mixed-Humid,suburban/small town,Suburban,CBSA,20540,"Dyersburg, TN",14461,6787,784.1,368.0,0.2,0.716667,0.177778,0.376389,123,False,4.0,TN_DYERSBURG-MUNI-AP,723347,36.0,-89.409,36.05025,-89.37245
Mixed-Humid,suburban/small town,Suburban,CBSA,20180,"DuBois, PA",25172,12734,441.3,223.3,0.466667,0.222222,0.427778,0.373333,124,False,12.7,PA_DUBOIS-FAA-AP,725125,41.179,-78.893,41.10389,-78.6709
Mixed-Humid,suburban/small town,Suburban,CBSA,19980,"Dodge City, KS",18496,6472,753.7,263.7,0.177778,0.661111,0.305556,0.3725,125,False,3.8,KS_DODGE-CITY-RGNL-AP,724510,37.771,-99.969,37.75109,-100.03344
Mixed-Humid,suburban/small town,Suburban,CBSA,22580,"Forest City, NC",31974,14707,362.0,166.5,0.511111,0.072222,0.5,0.355278,126,False,7.1,NC_RUTHERFORDTON,723144,35.428,-81.935,35.33794,-81.87597
Mixed-Humid,suburban/small town,Suburban,CBSA,34340,"Mount Airy, NC",24894,12067,433.8,210.3,0.45,0.194444,0.422222,0.355,127,False,5.0,NC_MOUNT-AIRY-CO-AP,723177,36.46,-80.553,36.47365,-80.64091
Mixed-Humid,suburban/small town,Suburban,CBSA,34660,"Murray, KY",22598,9671,490.2,209.8,0.377778,0.311111,0.377778,0.354445,128,False,4.7,KY_KYLE-OAKLEY-FIELD-AP,720447,36.665,-88.373,36.61209,-88.31934
Mixed-Humid,suburban/small town,Suburban,CBSA,43740,"Somerset, PA",23279,11097,442.9,211.1,0.416667,0.238889,0.405556,0.352222,129,False,18.1,PA_JOHNSTOWN-CAMBRIA-CO-AP,725127,40.315,-78.831,40.08759,-79.00151
Mixed-Humid,suburban/small town,Suburban,CBSA,43180,"Shelbyville, TN",28672,11103,431.9,167.2,0.422222,0.183333,0.472222,0.348611,130,False,13.9,TN_TULLAHOMA-RGNL-WM-NO,721031,35.38,-86.246,35.49139,-86.45232
Mixed-Humid,suburban/small town,Suburban,CBSA,31580,"Madisonville, KY",20680,9630,474.2,220.8,0.372222,0.294444,0.372222,0.345,131,False,27.7,KY_STURGIS-AAF-KY,749077,37.541,-87.952,37.32938,-87.52421
Mixed-Humid,suburban/small town,Suburban,CBSA,20660,"Easton, MD",17695,8843,554.6,277.1,0.322222,0.405556,0.277778,0.3425,132,False,3.5,MD_EASTON-NEWMAN-FLD,724043,38.804,-76.069,38.76313,-76.10888
Mixed-Humid,suburban/small town,Suburban,CBSA,14180,"Blytheville, AR",19954,9987,461.0,230.7,0.383333,0.261111,0.338889,0.331666,133,False,5.8,AR_BLYTHEVILLE-AFB,723408,35.967,-89.95,35.88323,-89.96264
Mixed-Humid,suburban/small town,Suburban,CBSA,45140,"Tahlequah, OK",17375,7749,572.2,255.2,0.272222,0.427778,0.255556,0.323333,134,False,2.4,OK_TAHLEQUAH,722199,35.929,-95.004,35.92145,-94.96219
Mixed-Humid,suburban/small town,Suburban,CBSA,25770,"Hemlock Farms, PA",23442,14557,332.6,206.5,0.5,0.044444,0.411111,0.322778,135,False,17.2,NJ_SUSSEX,740001,41.199,-74.626,41.24662,-74.95071
Mixed-Humid,suburban/small town,Suburban,CBSA,30380,"Lewistown, PA",17475,8703,516.7,257.3,0.316667,0.35,0.261111,0.317222,136,False,5.6,PA_MIFFLIN-CO,725203,40.677,-77.627,40.61609,-77.55777
Mixed-Humid,suburban/small town,Suburban,CBSA,34260,"Mountain Home, AR",17645,9126,484.8,250.7,0.344444,0.305556,0.272222,0.316389,137,False,5.4,AR_MOUNTAIN-HOME-BAXTER,723439,36.371,-92.472,36.3385,-92.3838
Mixed-Humid,suburban/small town,Suburban,CBSA,30820,"Lock Haven, PA",13118,5604,754.0,322.1,0.111111,0.666667,0.144444,0.312222,138,False,26.2,PA_WILLIAMSPORT-RGNL-AP,725140,41.243,-76.922,41.15701,-77.41278
Mixed-Humid,suburban/small town,Suburban,CBSA,10620,"Albemarle, NC",22917,10891,411.5,195.5,0.411111,0.138889,0.388889,0.311389,139,False,8.3,NC_ALBEMARLE,722148,35.417,-80.151,35.33997,-80.26337
Mixed-Humid,suburban/small town,Suburban,CBSA,25460,"Harrison, AR",13584,6634,687.1,335.6,0.183333,0.561111,0.155556,0.31,140,False,3.2,AR_BOONE-CO-AP,723450,36.267,-93.157,36.24098,-93.10909
Mixed-Humid,suburban/small town,Suburban,CBSA,35900,"North Wilkesboro, NC",26117,11760,343.4,154.6,0.444444,0.055556,0.444444,0.308333,141,False,5.5,NC_NORTH-WILKESBORO,723165,36.223,-81.098,36.18063,-81.18177
Mixed-Humid,suburban/small town,Suburban,CBSA,32280,"Martin, TN",8639,3676,837.8,356.5,0.027778,0.811111,0.038889,0.304167,142,False,26.0,TN_HENRY-CO,722781,36.338,-88.383,36.33929,-88.85029
Mixed-Humid,suburban/small town,Suburban,CBSA,32660,"McMinnville, TN",20180,8945,441.8,195.8,0.333333,0.233333,0.35,0.301666,143,False,29.0,TN_UPPER-CUMBERLAND-RGNL-AP,723274,36.056,-85.531,35.69458,-85.79609
Mixed-Humid,suburban/small town,Suburban,CBSA,11060,"Altus, OK",15009,7458,569.6,283.0,0.238889,0.422222,0.205556,0.296389,144,False,3.5,OK_ALTUS,720354,34.699,-99.338,34.64815,-99.33897
Mixed-Humid,suburban/small town,Suburban,CBSA,31620,"Magnolia, AR",9785,4305,777.9,342.2,0.05,0.705556,0.044444,0.278333,145,False,25.0,AR_EL-DORADO-GOODWIN-FIELD,723419,33.221,-92.814,33.27508,-93.24218
Mixed-Humid,suburban/small town,Suburban,CBSA,29900,"Laurinburg, NC",16332,7021,524.3,225.4,0.216667,0.366667,0.238889,0.273611,146,False,6.7,NC_MAXTON,723109,34.791,-79.368,34.75918,-79.47921
Mixed-Humid,suburban/small town,Suburban,CBSA,28860,"Kirksville, MO",14876,6159,616.5,255.2,0.15,0.466667,0.188889,0.268611,147,False,7.2,MO_KIRKSVILLE-RGNL-AP,724455,40.097,-92.547,40.19927,-92.57711
Mixed-Humid,suburban/small town,Suburban,CBSA,23190,"Franklin, KY",4538,1884,796.4,330.6,0.005556,0.744444,0.005556,0.264167,148,False,20.5,KY_BOWLING-GREEN-WARREN-CO-AP,746716,36.965,-86.424,36.70177,-86.5956
Mixed-Humid,suburban/small town,Suburban,CBSA,48460,"West Plains, MO",11481,5331,699.8,324.9,0.094444,0.583333,0.083333,0.263333,149,False,9.6,MO_WEST-PLAINS-ASOS,723484,36.879,-91.905,36.74203,-91.88028
Mixed-Humid,suburban/small town,Suburban,CBSA,19220,"Danville, KY",18536,7574,454.5,185.7,0.255556,0.244444,0.311111,0.262778,150,False,5.2,KY_STUART-POWELL-FIELD-AP,720448,37.578,-84.77,37.65187,-84.75095
Mixed-Humid,suburban/small town,Suburban,CBSA,11940,"Athens, TN",18768,8491,415.5,188.0,0.305556,0.15,0.316667,0.253334,151,False,43.5,TN_KNOXVILLE-MCGHEE-TYSON-AP,723260,35.818,-83.986,35.43469,-84.60144
Mixed-Humid,suburban/small town,Suburban,CBSA,29470,"Lake of the Woods, VA",12272,5121,648.0,270.4,0.077778,0.488889,0.1,0.226111,152,False,13.8,VA_CULPEPER,723098,38.527,-77.859,38.34245,-77.75947
Mixed-Humid,suburban/small town,Suburban,CBSA,49010,"Winchester, TN",12927,6156,540.4,257.3,0.144444,0.383333,0.127778,0.224722,153,False,2.6,TN_WINCHESTER-MUNI,720974,35.178,-86.066,35.19266,-86.10853
Mixed-Humid,suburban/small town,Suburban,CBSA,36840,"Ottawa, KS",10064,4459,660.6,292.7,0.061111,0.511111,0.05,0.216389,154,False,25.9,KS_OLATHE-JOHNSON-CO-INDUSTRL,724475,38.822,-94.89,38.59981,-95.27786
Mixed-Humid,suburban/small town,Suburban,CBSA,15820,"Campbellsville, KY",18063,7756,362.5,155.7,0.277778,0.077778,0.294444,0.211111,155,False,2.3,KY_CAMPBELLVILLE-TAYLOR-CO,720445,37.358,-85.309,37.34831,-85.34932
Mixed-Humid,suburban/small town,Suburban,CBSA,42780,"Selinsgrove, PA",11558,4458,601.4,231.9,0.055556,0.45,0.088889,0.200278,156,False,0.7,PA_SELINSGROVE,725105,40.819,-76.866,40.82846,-76.86088
Mixed-Humid,suburban/small town,Suburban,CBSA,28380,"Kennett, MO",15056,7214,415.2,199.0,0.227778,0.144444,0.211111,0.195278,157,False,8.6,MO_KENNETT-MEM,720331,36.226,-90.037,36.34962,-90.02674
Mixed-Humid,suburban/small town,Suburban,CBSA,35460,"Newport, TN",16305,8089,242.0,120.1,0.294444,0.011111,0.233333,0.183055,158,False,36.3,TN_KNOXVILLE-DOWNTOWN,723264,35.964,-83.874,35.95629,-83.2249
Mixed-Humid,suburban/small town,Suburban,CBSA,46460,"Union City, TN",8474,3874,614.9,281.1,0.033333,0.461111,0.033333,0.183055,159,False,35.5,TN_DYERSBURG-MUNI-AP,723347,36.0,-89.409,36.41414,-89.03099
Mixed-Humid,suburban/small town,Suburban,CBSA,37540,"Paris, TN",10691,5221,491.1,239.8,0.083333,0.316667,0.072222,0.162778,160,False,4.7,TN_HENRY-CO,722781,36.338,-88.383,36.29329,-88.31952
Mixed-Humid,suburban/small town,Suburban,CBSA,32460,"Mayfield, KY",14969,7152,337.3,161.2,0.222222,0.05,0.2,0.1575,161,False,16.0,KY_KYLE-OAKLEY-FIELD-AP,720447,36.665,-88.373,36.72033,-88.65386
Mixed-Humid,suburban/small town,Suburban,CBSA,33060,"Miami, OK",14463,6384,404.8,178.7,0.166667,0.127778,0.183333,0.156389,162,False,0.8,OK_MIAMI-MUNI,720255,36.909,-94.888,36.89919,-94.87931
Mixed-Humid,suburban/small town,Suburban,CBSA,32700,"McPherson, KS",14430,6447,403.7,180.4,0.172222,0.122222,0.172222,0.154722,163,False,23.9,KS_HUTCHINSON-MUNI-AP,724506,38.068,-97.861,38.37727,-97.66553
Mixed-Humid,suburban/small town,Suburban,CBSA,33020,"Mexico, MO",16077,6887,313.1,134.1,0.205556,0.027778,0.227778,0.147778,164,False,3.3,MO_MEXICO-MEM,720484,39.158,-91.818,39.20359,-91.80297
Mixed-Humid,suburban/small town,Suburban,CBSA,22620,"Forrest City, AR",13613,4924,441.8,159.8,0.072222,0.233333,0.161111,0.146389,165,False,32.5,AR_WEST-MEMPHIS-MUNI-AP,722054,35.14,-90.236,35.00429,-90.78542
Mixed-Humid,suburban/small town,Suburban,CBSA,29980,"Lawrenceburg, TN",15642,6927,272.5,120.7,0.211111,0.022222,0.216667,0.146111,166,False,22.3,TN_MAURY-CO,723249,35.554,-87.179,35.2474,-87.30043
Mixed-Humid,suburban/small town,Suburban,CBSA,14820,"Brevard, NC",10221,5279,461.8,238.5,0.088889,0.266667,0.061111,0.145556,167,False,17.9,NC_ASHEVILLE-RGNL-AP,723150,35.432,-82.538,35.23165,-82.73847
Mixed-Humid,suburban/small town,Suburban,CBSA,32000,"Marion, NC",12669,5862,430.3,199.1,0.133333,0.177778,0.111111,0.144444,168,False,17.8,NC_RUTHERFORDTON,723144,35.428,-81.935,35.67784,-82.01449
Mixed-Humid,suburban/small town,Suburban,CBSA,34460,"Mount Sterling, KY",13413,5823,418.0,181.5,0.122222,0.155556,0.15,0.139444,169,False,1.9,KY_MT-STERLING-MONTG,720456,38.067,-83.983,38.04145,-83.96849
Mixed-Humid,suburban/small town,Suburban,CBSA,25100,"Guymon, OK",11181,4182,465.6,174.1,0.044444,0.283333,0.077778,0.134722,170,False,1.3,OK_GUYMON-MUNI-AP,722095,36.682,-101.505,36.68938,-101.4844
Mixed-Humid,suburban/small town,Suburban,CBSA,11860,"Atchison, KS",5481,1920,518.2,181.5,0.011111,0.361111,0.011111,0.133611,171,False,16.5,MO_ST-JOSEPH-ROSECRANS-MEM,724490,39.768,-94.91,39.58409,-95.10775
Mixed-Humid,suburban/small town,Suburban,CBSA,31680,"Malvern, AR",10631,4738,460.7,205.3,0.066667,0.255556,0.066667,0.132778,172,False,19.6,AR_MEMORIAL-FLD,723415,34.476,-93.104,34.35616,-92.79136
Mixed-Humid,suburban/small town,Suburban,CBSA,11660,"Arkadelphia, AR",8386,3897,480.2,223.2,0.038889,0.3,0.027778,0.128056,173,False,1.3,AR_DEXTER-FLORENCE-MEM-FLD,720394,34.1,-93.066,34.11728,-93.07623
Mixed-Humid,suburban/small town,Suburban,CBSA,41260,"St. Marys, PA",11700,5588,421.9,201.5,0.105556,0.166667,0.094444,0.124722,174,False,23.4,PA_DUBOIS-FAA-AP,725125,41.179,-78.893,41.44036,-78.60633
Mixed-Humid,suburban/small town,Suburban,CBSA,49260,"Woodward, OK",12678,6206,326.8,160.0,0.155556,0.038889,0.116667,0.106945,175,False,5.9,OK_WEST-WOODWARD-AP,722152,36.437,-99.521,36.42111,-99.41622
Mixed-Humid,suburban/small town,Suburban,CBSA,38210,"Pikeville, KY",12996,5939,317.9,145.3,0.138889,0.033333,0.133333,0.100833,176,False,2.9,KY_PIKE-CO-HATCHER-FLD,720464,37.562,-82.566,37.56753,-82.61923
Mixed-Humid,suburban/small town,Suburban,CBSA,12900,"Batesville, AR",12720,5790,266.2,121.2,0.116667,0.016667,0.122222,0.082778,177,False,5.0,AR_BATESVILLE-RGNL-AP,723448,35.726,-91.647,35.78395,-91.59222
Mixed-Humid,suburban/small town,Suburban,CBSA,15780,"Camden, AR",10129,5465,354.2,191.1,0.1,0.066667,0.055556,0.079445,178,False,5.8,AR_HARRELL-FIELD-AP,723425,33.617,-92.767,33.56586,-92.84707
Mixed-Humid,suburban/small town,Suburban,CBSA,33180,"Middlesborough, KY",6956,3391,382.7,186.6,0.022222,0.105556,0.022222,0.051389,179,False,0.6,KY_MIDDLESBORO,720353,36.611,-83.738,36.60675,-83.74805
Mixed-Humid,suburban/small town,Suburban,CBSA,22190,"Fayetteville, TN",6356,2255,235.1,83.4,0.016667,0.005556,0.016667,0.012778,180,False,12.2,AL_HUNTSVILLE,720307,34.861,-86.557,35.03653,-86.53196
Mixed-Humid,rural,Rural,County,10005,Census Tract 501.03; Sussex County; Delaware,72373,32142,123.1,54.7,1.0,0.958246,0.998956,0.985177,1,True,5.1,DE_GEORGETOWN-SUSSEX,724093,38.69,-75.362,38.65696,-75.44591
Mixed-Humid,rural,Rural,County,42011,Census Tract 101; Berks County; Pennsylvania,52137,20760,123.9,49.4,0.956159,0.960334,0.983299,0.963048,2,False,6.2,PA_READING-SPAATZ-FIELD,725103,40.373,-75.959,40.4624,-75.94725
Mixed-Humid,rural,Rural,County,42001,Census Tract 301.01; Adams County; Pennsylvania,49414,20848,120.2,50.7,0.958246,0.949896,0.971816,0.958037,3,False,19.0,PA_YORK-AP,725114,39.919,-76.877,39.87423,-77.23128
Mixed-Humid,rural,Rural,County,42051,Census Tract 2602; Fayette County; Pennsylvania,68390,31855,98.5,45.9,0.998956,0.881002,0.997912,0.957463,4,False,23.0,WV_MORGANTOWN-HART-FIELD,724176,39.65,-79.921,39.93879,-79.70487
Mixed-Humid,rural,Rural,County,37157,Census Tract 401.01; Rockingham County; North Carolina,52719,24308,107.3,49.5,0.979123,0.912317,0.984342,0.956785,5,False,4.9,NC_REIDSVILLE-SHILOH,742077,36.437,-79.851,36.38219,-79.7957
Mixed-Humid,rural,Rural,County,42129,Census Tract 8017.01; Westmoreland County; Pennsylvania,62054,30601,97.8,48.2,0.995825,0.876827,0.995825,0.954176,6,False,3.5,PA_ARNOLD-PALMER-RGNL-AP,725207,40.283,-79.4,40.3212,-79.44256
Mixed-Humid,rural,Rural,County,42019,Census Tract 9101; Butler County; Pennsylvania,54497,24544,100.8,45.4,0.981211,0.890397,0.988518,0.950887,7,False,10.7,PA_BUTLER-CO-AP,725124,40.777,-79.95,40.93148,-79.92666
Mixed-Humid,rural,Rural,County,42107,Census Tract 1; Schuylkill County; Pennsylvania,62483,27348,93.6,41.0,0.994781,0.866388,0.996868,0.950261,8,False,25.6,PA_READING-SPAATZ-FIELD,725103,40.373,-75.959,40.69375,-76.2035
Mixed-Humid,rural,Rural,County,24021,Census Tract 7513.02; Frederick County; Maryland,50799,19352,117.1,44.6,0.942589,0.940501,0.981211,0.949583,9,False,4.1,MD_FREDERICK-MUNI-AP,722081,39.417,-77.383,39.47119,-77.41239
Mixed-Humid,rural,Rural,County,42069,Census Tract 1101; Lackawanna County; Pennsylvania,41838,19606,120.6,56.5,0.944676,0.951983,0.947808,0.94786,10,False,10.7,PA_WILKES-BARRE-SCRANTON-IAP,725130,41.333,-75.723,41.4561,-75.59821
Mixed-Humid,rural,Rural,County,42021,Census Tract 101; Cambria County; Pennsylvania,57040,25338,95.9,42.6,0.983299,0.874739,0.992693,0.947182,11,False,13.6,PA_JOHNSTOWN-CAMBRIA-CO-AP,725127,40.315,-78.831,40.48663,-78.7064
Mixed-Humid,rural,Rural,County,42133,Census Tract 203.21; York County; Pennsylvania,43466,17671,131.3,53.4,0.924843,0.967641,0.956159,0.946085,12,False,12.9,PA_YORK-AP,725114,39.919,-76.877,39.85268,-76.64858
Mixed-Humid,rural,Rural,County,37155,Census Tract 9601.01; Robeson County; North Carolina,73975,31094,88.9,37.4,0.996868,0.846555,1.0,0.944885,13,False,4.8,NC_LUMBERTON-MUNI,723108,34.608,-79.059,34.67078,-79.09528
Mixed-Humid,rural,Rural,County,37151,Census Tract 305.03; Randolph County; North Carolina,55007,24768,92.5,41.6,0.982255,0.862213,0.990605,0.94191,14,False,8.9,NC_ASHEBORO-MUNI,746935,35.654,-79.895,35.73406,-79.7701
Mixed-Humid,rural,Rural,County,37069,Census Tract 601; Franklin County; North Carolina,46425,19782,109.0,46.5,0.947808,0.91858,0.965553,0.941127,15,False,3.4,NC_FRANKLIN-CO-AP,722141,36.023,-78.33,36.06105,-78.29276
Mixed-Humid,rural,Rural,County,42079,Census Tract 2111.02; Luzerne County; Pennsylvania,54920,27041,88.6,43.6,0.992693,0.844468,0.989562,0.940188,16,False,20.0,PA_WILKES-BARRE-SCRANTON-IAP,725130,41.333,-75.723,41.16035,-76.03314
Mixed-Humid,rural,Rural,County,42089,Census Tract 3001.01; Monroe County; Pennsylvania,34112,21675,113.1,71.9,0.965553,0.93215,0.89666,0.940083,17,False,3.7,PA_MT-POCONO-MUNI,725434,41.137,-75.377,41.08778,-75.3509
Mixed-Humid,rural,Rural,County,42071,Census Tract 102.01; Lancaster County; Pennsylvania,43846,15265,161.5,56.2,0.886221,0.994781,0.957203,0.938413,18,False,11.6,PA_LANCASTER,725116,40.121,-76.294,39.96385,-76.21634
Mixed-Humid,rural,Rural,County,37171,Census Tract 9301.01; Surry County; North Carolina,46513,21542,97.9,45.3,0.963466,0.877871,0.966597,0.934134,19,False,7.1,NC_MOUNT-AIRY-CO-AP,723177,36.46,-80.553,36.40661,-80.66305
Mixed-Humid,rural,Rural,County,37167,Census Tract 9301.01; Stanly County; North Carolina,40640,17401,119.7,51.3,0.917537,0.946764,0.942589,0.932777,20,False,9.7,NC_ALBEMARLE,722148,35.417,-80.151,35.30117,-80.24854
Mixed-Humid,rural,Rural,County,42125,Census Tract 7110; Washington County; Pennsylvania,53764,25571,82.2,39.1,0.98643,0.81524,0.987474,0.926722,21,False,5.1,PA_WASHINGTON(AWOS),725117,40.133,-80.283,40.19876,-80.23887
Mixed-Humid,rural,Rural,County,51019,Census Tract 301.01; Bedford County; Virginia,56119,27260,77.3,37.6,0.993737,0.798539,0.991649,0.925,22,False,18.4,VA_LYNCHBURG-RGNL-AP,724100,37.321,-79.206,37.31136,-79.54064
Mixed-Humid,rural,Rural,County,37101,Census Tract 401.01; Johnston County; North Carolina,42019,18241,103.6,45.0,0.933194,0.899791,0.949896,0.924843,23,False,6.3,NC_JOHNSTON-CO,722131,35.541,-78.39,35.47281,-78.31633
Mixed-Humid,rural,Rural,County,42085,Census Tract 318; Mercer County; Pennsylvania,49862,22973,83.5,38.5,0.975992,0.823591,0.974948,0.922443,24,False,19.4,PA_NEW-CASTLE-MUNI-AP,720378,41.033,-80.417,41.29561,-80.28458
Mixed-Humid,rural,Rural,County,29019,Census Tract 16.02; Boone County; Missouri,50576,21701,86.1,37.0,0.966597,0.831942,0.978079,0.921764,25,False,12.2,MO_COLUMBIA-RGNL-AP,724450,38.817,-92.215,38.98215,-92.29709
Mixed-Humid,rural,Rural,County,29077,Census Tract 30.03; Greene County; Missouri,47703,19425,93.5,38.1,0.943633,0.865344,0.967641,0.921033,26,False,4.0,MO_SPRINGFIELD-RGNL-AP,724400,37.24,-93.39,37.28228,-93.33909
Mixed-Humid,rural,Rural,County,42013,Census Tract 101.01; Blair County; Pennsylvania,44069,19017,95.9,41.4,0.939457,0.874739,0.958246,0.920564,27,False,11.2,PA_ALTOONA-BLAIR-CO-AP,725126,40.3,-78.317,40.45984,-78.35695
Mixed-Humid,rural,Rural,County,37179,Census Tract 201; Union County; North Carolina,42576,16847,107.6,42.6,0.907098,0.913361,0.954071,0.918685,28,False,8.2,NC_MONROE-AP,723194,35.015,-80.624,34.95819,-80.49606
Mixed-Humid,rural,Rural,County,34001,Census Tract 104.01; Atlantic County; New Jersey,36793,15653,120.1,51.1,0.894572,0.947808,0.916493,0.917589,29,False,9.8,NJ_ATLANTIC-CITY-IAP,724070,39.452,-74.567,39.49627,-74.74165
Mixed-Humid,rural,Rural,County,42049,Census Tract 101.01; Erie County; Pennsylvania,51704,22070,80.2,34.3,0.97286,0.807933,0.982255,0.917015,30,False,9.1,PA_ERIE-IAP,725260,42.08,-80.182,41.98828,-80.05574
Mixed-Humid,rural,Rural,County,42025,Census Tract 201.03; Carbon County; Pennsylvania,33976,18997,103.4,57.8,0.938413,0.898747,0.893528,0.915553,31,False,21.3,PA_ALLENTOWN-LEHIGH-VALLEY-IA,725170,40.65,-75.448,40.89008,-75.7043
Mixed-Humid,rural,Rural,County,42097,Census Tract 801; Northumberland County; Pennsylvania,39182,17813,100.2,45.6,0.925887,0.887265,0.936326,0.914457,32,False,9.5,PA_SELINSGROVE,725105,40.819,-76.866,40.8629,-76.69365
Mixed-Humid,rural,Rural,County,37133,Census Tract 1.03; Onslow County; North Carolina,44106,21908,82.6,41.0,0.968685,0.818372,0.95929,0.914196,33,False,4.2,NC_NEW-RIVER-MCAF,723096,34.708,-77.44,34.71931,-77.51324
Mixed-Humid,rural,Rural,County,47125,Census Tract 1015.01; Montgomery County; Tennessee,42408,15954,103.8,39.1,0.900835,0.901879,0.951983,0.91143,34,False,10.7,TN_SABRE-ARMY-AIRFIELD,746720,36.568,-87.481,36.47828,-87.32477
Mixed-Humid,rural,Rural,County,29099,Census Tract 7004.01; Jefferson County; Missouri,38429,15876,108.1,44.7,0.898747,0.915449,0.93215,0.911273,35,False,29.1,MO_SPIRIT-OF-ST-LOUIS-AP,724345,38.658,-90.656,38.24195,-90.57781
Mixed-Humid,rural,Rural,County,37085,Census Tract 704.01; Harnett County; North Carolina,36245,15301,118.4,50.0,0.887265,0.942589,0.908142,0.910804,36,False,7.1,NC_ERWIN-HARNETT-AP,746936,35.379,-78.734,35.38767,-78.8604
Mixed-Humid,rural,Rural,County,51067,Census Tract 201.02; Franklin County; Virginia,49016,25661,72.7,38.0,0.987474,0.776618,0.970772,0.910334,37,False,21.2,VA_ROANOKE-RGNL-AP,724110,37.317,-79.974,37.02542,-79.85234
Mixed-Humid,rural,Rural,County,24043,Census Tract 102; Washington County; Maryland,36733,15158,115.9,47.8,0.884134,0.938413,0.915449,0.909395,38,False,9.3,MD_HAGERSTOWN-RGNL-RIC,724066,39.706,-77.73,39.5844,-77.803
Mixed-Humid,rural,Rural,County,37191,Census Tract 1.03; Wayne County; North Carolina,36956,16226,105.7,46.4,0.903967,0.903967,0.919624,0.907098,39,False,1.1,NC_GOLDSBORO-S-JOHNSON-AFB,723066,35.344,-77.965,35.33337,-77.97947
Mixed-Humid,rural,Rural,County,37107,Census Tract 101; Lenoir County; North Carolina,37435,17212,98.3,45.2,0.915449,0.879958,0.921712,0.90428,40,False,4.4,NC_KINSTON-STALLINGS-AFB,723067,35.317,-77.633,35.25721,-77.66076
Mixed-Humid,rural,Rural,County,37147,Census Tract 9.01; Pitt County; North Carolina,42286,19680,83.4,38.8,0.94572,0.822547,0.950939,0.903653,41,False,5.5,NC_PITT-GREENVILLE-AP,723065,35.633,-77.383,35.55587,-77.35654
Mixed-Humid,rural,Rural,County,37127,Census Tract 107; Nash County; North Carolina,41748,17580,90.0,37.9,0.9238,0.851775,0.946764,0.903184,42,False,9.4,NC_ROCKY-MOUNT-WILSON,723068,35.85,-77.895,35.9416,-78.01857
Mixed-Humid,rural,Rural,County,42041,Census Tract 127.01; Cumberland County; Pennsylvania,36835,14699,115.0,45.9,0.86952,0.93737,0.91858,0.903079,43,False,29.2,PA_HARRISBURG-CAPITAL-CITY-AP,725118,40.218,-76.855,40.12698,-77.3955
Mixed-Humid,rural,Rural,County,37045,Census Tract 9501.01; Cleveland County; North Carolina,33915,15603,110.0,50.6,0.892484,0.921712,0.891441,0.902505,44,False,6.3,NC_SHELBY-MUNI,720277,35.256,-81.601,35.34151,-81.56348
Mixed-Humid,rural,Rural,County,42103,Census Tract 9501.02; Pike County; Pennsylvania,36249,25391,76.4,53.5,0.984342,0.793319,0.909186,0.902453,45,False,22.2,NJ_SUSSEX,740001,41.199,-74.626,41.34777,-75.00475
Mixed-Humid,rural,Rural,County,47165,Census Tract 201.01; Sumner County; Tennessee,36298,14559,112.6,45.2,0.866388,0.931106,0.91023,0.897808,46,False,31.3,KY_BOWLING-GREEN-WARREN-CO-AP,746716,36.965,-86.424,36.51218,-86.4007
Mixed-Humid,rural,Rural,County,21195,Census Tract 9301; Pike County; Kentucky,50595,25746,65.5,33.4,0.988518,0.728601,0.979123,0.895668,47,False,10.9,KY_PIKE-CO-HATCHER-FLD,720464,37.562,-82.566,37.46317,-82.41111
Mixed-Humid,rural,Rural,County,37197,Census Tract 501.01; Yadkin County; North Carolina,33498,15587,106.0,49.3,0.890397,0.906054,0.888309,0.895459,48,False,21.6,NC_MOUNT-AIRY-CO-AP,723177,36.46,-80.553,36.16225,-80.67012
Mixed-Humid,rural,Rural,County,51107,Census Tract 6101.01; Loudoun County; Virginia,38867,13943,117.4,42.1,0.840292,0.941545,0.933194,0.894311,49,False,8.0,VA_LEESBURG-EXECUTIVE,724055,39.078,-77.558,39.15531,-77.67002
Mixed-Humid,rural,Rural,County,47059,Census Tract 905.02; Greene County; Tennessee,42003,19892,74.9,35.5,0.949896,0.787056,0.948852,0.892693,50,False,31.5,TN_TRI-CITIES-RGNL-AP,723350,36.48,-82.399,36.18729,-82.83287
Mixed-Humid,rural,Rural,County,42005,Census Tract 9501; Armstrong County; Pennsylvania,44116,21521,71.3,34.8,0.961378,0.765136,0.960334,0.892485,51,False,23.3,PA_INDIANA-CO-AP,725175,40.633,-79.1,40.79701,-79.48866
Mixed-Humid,rural,Rural,County,42039,Census Tract 1101; Crawford County; Pennsylvania,60227,31474,61.0,31.9,0.997912,0.696242,0.994781,0.891701,52,False,6.2,PA_MEADVILLE,725104,41.626,-80.212,41.67927,-80.11505
Mixed-Humid,rural,Rural,County,42007,Census Tract 6006.01; Beaver County; Pennsylvania,32277,14195,120.4,53.0,0.850731,0.950939,0.879958,0.891649,53,False,5.4,PA_BEAVER-FALLS-AP,725204,40.767,-80.4,40.69327,-80.36426
Mixed-Humid,rural,Rural,County,37159,Census Tract 509.01; Rowan County; North Carolina,32463,14764,109.1,49.6,0.872651,0.919624,0.882046,0.890971,54,False,1.4,NC_ROWAN-CO-AP,723156,35.646,-80.52,35.66574,-80.52264
Mixed-Humid,rural,Rural,County,37097,Census Tract 606.03; Iredell County; North Carolina,34277,14808,106.2,45.9,0.873695,0.908142,0.898747,0.890762,55,False,8.8,NC_STATESVILLE-MUNI-AI,723055,35.765,-80.957,35.87308,-80.8748
Mixed-Humid,rural,Rural,County,42099,Census Tract 301; Perry County; Pennsylvania,41558,17978,78.4,33.9,0.930063,0.804802,0.943633,0.888936,56,False,21.8,PA_HARRISBURG-CAPITAL-CITY-AP,725118,40.218,-76.855,40.41026,-77.18243
Mixed-Humid,rural,Rural,County,47089,Census Tract 701.01; Jefferson County; Tennessee,29141,13972,143.3,68.7,0.841336,0.983299,0.826722,0.8881,57,False,23.5,TN_KNOXVILLE-DOWNTOWN,723264,35.964,-83.874,36.05947,-83.46959
Mixed-Humid,rural,Rural,County,51109,Census Tract 9501.01; Louisa County; Virginia,39012,18047,78.8,36.5,0.931106,0.805846,0.934238,0.887891,58,False,2.3,VA_LOUISA,723114,38.01,-77.97,37.97709,-77.96748
Mixed-Humid,rural,Rural,County,42043,Census Tract 240.02; Dauphin County; Pennsylvania,34486,14873,102.1,44.0,0.875783,0.895616,0.900835,0.887735,59,False,12.2,PA_MUIR-AAF,725144,40.433,-76.567,40.46763,-76.79498
Mixed-Humid,rural,Rural,County,40027,Census Tract 2023.01; Cleveland County; Oklahoma,38279,14228,105.9,39.4,0.852818,0.90501,0.931106,0.886743,60,False,12.0,OK_NORMAN-MAX-WESTHEIM,723570,35.25,-97.467,35.19664,-97.26382
Mixed-Humid,rural,Rural,County,42055,Census Tract 101; Franklin County; Pennsylvania,41690,17304,81.6,33.9,0.916493,0.814196,0.94572,0.886534,61,False,13.5,MD_HAGERSTOWN-RGNL-RIC,724066,39.706,-77.73,39.90078,-77.7382
Mixed-Humid,rural,Rural,County,05143,Census Tract 101.01; Washington County; Arkansas,50046,20461,66.6,27.2,0.955115,0.73904,0.977035,0.883873,62,False,2.7,AR_FAYETTEVILLE-DRAKE-FIELD,723445,36.01,-94.168,36.01607,-94.21483
Mixed-Humid,rural,Rural,County,51165,Census Tract 101; Rockingham County; Virginia,49415,21960,63.8,28.3,0.971816,0.717119,0.97286,0.882881,63,False,14.4,VA_STAUNTON-SHENANDOAH,724105,38.264,-78.896,38.46636,-78.83399
Mixed-Humid,rural,Rural,County,47107,Census Tract 9701.02; McMinn County; Tennessee,35367,15536,91.9,40.4,0.889353,0.860125,0.906054,0.882463,64,False,42.6,TN_CHATTANOOGA-LOVELL-FIELD-A,723240,35.034,-85.2,35.41086,-84.60159
Mixed-Humid,rural,Rural,County,51089,Census Tract 103; Henry County; Virginia,31526,16221,93.2,48.0,0.902923,0.864301,0.867432,0.882307,65,False,8.1,VA_MARTINSVILLE,745985,36.631,-80.018,36.69775,-79.89707
Mixed-Humid,rural,Rural,County,34019,Census Tract 101; Hunterdon County; New Jersey,31135,12826,149.8,61.7,0.805846,0.987474,0.862213,0.880689,66,False,13.1,NJ_SOMERSET,722247,40.624,-74.669,40.54233,-74.89362
Mixed-Humid,rural,Rural,County,51047,Census Tract 9301.01; Culpeper County; Virginia,37303,14047,102.9,38.7,0.843424,0.89666,0.920668,0.877505,67,False,7.8,VA_CULPEPER,723098,38.527,-77.859,38.49177,-77.99522
Mixed-Humid,rural,Rural,County,29071,Census Tract 8001.01; Franklin County; Missouri,49618,21741,62.3,27.3,0.967641,0.702505,0.973904,0.876096,68,False,11.7,MO_WASHINGTON-RGNL-AP,720169,38.583,-91.0,38.41772,-91.05114
Mixed-Humid,rural,Rural,County,54039,Census Tract 108.02; Kanawha County; West Virginia,45586,21524,63.4,30.0,0.962422,0.715031,0.963466,0.876044,69,False,4.1,WV_CHARLESTON-YEAGER-AP,724140,38.38,-81.591,38.326,-81.55878
Mixed-Humid,rural,Rural,County,37051,Census Tract 14.01; Cumberland County; North Carolina,36728,15718,84.7,36.2,0.895616,0.826722,0.914405,0.875261,70,False,7.9,NC_FAYETTEVILLE-RGNL-G,723035,34.99,-78.88,35.06169,-78.77131
Mixed-Humid,rural,Rural,County,37057,Census Tract 605; Davidson County; North Carolina,29668,13822,118.8,55.4,0.836117,0.943633,0.841336,0.874791,71,False,6.8,NC_LEXINGTON-DAVIDSON,722079,35.781,-80.304,35.72975,-80.20042
Mixed-Humid,rural,Rural,County,51143,Census Tract 101; Pittsylvania County; Virginia,53584,26586,56.2,27.9,0.990605,0.661795,0.985386,0.874478,72,False,15.7,VA_DANVILLE-FAA-AP,724106,36.573,-79.335,36.79095,-79.41246
Mixed-Humid,rural,Rural,County,42127,Census Tract 9601; Wayne County; Pennsylvania,42418,24519,60.5,35.0,0.980167,0.693111,0.953027,0.874269,73,False,26.1,PA_WILKES-BARRE-SCRANTON-IAP,725130,41.333,-75.723,41.55386,-75.31439
Mixed-Humid,rural,Rural,County,34011,Census Tract 101.01; Cumberland County; New Jersey,34215,14834,90.9,39.4,0.874739,0.859081,0.897704,0.873852,74,False,4.0,NJ_MILLVILLE-MUNI-AP,724075,39.366,-75.078,39.3884,-75.14765
Mixed-Humid,rural,Rural,County,42063,Census Tract 9601; Indiana County; Pennsylvania,48830,21374,62.5,27.4,0.960334,0.703549,0.969729,0.872338,75,False,0.2,PA_INDIANA-CO-AP,725175,40.633,-79.1,40.63077,-79.10107
Mixed-Humid,rural,Rural,County,42027,Census Tract 101; Centre County; Pennsylvania,57166,25832,55.0,24.9,0.989562,0.645094,0.993737,0.869833,76,False,4.3,PA_STATE-COLLEGE,725128,40.85,-77.85,40.88311,-77.77987
Mixed-Humid,rural,Rural,County,37037,Census Tract 201.07; Chatham County; North Carolina,39570,18445,65.5,30.5,0.935282,0.728601,0.938413,0.86357,77,False,12.5,NC_SANFORD,722201,35.582,-79.101,35.71432,-79.25391
Mixed-Humid,rural,Rural,County,47149,Census Tract 405.02; Rutherford County; Tennessee,34420,12958,107.2,40.3,0.810021,0.911273,0.899791,0.863413,78,False,17.9,TN_SMYRNA,723273,36.009,-86.52,35.7748,-86.38235
Mixed-Humid,rural,Rural,County,37019,Census Tract 201.01; Brunswick County; North Carolina,38054,23339,58.8,36.1,0.977035,0.679541,0.929019,0.863309,79,False,12.4,NC_BRUNSWICK-CNTY-AP,722191,33.929,-78.075,34.06819,-78.21037
Mixed-Humid,rural,Rural,County,47147,Census Tract 801.01; Robertson County; Tennessee,36450,14399,87.8,34.7,0.859081,0.840292,0.911273,0.862943,80,False,22.8,TN_JOHN-C-TUNE,723271,36.182,-86.887,36.51106,-86.84823
Mixed-Humid,rural,Rural,County,40131,Census Tract 503.01; Rogers County; Oklahoma,40270,15758,71.6,28.0,0.897704,0.767223,0.940501,0.860595,81,False,7.2,OK_CLAREMORE,722091,36.294,-95.479,36.33576,-95.59794
Mixed-Humid,rural,Rural,County,37125,Census Tract 9501; Moore County; North Carolina,38024,17444,68.2,31.3,0.919624,0.744259,0.926931,0.859708,82,False,6.0,NC_SOUTHERN-PINES(AWOS),723143,35.237,-79.391,35.2979,-79.46721
Mixed-Humid,rural,Rural,County,37163,Census Tract 9701.01; Sampson County; North Carolina,50780,22284,54.7,24.0,0.974948,0.641962,0.980167,0.859447,83,False,4.8,NC_CLINTON,722073,34.976,-78.364,35.03733,-78.40511
Mixed-Humid,rural,Rural,County,37111,Census Tract 9701.01; McDowell County; North Carolina,32010,15613,78.0,38.0,0.893528,0.803758,0.874739,0.858351,84,False,17.1,NC_RUTHERFORDTON,723144,35.428,-81.935,35.66313,-82.02872
Mixed-Humid,rural,Rural,County,24005,Census Tract 4022.02; Baltimore County; Maryland,30856,12152,136.4,53.7,0.769311,0.97286,0.856994,0.85809,85,False,16.7,MD_CARROLL-CO-RGNL-JACK_POAGE,720699,39.608,-77.008,39.5929,-76.69414
Mixed-Humid,rural,Rural,County,47179,Census Tract 616.03; Washington County; Tennessee,28113,12394,145.3,64.0,0.784969,0.984342,0.797495,0.857255,86,False,16.6,TN_TRI-CITIES-RGNL-AP,723350,36.48,-82.399,36.27447,-82.55455
Mixed-Humid,rural,Rural,County,37161,Census Tract 9601.01; Rutherford County; North Carolina,32876,17975,68.9,37.7,0.927975,0.74739,0.886221,0.856419,87,False,4.6,NC_RUTHERFORDTON,723144,35.428,-81.935,35.36205,-81.92155
Mixed-Humid,rural,Rural,County,37189,Census Tract 9201; Watauga County; North Carolina,23081,19299,87.1,72.9,0.941545,0.836117,0.696242,0.855585,88,False,4.2,NC_BOONE-WATAUGA-HOSPTL,722198,36.2,-81.65,36.2351,-81.71249
Mixed-Humid,rural,Rural,County,05007,Census Tract 201.04; Benton County; Arkansas,36489,16117,71.1,31.4,0.901879,0.762004,0.912317,0.85501,89,False,3.2,AR_NW-ARKANSAS-RGNL-AP,723436,36.29,-94.312,36.33426,-94.29725
Mixed-Humid,rural,Rural,County,37193,Census Tract 9601.01; Wilkes County; North Carolina,39866,19984,58.8,29.5,0.950939,0.679541,0.939457,0.853653,90,False,1.7,NC_NORTH-WILKESBORO,723165,36.223,-81.098,36.19862,-81.10014
Mixed-Humid,rural,Rural,County,37077,Census Tract 9701.01; Granville County; North Carolina,34965,15096,74.5,32.2,0.882046,0.786013,0.903967,0.852819,91,False,8.6,NC_OXFORD-HENDERSON,720288,36.361,-78.529,36.27329,-78.63914
Mixed-Humid,rural,Rural,County,51015,Census Tract 701; Augusta County; Virginia,47812,20071,55.7,23.4,0.951983,0.65762,0.968685,0.852296,92,False,11.3,VA_STAUNTON-SHENANDOAH,724105,38.264,-78.896,38.16971,-79.06579
Mixed-Humid,rural,Rural,County,47043,Census Tract 601; Dickson County; Tennessee,34019,14312,82.5,34.7,0.85595,0.817328,0.894572,0.850157,93,False,23.8,TN_JOHN-C-TUNE,723271,36.182,-86.887,36.12816,-87.30806
Mixed-Humid,rural,Rural,County,47123,Census Tract 9250.01; Monroe County; Tennessee,37553,17467,63.3,29.4,0.921712,0.713987,0.924843,0.849634,94,False,28.6,TN_KNOXVILLE-MCGHEE-TYSON-AP,723260,35.818,-83.986,35.50042,-84.31375
Mixed-Humid,rural,Rural,County,05051,Census Tract 103.01; Garland County; Arkansas,36831,17976,62.6,30.6,0.929019,0.706681,0.917537,0.848904,95,False,4.6,AR_MEMORIAL-FLD,723415,34.476,-93.104,34.54216,-93.11791
Mixed-Humid,rural,Rural,County,51069,Census Tract 502; Frederick County; Virginia,31839,13124,98.1,40.4,0.814196,0.878914,0.871608,0.84833,96,False,8.1,VA_WINCHESTER-RGNL-AP,724053,39.143,-78.144,39.19482,-78.27989
Mixed-Humid,rural,Rural,County,37061,Census Tract 901.01; Duplin County; North Carolina,43323,20861,54.8,26.4,0.95929,0.64405,0.955115,0.848121,97,False,4.5,NC_DUPLIN-CO,746929,35.0,-77.982,34.94921,-77.93197
Mixed-Humid,rural,Rural,County,37021,Census Tract 21.01; Buncombe County; North Carolina,27115,14749,90.4,49.2,0.871608,0.853862,0.780793,0.847234,98,False,12.2,NC_ASHEVILLE-RGNL-AP,723150,35.432,-82.538,35.60735,-82.50583
Mixed-Humid,rural,Rural,County,42033,Census Tract 3305; Clearfield County; Pennsylvania,53730,25426,49.4,23.4,0.985386,0.587683,0.98643,0.846399,99,False,6.3,PA_CLEARFIELD-LAWRENCE,725119,41.046,-78.411,40.95544,-78.43146
Mixed-Humid,rural,Rural,County,42111,Census Tract 201.01; Somerset County; Pennsylvania,49976,26703,48.9,26.1,0.991649,0.583507,0.975992,0.845668,100,False,23.6,PA_JOHNSTOWN-CAMBRIA-CO-AP,725127,40.315,-78.831,40.00475,-79.0197
Mixed-Humid,rural,Rural,County,51145,Census Tract 5001.01; Powhatan County; Virginia,31074,11841,119.4,45.5,0.757829,0.94572,0.859081,0.843841,101,False,22.3,VA_CHESTERFIELD-CO-AP,720498,37.4,-77.517,37.54448,-77.88104
Mixed-Humid,rural,Rural,County,47073,Census Tract 501; Hawkins County; Tennessee,31194,15134,73.1,35.5,0.88309,0.779749,0.863257,0.842954,102,False,20.8,VA_LEE-CO,720768,36.654,-83.218,36.43258,-82.96397
Mixed-Humid,rural,Rural,County,51001,Census Tract 902.01; Accomack County; Virginia,30026,17425,67.9,39.4,0.91858,0.743215,0.846555,0.842797,103,False,9.2,VA_ACCOMACK-CO,724026,37.647,-75.761,37.75914,-75.6704
Mixed-Humid,rural,Rural,County,37001,Census Tract 213; Alamance County; North Carolina,29173,12268,114.0,47.9,0.775574,0.935282,0.829854,0.842328,104,False,3.4,NC_BURLINGTON-RGNL-AP,723174,36.048,-79.474,36.04621,-79.41332
Mixed-Humid,rural,Rural,County,51061,Census Tract 9301.01; Fauquier County; Virginia,38029,15385,65.6,26.5,0.888309,0.730689,0.927975,0.841075,105,False,9.2,VA_WARRENTON-FAUQUIER-AP,722692,38.586,-77.711,38.70387,-77.78995
Mixed-Humid,rural,Rural,County,42073,Census Tract 101; Lawrence County; Pennsylvania,29073,12925,100.8,44.8,0.808977,0.890397,0.824635,0.840606,106,False,4.7,PA_NEW-CASTLE-MUNI-AP,720378,41.033,-80.417,40.99407,-80.34258
Mixed-Humid,rural,Rural,County,47163,Census Tract 414; Sullivan County; Tennessee,24633,12722,121.1,62.6,0.800626,0.953027,0.732777,0.840397,107,False,5.2,TN_TRI-CITIES-RGNL-AP,723350,36.48,-82.399,36.49344,-82.30665
Mixed-Humid,rural,Rural,County,21071,Census Tract 9202; Floyd County; Kentucky,29217,14745,79.7,40.2,0.870564,0.806889,0.830898,0.840345,108,False,10.4,KY_PIKE-CO-HATCHER-FLD,720464,37.562,-82.566,37.54196,-82.75332
Mixed-Humid,rural,Rural,County,37113,Census Tract 9701; Macon County; North Carolina,28959,22168,58.6,44.9,0.973904,0.677453,0.819415,0.839248,109,False,27.4,NC_ANDREWS-AP,722177,35.195,-83.865,35.13487,-83.38482
Mixed-Humid,rural,Rural,County,37195,Census Tract 9; Wilson County; North Carolina,28913,13314,95.9,44.2,0.817328,0.874739,0.818372,0.837631,110,False,10.9,NC_ROCKY-MOUNT-WILSON,723068,35.85,-77.895,35.69742,-77.94324
Mixed-Humid,rural,Rural,County,37099,Census Tract 9402; Jackson County; North Carolina,27204,20809,63.3,48.5,0.957203,0.713987,0.783925,0.837422,111,False,37.4,NC_ASHEVILLE-RGNL-AP,723150,35.432,-82.538,35.33249,-83.19072
Mixed-Humid,rural,Rural,County,37047,Census Tract 9301; Columbus County; North Carolina,46218,21654,50.0,23.4,0.964509,0.59499,0.964509,0.835177,112,False,1.7,NC_WHITEVILLE,720274,34.273,-78.715,34.27133,-78.68455
Mixed-Humid,rural,Rural,County,34037,Census Tract 3710; Sussex County; New Jersey,29013,12056,110.4,45.9,0.76618,0.924843,0.822547,0.832985,113,False,6.2,NJ_SUSSEX,740001,41.199,-74.626,41.16645,-74.73632
Mixed-Humid,rural,Rural,County,37105,Census Tract 305.04; Lee County; North Carolina,27237,11668,132.5,56.8,0.745303,0.970772,0.784969,0.83215,114,False,9.1,NC_SANFORD,722201,35.582,-79.101,35.46671,-79.18005
Mixed-Humid,rural,Rural,County,51085,Census Tract 3201; Hanover County; Virginia,32001,12604,90.9,35.8,0.792276,0.859081,0.873695,0.831942,115,False,3.4,VA_HANOVER-CO-MUNI-AP,723084,37.709,-77.435,37.74619,-77.47646
Mixed-Humid,rural,Rural,County,05119,Census Tract 34.03; Pulaski County; Arkansas,32122,14274,72.4,32.2,0.854906,0.773486,0.877871,0.831002,116,False,5.7,AR_LITTLE-ROCK-ADAMS-FLD,723403,34.727,-92.236,34.79735,-92.28956
Mixed-Humid,rural,Rural,County,51191,Census Tract 101.02; Washington County; Virginia,32178,15221,65.8,31.1,0.885177,0.732777,0.878914,0.830584,117,False,4.2,VA_ABINGTON,724058,36.683,-82.033,36.70409,-81.96262
Mixed-Humid,rural,Rural,County,47035,Census Tract 9701.01; Cumberland County; Tennessee,34935,17481,56.5,28.3,0.922756,0.663883,0.902923,0.828184,118,False,4.8,TN_CROSSVILLE-MEM-WHITSON,723250,35.951,-85.081,35.97916,-85.0019
Mixed-Humid,rural,Rural,County,42037,Census Tract 501; Columbia County; Pennsylvania,31604,14677,70.2,32.6,0.868476,0.75261,0.86952,0.828132,119,False,29.7,PA_SELINSGROVE,725105,40.819,-76.866,41.06631,-76.4
Mixed-Humid,rural,Rural,County,47021,Census Tract 701.02; Cheatham County; Tennessee,28825,11952,108.6,45.1,0.763048,0.917537,0.816284,0.827766,120,False,12.2,TN_JOHN-C-TUNE,723271,36.182,-86.887,36.24275,-87.0923
Mixed-Humid,rural,Rural,County,37089,Census Tract 9301; Henderson County; North Carolina,24456,12717,110.0,57.2,0.798539,0.921712,0.727557,0.827453,121,False,6.7,NC_ASHEVILLE-RGNL-AP,723150,35.432,-82.538,35.33577,-82.52727
Mixed-Humid,rural,Rural,County,45045,Census Tract 24.03; Greenville County; South Carolina,29335,13147,86.2,38.6,0.81524,0.832985,0.837161,0.825835,122,False,1.3,SC_GREENVILLE-DOWNTOWN-AP,723119,34.849,-82.35,34.86831,-82.35302
Mixed-Humid,rural,Rural,County,40143,Census Tract 54.01; Tulsa County; Oklahoma,28174,11226,139.7,55.7,0.718163,0.978079,0.799582,0.825417,123,False,5.6,OK_TULSA-IAP,723560,36.199,-95.878,36.19184,-95.97792
Mixed-Humid,rural,Rural,County,24017,Census Tract 8501.02; Charles County; Maryland,30808,11743,103.7,39.5,0.750522,0.900835,0.85595,0.824217,124,False,17.7,VA_QUANTICO-MCAS,724035,38.504,-77.305,38.47352,-76.98082
Mixed-Humid,rural,Rural,County,37169,Census Tract 701.01; Stokes County; North Carolina,29568,14266,71.9,34.7,0.853862,0.770355,0.840292,0.821921,125,False,17.3,NC_WINSTON-SALEM-REYNOLDS-AP,723193,36.133,-80.224,36.38352,-80.23631
Mixed-Humid,rural,Rural,County,24011,Census Tract 9550; Caroline County; Maryland,30006,12156,94.7,38.4,0.770355,0.868476,0.845511,0.819729,126,False,13.8,MD_EASTON-NEWMAN-FLD,724043,38.804,-76.069,38.8797,-75.8309
Mixed-Humid,rural,Rural,County,47187,Census Tract 501.03; Williamson County; Tennessee,31236,12166,90.8,35.4,0.771399,0.85595,0.864301,0.819572,127,False,19.6,TN_NASHVILLE-IAP,723270,36.111,-86.688,35.8738,-86.88038
Mixed-Humid,rural,Rural,County,42121,Census Tract 2000; Venango County; Pennsylvania,34553,18592,52.0,28.0,0.93737,0.618998,0.901879,0.818842,128,False,5.3,PA_FRANKLIN,725267,41.383,-79.867,41.40699,-79.76892
Mixed-Humid,rural,Rural,County,37145,Census Tract 9201; Person County; North Carolina,29077,13663,76.6,36.0,0.831942,0.796451,0.825678,0.818267,129,False,5.3,NC_ROXBORO,722193,36.285,-78.984,36.36126,-78.9744
Mixed-Humid,rural,Rural,County,51035,Census Tract 801; Carroll County; Virginia,29158,16645,61.4,35.1,0.90501,0.699374,0.827766,0.817589,130,False,5.1,VA_HILLSVILLE,724107,36.766,-80.823,36.71781,-80.75294
Mixed-Humid,rural,Rural,County,34029,Census Tract 7174; Ocean County; New Jersey,27000,11867,106.9,47.0,0.759916,0.91023,0.779749,0.816493,131,False,4.3,NJ_OCEAN-CO-AP,720407,39.928,-74.292,39.87863,-74.34101
Mixed-Humid,rural,Rural,County,42009,Census Tract 9601; Bedford County; Pennsylvania,44652,21939,44.2,21.7,0.969729,0.536534,0.961378,0.816441,132,False,18.9,PA_ALTOONA-BLAIR-CO-AP,725126,40.3,-78.317,40.05535,-78.47815
Mixed-Humid,rural,Rural,County,37009,Census Tract 9702; Ashe County; North Carolina,26831,17111,62.9,40.1,0.914405,0.709812,0.776618,0.81524,133,False,4.7,NC_JEFFERSON,723146,36.432,-81.419,36.42669,-81.50397
Mixed-Humid,rural,Rural,County,37059,Census Tract 801.01; Davie County; North Carolina,25945,11470,120.2,53.1,0.736952,0.949896,0.755741,0.81524,134,False,16.6,NC_LEXINGTON-DAVIDSON,722079,35.781,-80.304,35.93607,-80.52964
Mixed-Humid,rural,Rural,County,54107,Census Tract 101.01; Wood County; West Virginia,28307,12643,89.8,40.1,0.794363,0.849687,0.800626,0.814979,135,False,8.4,WV_PARKERSBURG-WOOD-CO-AP,724273,39.339,-81.444,39.22803,-81.50616
Mixed-Humid,rural,Rural,County,47145,Census Tract 302.05; Roane County; Tennessee,26495,12632,95.4,45.5,0.793319,0.870564,0.76618,0.814927,136,False,20.8,TN_OAK-RIDGE,724270,36.023,-84.234,35.84939,-84.53759
Mixed-Humid,rural,Rural,County,34041,Census Tract 311.01; Warren County; New Jersey,26756,11262,121.6,51.2,0.723382,0.954071,0.77453,0.814353,137,False,16.9,NJ_AEROFLEX-ANDOVER,724077,41.009,-74.736,40.88618,-75.01515
Mixed-Humid,rural,Rural,County,42031,Census Tract 1601.01; Clarion County; Pennsylvania,33095,16933,55.2,28.3,0.911273,0.647182,0.887265,0.81404,138,False,26.5,PA_FRANKLIN,725267,41.383,-79.867,41.18212,-79.43176
Mixed-Humid,rural,Rural,County,37141,Census Tract 9201.06; Pender County; North Carolina,39095,20348,46.8,24.3,0.953027,0.564718,0.935282,0.81357,139,False,16.1,NC_WILMINGTON-IAP,723020,34.267,-77.9,34.49939,-77.91877
Mixed-Humid,rural,Rural,County,21199,Census Tract 9301.01; Pulaski County; Kentucky,32466,16994,54.4,28.5,0.912317,0.639875,0.88309,0.811117,140,False,4.2,KY_SOMERSET-PULASKI-CO,724354,37.054,-84.615,37.11461,-84.60284
Mixed-Humid,rural,Rural,County,37053,Census Tract 1101.01; Currituck County; North Carolina,22083,13750,93.2,58.0,0.835073,0.864301,0.663883,0.811065,141,False,2.6,NC_CURRITUCK-CO,723626,36.399,-76.016,36.42714,-76.04826
Mixed-Humid,rural,Rural,County,29113,Census Tract 8101; Lincoln County; Missouri,35805,13736,65.1,25.0,0.834029,0.72547,0.907098,0.810647,142,False,27.8,MO_ST-CHARLES-CO-AP,724347,38.93,-90.433,39.03955,-90.93066
Mixed-Humid,rural,Rural,County,47053,Census Tract 9661; Gibson County; Tennessee,32571,14971,57.3,26.3,0.881002,0.668058,0.885177,0.807307,143,False,26.6,TN_JACKSON-MCKELLAR-RGNL-AP,723346,35.593,-88.917,35.97768,-88.89761
Mixed-Humid,rural,Rural,County,29145,Census Tract 204.01; Newton County; Missouri,35367,14206,60.3,24.2,0.851775,0.692067,0.906054,0.806733,144,False,17.6,MO_JOPLIN-MUNI-AP,723495,37.152,-94.495,36.90766,-94.4051
Mixed-Humid,rural,Rural,County,20173,Census Tract 96.05; Sedgwick County; Kansas,37521,14403,56.6,21.7,0.860125,0.664927,0.9238,0.804541,145,False,3.8,KS_WICHITA-MID-CONTINENT-AP,724500,37.648,-97.43,37.68913,-97.47658
Mixed-Humid,rural,Rural,County,51003,Census Tract 101; Albemarle County; Virginia,34040,14952,55.6,24.4,0.878914,0.656576,0.895616,0.804436,146,False,9.7,VA_CHARLOTTESVILLE-FAA,724016,38.137,-78.455,38.01361,-78.53988
Mixed-Humid,rural,Rural,County,47011,Census Tract 111.02; Bradley County; Tennessee,25432,10997,124.1,53.6,0.708768,0.961378,0.744259,0.80428,147,False,18.8,TN_CHATTANOOGA-LOVELL-FIELD-A,723240,35.034,-85.2,35.12683,-84.88819
Mixed-Humid,rural,Rural,County,40125,Census Tract 5009.01; Pottawatomie County; Oklahoma,38241,15734,51.3,21.1,0.89666,0.612735,0.930063,0.803967,148,False,5.5,OK_SHAWNEE,722187,35.357,-96.943,35.27705,-96.94837
Mixed-Humid,rural,Rural,County,40037,Census Tract 206.04; Creek County; Oklahoma,41595,17961,46.8,20.2,0.926931,0.564718,0.944676,0.803705,149,False,19.0,OK_WILLIAM-R-POUGE-MUNI-AP,720561,36.175,-96.152,35.93929,-96.32556
Mixed-Humid,rural,Rural,County,37039,Census Tract 9301.02; Cherokee County; North Carolina,26824,16925,59.5,37.5,0.91023,0.681628,0.775574,0.803288,150,False,11.9,NC_ANDREWS-AP,722177,35.195,-83.865,35.10155,-84.04093
Mixed-Humid,rural,Rural,County,47189,Census Tract 301.02; Wilson County; Tennessee,30140,12357,78.0,32.0,0.780793,0.803758,0.847599,0.802192,151,False,19.1,TN_SMYRNA,723273,36.009,-86.52,36.16964,-86.24147
Mixed-Humid,rural,Rural,County,42115,Census Tract 320; Susquehanna County; Pennsylvania,36649,20411,44.6,24.8,0.954071,0.541754,0.913361,0.801618,152,False,28.2,NY_BINGHAMTON-EDWIN-A-LINK-FL,725150,42.207,-75.98,41.82814,-75.7762
Mixed-Humid,rural,Rural,County,21093,Census Tract 9.03; Hardin County; Kentucky,33836,13369,63.9,25.2,0.823591,0.719207,0.890397,0.800418,153,False,0.2,KY_ADDINGTON-FLD,720451,37.686,-85.925,37.68462,-85.92213
Mixed-Humid,rural,Rural,County,42015,Census Tract 9501; Bradford County; Pennsylvania,45237,21942,39.7,19.2,0.970772,0.488518,0.962422,0.800313,154,False,31.6,NY_ELMIRA-CORNING-RGNL-AP,725156,42.157,-76.903,41.79087,-76.533
Mixed-Humid,rural,Rural,County,10001,Census Tract 401; Kent County; Delaware,29168,12215,82.4,34.5,0.773486,0.816284,0.82881,0.79953,155,False,9.1,DE_DOVER-AFB,724088,39.133,-75.467,39.08346,-75.62496
Mixed-Humid,rural,Rural,County,47141,Census Tract 1; Putnam County; Tennessee,28089,12144,88.4,38.2,0.768267,0.841336,0.796451,0.799478,156,False,5.5,TN_UPPER-CUMBERLAND-RGNL-AP,723274,36.056,-85.531,36.13125,-85.49782
Mixed-Humid,rural,Rural,County,42087,Census Tract 9601; Mifflin County; Pennsylvania,28599,12722,75.8,33.7,0.800626,0.792276,0.807933,0.799165,157,False,4.9,PA_MIFFLIN-CO,725203,40.677,-77.627,40.6062,-77.64021
Mixed-Humid,rural,Rural,County,21009,Census Tract 9501; Barren County; Kentucky,30892,13417,65.7,28.5,0.824635,0.731733,0.858038,0.7988,158,False,3.1,KY_GLASGOW,722322,37.033,-85.95,36.99023,-85.93588
Mixed-Humid,rural,Rural,County,29029,Census Tract 9503.01; Camden County; Missouri,28786,24113,46.3,38.8,0.978079,0.558455,0.814196,0.798434,159,False,6.4,MO_CAMDENTON-MEM,720949,37.974,-92.691,38.04634,-92.76444
Mixed-Humid,rural,Rural,County,47155,Census Tract 804.01; Sevier County; Tennessee,22683,19718,57.7,50.1,0.946764,0.672234,0.68476,0.798278,160,False,21.4,TN_KNOXVILLE-DOWNTOWN,723264,35.964,-83.874,35.80344,-83.54751
Mixed-Humid,rural,Rural,County,37049,Census Tract 9601.02; Craven County; North Carolina,31664,14954,55.4,26.1,0.879958,0.651357,0.870564,0.798069,161,False,4.2,NC_NEW-BERN-CRAVEN-CO-RGNL-AP,723095,35.068,-77.048,35.12291,-77.07846
Mixed-Humid,rural,Rural,County,29187,Census Tract 9501.03; St. Francois County; Missouri,28479,13563,69.1,32.9,0.82881,0.749478,0.804802,0.796242,162,False,4.8,MO_FARMINGTON,724454,37.761,-90.428,37.811,-90.48955
Mixed-Humid,rural,Rural,County,21227,Census Tract 115; Warren County; Kentucky,30611,12685,70.7,29.3,0.795407,0.757829,0.853862,0.793946,163,False,1.3,KY_BOWLING-GREEN-WARREN-CO-AP,746716,36.965,-86.424,36.95826,-86.40212
Mixed-Humid,rural,Rural,County,42109,Census Tract 702; Snyder County; Pennsylvania,28153,11575,90.9,37.4,0.740084,0.859081,0.798539,0.793424,164,False,9.1,PA_SELINSGROVE,725105,40.819,-76.866,40.76587,-77.02589
Mixed-Humid,rural,Rural,County,21157,Census Tract 9501.01; Marshall County; Kentucky,23832,12578,87.2,46.0,0.790188,0.838205,0.712944,0.791545,165,False,16.5,KY_KYLE-OAKLEY-FIELD-AP,720447,36.665,-88.373,36.90139,-88.33689
Mixed-Humid,rural,Rural,County,05145,Census Tract 701; White County; Arkansas,40334,18121,42.7,19.2,0.93215,0.524008,0.941545,0.791179,166,False,2.3,AR_SEARCY,722188,35.212,-91.737,35.23548,-91.76472
Mixed-Humid,rural,Rural,County,40041,Census Tract 3756.01; Delaware County; Oklahoma,32052,19112,45.0,26.8,0.940501,0.545929,0.875783,0.789457,167,False,12.5,OK_GROVE,722092,36.605,-94.738,36.42878,-94.78874
Mixed-Humid,rural,Rural,County,05125,Census Tract 104.05; Saline County; Arkansas,32502,14056,55.8,24.1,0.845511,0.658664,0.884134,0.787839,168,False,24.1,AR_LITTLE-ROCK-ADAMS-FLD,723403,34.727,-92.236,34.57325,-92.61614
Mixed-Humid,rural,Rural,County,51185,Census Tract 201; Tazewell County; Virginia,28654,14385,59.7,30.0,0.856994,0.685804,0.808977,0.787474,169,False,20.6,VA_MOUNTAIN-EMPIRE,724056,36.895,-81.35,37.14551,-81.55316
Mixed-Humid,rural,Rural,County,05045,Census Tract 301.01; Faulkner County; Arkansas,30585,12539,65.9,27.0,0.789144,0.73382,0.852818,0.782515,170,False,20.9,AR_LITTLE-ROCK-AFB,723405,34.917,-92.15,35.14824,-92.38773
Mixed-Humid,rural,Rural,County,51031,Census Tract 201.01; Campbell County; Virginia,28454,13361,63.9,30.0,0.822547,0.719207,0.802714,0.782411,171,False,9.0,VA_LYNCHBURG-RGNL-AP,724100,37.321,-79.206,37.22193,-79.09872
Mixed-Humid,rural,Rural,County,21059,Census Tract 13; Daviess County; Kentucky,29549,11764,75.1,29.9,0.75261,0.7881,0.839248,0.782359,172,False,3.9,KY_OWENSBORO-DAVIESS-C,724237,37.75,-87.167,37.73616,-87.09687
Mixed-Humid,rural,Rural,County,51171,Census Tract 402.01; Shenandoah County; Virginia,27919,14173,59.7,30.3,0.849687,0.685804,0.793319,0.781054,173,False,33.0,VA_WINCHESTER-RGNL-AP,724053,39.143,-78.144,38.82606,-78.60351
Mixed-Humid,rural,Rural,County,37135,Census Tract 108.02; Orange County; North Carolina,24426,11244,99.9,46.0,0.720251,0.886221,0.72547,0.779384,174,False,16.6,NC_ROXBORO,722193,36.285,-78.984,36.07872,-79.13682
Mixed-Humid,rural,Rural,County,47051,Census Tract 9601; Franklin County; Tennessee,30551,13659,57.6,25.7,0.830898,0.670146,0.851775,0.77881,175,False,3.3,TN_WINCHESTER-MUNI,720974,35.178,-86.066,35.19362,-86.12175
Mixed-Humid,rural,Rural,County,21125,Census Tract 9701; Laurel County; Kentucky,27352,11696,80.3,34.4,0.749478,0.808977,0.7881,0.778027,176,False,3.3,KY_LONDON-CORBIN-AP,724243,37.09,-84.069,37.13444,-84.0924
Mixed-Humid,rural,Rural,County,47115,Census Tract 501.01; Marion County; Tennessee,29010,13837,58.2,27.8,0.837161,0.674322,0.821503,0.777036,177,False,23.4,TN_CHATTANOOGA-LOVELL-FIELD-A,723240,35.034,-85.2,35.10916,-85.60356
Mixed-Humid,rural,Rural,County,05131,Census Tract 101.01; Sebastian County; Arkansas,29220,12471,65.0,27.7,0.787056,0.724426,0.832985,0.774321,178,False,10.2,AR_FORT-SMITH-RGNL-AP,723440,35.333,-94.365,35.21447,-94.25814
Mixed-Humid,rural,Rural,County,24023,Census Tract 1; Garrett County; Maryland,28713,18567,44.2,28.6,0.936326,0.536534,0.813152,0.771764,179,False,30.3,MD_CUMBERLAND-RGNL-AP,720355,39.6,-78.767,39.49214,-79.31754
Mixed-Humid,rural,Rural,County,47057,Census Tract 5001; Grainger County; Tennessee,23929,11746,85.3,41.9,0.751566,0.82881,0.715031,0.771294,180,False,27.4,KY_MIDDLESBORO,720353,36.611,-83.738,36.26469,-83.49679
Mixed-Humid,rural,Rural,County,54061,Census Tract 113; Monongalia County; West Virginia,25464,11256,89.6,39.6,0.721294,0.848643,0.745303,0.770668,181,False,5.1,WV_MORGANTOWN-HART-FIELD,724176,39.65,-79.921,39.61699,-80.00665
Mixed-Humid,rural,Rural,County,42131,Census Tract 4001; Wyoming County; Pennsylvania,26075,12858,65.6,32.4,0.806889,0.730689,0.757829,0.770407,182,False,17.6,PA_WILKES-BARRE-SCRANTON-IAP,725130,41.333,-75.723,41.51745,-75.95687
Mixed-Humid,rural,Rural,County,37175,Census Tract 9601; Transylvania County; North Carolina,23022,13868,64.6,38.9,0.838205,0.722338,0.694154,0.768841,183,False,20.1,NC_ASHEVILLE-RGNL-AP,723150,35.432,-82.538,35.20479,-82.75953
Mixed-Humid,rural,Rural,County,54033,Census Tract 305.01; Harrison County; West Virginia,26426,11857,73.4,32.9,0.758873,0.781837,0.764092,0.767954,184,False,7.7,WV_HARRISON-MARION-RGN,724175,39.302,-80.224,39.29055,-80.36704
Mixed-Humid,rural,Rural,County,29047,Census Tract 216.02; Clay County; Missouri,25845,10218,108.1,42.7,0.659708,0.915449,0.75261,0.767798,185,False,5.6,MO_MIDWEST-NATL-AIR-CTR,721045,39.332,-94.31,39.37492,-94.39992
Mixed-Humid,rural,Rural,County,47103,Census Tract 9750; Lincoln County; Tennessee,29261,13869,53.9,25.5,0.839248,0.635699,0.835073,0.767171,186,False,17.8,AL_HUNTSVILLE,720307,34.861,-86.557,35.11704,-86.58512
Mixed-Humid,rural,Rural,County,47031,Census Tract 9701; Coffee County; Tennessee,27695,11891,71.0,30.5,0.76096,0.76096,0.790188,0.766806,187,False,13.4,TN_TULLAHOMA-RGNL-WM-NO,721031,35.38,-86.246,35.51316,-86.07194
Mixed-Humid,rural,Rural,County,37123,Census Tract 9601.01; Montgomery County; North Carolina,25874,14930,52.6,30.4,0.877871,0.625261,0.753653,0.764614,188,False,15.9,NC_ALBEMARLE,722148,35.417,-80.151,35.33968,-79.88523
Mixed-Humid,rural,Rural,County,29209,Census Tract 901.01; Stone County; Missouri,24391,14546,55.5,33.1,0.865344,0.653445,0.723382,0.762787,189,False,20.6,MO_BRANSON-AP,720616,36.533,-93.2,36.75246,-93.45263
Mixed-Humid,rural,Rural,County,54011,Census Tract 101.03; Cabell County; West Virginia,22895,10797,99.7,47.0,0.697286,0.885177,0.692067,0.762004,190,False,17.7,WV_HUNTINGTON-TRI-STATE-AP,724250,38.365,-82.555,38.40277,-82.23211
Mixed-Humid,rural,Rural,County,24035,Census Tract 8101; Queen Anne's County; Maryland,26966,11079,81.0,33.3,0.712944,0.811065,0.778706,0.760439,191,False,18.5,MD_BAY-BRIDGE-AP,720384,38.967,-76.333,39.07427,-76.01624
Mixed-Humid,rural,Rural,County,47055,Census Tract 9201; Giles County; Tennessee,30442,14104,49.8,23.1,0.847599,0.593946,0.849687,0.759238,192,False,25.2,TN_ELLINGTON,720775,35.507,-86.804,35.1983,-87.04166
Mixed-Humid,rural,Rural,County,37011,Census Tract 9301; Avery County; North Carolina,17643,14051,71.3,56.8,0.844468,0.765136,0.556367,0.759082,193,False,18.0,NC_BOONE-WATAUGA-HOSPTL,722198,36.2,-81.65,36.08208,-81.93839
Mixed-Humid,rural,Rural,County,42065,Census Tract 9502; Jefferson County; Pennsylvania,29785,14908,46.3,23.2,0.876827,0.558455,0.84238,0.758507,194,False,7.5,PA_DUBOIS-FAA-AP,725125,41.179,-78.893,41.09597,-78.98482
Mixed-Humid,rural,Rural,County,29167,Census Tract 9601.01; Polk County; Missouri,32109,13434,50.5,21.1,0.825678,0.604384,0.876827,0.758455,195,False,24.5,MO_SPRINGFIELD-RGNL-AP,724400,37.24,-93.39,37.59497,-93.40395
Mixed-Humid,rural,Rural,County,21179,Census Tract 9301; Nelson County; Kentucky,27243,11385,72.6,30.3,0.732777,0.775574,0.786013,0.758403,196,False,2.6,KY_SAMUELS-FLD-BARDSTOWN,720446,37.814,-85.5,37.82548,-85.45527
Mixed-Humid,rural,Rural,County,51195,Census Tract 9307; Wise County; Virginia,25565,12175,68.7,32.7,0.772443,0.746347,0.74739,0.758299,197,False,3.3,VA_WISE-LONESOME-PINE,724117,36.988,-82.53,36.97353,-82.587
Mixed-Humid,rural,Rural,County,42117,Census Tract 9501; Tioga County; Pennsylvania,37633,19862,33.3,17.6,0.948852,0.415449,0.925887,0.757568,198,False,28.9,NY_ELMIRA-CORNING-RGNL-AP,725156,42.157,-76.903,41.8145,-77.22628
Mixed-Humid,rural,Rural,County,21235,Census Tract 9203.02; Whitley County; Kentucky,27830,11834,66.3,28.2,0.756785,0.735908,0.792276,0.756576,199,False,3.2,KY_WILLIAMSBURG-(WHITLEY-CO-A,720465,36.8,-84.2,36.77462,-84.1522
Mixed-Humid,rural,Rural,County,51127,Census Tract 7001; New Kent County; Virginia,24139,9495,114.9,45.2,0.627349,0.936326,0.719207,0.753863,200,False,14.3,VA_WEST-POINT,720285,37.521,-76.765,37.50648,-77.02576
Mixed-Humid,rural,Rural,County,51177,Census Tract 201.05; Spotsylvania County; Virginia,24872,10239,99.2,40.8,0.661795,0.88309,0.734864,0.753862,201,False,15.7,VA_SHANNON-AP,724033,38.267,-77.449,38.17311,-77.7131
Mixed-Humid,rural,Rural,County,05115,Census Tract 9507; Pope County; Arkansas,33616,14668,43.0,18.8,0.867432,0.52714,0.889353,0.752714,202,False,6.7,AR_RUSSELLVILLE-MUNI-AP,723429,35.257,-93.095,35.34631,-93.05027
Mixed-Humid,rural,Rural,County,51173,Census Tract 301; Smyth County; Virginia,25700,13084,58.6,29.8,0.812109,0.677453,0.750522,0.752662,203,False,13.1,VA_MOUNTAIN-EMPIRE,724056,36.895,-81.35,36.82447,-81.56918
Mixed-Humid,rural,Rural,County,51117,Census Tract 9301.01; Mecklenburg County; Virginia,26647,17101,43.9,28.2,0.913361,0.533403,0.772443,0.752192,204,False,16.6,VA_MECKLENBURG-BRUNS,724118,36.688,-78.054,36.67983,-78.35357
Mixed-Humid,rural,Rural,County,54081,Census Tract 8.02; Raleigh County; West Virginia,28598,12735,55.6,24.7,0.80167,0.656576,0.806889,0.751931,205,False,5.6,WV_BECKLEY-RALEIGH-CO-MEM-AP,724120,37.784,-81.123,37.7703,-81.22474
Mixed-Humid,rural,Rural,County,42081,Census Tract 101; Lycoming County; Pennsylvania,37442,18442,33.8,16.7,0.934238,0.41858,0.922756,0.751461,206,False,3.5,PA_WILLIAMSPORT-RGNL-AP,725140,41.243,-76.922,41.2805,-76.96659
Mixed-Humid,rural,Rural,County,37013,Census Tract 9301.01; Beaufort County; North Carolina,31531,16919,38.6,20.7,0.909186,0.471816,0.868476,0.747965,207,False,9.0,NC_WARREN-FLD-AP,746925,35.57,-77.05,35.50507,-76.91211
Mixed-Humid,rural,Rural,County,37087,Census Tract 9201.01; Haywood County; North Carolina,23442,14459,52.5,32.4,0.861169,0.623173,0.704593,0.746555,208,False,24.7,NC_ASHEVILLE-RGNL-AP,723150,35.432,-82.538,35.51392,-82.96564
Mixed-Humid,rural,Rural,County,54045,Census Tract 9561.03; Logan County; West Virginia,26085,12251,60.8,28.6,0.77453,0.695198,0.759916,0.743841,209,False,37.3,KY_BIG-SANDY-REGIONAL-AP,720458,37.751,-82.637,37.83483,-81.96163
Mixed-Humid,rural,Rural,County,21085,Census Tract 9501.01; Grayson County; Kentucky,26586,13336,53.2,26.7,0.820459,0.63048,0.768267,0.743528,210,False,25.3,KY_ADDINGTON-FLD,720451,37.686,-85.925,37.4802,-86.30772
Mixed-Humid,rural,Rural,County,37025,Census Tract 406; Cabarrus County; North Carolina,21625,9048,132.3,55.4,0.602296,0.969729,0.655532,0.741545,211,False,13.7,NC_CONCORD-RGNL-AP,722132,35.39,-80.707,35.38946,-80.46413
Mixed-Humid,rural,Rural,County,51137,Census Tract 1101.04; Orange County; Virginia,24936,10774,77.5,33.5,0.696242,0.80167,0.736952,0.741284,212,False,0.6,VA_ORANGE,722167,38.247,-78.046,38.24088,-78.03884
Mixed-Humid,rural,Rural,County,40097,Census Tract 403; Mayes County; Oklahoma,29545,14034,45.7,21.7,0.84238,0.553236,0.838205,0.740345,213,False,15.0,OK_CLAREMORE,722091,36.294,-95.479,36.2851,-95.21008
Mixed-Humid,rural,Rural,County,40021,Census Tract 9776; Cherokee County; Oklahoma,30246,14524,42.1,20.2,0.864301,0.518789,0.848643,0.74024,214,False,2.0,OK_TAHLEQUAH,722199,35.929,-95.004,35.90245,-95.01757
Mixed-Humid,rural,Rural,County,40109,Census Tract 1071.01; Oklahoma County; Oklahoma,24181,9447,101.2,39.5,0.625261,0.891441,0.720251,0.737422,215,False,11.9,OK_OKLA-CITY-TINKER-AFB,723540,35.417,-97.383,35.57832,-97.30664
Mixed-Humid,rural,Rural,County,51099,Census Tract 401; King George County; Virginia,22187,8761,138.7,54.8,0.582463,0.974948,0.667015,0.736743,216,False,16.2,VA_SHANNON-AP,724033,38.267,-77.449,38.27421,-77.15028
Mixed-Humid,rural,Rural,County,42061,Census Tract 9501; Huntingdon County; Pennsylvania,31456,16813,36.2,19.3,0.906054,0.440501,0.866388,0.735177,217,False,18.6,PA_ALTOONA-BLAIR-CO-AP,725126,40.3,-78.317,40.40886,-77.994
Mixed-Humid,rural,Rural,County,21137,Census Tract 9201.01; Lincoln County; Kentucky,24415,10869,73.3,32.6,0.703549,0.780793,0.724426,0.73476,218,False,8.6,KY_STUART-POWELL-FIELD-AP,720448,37.578,-84.77,37.47637,-84.67902
Mixed-Humid,rural,Rural,County,47117,Census Tract 9550; Marshall County; Tennessee,26311,10822,71.2,29.3,0.699374,0.763048,0.762004,0.734186,219,False,2.2,TN_ELLINGTON,720775,35.507,-86.804,35.51668,-86.76603
Mixed-Humid,rural,Rural,County,24045,Census Tract 106.04; Wicomico County; Maryland,23740,10342,85.7,37.3,0.669102,0.830898,0.709812,0.733873,220,False,4.5,MD_SALBRY-OCEAN-CTY-RGNL-AP,723980,38.341,-75.513,38.36567,-75.59082
Mixed-Humid,rural,Rural,County,51167,Census Tract 301; Russell County; Virginia,25635,12772,54.1,27.0,0.802714,0.636743,0.748434,0.733768,221,False,17.7,VA_ABINGTON,724058,36.683,-82.033,36.93388,-82.09405
Mixed-Humid,rural,Rural,County,47047,Census Tract 603; Fayette County; Tennessee,30479,13351,45.7,20.0,0.821503,0.553236,0.850731,0.733455,222,False,23.3,MS_OLIVE-BRANCH-AP,722165,34.979,-89.787,35.18663,-89.46229
Mixed-Humid,rural,Rural,County,37083,Census Tract 9301; Halifax County; North Carolina,28059,15589,40.0,22.2,0.891441,0.491649,0.795407,0.732307,223,False,3.4,NC_HALIFAX-NORTHAMPTON-RGNL-A,720649,36.33,-77.635,36.29035,-77.67238
Mixed-Humid,rural,Rural,County,54049,Census Tract 210.01; Marion County; West Virginia,22313,10525,85.1,40.1,0.681628,0.827766,0.67119,0.730689,224,False,14.7,WV_HARRISON-MARION-RGN,724175,39.302,-80.224,39.51516,-80.22629
Mixed-Humid,rural,Rural,County,47167,Census Tract 401; Tipton County; Tennessee,26645,10520,71.7,28.3,0.680585,0.769311,0.771399,0.729802,225,False,9.3,TN_COVINGTON-MUNI,720168,35.583,-89.587,35.51716,-89.73047
Mixed-Humid,rural,Rural,County,29027,Census Tract 701; Callaway County; Missouri,31945,14396,39.2,17.7,0.858038,0.479123,0.872651,0.72834,226,False,11.7,MO_COLUMBIA-RGNL-AP,724450,38.817,-92.215,38.76973,-92.00728
Mixed-Humid,rural,Rural,County,47017,Census Tract 9620; Carroll County; Tennessee,28461,13107,47.6,21.9,0.813152,0.5762,0.803758,0.72834,227,False,22.2,TN_HENRY-CO,722781,36.338,-88.383,36.02257,-88.46128
Mixed-Humid,rural,Rural,County,24041,Census Tract 9601; Talbot County; Maryland,20012,10828,84.6,45.8,0.700418,0.824635,0.620042,0.727819,228,False,2.6,MD_EASTON-NEWMAN-FLD,724043,38.804,-76.069,38.77859,-76.10547
Mixed-Humid,rural,Rural,County,42083,Census Tract 4201; McKean County; Pennsylvania,32411,15919,33.2,16.3,0.899791,0.414405,0.881002,0.726148,229,False,3.8,PA_BRADFORD-RGNL-AP,725266,41.798,-78.635,41.84167,-78.58862
Mixed-Humid,rural,Rural,County,47143,Census Tract 9750; Rhea County; Tennessee,22555,10557,77.5,36.3,0.683716,0.80167,0.678497,0.723956,230,False,25.5,TN_CROSSVILLE-MEM-WHITSON,723250,35.951,-85.081,35.60005,-84.93976
Mixed-Humid,rural,Rural,County,21095,Census Tract 9701; Harlan County; Kentucky,25061,12378,54.3,26.8,0.782881,0.638831,0.73904,0.723695,231,False,15.0,VA_LEE-CO,720768,36.654,-83.218,36.8709,-83.1972
Mixed-Humid,rural,Rural,County,54079,Census Tract 201; Putnam County; West Virginia,23273,10311,81.2,36.0,0.664927,0.813152,0.699374,0.723695,232,False,20.3,WV_CHARLESTON-YEAGER-AP,724140,38.38,-81.591,38.51864,-81.92111
Mixed-Humid,rural,Rural,County,47099,Census Tract 9601; Lawrence County; Tennessee,29259,11772,52.3,21.0,0.753653,0.621086,0.834029,0.72333,233,False,24.9,TN_MAURY-CO,723249,35.554,-87.179,35.23324,-87.38131
Mixed-Humid,rural,Rural,County,51197,Census Tract 501.01; Wythe County; Virginia,25098,12310,54.7,26.9,0.778706,0.641962,0.741127,0.72333,234,False,15.3,VA_MOUNTAIN-EMPIRE,724056,36.895,-81.35,36.91626,-81.07352
Mixed-Humid,rural,Rural,County,47119,Census Tract 101; Maury County; Tennessee,26881,11135,61.6,25.5,0.716075,0.700418,0.777662,0.722912,235,False,6.0,TN_MAURY-CO,723249,35.554,-87.179,35.58654,-87.07962
Mixed-Humid,rural,Rural,County,21141,Census Tract 9601; Logan County; Kentucky,27731,12459,50.2,22.6,0.786013,0.600209,0.791232,0.722025,236,False,25.6,KY_BOWLING-GREEN-WARREN-CO-AP,746716,36.965,-86.424,36.87004,-86.87159
Mixed-Humid,rural,Rural,County,51155,Census Tract 2101.02; Pulaski County; Virginia,21994,10936,72.8,36.2,0.704593,0.777662,0.661795,0.721608,237,False,5.1,VA_PULASKI,724116,37.133,-80.683,37.07056,-80.73185
Mixed-Humid,rural,Rural,County,05005,Census Tract 9505; Baxter County; Arkansas,24505,13710,47.3,26.5,0.832985,0.572025,0.729645,0.720981,238,False,6.3,AR_MOUNTAIN-HOME-BAXTER,723439,36.371,-92.472,36.3282,-92.37126
Mixed-Humid,rural,Rural,County,54019,Census Tract 201.01; Fayette County; West Virginia,27958,13533,44.5,21.5,0.827766,0.54071,0.794363,0.720616,239,False,18.5,WV_BECKLEY-RALEIGH-CO-MEM-AP,724120,37.784,-81.123,38.05158,-81.11745
Mixed-Humid,rural,Rural,County,54077,Census Tract 9638.01; Preston County; West Virginia,28997,12715,46.5,20.4,0.797495,0.561587,0.820459,0.71952,240,False,16.3,WV_MORGANTOWN-HART-FIELD,724176,39.65,-79.921,39.51091,-79.67336
Mixed-Humid,rural,Rural,County,40119,Census Tract 110.01; Payne County; Oklahoma,29070,12793,45.4,20.0,0.804802,0.550104,0.823591,0.719415,241,False,11.1,OK_STILLWATER-RGNL-AP,723545,36.162,-97.089,36.05065,-96.94537
Mixed-Humid,rural,Rural,County,54003,Census Tract 9712.03; Berkeley County; West Virginia,19803,8762,121.7,53.8,0.583507,0.955115,0.611691,0.719207,242,False,6.4,WV_MARTINSBURG-E-WV-RGNL-AP,724177,39.404,-77.975,39.47311,-78.05624
Mixed-Humid,rural,Rural,County,34033,Census Tract 201; Salem County; New Jersey,23892,9349,88.9,34.8,0.621086,0.846555,0.713987,0.71858,243,False,16.4,DE_NEW-CASTLE-CO-AP,724180,39.674,-75.606,39.59189,-75.31648
Mixed-Humid,rural,Rural,County,21193,Census Tract 9703; Perry County; Kentucky,22972,10831,70.5,33.3,0.701461,0.754697,0.693111,0.718424,244,False,9.4,KY_WENDELL-H-FORD-ARPT,720457,37.387,-83.262,37.25855,-83.20577
Mixed-Humid,rural,Rural,County,40081,Census Tract 9611; Lincoln County; Oklahoma,33917,14516,35.6,15.2,0.863257,0.43215,0.892484,0.718215,245,False,5.6,OK_CHANDLER,722099,35.724,-96.82,35.67555,-96.8999
Mixed-Humid,rural,Rural,County,05031,Census Tract 8.06; Craighead County; Arkansas,28668,12050,50.3,21.1,0.765136,0.601253,0.810021,0.716754,246,False,2.0,AR_JONESBORO-MUNI,723407,35.836,-90.644,35.83489,-90.60914
Mixed-Humid,rural,Rural,County,40079,Census Tract 401.02; Le Flore County; Oklahoma,39419,17457,25.2,11.2,0.920668,0.324635,0.93737,0.715397,247,False,3.1,OK_POTEAU,722178,35.021,-94.621,35.04986,-94.66332
Mixed-Humid,rural,Rural,County,42123,Census Tract 9701; Warren County; Pennsylvania,28901,16884,32.8,19.2,0.908142,0.409186,0.817328,0.715345,248,False,20.1,NY_CHATAUQUA-CO-JAMESTO,725235,42.15,-79.25,41.85963,-79.26973
Mixed-Humid,rural,Rural,County,29037,Census Tract 604.02; Cass County; Missouri,29219,11938,48.6,19.9,0.762004,0.58142,0.831942,0.712787,249,False,2.8,MO_LAWRENCE-SMITH-MEM,720478,38.611,-94.342,38.64755,-94.36612
Mixed-Humid,rural,Rural,County,24025,Census Tract 3021; Harford County; Maryland,21227,8479,111.9,44.7,0.573069,0.930063,0.646138,0.712631,250,False,13.5,MD_PHILLIPS-AAF,724057,39.472,-76.17,39.6362,-76.30874
Mixed-Humid,rural,Rural,County,24013,Census Tract 5010.02; Carroll County; Maryland,19657,8127,131.9,54.5,0.559499,0.968685,0.608559,0.712526,251,False,5.9,MD_CARROLL-CO-RGNL-JACK_POAGE,720699,39.608,-77.008,39.63162,-77.1142
Mixed-Humid,rural,Rural,County,37023,Census Tract 201; Burke County; North Carolina,22609,11200,64.5,31.9,0.717119,0.721294,0.680585,0.711273,252,False,7.6,NC_MORGANTON-LENIOR-AP,723148,35.821,-81.611,35.72914,-81.68717
Mixed-Humid,rural,Rural,County,51121,Census Tract 212.01; Montgomery County; Virginia,22613,10338,73.7,33.7,0.665971,0.783925,0.681628,0.710386,253,False,3.9,VA_VIRGINIA-TECH-AP,724113,37.208,-80.408,37.15125,-80.40868
Mixed-Humid,rural,Rural,County,47173,Census Tract 401.01; Union County; Tennessee,20141,9719,90.1,43.5,0.636743,0.852818,0.623173,0.709655,254,False,19.7,TN_CAMPBELL-CO,720907,36.335,-84.162,36.25633,-83.82247
Mixed-Humid,rural,Rural,County,47025,Census Tract 9701; Claiborne County; Tennessee,23522,11412,58.3,28.3,0.734864,0.675365,0.707724,0.708611,255,False,10.9,KY_MIDDLESBORO,720353,36.611,-83.738,36.47974,-83.62766
Mixed-Humid,rural,Rural,County,29009,Census Tract 9601.01; Barry County; Missouri,28352,14483,37.2,19.0,0.862213,0.454071,0.80167,0.707255,256,False,17.4,MO_MONETT-MUNI-AP,720479,36.9,-94.017,36.6865,-93.84946
Mixed-Humid,rural,Rural,County,29031,Census Tract 8801; Cape Girardeau County; Missouri,27199,11643,51.8,22.2,0.743215,0.61691,0.782881,0.706941,257,False,11.9,MO_CAPE-GIRARDEAU-RGNL-AP,723290,37.225,-89.579,37.38458,-89.65822
Mixed-Humid,rural,Rural,County,42017,Census Tract 1033; Bucks County; Pennsylvania,17605,8321,137.5,65.0,0.565762,0.973904,0.55428,0.706315,258,False,10.9,PA_QUAKERTOWN,720324,40.435,-75.382,40.5169,-75.2038
Mixed-Humid,rural,Rural,County,20045,Census Tract 1; Douglas County; Kansas,26435,10392,63.3,24.9,0.672234,0.713987,0.765136,0.705428,259,False,8.5,KS_LAWRENCE-MUNI-AP,724508,39.008,-95.212,38.88508,-95.21695
Mixed-Humid,rural,Rural,County,29101,Census Tract 9601.01; Johnson County; Missouri,31097,13202,38.5,16.4,0.816284,0.470772,0.860125,0.704123,260,False,1.2,MO_WARRENSGBURG-SKYHAVEN-AP,722367,38.783,-93.8,38.77064,-93.81501
Mixed-Humid,rural,Rural,County,42119,Census Tract 901.02; Union County; Pennsylvania,22214,9928,75.8,33.9,0.648225,0.792276,0.669102,0.702818,261,False,13.5,PA_SELINSGROVE,725105,40.819,-76.866,40.9781,-77.01545
Mixed-Humid,rural,Rural,County,29225,Census Tract 4701.01; Webster County; Missouri,28809,11055,52.8,20.3,0.7119,0.626305,0.81524,0.70261,262,False,27.1,MO_SPRINGFIELD-RGNL-AP,724400,37.24,-93.39,37.24227,-92.89747
Mixed-Humid,rural,Rural,County,05033,Census Tract 201.01; Crawford County; Arkansas,26686,11661,51.0,22.3,0.744259,0.607516,0.773486,0.702244,263,False,16.2,AR_FORT-SMITH-RGNL-AP,723440,35.333,-94.365,35.54572,-94.24328
Mixed-Humid,rural,Rural,County,21151,Census Tract 101.01; Madison County; Kentucky,23391,10221,70.5,30.8,0.660752,0.754697,0.702505,0.701983,264,False,8.2,KY_MADISON-RICHMOND,720455,37.633,-84.333,37.7357,-84.2574
Mixed-Humid,rural,Rural,County,42075,Census Tract 20; Lebanon County; Pennsylvania,20321,8113,111.3,44.5,0.558455,0.926931,0.63048,0.701827,265,False,6.5,PA_MUIR-AAF,725144,40.433,-76.567,40.37993,-76.46566
Mixed-Humid,rural,Rural,County,37181,Census Tract 9601; Vance County; North Carolina,19594,9316,92.0,43.7,0.620042,0.861169,0.606472,0.701722,266,False,6.4,NC_OXFORD-HENDERSON,720288,36.361,-78.529,36.35647,-78.41429
Mixed-Humid,rural,Rural,County,20121,Census Tract 1001; Miami County; Kansas,28503,11315,50.4,20.0,0.726514,0.60334,0.805846,0.699269,267,False,17.2,KS_OLATHE-JOHNSON-CO-INDUSTRL,724475,38.822,-94.89,38.57842,-94.82873
Mixed-Humid,rural,Rural,County,54055,Census Tract 9; Mercer County; West Virginia,22373,10582,64.2,30.4,0.685804,0.720251,0.674322,0.695564,268,False,9.9,WV_BLUEFIELD-MERCER-CO,724125,37.298,-81.204,37.40462,-81.08252
Mixed-Humid,rural,Rural,County,47109,Census Tract 9301; McNairy County; Tennessee,25933,12278,46.1,21.8,0.776618,0.556367,0.754697,0.695146,269,False,18.9,MS_ROSCOE-TURNER-AP,720924,34.915,-88.604,35.18573,-88.55056
Mixed-Humid,rural,Rural,County,47009,Census Tract 113.02; Blount County; Tennessee,21008,11320,59.5,32.1,0.729645,0.681628,0.640919,0.695094,270,False,7.7,TN_KNOXVILLE-MCGHEE-TYSON-AP,723260,35.818,-83.986,35.71566,-83.93315
Mixed-Humid,rural,Rural,County,42077,Census Tract 53.01; Lehigh County; Pennsylvania,18596,7442,147.1,58.9,0.517745,0.985386,0.575157,0.692902,271,False,12.0,PA_ALLENTOWN-LEHIGH-VALLEY-IA,725170,40.65,-75.448,40.61175,-75.67188
Mixed-Humid,rural,Rural,County,51073,Census Tract 1001.01; Gloucester County; Virginia,18202,8462,108.4,50.4,0.570981,0.916493,0.568894,0.691493,272,False,13.5,VA_WEST-POINT,720285,37.521,-76.765,37.44304,-76.53905
Mixed-Humid,rural,Rural,County,47013,Census Tract 9501; Campbell County; Tennessee,22728,12031,50.1,26.5,0.764092,0.598121,0.687891,0.690762,273,False,3.0,TN_CAMPBELL-CO,720907,36.335,-84.162,36.36532,-84.12346
Mixed-Humid,rural,Rural,County,51550,Census Tract 211.03; Chesapeake city; Virginia,22705,7643,101.9,34.3,0.532359,0.894572,0.686848,0.690031,274,False,1.4,VA_CHESAPEAKE-MUNI-AP,724006,36.666,-76.321,36.65514,-76.29881
Mixed-Humid,rural,Rural,County,34005,Census Tract 7024; Burlington County; New Jersey,26605,10002,60.1,22.6,0.652401,0.689979,0.769311,0.688935,275,False,10.6,NJ_MCGUIRE-AFB,724096,40.017,-74.6,39.86871,-74.65248
Mixed-Humid,rural,Rural,County,51041,Census Tract 1007.02; Chesterfield County; Virginia,19564,7359,135.4,50.9,0.506263,0.971816,0.604384,0.688831,276,False,7.6,VA_CHESTERFIELD-CO-AP,720498,37.4,-77.517,37.31262,-77.60097
Mixed-Humid,rural,Rural,County,42067,Census Tract 701.01; Juniata County; Pennsylvania,23419,10502,59.8,26.8,0.677453,0.687891,0.703549,0.686325,277,False,16.8,PA_MIFFLIN-CO,725203,40.677,-77.627,40.57205,-77.33754
Mixed-Humid,rural,Rural,County,21133,Census Tract 9501; Letcher County; Kentucky,21146,10594,62.6,31.3,0.686848,0.706681,0.64405,0.68523,278,False,19.1,VA_WISE-LONESOME-PINE,724117,36.988,-82.53,37.14638,-82.81382
Mixed-Humid,rural,Rural,County,37199,Census Tract 9601.01; Yancey County; North Carolina,18676,11317,59.7,36.2,0.728601,0.685804,0.5762,0.683142,279,False,35.3,NC_ASHEVILLE-RGNL-AP,723150,35.432,-82.538,35.90496,-82.30248
Mixed-Humid,rural,Rural,County,40087,Census Tract 4001.03; McClain County; Oklahoma,27151,10656,51.6,20.3,0.691023,0.615866,0.781837,0.682881,280,False,11.5,OK_NORMAN-MAX-WESTHEIM,723570,35.25,-97.467,35.09266,-97.5331
Mixed-Humid,rural,Rural,County,47077,Census Tract 9750; Henderson County; Tennessee,24456,11638,48.1,22.9,0.742171,0.579332,0.727557,0.682255,281,False,29.0,TN_JACKSON-MCKELLAR-RGNL-AP,723346,35.593,-88.917,35.65094,-88.40542
Mixed-Humid,rural,Rural,County,37153,Census Tract 9701; Richmond County; North Carolina,23753,10942,53.3,24.5,0.705637,0.632568,0.7119,0.681315,282,False,4.9,NC_RICHMOND-CO-AP,722243,34.891,-79.759,34.95956,-79.73886
Mixed-Humid,rural,Rural,County,40101,Census Tract 6; Muskogee County; Oklahoma,29305,12310,38.1,16.0,0.778706,0.467641,0.836117,0.681315,283,False,1.1,OK_MUSKOGEE-DAVIS-FLD,723556,35.658,-95.366,35.64826,-95.38066
Mixed-Humid,rural,Rural,County,21107,Census Tract 9701; Hopkins County; Kentucky,24463,11335,49.1,22.7,0.730689,0.585595,0.728601,0.679488,284,False,28.9,KY_STURGIS-AAF-KY,749077,37.541,-87.952,37.2885,-87.53112
Mixed-Humid,rural,Rural,County,40019,Census Tract 8921; Carter County; Oklahoma,28711,12862,35.8,16.0,0.807933,0.436326,0.812109,0.678706,285,False,15.0,OK_ARDMORE-MUNI-AP,723555,34.3,-97.017,34.20429,-97.25256
Mixed-Humid,rural,Rural,County,37081,Census Tract 151; Guilford County; North Carolina,17294,7399,130.7,55.9,0.509395,0.966597,0.550104,0.677558,286,False,12.3,NC_BURLINGTON-RGNL-AP,723174,36.048,-79.474,36.03082,-79.69245
Mixed-Humid,rural,Rural,County,21207,Census Tract 9601.01; Russell County; Kentucky,18117,10146,71.5,40.1,0.65762,0.76618,0.566806,0.677453,287,False,15.7,KY_WAYNE-CO,720379,36.855,-84.856,37.01263,-85.06198
Mixed-Humid,rural,Rural,County,29043,Census Tract 201.01; Christian County; Missouri,25085,10342,55.4,22.8,0.669102,0.651357,0.740084,0.677088,288,False,19.1,MO_SPRINGFIELD-RGNL-AP,724400,37.24,-93.39,36.98382,-93.25766
Mixed-Humid,rural,Rural,County,24037,Census Tract 8753; St. Mary's County; Maryland,16937,7039,164.4,68.3,0.485386,0.996868,0.539666,0.675261,289,False,6.6,MD_WEBSTER-NOLF,725514,38.142,-76.429,38.20384,-76.52246
Mixed-Humid,rural,Rural,County,24039,Census Tract 9301.01; Somerset County; Maryland,22068,9286,70.7,29.7,0.615866,0.757829,0.662839,0.674948,290,False,17.0,MD_SALBRY-OCEAN-CTY-RGNL-AP,723980,38.341,-75.513,38.14904,-75.70898
Mixed-Humid,rural,Rural,County,51139,Census Tract 301; Page County; Virginia,19478,10159,66.5,34.7,0.658664,0.737996,0.600209,0.674739,291,False,33.6,VA_CULPEPER,723098,38.527,-77.859,38.63437,-78.46538
Mixed-Humid,rural,Rural,County,47019,Census Tract 711; Carter County; Tennessee,19423,9580,72.5,35.8,0.631524,0.77453,0.597077,0.674687,292,False,19.5,TN_TRI-CITIES-RGNL-AP,723350,36.48,-82.399,36.31166,-82.11725
Mixed-Humid,rural,Rural,County,40145,Census Tract 302.01; Wagoner County; Oklahoma,24791,10624,51.3,22.0,0.689979,0.612735,0.73382,0.671712,293,False,22.4,OK_CLAREMORE,722091,36.294,-95.479,35.97258,-95.53774
Mixed-Humid,rural,Rural,County,47065,Census Tract 101.03; Hamilton County; Tennessee,19475,7909,94.8,38.5,0.545929,0.86952,0.599165,0.669833,294,False,17.3,TN_CHATTANOOGA-LOVELL-FIELD-A,723240,35.034,-85.2,35.27638,-85.12431
Mixed-Humid,rural,Rural,County,51083,Census Tract 9301; Halifax County; Virginia,26316,13488,32.9,16.9,0.826722,0.411273,0.763048,0.66858,295,False,25.5,VA_DANVILLE-FAA-AP,724106,36.573,-79.335,36.76113,-78.93818
Mixed-Humid,rural,Rural,County,21211,Census Tract 401.01; Shelby County; Kentucky,23077,8803,69.4,26.5,0.586639,0.750522,0.695198,0.66571,296,False,16.6,KY_CAPITAL-CITY-AP,724233,38.185,-84.904,38.21074,-85.20779
Mixed-Humid,rural,Rural,County,54035,Census Tract 9632; Jackson County; West Virginia,22868,10815,50.8,24.0,0.69833,0.605428,0.689979,0.664144,297,False,30.9,WV_CHARLESTON-YEAGER-AP,724140,38.38,-81.591,38.81982,-81.69929
Mixed-Humid,rural,Rural,County,37035,Census Tract 115.01; Catawba County; North Carolina,15593,7100,140.0,63.7,0.490605,0.980167,0.5,0.663831,298,False,10.1,NC_LINCOLNTON,722128,35.483,-81.161,35.62913,-81.17615
Mixed-Humid,rural,Rural,County,05085,Census Tract 201.06; Lonoke County; Arkansas,26541,11693,40.1,17.6,0.748434,0.494781,0.767223,0.663413,299,False,16.1,AR_LITTLE-ROCK-AFB,723405,34.917,-92.15,34.78767,-91.91444
Mixed-Humid,rural,Rural,County,37033,Census Tract 9301; Caswell County; North Carolina,22689,10490,53.3,24.7,0.676409,0.632568,0.685804,0.662944,300,False,11.8,VA_DANVILLE-FAA-AP,724106,36.573,-79.335,36.40301,-79.35233
Mixed-Humid,rural,Rural,County,21177,Census Tract 9601; Muhlenberg County; Kentucky,23451,10509,51.9,23.2,0.678497,0.617954,0.705637,0.662735,301,False,35.6,KY_OWENSBORO-DAVIESS-C,724237,37.75,-87.167,37.23513,-87.16029
Mixed-Humid,rural,Rural,County,29091,Census Tract 901.01; Howell County; Missouri,28687,12773,31.5,14.0,0.803758,0.39666,0.811065,0.662735,302,False,5.2,MO_WEST-PLAINS-ASOS,723484,36.879,-91.905,36.80705,-91.8755
Mixed-Humid,rural,Rural,County,40031,Census Tract 19.02; Comanche County; Oklahoma,31131,12324,31.8,12.6,0.779749,0.398747,0.861169,0.662682,303,False,3.4,OK_FORT-SILL-POST-FLD-AF,723550,34.65,-98.4,34.65572,-98.4596
Mixed-Humid,rural,Rural,County,40017,Census Tract 3001; Canadian County; Oklahoma,31317,11112,39.2,13.9,0.715031,0.479123,0.865344,0.662526,304,False,5.4,OK_OKLAHOMA-CITY-PAGE-MUNI-AP,720628,35.483,-97.817,35.53926,-97.88292
Mixed-Humid,rural,Rural,County,29169,Census Tract 4701.01; Pulaski County; Missouri,25688,10284,51.1,20.5,0.663883,0.608559,0.749478,0.661639,305,False,7.0,MO_FT-LNRD-WD-AAF,724457,37.75,-92.15,37.84581,-92.19212
Mixed-Humid,rural,Rural,County,21043,Census Tract 9601; Carter County; Kentucky,21851,10254,56.1,26.3,0.662839,0.660752,0.659708,0.661482,306,False,24.6,KY_ASHLAND-RGNL,720449,38.555,-82.738,38.30542,-83.06216
Mixed-Humid,rural,Rural,County,47111,Census Tract 9701; Macon County; Tennessee,21004,8893,70.6,29.9,0.59499,0.755741,0.639875,0.66023,307,False,34.8,KY_GLASGOW,722322,37.033,-85.95,36.53296,-86.02046
Mixed-Humid,rural,Rural,County,29095,Census Tract 134.05; Jackson County; Missouri,19091,7723,90.5,36.6,0.535491,0.854906,0.592902,0.658768,308,False,7.8,MO_LEES-SUMMIT,720306,38.958,-94.371,39.03103,-94.25995
Mixed-Humid,rural,Rural,County,47133,Census Tract 9501; Overton County; Tennessee,22807,10368,52.6,23.9,0.67119,0.625261,0.688935,0.658664,309,False,23.6,TN_UPPER-CUMBERLAND-RGNL-AP,723274,36.056,-85.531,36.35593,-85.32981
Mixed-Humid,rural,Rural,County,21115,Census Tract 9601; Johnson County; Kentucky,18866,8821,75.2,35.2,0.587683,0.789144,0.584551,0.657568,310,False,10.8,KY_BIG-SANDY-REGIONAL-AP,720458,37.751,-82.637,37.83054,-82.80764
Mixed-Humid,rural,Rural,County,47183,Census Tract 9680; Weakley County; Tennessee,24320,11352,42.7,19.9,0.731733,0.524008,0.722338,0.65715,311,False,20.6,TN_HENRY-CO,722781,36.338,-88.383,36.27848,-88.74488
Mixed-Humid,rural,Rural,County,51075,Census Tract 4001.02; Goochland County; Virginia,19839,8450,76.5,32.6,0.569937,0.794363,0.612735,0.657046,312,False,21.2,VA_LOUISA,723114,38.01,-77.97,37.71111,-77.87929
Mixed-Humid,rural,Rural,County,05015,Census Tract 9501; Carroll County; Arkansas,23940,12133,39.3,19.9,0.767223,0.481211,0.716075,0.656889,313,False,23.8,MO_BRANSON-AP,720616,36.533,-93.2,36.35878,-93.57026
Mixed-Humid,rural,Rural,County,37149,Census Tract 9201.01; Polk County; North Carolina,16407,9363,72.1,41.2,0.622129,0.772443,0.525052,0.655323,314,False,18.4,NC_RUTHERFORDTON,723144,35.428,-81.935,35.25732,-82.1859
Mixed-Humid,rural,Rural,County,37117,Census Tract 9701; Martin County; North Carolina,21773,11100,47.7,24.3,0.713987,0.577244,0.658664,0.655062,315,False,18.0,NC_WARREN-FLD-AP,746925,35.57,-77.05,35.82805,-77.09612
Mixed-Humid,rural,Rural,County,47113,Census Tract 14.01; Madison County; Tennessee,23359,10401,50.2,22.4,0.674322,0.600209,0.701461,0.65381,316,False,6.6,TN_JACKSON-MCKELLAR-RGNL-AP,723346,35.593,-88.917,35.62996,-88.80772
Mixed-Humid,rural,Rural,County,20103,Census Tract 709; Leavenworth County; Kansas,23262,8847,62.8,23.9,0.58977,0.708768,0.69833,0.653131,317,False,14.2,KS_LAWRENCE-MUNI-AP,724508,39.008,-95.212,39.16237,-95.03727
Mixed-Humid,rural,Rural,County,21209,Census Tract 403.02; Scott County; Kentucky,19883,7598,86.7,33.1,0.52714,0.835073,0.614823,0.652453,318,False,17.8,KY_LEXINGTON-BLUEGRASS-AP,724220,38.034,-84.611,38.29206,-84.60245
Mixed-Humid,rural,Rural,County,37017,Census Tract 9501.01; Bladen County; North Carolina,26299,13325,30.4,15.4,0.819415,0.375783,0.76096,0.652453,319,False,3.8,NC_ELIZABETHTOWN,720279,34.602,-78.578,34.61066,-78.64337
Mixed-Humid,rural,Rural,County,40135,Census Tract 301.01; Sequoyah County; Oklahoma,24886,11687,39.3,18.5,0.74739,0.481211,0.735908,0.651931,320,False,5.2,OK_SALLISAW-MUNI,722133,35.438,-94.803,35.48154,-94.72821
Mixed-Humid,rural,Rural,County,24001,Census Tract 1; Allegany County; Maryland,19520,9902,59.8,30.3,0.646138,0.687891,0.601253,0.651775,321,False,3.3,MD_CUMBERLAND-RGNL-AP,720355,39.6,-78.767,39.59935,-78.82839
Mixed-Humid,rural,Rural,County,37109,Census Tract 705; Lincoln County; North Carolina,16201,6846,130.0,54.9,0.467641,0.964509,0.517745,0.651566,322,False,9.8,NC_LINCOLNTON,722128,35.483,-81.161,35.48671,-81.33558
Mixed-Humid,rural,Rural,County,54027,Census Tract 9682.01; Hampshire County; West Virginia,23340,12581,36.4,19.6,0.791232,0.442589,0.700418,0.651044,323,False,21.8,MD_CUMBERLAND-RGNL-AP,720355,39.6,-78.767,39.3045,-78.62623
Mixed-Humid,rural,Rural,County,37079,Census Tract 9501.01; Greene County; North Carolina,20421,7909,76.6,29.7,0.545929,0.796451,0.631524,0.650731,324,False,10.7,NC_KINSTON-STALLINGS-AFB,723067,35.317,-77.633,35.46911,-77.66912
Mixed-Humid,rural,Rural,County,40051,Census Tract 1; Grady County; Oklahoma,29930,12493,28.6,11.9,0.7881,0.362213,0.844468,0.650313,325,False,4.6,OK_CHICKASHA,722071,35.096,-97.966,35.08325,-97.88579
Mixed-Humid,rural,Rural,County,37003,Census Tract 401; Alexander County; North Carolina,17057,8025,86.6,40.7,0.553236,0.834029,0.542797,0.649426,326,False,15.3,NC_STATESVILLE-MUNI-AI,723055,35.765,-80.957,35.91699,-81.15481
Mixed-Humid,rural,Rural,County,54025,Census Tract 9501.02; Greenbrier County; West Virginia,26026,14082,26.0,14.1,0.846555,0.334029,0.756785,0.649217,327,False,5.0,WV_GREENBRIER-VALLEY,724127,37.867,-80.4,37.89353,-80.48466
Mixed-Humid,rural,Rural,County,40013,Census Tract 7956; Bryan County; Oklahoma,27501,12393,31.4,14.2,0.783925,0.393528,0.789144,0.64833,328,False,1.4,OK_EAKER-FLD,742513,33.942,-96.394,33.95672,-96.37798
Mixed-Humid,rural,Rural,County,21003,Census Tract 9201; Allen County; Kentucky,21029,9261,61.2,26.9,0.611691,0.69833,0.641962,0.648069,329,False,18.6,KY_BOWLING-GREEN-WARREN-CO-AP,746716,36.965,-86.424,36.7554,-86.21419
Mixed-Humid,rural,Rural,County,29051,Census Tract 201.98; Cole County; Missouri,22658,7788,70.9,24.4,0.54071,0.759916,0.683716,0.646033,330,False,7.7,MO_JEFFERSON-CITY-MEM,724458,38.595,-92.157,38.50469,-92.24053
Mixed-Humid,rural,Rural,County,37091,Census Tract 9501.01; Hertford County; North Carolina,19899,9831,56.4,27.8,0.64405,0.662839,0.61691,0.645198,331,False,10.1,NC_AHOSKIE,723079,36.298,-77.171,36.34516,-76.99878
Mixed-Humid,rural,Rural,County,47105,Census Tract 601; Loudon County; Tennessee,16720,6867,113.5,46.6,0.469729,0.933194,0.534447,0.644885,332,False,18.5,TN_KNOXVILLE-MCGHEE-TYSON-AP,723260,35.818,-83.986,35.73724,-84.30054
Mixed-Humid,rural,Rural,County,47079,Census Tract 9690.01; Henry County; Tennessee,21654,11823,40.1,21.9,0.755741,0.494781,0.65762,0.644781,333,False,4.8,TN_HENRY-CO,722781,36.338,-88.383,36.33355,-88.29726
Mixed-Humid,rural,Rural,County,54091,Census Tract 9646; Taylor County; West Virginia,16543,7440,95.8,43.1,0.516701,0.871608,0.531315,0.643841,334,False,9.4,WV_HARRISON-MARION-RGN,724175,39.302,-80.224,39.33901,-80.05402
Mixed-Humid,rural,Rural,County,51169,Census Tract 301; Scott County; Virginia,21504,11776,40.1,22.0,0.754697,0.494781,0.652401,0.643267,335,False,17.7,TN_TRI-CITIES-RGNL-AP,723350,36.48,-82.399,36.67366,-82.60741
Mixed-Humid,rural,Rural,County,34009,Census Tract 204; Cape May County; New Jersey,15696,7038,110.5,49.6,0.484342,0.925887,0.505219,0.643058,336,False,12.7,NJ_CAPE-MAY-CO,745966,39.008,-74.908,39.17411,-74.80459
Mixed-Humid,rural,Rural,County,24015,Census Tract 301; Cecil County; Maryland,13958,7445,106.8,56.9,0.518789,0.909186,0.455115,0.642693,337,False,16.6,MD_PHILLIPS-AAF,724057,39.472,-76.17,39.527,-75.86745
Mixed-Humid,rural,Rural,County,05009,Census Tract 7901; Boone County; Arkansas,24312,10761,42.7,18.9,0.695198,0.524008,0.721294,0.640501,338,False,4.0,AR_BOONE-CO-AP,723450,36.267,-93.157,36.28854,-93.08946
Mixed-Humid,rural,Rural,County,05023,Census Tract 4801; Cleburne County; Arkansas,19909,12704,36.7,23.4,0.796451,0.450939,0.617954,0.639822,339,False,24.5,AR_CLINTON-MUNI-AP,720401,35.6,-92.45,35.51168,-92.02778
Mixed-Humid,rural,Rural,County,51187,Census Tract 202; Warren County; Virginia,17082,7034,101.5,41.8,0.483299,0.893528,0.544885,0.639196,340,False,17.2,VA_WINCHESTER-RGNL-AP,724053,39.143,-78.144,38.90528,-78.24174
Mixed-Humid,rural,Rural,County,47029,Census Tract 9201; Cocke County; Tennessee,20198,9794,54.8,26.6,0.640919,0.64405,0.626305,0.639092,341,False,42.1,TN_KNOXVILLE-DOWNTOWN,723264,35.964,-83.874,35.93224,-83.12192
Mixed-Humid,rural,Rural,County,42003,Census Tract 4050; Allegheny County; Pennsylvania,14241,6363,162.5,72.6,0.439457,0.995825,0.463466,0.638988,342,False,7.6,PA_PITTSBURGH-IAP,725200,40.485,-80.214,40.47061,-80.07058
Mixed-Humid,rural,Rural,County,47177,Census Tract 9301; Warren County; Tennessee,21407,9398,55.3,24.3,0.624217,0.649269,0.651357,0.638413,343,False,29.3,TN_UPPER-CUMBERLAND-RGNL-AP,723274,36.056,-85.531,35.69446,-85.80512
Mixed-Humid,rural,Rural,County,47037,Census Tract 101.03; Davidson County; Tennessee,14876,7031,110.2,52.1,0.482255,0.9238,0.479123,0.636169,344,False,5.1,TN_JOHN-C-TUNE,723271,36.182,-86.887,36.25573,-86.88113
Mixed-Humid,rural,Rural,County,21167,Census Tract 9601; Mercer County; Kentucky,17817,7886,77.3,34.2,0.542797,0.798539,0.560543,0.635856,345,False,16.6,KY_STUART-POWELL-FIELD-AP,720448,37.578,-84.77,37.79999,-84.88571
Mixed-Humid,rural,Rural,County,47003,Census Tract 9501; Bedford County; Tennessee,22619,9026,55.5,22.2,0.601253,0.653445,0.682672,0.635804,346,False,17.0,TN_TULLAHOMA-RGNL-WM-NO,721031,35.38,-86.246,35.54658,-86.46848
Mixed-Humid,rural,Rural,County,42035,Census Tract 301; Clinton County; Pennsylvania,24589,13036,28.2,14.9,0.811065,0.353862,0.730689,0.634969,347,False,27.5,PA_STATE-COLLEGE,725128,40.85,-77.85,41.15723,-77.51546
Mixed-Humid,rural,Rural,County,54057,Census Tract 102; Mineral County; West Virginia,19551,8978,62.1,28.5,0.597077,0.701461,0.602296,0.634655,348,False,14.7,MD_CUMBERLAND-RGNL-AP,720355,39.6,-78.767,39.42175,-78.91823
Mixed-Humid,rural,Rural,County,37185,Census Tract 9501.01; Warren County; North Carolina,18751,11543,43.7,26.9,0.737996,0.532359,0.579332,0.63429,349,False,19.1,VA_MECKLENBURG-BRUNS,724118,36.688,-78.054,36.41858,-78.13132
Mixed-Humid,rural,Rural,County,51023,Census Tract 401; Botetourt County; Virginia,23138,10367,44.4,19.9,0.670146,0.539666,0.697286,0.629906,350,False,13.7,VA_ROANOKE-RGNL-AP,724110,37.317,-79.974,37.49125,-79.8547
Mixed-Humid,rural,Rural,County,05069,Census Tract 1.02; Jefferson County; Arkansas,27331,11240,33.1,13.6,0.719207,0.412317,0.787056,0.625365,351,False,8.6,AR_PINE-BLUFF-FAA-AP,723417,34.18,-91.934,34.2253,-92.07471
Mixed-Humid,rural,Rural,County,47069,Census Tract 9501; Hardeman County; Tennessee,25477,10708,38.2,16.0,0.693111,0.468685,0.746347,0.625209,352,False,2.2,TN_WILLIAM-L-WHITEHURST-FLD,720171,35.214,-89.043,35.23302,-89.01244
Mixed-Humid,rural,Rural,County,54053,Census Tract 9548.01; Mason County; West Virginia,21138,9692,50.1,23.0,0.635699,0.598121,0.643006,0.624008,353,False,29.6,OH_OHIO-UNIV-AP-SNYDER,720397,39.217,-82.233,38.81978,-82.02796
Mixed-Humid,rural,Rural,County,51163,Census Tract 9301.01; Rockbridge County; Virginia,22578,11315,37.8,19.0,0.726514,0.460334,0.679541,0.623956,354,False,24.4,VA_HOT-SPRINGS-INGALLS,724115,37.95,-79.817,37.79876,-79.41333
Mixed-Humid,rural,Rural,County,40121,Census Tract 4856.01; Pittsburg County; Oklahoma,25742,14136,20.1,11.0,0.848643,0.262004,0.751566,0.623904,355,False,6.2,OK_MCALESTER-MUNI-AP,723566,34.882,-95.782,34.95728,-95.722
Mixed-Humid,rural,Rural,County,42059,Census Tract 9701.01; Greene County; Pennsylvania,21620,10958,40.3,20.4,0.707724,0.495825,0.654489,0.622912,356,False,18.8,WV_MORGANTOWN-HART-FIELD,724176,39.65,-79.921,39.8608,-80.14571
Mixed-Humid,rural,Rural,County,21081,Census Tract 9201.01; Grant County; Kentucky,18192,7228,81.1,32.2,0.496868,0.812109,0.56785,0.621399,357,False,26.3,KY_CINCINNATI-NORTHERN-KY-AP,724210,39.044,-84.672,38.66467,-84.62588
Mixed-Humid,rural,Rural,County,40111,Census Tract 5; Okmulgee County; Oklahoma,24627,10858,36.9,16.3,0.702505,0.453027,0.731733,0.621033,358,False,4.2,OK_OKMULGEE,722164,35.668,-95.949,35.61655,-95.98721
Mixed-Humid,rural,Rural,County,29015,Census Tract 4601; Benton County; Missouri,19887,13579,28.2,19.3,0.829854,0.353862,0.615866,0.620459,359,False,2.8,MO_WARSAW-MUNI,720487,38.347,-93.345,38.31191,-93.31849
Mixed-Humid,rural,Rural,County,47091,Census Tract 9560; Johnson County; Tennessee,18073,8755,60.6,29.3,0.58142,0.694154,0.565762,0.617745,360,False,19.6,VA_ABINGTON,724058,36.683,-82.033,36.44366,-81.84196
Mixed-Humid,rural,Rural,County,05063,Census Tract 4901.01; Independence County; Arkansas,25400,10950,35.5,15.3,0.706681,0.431106,0.743215,0.617537,361,False,3.5,AR_BATESVILLE-RGNL-AP,723448,35.726,-91.647,35.74024,-91.58782
Mixed-Humid,rural,Rural,County,47131,Census Tract 9650; Obion County; Tennessee,22096,10469,41.6,19.7,0.675365,0.514614,0.665971,0.617223,362,False,30.8,TN_DYERSBURG-MUNI-AP,723347,36.0,-89.409,36.37678,-89.1127
Mixed-Humid,rural,Rural,County,37121,Census Tract 9501; Mitchell County; North Carolina,14973,8673,67.7,39.2,0.579332,0.742171,0.483299,0.617119,363,False,29.9,NC_MORGANTON-LENIOR-AP,723148,35.821,-81.611,35.95945,-82.11746
Mixed-Humid,rural,Rural,County,54099,Census Tract 205; Wayne County; West Virginia,21283,10069,45.2,21.4,0.654489,0.548017,0.648225,0.615971,364,False,14.3,WV_HUNTINGTON-TRI-STATE-AP,724250,38.365,-82.555,38.17733,-82.4443
Mixed-Humid,rural,Rural,County,29119,Census Tract 701.01; McDonald County; Missouri,23492,9807,43.5,18.2,0.643006,0.529228,0.706681,0.615919,365,False,18.6,OK_GROVE,722092,36.605,-94.738,36.62005,-94.4029
Mixed-Humid,rural,Rural,County,51193,Census Tract 101.01; Westmoreland County; Virginia,14902,8788,65.4,38.6,0.585595,0.726514,0.480167,0.613831,366,False,19.8,VA_TAPPAHANNOCK-ESSEX-C,720501,37.85,-76.883,38.13473,-76.8411
Mixed-Humid,rural,Rural,County,21079,Census Tract 9701.01; Garrard County; Kentucky,17346,7272,75.4,31.6,0.5,0.790188,0.552192,0.612004,367,False,12.2,KY_STUART-POWELL-FIELD-AP,720448,37.578,-84.77,37.65921,-84.57237
Mixed-Humid,rural,Rural,County,47001,Census Tract 207; Anderson County; Tennessee,16426,7420,73.8,33.3,0.514614,0.784969,0.52714,0.611743,368,False,11.5,TN_OAK-RIDGE,724270,36.023,-84.234,36.15839,-84.11393
Mixed-Humid,rural,Rural,County,21145,Census Tract 312; McCracken County; Kentucky,15730,7191,83.1,38.0,0.494781,0.821503,0.507307,0.611639,369,False,3.1,KY_PADUCAH-BARKLEY-RGNL-AP,724350,37.056,-88.774,37.04362,-88.72084
Mixed-Humid,rural,Rural,County,20037,Census Tract 9566; Crawford County; Kansas,22339,10558,39.2,18.5,0.68476,0.479123,0.672234,0.610282,370,False,1.8,KS_ATKINSON-MUNICIPAL-AP,720436,37.45,-94.733,37.47101,-94.75099
Mixed-Humid,rural,Rural,County,54059,Census Tract 9571; Mingo County; West Virginia,19650,9729,47.4,23.5,0.638831,0.574113,0.607516,0.609917,371,False,25.8,KY_PIKE-CO-HATCHER-FLD,720464,37.562,-82.566,37.71144,-82.13474
Mixed-Humid,rural,Rural,County,21113,Census Tract 602; Jessamine County; Kentucky,14822,5838,122.8,48.4,0.398747,0.957203,0.477035,0.609864,372,False,9.3,KY_LEXINGTON-BLUEGRASS-AP,724220,38.034,-84.611,37.90473,-84.56203
Mixed-Humid,rural,Rural,County,21163,Census Tract 9703.02; Meade County; Kentucky,17978,7604,66.5,28.1,0.528184,0.737996,0.563674,0.608716,373,False,11.3,KY_FORT-KNOX-GODMAN-AAF,724240,37.9,-85.967,37.93102,-86.17127
Mixed-Humid,rural,Rural,County,47045,Census Tract 9640.01; Dyer County; Tennessee,22220,9509,45.0,19.3,0.628392,0.545929,0.670146,0.607881,374,False,6.6,TN_DYERSBURG-MUNI-AP,723347,36.0,-89.409,36.07664,-89.33768
Mixed-Humid,rural,Rural,County,21205,Census Tract 9501; Rowan County; Kentucky,16538,7748,66.2,31.0,0.536534,0.734864,0.530271,0.604697,375,False,28.7,KY_FLEMING-MASON-AP,720452,38.542,-83.743,38.20181,-83.43871
Mixed-Humid,rural,Rural,County,54043,Census Tract 9554.01; Lincoln County; West Virginia,20170,9581,46.1,21.9,0.632568,0.556367,0.624217,0.604227,376,False,28.3,WV_CHARLESTON-YEAGER-AP,724140,38.38,-81.591,38.20149,-82.0605
Mixed-Humid,rural,Rural,County,29023,Census Tract 9501.01; Butler County; Missouri,23752,10664,35.4,15.9,0.692067,0.430063,0.710856,0.604123,377,False,6.9,MO_POPLAR-BLUFF(AMOS),723300,36.77,-90.322,36.74961,-90.44406
Mixed-Humid,rural,Rural,County,29107,Census Tract 901; Lafayette County; Missouri,23731,9913,39.5,16.5,0.647182,0.48643,0.708768,0.603236,378,False,19.2,MO_WARRENSGBURG-SKYHAVEN-AP,722367,38.783,-93.8,39.06011,-93.82639
Mixed-Humid,rural,Rural,County,29055,Census Tract 4501.01; Crawford County; Missouri,22890,11423,30.8,15.4,0.735908,0.381002,0.691023,0.602714,379,False,24.3,MO_ROLLA-NATIONAL-AP,724420,38.132,-91.765,38.04724,-91.33128
Mixed-Humid,rural,Rural,County,47151,Census Tract 9750; Scott County; Tennessee,21969,9851,41.3,18.5,0.645094,0.511482,0.660752,0.601461,380,False,21.6,TN_CAMPBELL-CO,720907,36.335,-84.162,36.45902,-84.51796
Mixed-Humid,rural,Rural,County,54109,Census Tract 28; Wyoming County; West Virginia,20948,9975,41.9,20.0,0.651357,0.515658,0.637787,0.601148,381,False,27.0,WV_BECKLEY-RALEIGH-CO-MEM-AP,724120,37.784,-81.123,37.61072,-81.56543
Mixed-Humid,rural,Rural,County,40113,Census Tract 9400.01; Osage County; Oklahoma,30738,13316,13.9,6.0,0.818372,0.176409,0.854906,0.600992,382,False,21.0,OK_WILLIAM-R-POUGE-MUNI-AP,720561,36.175,-96.152,36.45315,-96.30617
Mixed-Humid,rural,Rural,County,20015,Census Tract 201.01; Butler County; Kansas,29820,11567,21.5,8.3,0.73904,0.279749,0.843424,0.599165,383,False,16.6,KS_WICHITA-COL-JABARA,724504,37.75,-97.219,37.71976,-96.91746
Mixed-Humid,rural,Rural,County,51133,Census Tract 201; Northumberland County; Virginia,12085,9009,63.1,47.1,0.599165,0.710856,0.391441,0.596712,384,False,17.6,MD_WEBSTER-NOLF,725514,38.142,-76.429,37.88788,-76.41493
Mixed-Humid,rural,Rural,County,21101,Census Tract 207.01; Henderson County; Kentucky,20517,8642,50.1,21.1,0.5762,0.598121,0.632568,0.595146,385,False,8.9,KY_HENDERSON-CITY,724238,37.8,-87.683,37.80292,-87.51991
Mixed-Humid,rural,Rural,County,21027,Census Tract 9601; Breckinridge County; Kentucky,20722,10760,36.4,18.9,0.694154,0.442589,0.634656,0.594207,386,False,26.1,KY_FORT-KNOX-GODMAN-AAF,724240,37.9,-85.967,37.77573,-86.41875
Mixed-Humid,rural,Rural,County,51027,Census Tract 101; Buchanan County; Virginia,19857,10340,39.5,20.6,0.667015,0.48643,0.613779,0.593163,387,False,32.1,VA_WISE-LONESOME-PINE,724117,36.988,-82.53,37.25461,-82.05238
Mixed-Humid,rural,Rural,County,21173,Census Tract 9201; Montgomery County; Kentucky,14858,6381,89.9,38.6,0.440501,0.850731,0.478079,0.591597,388,False,6.2,KY_MT-STERLING-MONTG,720456,38.067,-83.983,38.01954,-83.88575
Mixed-Humid,rural,Rural,County,21083,Census Tract 204; Graves County; Kentucky,21643,9285,42.7,18.3,0.613779,0.524008,0.656576,0.590919,389,False,16.4,KY_KYLE-OAKLEY-FIELD-AP,720447,36.665,-88.373,36.742,-88.65385
Mixed-Humid,rural,Rural,County,37165,Census Tract 104; Scotland County; North Carolina,18021,7400,62.6,25.7,0.510438,0.706681,0.564718,0.589979,390,False,7.5,NC_MAXTON,723109,34.791,-79.368,34.82029,-79.49541
Mixed-Humid,rural,Rural,County,37065,Census Tract 206; Edgecombe County; North Carolina,19990,9289,44.0,20.4,0.61691,0.534447,0.618998,0.588466,391,False,6.2,NC_TARBORO-EDGECOMBE-AP,720864,35.937,-77.547,35.87457,-77.62758
Mixed-Humid,rural,Rural,County,51053,Census Tract 8401.01; Dinwiddie County; Virginia,20987,9310,42.4,18.8,0.617954,0.519833,0.638831,0.587787,392,False,7.0,VA_DINWIDDIE-CO,724014,37.183,-77.5,37.10738,-77.58578
Mixed-Humid,rural,Rural,County,21099,Census Tract 9701; Hart County; Kentucky,19470,8888,47.2,21.5,0.593946,0.570981,0.598121,0.586743,393,False,17.9,KY_GLASGOW,722322,37.033,-85.95,37.28917,-85.8987
Mixed-Humid,rural,Rural,County,42029,Census Tract 3016; Chester County; Pennsylvania,14293,5451,113.6,43.3,0.365344,0.934238,0.466597,0.584707,394,False,2.4,PA_CHESTER-CO-CARLSON-AP,720408,39.983,-75.867,39.94932,-75.85861
Mixed-Humid,rural,Rural,County,40015,Census Tract 1616.01; Caddo County; Oklahoma,26626,11577,20.8,9.1,0.741127,0.273486,0.770355,0.583298,395,False,21.9,OK_CHICKASHA,722071,35.096,-97.966,35.18394,-98.33753
Mixed-Humid,rural,Rural,County,51065,Census Tract 201.01; Fluvanna County; Virginia,17732,7074,63.6,25.4,0.488518,0.716075,0.558455,0.58215,396,False,19.7,VA_LOUISA,723114,38.01,-77.97,37.86649,-78.28171
Mixed-Humid,rural,Rural,County,05059,Census Tract 201.01; Hot Spring County; Arkansas,22511,9521,38.0,16.1,0.629436,0.466597,0.677453,0.582046,397,False,14.0,AR_MEMORIAL-FLD,723415,34.476,-93.104,34.3387,-92.92436
Mixed-Humid,rural,Rural,County,51093,Census Tract 2801.01; Isle of Wight County; Virginia,16571,7483,60.0,27.1,0.520877,0.688935,0.532359,0.581994,398,False,15.7,VA_NORFOLK(NEXRAD),724019,36.983,-77.001,36.89451,-76.73833
Mixed-Humid,rural,Rural,County,24047,Census Tract 9508; Worcester County; Maryland,18843,9261,44.3,21.8,0.611691,0.537578,0.583507,0.580115,399,False,11.0,MD_SALBRY-OCEAN-CTY-RGNL-AP,723980,38.341,-75.513,38.21572,-75.38707
Mixed-Humid,rural,Rural,County,24019,Census Tract 9701; Dorchester County; Maryland,20041,9971,37.9,18.8,0.650313,0.463466,0.621086,0.579071,400,False,3.7,MD_CAMBRIDGE-DORCHESTER-AP,722218,38.533,-76.033,38.56496,-75.97881
Mixed-Humid,rural,Rural,County,20155,Census Tract 11; Reno County; Kansas,26076,11387,21.1,9.2,0.73382,0.27453,0.758873,0.578079,401,False,6.0,KS_HUTCHINSON-MUNI-AP,724506,38.068,-97.861,38.02371,-97.95647
Mixed-Humid,rural,Rural,County,47185,Census Tract 9350; White County; Tennessee,17789,7967,52.3,23.4,0.550104,0.621086,0.559499,0.576827,402,False,8.2,TN_UPPER-CUMBERLAND-RGNL-AP,723274,36.056,-85.531,35.94232,-85.49164
Mixed-Humid,rural,Rural,County,54065,Census Tract 9707.01; Morgan County; West Virginia,13968,7435,65.0,34.6,0.515658,0.724426,0.456159,0.576827,403,False,17.4,WV_MARTINSBURG-E-WV-RGNL-AP,724177,39.404,-77.975,39.57416,-78.2146
Mixed-Humid,rural,Rural,County,51119,Census Tract 9509; Middlesex County; Virginia,10774,7140,82.7,54.8,0.493737,0.819415,0.336117,0.5762,404,False,15.2,VA_WEST-POINT,720285,37.521,-76.765,37.60593,-76.50974
Mixed-Humid,rural,Rural,County,29201,Census Tract 7802; Scott County; Missouri,19081,8038,49.8,21.0,0.555324,0.593946,0.591858,0.576149,405,False,8.7,MO_CAPE-GIRARDEAU-RGNL-AP,723290,37.225,-89.579,37.09938,-89.57491
Mixed-Humid,rural,Rural,County,21001,Census Tract 9701; Adair County; Kentucky,19016,8632,46.9,21.3,0.575157,0.56785,0.58977,0.575522,406,False,17.6,KY_CAMPBELLVILLE-TAYLOR-CO,720445,37.358,-85.309,37.10353,-85.28124
Mixed-Humid,rural,Rural,County,20177,Census Tract 33.02; Shawnee County; Kansas,18935,7855,51.3,21.3,0.541754,0.612735,0.585595,0.575366,407,False,7.5,KS_TOPEKA-MUNI-AP,724560,39.072,-95.626,39.05153,-95.76317
Mixed-Humid,rural,Rural,County,54083,Census Tract 9659; Randolph County; West Virginia,24108,11258,23.2,10.8,0.722338,0.303758,0.718163,0.575,408,False,4.2,WV_ELKINS-ELKINS-RANDOLPH-CO-,724170,38.89,-79.855,38.83368,-79.88417
Mixed-Humid,rural,Rural,County,47071,Census Tract 9201; Hardin County; Tennessee,17821,11043,32.4,20.1,0.710856,0.407098,0.561587,0.574687,409,False,29.6,MS_ROSCOE-TURNER-AP,720924,34.915,-88.604,35.19624,-88.20816
Mixed-Humid,rural,Rural,County,05029,Census Tract 9501; Conway County; Arkansas,20872,9681,37.8,17.5,0.634656,0.460334,0.636743,0.574061,410,False,21.1,AR_RUSSELLVILLE-MUNI-AP,723429,35.257,-93.095,35.22407,-92.72351
Mixed-Humid,rural,Rural,County,54067,Census Tract 9501; Nicholas County; West Virginia,20319,10514,32.3,16.7,0.679541,0.406054,0.629436,0.5738,411,False,34.8,WV_GREENBRIER-VALLEY,724127,37.867,-80.4,38.28277,-80.76017
Mixed-Humid,rural,Rural,County,51033,Census Tract 301; Caroline County; Virginia,21346,8434,43.7,17.3,0.568894,0.532359,0.650313,0.572391,412,False,18.5,VA_SHANNON-AP,724033,38.267,-77.449,38.00999,-77.35371
Mixed-Humid,rural,Rural,County,21215,Census Tract 801.02; Spencer County; Kentucky,14932,5866,88.6,34.8,0.399791,0.844468,0.482255,0.571921,413,False,17.9,KY_SAMUELS-FLD-BARDSTOWN,720446,37.814,-85.5,38.03997,-85.33872
Mixed-Humid,rural,Rural,County,47159,Census Tract 9750; Smith County; Tennessee,17180,7408,55.9,24.1,0.512526,0.659708,0.546973,0.570929,414,False,27.4,TN_UPPER-CUMBERLAND-RGNL-AP,723274,36.056,-85.531,36.23278,-85.97156
Mixed-Humid,rural,Rural,County,51179,Census Tract 101.06; Stafford County; Virginia,15660,4714,122.0,36.7,0.300626,0.956159,0.504175,0.570772,415,False,1.7,VA_STAFFORD,720317,38.398,-77.456,38.40935,-77.48488
Mixed-Humid,rural,Rural,County,54037,Census Tract 9722.03; Jefferson County; West Virginia,12524,5213,123.6,51.4,0.339248,0.95929,0.41023,0.570459,416,False,7.8,WV_MARTINSBURG-E-WV-RGNL-AP,724177,39.404,-77.975,39.30575,-77.90448
Mixed-Humid,rural,Rural,County,29109,Census Tract 4701; Lawrence County; Missouri,22367,9078,38.0,15.4,0.60334,0.466597,0.673278,0.569468,417,False,16.2,MO_MONETT-MUNI-AP,720479,36.9,-94.017,37.06903,-93.81388
Mixed-Humid,rural,Rural,County,21013,Census Tract 9601; Bell County; Kentucky,16922,8217,49.7,24.1,0.561587,0.591858,0.538622,0.567589,418,False,7.3,KY_MIDDLESBORO,720353,36.611,-83.738,36.71224,-83.69765
Mixed-Humid,rural,Rural,County,40133,Census Tract 5831; Seminole County; Oklahoma,21619,9804,34.2,15.5,0.641962,0.419624,0.653445,0.56644,419,False,6.6,OK_SEMINOLE-MUNI,720359,35.275,-96.675,35.18994,-96.62115
Mixed-Humid,rural,Rural,County,37027,Census Tract 309; Caldwell County; North Carolina,16511,8223,49.6,24.7,0.56263,0.590814,0.529228,0.565814,420,False,11.4,NC_MORGANTON-LENIOR-AP,723148,35.821,-81.611,35.97728,-81.54351
Mixed-Humid,rural,Rural,County,29215,Census Tract 4801.01; Texas County; Missouri,24956,11034,21.2,9.4,0.709812,0.276618,0.737996,0.563831,421,False,29.3,MO_FT-LNRD-WD-AAF,724457,37.75,-92.15,37.35178,-91.96877
Mixed-Humid,rural,Rural,County,29213,Census Tract 4802.04; Taney County; Missouri,19186,10135,35.1,18.5,0.656576,0.425887,0.596033,0.563726,422,False,8.7,MO_BRANSON-AP,720616,36.533,-93.2,36.64533,-93.13106
Mixed-Humid,rural,Rural,County,51105,Census Tract 9501; Lee County; Virginia,17125,9275,41.2,22.3,0.612735,0.509395,0.545929,0.563205,423,False,6.2,VA_LEE-CO,720768,36.654,-83.218,36.70767,-83.12808
Mixed-Humid,rural,Rural,County,29165,Census Tract 304.01; Platte County; Missouri,18391,7302,53.4,21.2,0.503132,0.633612,0.573069,0.562787,424,False,6.9,MO_KANSAS-CITY-IAP,724460,39.297,-94.731,39.38866,-94.7809
Mixed-Humid,rural,Rural,County,47129,Census Tract 1101; Morgan County; Tennessee,21193,8550,40.6,16.4,0.574113,0.5,0.645094,0.56237,425,False,21.4,TN_OAK-RIDGE,724270,36.023,-84.234,36.10876,-84.6027
Mixed-Humid,rural,Rural,County,29097,Census Tract 119; Jasper County; Missouri,20775,8475,41.1,16.8,0.572025,0.506263,0.635699,0.561743,426,False,10.1,MO_JOPLIN-MUNI-AP,723495,37.152,-94.495,37.19292,-94.31923
Mixed-Humid,rural,Rural,County,21213,Census Tract 9701; Simpson County; Kentucky,15248,6572,66.7,28.8,0.451983,0.740084,0.491649,0.560752,427,False,16.5,KY_BOWLING-GREEN-WARREN-CO-AP,746716,36.965,-86.424,36.75725,-86.57278
Mixed-Humid,rural,Rural,County,51141,Census Tract 301.01; Patrick County; Virginia,17606,10006,36.5,20.7,0.653445,0.444676,0.555324,0.560752,428,False,14.2,VA_MARTINSVILLE,745985,36.631,-80.018,36.66047,-80.2709
Mixed-Humid,rural,Rural,County,37131,Census Tract 9201.01; Northampton County; North Carolina,17212,10620,32.1,19.8,0.688935,0.401879,0.549061,0.560491,429,False,12.1,NC_HALIFAX-NORTHAMPTON-RGNL-A,720649,36.33,-77.635,36.43978,-77.46473
Mixed-Humid,rural,Rural,County,40123,Census Tract 886; Pontotoc County; Oklahoma,22089,9734,31.5,13.9,0.639875,0.39666,0.664927,0.55976,430,False,2.6,OK_ADA,722044,34.804,-96.671,34.76685,-96.6818
Mixed-Humid,rural,Rural,County,29141,Census Tract 4701; Morgan County; Missouri,16480,11316,28.5,19.6,0.727557,0.356994,0.528184,0.557985,431,False,25.9,MO_WARSAW-MUNI,720487,38.347,-93.345,38.41718,-92.87441
Mixed-Humid,rural,Rural,County,54005,Census Tract 9582; Boone County; West Virginia,19137,9167,38.7,18.5,0.607516,0.47286,0.593946,0.557672,432,False,24.3,WV_CHARLESTON-YEAGER-AP,724140,38.38,-81.591,38.05145,-81.74859
Mixed-Humid,rural,Rural,County,51071,Census Tract 9301; Giles County; Virginia,16610,8316,46.5,23.3,0.564718,0.561587,0.533403,0.557359,433,False,13.2,VA_PULASKI,724116,37.133,-80.683,37.31988,-80.73506
Mixed-Humid,rural,Rural,County,51079,Census Tract 301.01; Greene County; Virginia,12919,5792,88.6,39.7,0.394572,0.844468,0.419624,0.557046,434,False,10.3,VA_CHARLOTTESVILLE-FAA,724016,38.137,-78.455,38.28668,-78.45466
Mixed-Humid,rural,Rural,County,40047,Census Tract 11; Garfield County; Oklahoma,23974,10534,23.2,10.2,0.682672,0.303758,0.717119,0.556941,435,False,3.7,OK_ENID-WOODRING-RGNL-AP,723536,36.383,-97.8,36.38166,-97.86574
Mixed-Humid,rural,Rural,County,21089,Census Tract 404; Greenup County; Kentucky,16252,7595,51.4,24.0,0.526096,0.614823,0.519833,0.555898,436,False,8.3,KY_ASHLAND-RGNL,720449,38.555,-82.738,38.52971,-82.88818
Mixed-Humid,rural,Rural,County,47081,Census Tract 9501; Hickman County; Tennessee,21297,9148,35.8,15.4,0.606472,0.436326,0.649269,0.55548,437,False,23.3,TN_MAURY-CO,723249,35.554,-87.179,35.83087,-87.41669
Mixed-Humid,rural,Rural,County,47049,Census Tract 9650; Fentress County; Tennessee,18948,9228,38.0,18.5,0.609603,0.466597,0.587683,0.555167,438,False,29.2,TN_CROSSVILLE-MEM-WHITSON,723250,35.951,-85.081,36.35593,-84.93089
Mixed-Humid,rural,Rural,County,47139,Census Tract 9501; Polk County; Tennessee,17702,8856,40.7,20.4,0.590814,0.502088,0.557411,0.553079,439,False,33.1,GA_DALTON,722154,34.722,-84.869,35.11769,-84.54063
Mixed-Humid,rural,Rural,County,37115,Census Tract 101; Madison County; North Carolina,16974,9217,39.5,21.4,0.608559,0.48643,0.54071,0.552244,440,False,29.2,NC_ASHEVILLE-RGNL-AP,723150,35.432,-82.538,35.8429,-82.65741
Mixed-Humid,rural,Rural,County,42047,Census Tract 9501; Elk County; Pennsylvania,19003,11288,23.8,14.1,0.724426,0.307933,0.588727,0.551514,441,False,21.4,PA_DUBOIS-FAA-AP,725125,41.179,-78.893,41.41207,-78.6219
Mixed-Humid,rural,Rural,County,47063,Census Tract 1007; Hamblen County; Tennessee,11236,4767,139.5,59.2,0.305846,0.977035,0.354906,0.550574,442,False,30.2,VA_LEE-CO,720768,36.654,-83.218,36.21776,-83.18752
Mixed-Humid,rural,Rural,County,51131,Census Tract 9301; Northampton County; Virginia,12115,7456,57.2,35.2,0.519833,0.667015,0.393528,0.546086,443,False,20.3,VA_ACCOMACK-CO,724026,37.647,-75.761,37.37366,-75.89807
Mixed-Humid,rural,Rural,County,54069,Census Tract 20; Ohio County; West Virginia,11001,4774,130.6,56.7,0.307933,0.965553,0.345511,0.545616,444,False,4.6,WV_WHEELING-OHIO-CO-AP,724275,40.17,-80.644,40.10978,-80.6078
Mixed-Humid,rural,Rural,County,47041,Census Tract 9201.01; DeKalb County; Tennessee,14693,7545,51.4,26.4,0.522965,0.614823,0.473904,0.545303,445,False,17.6,TN_UPPER-CUMBERLAND-RGNL-AP,723274,36.056,-85.531,35.96384,-85.82406
Mixed-Humid,rural,Rural,County,21035,Census Tract 101; Calloway County; Kentucky,15284,8363,45.1,24.7,0.566806,0.546973,0.492693,0.545042,446,False,5.5,KY_KYLE-OAKLEY-FIELD-AP,720447,36.665,-88.373,36.6334,-88.28276
Mixed-Humid,rural,Rural,County,40089,Census Tract 982; McCurtain County; Oklahoma,25252,11685,13.8,6.4,0.746347,0.173278,0.742171,0.544938,447,False,5.3,OK_MC-CURTAIN-CO-RGNL-AP,723759,33.909,-94.859,33.98133,-94.83061
Mixed-Humid,rural,Rural,County,21121,Census Tract 9301; Knox County; Kentucky,16342,7638,47.5,22.2,0.531315,0.575157,0.521921,0.544781,448,False,17.9,KY_LONDON-CORBIN-AP,724243,37.09,-84.069,36.89458,-83.85698
Mixed-Humid,rural,Rural,County,21203,Census Tract 9501; Rockcastle County; Kentucky,16144,7377,51.0,23.3,0.507307,0.607516,0.516701,0.544259,449,False,17.7,KY_MADISON-RICHMOND,720455,37.633,-84.333,37.37721,-84.33265
Mixed-Humid,rural,Rural,County,29183,Census Tract 3101; St. Charles County; Missouri,17925,7292,49.3,20.0,0.502088,0.586639,0.56263,0.543789,450,False,9.8,MO_SPIRIT-OF-ST-LOUIS-AP,724345,38.658,-90.656,38.76874,-90.76886
Mixed-Humid,rural,Rural,County,51009,Census Tract 101; Amherst County; Virginia,18305,8093,41.2,18.2,0.557411,0.509395,0.570981,0.543319,451,False,18.3,VA_LYNCHBURG-RGNL-AP,724100,37.321,-79.206,37.57667,-79.11903
Mixed-Humid,rural,Rural,County,54047,Census Tract 9536; McDowell County; West Virginia,18413,9380,34.5,17.6,0.623173,0.422756,0.574113,0.543215,452,False,23.7,WV_BLUEFIELD-MERCER-CO,724125,37.298,-81.204,37.38971,-81.61962
Mixed-Humid,rural,Rural,County,47097,Census Tract 501; Lauderdale County; Tennessee,18752,8026,40.8,17.4,0.55428,0.505219,0.580376,0.542328,453,False,14.0,TN_COVINGTON-MUNI,720168,35.583,-89.587,35.78363,-89.55317
Mixed-Humid,rural,Rural,County,21047,Census Tract 2009.01; Christian County; Kentucky,22432,8654,33.8,13.0,0.577244,0.41858,0.676409,0.541545,454,False,15.1,KY_FORT-CAMPBELL(AAF),746710,36.667,-87.483,36.88563,-87.48407
Mixed-Humid,rural,Rural,County,21183,Census Tract 9201; Ohio County; Kentucky,20292,8822,35.4,15.4,0.588727,0.430063,0.628392,0.541128,455,False,26.1,KY_OWENSBORO-DAVIESS-C,724237,37.75,-87.167,37.47024,-86.84647
Mixed-Humid,rural,Rural,County,21019,Census Tract 310.01; Boyd County; Kentucky,11990,5291,97.2,42.9,0.347599,0.875783,0.387265,0.540397,456,False,7.3,WV_HUNTINGTON-TRI-STATE-AP,724250,38.365,-82.555,38.33795,-82.68488
Mixed-Humid,rural,Rural,County,40009,Census Tract 9661; Beckham County; Oklahoma,22202,10120,24.6,11.2,0.655532,0.316284,0.668058,0.5393,457,False,8.8,OK_ELK-CITY-MUNI-AP,720558,35.433,-99.4,35.34343,-99.51088
Mixed-Humid,rural,Rural,County,51011,Census Tract 401.01; Appomattox County; Virginia,16424,7380,49.1,22.1,0.508351,0.585595,0.526096,0.538935,458,False,20.9,VA_LYNCHBURG-RGNL-AP,724100,37.321,-79.206,37.37358,-78.83045
Mixed-Humid,rural,Rural,County,47085,Census Tract 1301; Humphreys County; Tennessee,19074,8868,35.9,16.7,0.591858,0.438413,0.590814,0.537943,459,False,37.9,TN_SABRE-ARMY-AIRFIELD,746720,36.568,-87.481,36.074,-87.77853
Mixed-Humid,rural,Rural,County,47121,Census Tract 9601; Meigs County; Tennessee,13076,6164,67.0,31.6,0.425887,0.741127,0.426931,0.53643,460,False,34.3,TN_CROSSVILLE-MEM-WHITSON,723250,35.951,-85.081,35.50173,-84.8206
Mixed-Humid,rural,Rural,County,24029,Census Tract 9501; Kent County; Maryland,13316,7782,49.6,29.0,0.539666,0.590814,0.433194,0.536273,461,False,17.1,MD_PHILLIPS-AAF,724057,39.472,-76.17,39.24729,-76.0346
Mixed-Humid,rural,Rural,County,47157,Census Tract 201.01; Shelby County; Tennessee,15004,6217,61.2,25.4,0.431106,0.69833,0.484342,0.535282,462,False,3.5,TN_MILLINGTON-MUNI-AP,723284,35.35,-89.867,35.32667,-89.92114
Mixed-Humid,rural,Rural,County,21021,Census Tract 9305; Boyle County; Kentucky,12172,5395,87.2,38.7,0.360125,0.838205,0.39666,0.53476,463,False,7.2,KY_STUART-POWELL-FIELD-AP,720448,37.578,-84.77,37.61503,-84.89378
Mixed-Humid,rural,Rural,County,21123,Census Tract 9601.01; Larue County; Kentucky,15028,6542,57.6,25.1,0.449896,0.670146,0.485386,0.534081,464,False,14.8,KY_ADDINGTON-FLD,720451,37.686,-85.925,37.54605,-85.71967
Mixed-Humid,rural,Rural,County,47093,Census Tract 54.02; Knox County; Tennessee,10320,4412,174.0,74.4,0.268267,1.0,0.314196,0.533559,465,False,10.1,TN_KNOXVILLE-DOWNTOWN,723264,35.964,-83.874,36.05958,-83.73783
Mixed-Humid,rural,Rural,County,21065,Census Tract 9201; Estill County; Kentucky,14079,6847,55.6,27.1,0.468685,0.656576,0.458246,0.532359,466,False,19.4,KY_MADISON-RICHMOND,720455,37.633,-84.333,37.70916,-83.99182
Mixed-Humid,rural,Rural,County,21103,Census Tract 901; Henry County; Kentucky,15774,6678,55.1,23.3,0.454071,0.646138,0.509395,0.532359,467,False,22.0,KY_CAPITAL-CITY-AP,724233,38.185,-84.904,38.43726,-85.15213
Mixed-Humid,rural,Rural,County,29105,Census Tract 9601.01; Laclede County; Missouri,21277,9286,28.5,12.4,0.615866,0.356994,0.647182,0.531524,468,False,0.9,MO_FLOYD-W-JONES-LEBANON,720477,37.648,-92.652,37.65866,-92.64277
Mixed-Humid,rural,Rural,County,21197,Census Tract 9701.01; Powell County; Kentucky,13057,5619,73.0,31.4,0.381002,0.778706,0.425887,0.529175,469,False,16.8,KY_MT-STERLING-MONTG,720456,38.067,-83.983,37.85141,-83.83922
Mixed-Humid,rural,Rural,County,05139,Census Tract 9501; Union County; Arkansas,20560,10614,20.3,10.5,0.687891,0.265136,0.633612,0.529071,470,False,10.2,AR_EL-DORADO-GOODWIN-FIELD,723419,33.221,-92.814,33.18454,-92.64374
Mixed-Humid,rural,Rural,County,51153,Census Tract 9013.05; Prince William County; Virginia,12507,4441,111.7,39.7,0.270355,0.929019,0.409186,0.528654,471,False,4.5,VA_MANASSAS-MUNI(AWOS),724036,38.721,-77.515,38.76342,-77.57763
Mixed-Humid,rural,Rural,County,21029,Census Tract 209; Bullitt County; Kentucky,13915,5789,68.6,28.5,0.393528,0.745303,0.448852,0.527714,472,False,13.3,KY_SAMUELS-FLD-BARDSTOWN,720446,37.814,-85.5,37.94407,-85.6802
Mixed-Humid,rural,Rural,County,42105,Census Tract 9501.01; Potter County; Pennsylvania,16276,12375,15.1,11.4,0.781837,0.200418,0.520877,0.526148,473,False,21.6,NY_WELLSVILLE-MUNI,725157,42.108,-77.984,41.79833,-77.92502
Mixed-Humid,rural,Rural,County,37031,Census Tract 9701.01; Carteret County; North Carolina,15085,9019,36.8,22.0,0.600209,0.451983,0.487474,0.525783,474,False,6.0,NC_BEAUFORT-SMITH-FLD,723037,34.733,-76.657,34.81954,-76.67186
Mixed-Humid,rural,Rural,County,51125,Census Tract 9501.01; Nelson County; Virginia,14777,9947,31.4,21.1,0.649269,0.393528,0.475992,0.525104,475,False,31.2,VA_STAUNTON-SHENANDOAH,724105,38.264,-78.896,37.8127,-78.87509
Mixed-Humid,rural,Rural,County,37043,Census Tract 9501.01; Clay County; North Carolina,11391,7410,53.0,34.5,0.51357,0.628392,0.364301,0.523904,476,False,11.3,NC_ANDREWS-AP,722177,35.195,-83.865,35.04365,-83.79024
Mixed-Humid,rural,Rural,County,20191,Census Tract 9621; Sumner County; Kansas,22386,10395,18.9,8.8,0.673278,0.243215,0.675365,0.523173,477,False,22.9,KS_WINFIELD-ARK-CITY,724502,37.165,-97.035,37.29811,-97.41596
Mixed-Humid,rural,Rural,County,51063,Census Tract 9201.02; Floyd County; Virginia,15560,7946,40.8,20.9,0.548017,0.505219,0.496868,0.522808,478,False,18.2,VA_VIRGINIA-TECH-AP,724113,37.208,-80.408,36.95074,-80.3383
Mixed-Humid,rural,Rural,County,51115,Census Tract 9513.01; Mathews County; Virginia,8517,5486,99.1,63.9,0.371608,0.882046,0.23382,0.522704,479,False,23.0,VA_NWPT-NEWS-WIMBURG-IAP,723086,37.132,-76.494,37.44385,-76.34834
Mixed-Humid,rural,Rural,County,05089,Census Tract 9601; Marion County; Arkansas,17076,9623,28.6,16.1,0.633612,0.362213,0.543841,0.520668,480,False,4.3,AR_MARION-CO-RGNL-AP,723447,36.291,-92.59,36.29857,-92.66656
Mixed-Humid,rural,Rural,County,37143,Census Tract 9201.01; Perquimans County; North Carolina,13146,6918,53.2,28.0,0.474948,0.63048,0.429019,0.520198,481,False,13.7,NC_ELZ-CTY-CGAS-RGNL-AP,723070,36.258,-76.172,36.18096,-76.39929
Mixed-Humid,rural,Rural,County,24031,Census Tract 7002.04; Montgomery County; Maryland,11904,4594,103.0,39.8,0.284969,0.897704,0.382046,0.518842,482,False,11.6,MD_GAITHERSBURG-MONTGOMERY-CO,720334,39.167,-77.167,39.17809,-77.38225
Mixed-Humid,rural,Rural,County,51103,Census Tract 301; Lancaster County; Virginia,9101,6249,72.1,49.5,0.435282,0.772443,0.262004,0.518633,483,False,22.1,VA_WEST-POINT,720285,37.521,-76.765,37.71135,-76.4405
Mixed-Humid,rural,Rural,County,40137,Census Tract 8; Stephens County; Oklahoma,20130,9454,24.2,11.4,0.626305,0.313152,0.622129,0.515866,484,False,2.4,OK_HALLIBURTON-FLD,722078,34.471,-97.951,34.50403,-97.93828
Mixed-Humid,rural,Rural,County,51077,Census Tract 601.01; Grayson County; Virginia,15323,8961,34.7,20.3,0.596033,0.424843,0.494781,0.515866,485,False,19.0,VA_HILLSVILLE,724107,36.766,-80.823,36.6541,-81.13541
Mixed-Humid,rural,Rural,County,29161,Census Tract 8901; Phelps County; Missouri,19706,8665,30.6,13.4,0.578288,0.379958,0.609603,0.515136,486,False,14.3,MO_ROLLA-NATIONAL-AP,724420,38.132,-91.765,37.92579,-91.75461
Mixed-Humid,rural,Rural,County,29207,Census Tract 4701; Stoddard County; Missouri,20194,9313,24.9,11.5,0.618998,0.317328,0.625261,0.514666,487,False,18.3,MO_MALDEN-MUNI,720481,36.601,-89.992,36.86403,-89.955
Mixed-Humid,rural,Rural,County,40049,Census Tract 6811; Garvin County; Oklahoma,20286,9142,25.9,11.7,0.605428,0.332985,0.627349,0.514457,488,False,2.1,OK_PAULS-VALLEY,722173,34.711,-97.223,34.70146,-97.25761
Mixed-Humid,rural,Rural,County,29219,Census Tract 8201.04; Warren County; Missouri,15593,7291,44.4,20.8,0.501044,0.539666,0.5,0.514353,489,False,12.8,MO_WASHINGTON-RGNL-AP,720169,38.583,-91.0,38.74206,-91.12182
Mixed-Humid,rural,Rural,County,51135,Census Tract 1.01; Nottoway County; Virginia,15597,6683,49.6,21.3,0.457203,0.590814,0.502088,0.512944,490,False,8.2,VA_FT-PICKETT-BLACKSTO,724015,37.074,-77.958,37.14419,-78.07907
Mixed-Humid,rural,Rural,County,05055,Census Tract 4801; Greene County; Arkansas,18831,7958,34.6,14.6,0.549061,0.4238,0.582463,0.5119,491,False,18.9,AR_JONESBORO-MUNI,723407,35.836,-90.644,36.09791,-90.54617
Mixed-Humid,rural,Rural,County,21191,Census Tract 9301.01; Pendleton County; Kentucky,14683,6285,53.0,22.7,0.438413,0.628392,0.47286,0.511795,492,False,28.4,OH_CINCINNATI-MUNI-AP-LUNKI,724297,39.106,-84.416,38.69859,-84.34987
Mixed-Humid,rural,Rural,County,37005,Census Tract 9501; Alleghany County; North Carolina,11075,7752,47.2,33.0,0.537578,0.570981,0.348643,0.511482,493,False,17.7,NC_JEFFERSON,723146,36.432,-81.419,36.50018,-81.11272
Mixed-Humid,rural,Rural,County,20087,Census Tract 201.01; Jefferson County; Kansas,18391,8004,34.5,15.0,0.552192,0.422756,0.573069,0.511065,494,False,16.1,KS_TOPEKA-MUNI-AP,724560,39.072,-95.626,39.21915,-95.39325
Mixed-Humid,rural,Rural,County,34027,Census Tract 442; Morris County; New Jersey,9185,4083,173.0,76.9,0.23382,0.998956,0.267223,0.508298,495,False,6.5,NJ_MORRISTOWN-MUNI,724097,40.8,-74.417,40.87008,-74.50017
Mixed-Humid,rural,Rural,County,51101,Census Tract 9501.01; King William County; Virginia,14746,6000,55.3,22.5,0.409186,0.649269,0.474948,0.506367,496,False,15.7,VA_TAPPAHANNOCK-ESSEX-C,720501,37.85,-76.883,37.74603,-77.13821
Mixed-Humid,rural,Rural,County,40071,Census Tract 6; Kay County; Oklahoma,19583,9525,21.8,10.6,0.63048,0.284969,0.605428,0.504541,497,False,6.3,OK_BLACKWELL-TONKAWA-MUNI-AP,720625,36.75,-97.35,36.79121,-97.24889
Mixed-Humid,rural,Rural,County,05091,Census Tract 208.02; Miller County; Arkansas,18776,8307,31.0,13.7,0.563674,0.38309,0.58142,0.504019,498,False,9.7,AR_TEXARKANA-WEBB-FIELD,723418,33.456,-93.988,33.33231,-93.90945
Mixed-Humid,rural,Rural,County,37071,Census Tract 301.03; Gaston County; North Carolina,9261,3978,159.4,68.5,0.22547,0.993737,0.270355,0.50334,499,False,9.1,NC_GASTONIA-MUNI-AP,723147,35.197,-81.156,35.30939,-81.24081
Mixed-Humid,rural,Rural,County,21015,Census Tract 704.05; Boone County; Kentucky,13040,4561,85.4,29.9,0.281837,0.829854,0.424843,0.502244,500,False,8.2,KY_CINCINNATI-NORTHERN-KY-AP,724210,39.044,-84.672,38.94321,-84.753
Mixed-Humid,rural,Rural,County,29131,Census Tract 9625.01; Miller County; Missouri,18227,8004,31.5,13.8,0.552192,0.39666,0.569937,0.501305,501,False,10.0,MO_KAISER-MEM(AWOS),724459,38.096,-92.553,38.22336,-92.46714
Mixed-Humid,rural,Rural,County,05093,Census Tract 106.02; Mississippi County; Arkansas,19795,9139,23.0,10.6,0.604384,0.300626,0.610647,0.499321,502,False,12.7,AR_BLYTHEVILLE-AFB,723408,35.967,-89.95,35.79618,-90.03433
Mixed-Humid,rural,Rural,County,24003,Census Tract 7013.02; Anne Arundel County; Maryland,10315,3706,150.3,54.0,0.201461,0.988518,0.313152,0.499269,503,False,10.3,MD_US-NAVAL-ACADEMY,722158,38.99,-76.48,38.92105,-76.64916
Mixed-Humid,rural,Rural,County,51051,Census Tract 401; Dickenson County; Virginia,13920,7352,42.1,22.2,0.505219,0.518789,0.449896,0.498904,504,False,14.1,VA_WISE-LONESOME-PINE,724117,36.988,-82.53,37.14577,-82.36757
Mixed-Humid,rural,Rural,County,29221,Census Tract 4601.01; Washington County; Missouri,18937,8869,25.3,11.9,0.592902,0.325678,0.586639,0.498121,505,False,25.3,MO_FARMINGTON,724454,37.761,-90.428,37.97203,-90.80611
Mixed-Humid,rural,Rural,County,47033,Census Tract 9610; Crockett County; Tennessee,13937,6114,52.5,23.0,0.419624,0.623173,0.453027,0.497547,506,False,18.0,TN_JACKSON-MCKELLAR-RGNL-AP,723346,35.593,-88.917,35.79595,-89.11878
Mixed-Humid,rural,Rural,County,54051,Census Tract 208; Marshall County; West Virginia,13447,6681,47.4,23.6,0.456159,0.574113,0.439457,0.494103,507,False,19.4,WV_WHEELING-OHIO-CO-AP,724275,40.17,-80.644,39.89057,-80.67698
Mixed-Humid,rural,Rural,County,21051,Census Tract 9501; Clay County; Kentucky,16399,7560,35.8,16.5,0.524008,0.436326,0.524008,0.493319,508,False,19.2,KY_LONDON-CORBIN-AP,724243,37.09,-84.069,37.18422,-83.74144
Mixed-Humid,rural,Rural,County,05141,Census Tract 4601; Van Buren County; Arkansas,15936,9724,22.5,13.7,0.637787,0.295407,0.51357,0.493111,509,False,1.4,AR_CLINTON-MUNI-AP,720401,35.6,-92.45,35.58042,-92.45625
Mixed-Humid,rural,Rural,County,21069,Census Tract 9201; Fleming County; Kentucky,15221,6776,43.7,19.4,0.463466,0.532359,0.490605,0.493006,510,False,10.8,KY_FLEMING-MASON-AP,720452,38.542,-83.743,38.38995,-83.6978
Mixed-Humid,rural,Rural,County,40147,Census Tract 10; Washington County; Oklahoma,15594,7082,40.0,18.2,0.489562,0.491649,0.501044,0.492589,511,False,6.9,OK_BARTLESVILLE-PHILLI,723565,36.766,-96.013,36.71766,-95.90478
Mixed-Humid,rural,Rural,County,29229,Census Tract 4901; Wright County; Missouri,18722,8370,27.5,12.3,0.56785,0.346555,0.578288,0.492484,512,False,33.7,MO_FLOYD-W-JONES-LEBANON,720477,37.648,-92.652,37.18843,-92.44805
Mixed-Humid,rural,Rural,County,21097,Census Tract 9501; Harrison County; Kentucky,14440,6094,50.4,21.3,0.416493,0.60334,0.468685,0.492328,513,False,30.5,KY_MT-STERLING-MONTG,720456,38.067,-83.983,38.42369,-84.31333
Mixed-Humid,rural,Rural,County,21147,Census Tract 9601; McCreary County; Kentucky,16905,6919,39.6,16.2,0.475992,0.487474,0.536534,0.492119,514,False,13.7,KY_WILLIAMSBURG-(WHITLEY-CO-A,720465,36.8,-84.2,36.72461,-84.42977
Mixed-Humid,rural,Rural,County,37015,Census Tract 9601; Bertie County; North Carolina,17482,8988,25.0,12.9,0.598121,0.320459,0.553236,0.491962,515,False,20.4,NC_AHOSKIE,723079,36.298,-77.171,36.0637,-76.94981
Mixed-Humid,rural,Rural,County,29159,Census Tract 4801; Pettis County; Missouri,19154,7900,28.9,11.9,0.543841,0.364301,0.59499,0.491232,516,False,6.7,MO_SEDALIA-MEM,724453,38.712,-93.175,38.70567,-93.29888
Mixed-Humid,rural,Rural,County,21073,Census Tract 708.01; Franklin County; Kentucky,10926,5216,71.7,34.2,0.341336,0.769311,0.339248,0.49071,517,False,4.1,KY_CAPITAL-CITY-AP,724233,38.185,-84.904,38.2435,-84.89144
Mixed-Humid,rural,Rural,County,37067,Census Tract 29.04; Forsyth County; North Carolina,8047,3961,156.8,77.2,0.224426,0.992693,0.209812,0.490397,518,False,5.2,NC_WINSTON-SALEM-REYNOLDS-AP,723193,36.133,-80.224,36.20767,-80.21782
Mixed-Humid,rural,Rural,County,37007,Census Tract 9201; Anson County; North Carolina,16010,8143,31.0,15.7,0.560543,0.38309,0.515658,0.489457,519,False,2.5,NC_ANSON-CO-AP,725294,35.017,-80.083,34.9941,-80.11706
Mixed-Humid,rural,Rural,County,29059,Census Tract 4801; Dallas County; Missouri,17344,7610,32.1,14.1,0.529228,0.401879,0.551148,0.48904,520,False,21.9,MO_FLOYD-W-JONES-LEBANON,720477,37.648,-92.652,37.65187,-93.05147
Mixed-Humid,rural,Rural,County,21049,Census Tract 203; Clark County; Kentucky,13431,5349,59.6,23.8,0.35595,0.682672,0.43737,0.486587,521,False,12.3,KY_MT-STERLING-MONTG,720456,38.067,-83.983,37.98814,-84.18642
Mixed-Humid,rural,Rural,County,21045,Census Tract 9501; Casey County; Kentucky,15951,7401,35.9,16.7,0.511482,0.438413,0.514614,0.486534,522,False,20.3,KY_STUART-POWELL-FIELD-AP,720448,37.578,-84.77,37.31154,-84.92436
Mixed-Humid,rural,Rural,County,40083,Census Tract 6005.01; Logan County; Oklahoma,19552,7542,29.3,11.3,0.521921,0.370564,0.60334,0.48523,523,False,3.5,OK_GUTHRIE,723537,35.852,-97.414,35.89906,-97.43843
Mixed-Humid,rural,Rural,County,40115,Census Tract 5741; Ottawa County; Oklahoma,15897,7311,36.5,16.8,0.504175,0.444676,0.511482,0.484812,524,False,7.8,OK_MIAMI-MUNI,720255,36.909,-94.888,36.81274,-94.81297
Mixed-Humid,rural,Rural,County,37093,Census Tract 9702.01; Hoke County; North Carolina,15190,6153,45.7,18.5,0.4238,0.553236,0.489562,0.482255,525,False,12.4,NC_MAXTON,723109,34.791,-79.368,34.94953,-79.26519
Mixed-Humid,rural,Rural,County,21155,Census Tract 9703; Marion County; Kentucky,14549,6247,45.0,19.3,0.434238,0.545929,0.471816,0.480845,526,False,14.9,KY_CAMPBELLVILLE-TAYLOR-CO,720445,37.358,-85.309,37.57265,-85.29293
Mixed-Humid,rural,Rural,County,51199,Census Tract 509; York County; Virginia,6890,4013,140.0,81.6,0.229645,0.980167,0.169102,0.480219,527,False,12.4,VA_FT-EUSTIS-FELKER-AAF,723087,37.133,-76.6,37.30818,-76.64888
Mixed-Humid,rural,Rural,County,21185,Census Tract 301; Oldham County; Kentucky,9873,3494,126.6,44.8,0.18476,0.962422,0.293319,0.478653,528,False,18.0,KY_LOUISVILLE-BOWMAN-FIELD,724235,38.23,-85.663,38.40827,-85.42003
Mixed-Humid,rural,Rural,County,54097,Census Tract 9666; Upshur County; West Virginia,13624,6868,40.4,20.4,0.470772,0.498956,0.440501,0.474582,529,False,6.4,WV_BUCKHANNON,720328,39.0,-80.274,38.91248,-80.23262
Mixed-Humid,rural,Rural,County,51175,Census Tract 2001; Southampton County; Virginia,16757,7774,28.2,13.1,0.538622,0.353862,0.535491,0.47333,530,False,9.0,VA_FRANKLIN-NAAS,723083,36.698,-76.903,36.7186,-77.06339
Mixed-Humid,rural,Rural,County,21221,Census Tract 9701; Trigg County; Kentucky,14211,7625,32.2,17.3,0.530271,0.40501,0.461378,0.472651,531,False,22.2,KY_FORT-CAMPBELL(AAF),746710,36.667,-87.483,36.8429,-87.81898
Mixed-Humid,rural,Rural,County,21117,Census Tract 637.01; Kenton County; Kentucky,9360,3673,116.9,45.9,0.197286,0.939457,0.27453,0.472495,532,False,14.6,KY_CINCINNATI-NORTHERN-KY-AP,724210,39.044,-84.672,38.87003,-84.51762
Mixed-Humid,rural,Rural,County,51800,Census Tract 753.02; Suffolk city; Virginia,13690,6083,46.5,20.6,0.415449,0.561587,0.444676,0.472443,533,False,5.0,VA_SUFFOLK,724007,36.682,-76.602,36.69474,-76.69042
Mixed-Humid,rural,Rural,County,21119,Census Tract 9601; Knott County; Kentucky,14046,6695,40.0,19.0,0.458246,0.491649,0.457203,0.469728,534,False,17.4,KY_WENDELL-H-FORD-ARPT,720457,37.387,-83.262,37.33862,-82.95027
Mixed-Humid,rural,Rural,County,54009,Census Tract 311.04; Brooke County; West Virginia,8142,3647,128.5,57.6,0.195198,0.963466,0.213987,0.46785,535,False,7.2,WV_WHEELING-OHIO-CO-AP,724275,40.17,-80.644,40.26106,-80.57923
Mixed-Humid,rural,Rural,County,40039,Census Tract 9508; Custer County; Oklahoma,18681,8765,19.0,8.9,0.584551,0.245303,0.577244,0.464353,536,False,3.5,OK_CLINTON-RGNL-AP,720356,35.538,-98.933,35.5744,-98.89067
Mixed-Humid,rural,Rural,County,51113,Census Tract 9301.01; Madison County; Virginia,13931,6110,43.4,19.1,0.41858,0.528184,0.451983,0.463622,537,False,14.3,VA_ORANGE,722167,38.247,-78.046,38.3793,-78.2492
Mixed-Humid,rural,Rural,County,51095,Census Tract 803.06; James City County; Virginia,8347,3223,152.7,59.0,0.158664,0.991649,0.224426,0.463361,538,False,9.9,VA_WEST-POINT,720285,37.521,-76.765,37.38244,-76.80736
Mixed-Humid,rural,Rural,County,29049,Census Tract 9602.01; Clinton County; Missouri,15565,6480,37.9,15.8,0.446764,0.463466,0.497912,0.462839,539,False,17.9,MO_MIDWEST-NATL-AIR-CTR,721045,39.332,-94.31,39.58334,-94.3928
Mixed-Humid,rural,Rural,County,21005,Census Tract 9501.01; Anderson County; Kentucky,11269,4896,62.7,27.2,0.317328,0.707724,0.358038,0.462109,540,False,12.8,KY_CAPITAL-CITY-AP,724233,38.185,-84.904,38.00463,-84.95989
Mixed-Humid,rural,Rural,County,37137,Census Tract 9501.01; Pamlico County; North Carolina,12315,7239,36.6,21.5,0.498956,0.447808,0.401879,0.461639,541,False,16.1,NC_NEW-BERN-CRAVEN-CO-RGNL-AP,723095,35.068,-77.048,35.118,-76.76944
Mixed-Humid,rural,Rural,County,51029,Census Tract 9301.01; Buckingham County; Virginia,16914,7233,29.2,12.5,0.497912,0.36952,0.537578,0.460908,542,False,14.9,VA_FARMVILLE,724017,37.358,-78.438,37.56993,-78.48793
Mixed-Humid,rural,Rural,County,42057,Census Tract 9601; Fulton County; Pennsylvania,14545,7129,33.2,16.3,0.491649,0.414405,0.470772,0.460438,543,False,24.0,MD_HAGERSTOWN-RGNL-RIC,724066,39.706,-77.73,39.91155,-78.09558
Mixed-Humid,rural,Rural,County,51161,Census Tract 301; Roanoke County; Virginia,10732,4171,80.9,31.4,0.241127,0.810021,0.330898,0.458194,544,False,11.8,VA_ROANOKE-RGNL-AP,724110,37.317,-79.974,37.22401,-80.1545
Mixed-Humid,rural,Rural,County,20125,Census Tract 9501; Montgomery County; Kansas,15842,7669,25.7,12.5,0.533403,0.329854,0.510438,0.457568,545,False,4.8,KS_INDEPENDENT-MUNICIPAL-AP,720426,37.158,-95.778,37.12857,-95.69811
Mixed-Humid,rural,Rural,County,21037,Census Tract 520.01; Campbell County; Kentucky,8758,3262,119.1,44.4,0.163883,0.944676,0.250522,0.454488,546,False,15.7,OH_CINCINNATI-MUNI-AP-LUNKI,724297,39.106,-84.416,38.88198,-84.36452
Mixed-Humid,rural,Rural,County,21061,Census Tract 9202; Edmonson County; Kentucky,12243,6418,40.4,21.2,0.443633,0.498956,0.400835,0.454436,547,False,18.4,KY_BOWLING-GREEN-WARREN-CO-AP,746716,36.965,-86.424,37.1942,-86.25302
Mixed-Humid,rural,Rural,County,51025,Census Tract 9301; Brunswick County; Virginia,14219,7935,25.2,14.0,0.546973,0.324635,0.462422,0.452245,548,False,3.6,VA_LAWRENCEVILLE-BRUNSWICK-MU,720777,36.773,-77.794,36.74872,-77.85176
Mixed-Humid,rural,Rural,County,51147,Census Tract 9301.02; Prince Edward County; Virginia,13680,6021,40.8,18.0,0.411273,0.505219,0.443633,0.450626,549,False,8.7,VA_FARMVILLE,724017,37.358,-78.438,37.23198,-78.44367
Mixed-Humid,rural,Rural,County,47101,Census Tract 9701; Lewis County; Tennessee,12784,5746,45.3,20.4,0.389353,0.549061,0.415449,0.45047,550,False,20.5,TN_MAURY-CO,723249,35.554,-87.179,35.55682,-87.54308
Mixed-Humid,rural,Rural,County,29177,Census Tract 800.01; Ray County; Missouri,16376,6872,29.6,12.4,0.471816,0.372651,0.522965,0.447338,551,False,12.9,MO_MIDWEST-NATL-AIR-CTR,721045,39.332,-94.31,39.3543,-94.07018
Mixed-Humid,rural,Rural,County,21011,Census Tract 9701; Bath County; Kentucky,12812,5479,46.1,19.7,0.370564,0.556367,0.417537,0.44499,552,False,13.8,KY_MT-STERLING-MONTG,720456,38.067,-83.983,38.14118,-83.7483
Mixed-Humid,rural,Rural,County,05149,Census Tract 9523.01; Yell County; Arkansas,17188,8082,18.6,8.8,0.556367,0.242171,0.548017,0.444728,553,False,19.1,AR_RUSSELLVILLE-MUNI-AP,723429,35.257,-93.095,35.07829,-93.35199
Mixed-Humid,rural,Rural,County,47061,Census Tract 9550; Grundy County; Tennessee,13665,6213,37.9,17.2,0.430063,0.463466,0.442589,0.444259,554,False,23.8,TN_WINCHESTER-MUNI,720974,35.178,-86.066,35.36106,-85.70954
Mixed-Humid,rural,Rural,County,47075,Census Tract 9301; Haywood County; Tennessee,15034,7048,28.6,13.4,0.487474,0.362213,0.48643,0.443424,555,False,17.2,TN_COVINGTON-MUNI,720168,35.583,-89.587,35.59073,-89.28038
Mixed-Humid,rural,Rural,County,40091,Census Tract 7796.01; McIntosh County; Oklahoma,12787,8694,21.7,14.8,0.580376,0.281837,0.416493,0.443111,556,False,22.8,OK_MUSKOGEE-DAVIS-FLD,723556,35.658,-95.366,35.38741,-95.59958
Mixed-Humid,rural,Rural,County,05087,Census Tract 9601; Madison County; Arkansas,17032,7699,20.4,9.2,0.534447,0.267223,0.541754,0.44238,557,False,22.1,AR_SPRINGDALE-MUNI,723434,36.176,-94.119,36.04575,-93.75645
Mixed-Humid,rural,Rural,County,29039,Census Tract 8701.01; Cedar County; Missouri,14440,6964,30.4,14.7,0.479123,0.375783,0.468685,0.440866,558,False,43.1,MO_CLINTON-MEM-AP,720636,38.35,-93.683,37.74808,-93.89148
Mixed-Humid,rural,Rural,County,05135,Census Tract 4701; Sharp County; Arkansas,14544,7584,24.5,12.8,0.525052,0.31524,0.469729,0.440553,559,False,31.4,AR_BATESVILLE-RGNL-AP,723448,35.726,-91.647,36.16393,-91.49382
Mixed-Humid,rural,Rural,County,21077,Census Tract 9601.02; Gallatin County; Kentucky,8749,3763,89.0,38.3,0.207724,0.847599,0.249478,0.440031,560,False,22.5,KY_CINCINNATI-NORTHERN-KY-AP,724210,39.044,-84.672,38.75661,-84.86741
Mixed-Humid,rural,Rural,County,54029,Census Tract 209; Hancock County; West Virginia,6258,3054,150.5,73.4,0.140919,0.989562,0.149269,0.439614,561,False,18.4,PA_BEAVER-FALLS-AP,725204,40.767,-80.4,40.53747,-80.57718
Mixed-Humid,rural,Rural,County,20059,Census Tract 9541.01; Franklin County; Kansas,15930,6780,28.6,12.2,0.464509,0.362213,0.512526,0.438309,562,False,25.9,KS_OLATHE-JOHNSON-CO-INDUSTRL,724475,38.822,-94.89,38.59481,-95.2712
Mixed-Humid,rural,Rural,County,47007,Census Tract 9530; Bledsoe County; Tennessee,14905,5895,36.7,14.5,0.403967,0.450939,0.481211,0.435856,563,False,24.5,TN_CROSSVILLE-MEM-WHITSON,723250,35.951,-85.081,35.60664,-85.18717
Mixed-Humid,rural,Rural,County,47015,Census Tract 9601; Cannon County; Tennessee,12154,5315,46.9,20.5,0.350731,0.56785,0.394572,0.435491,564,False,29.6,TN_SMYRNA,723273,36.009,-86.52,35.79439,-86.06241
Mixed-Humid,rural,Rural,County,05035,Census Tract 306.01; Crittenden County; Arkansas,15744,6927,26.6,11.7,0.477035,0.339248,0.508351,0.435073,565,False,3.0,AR_WEST-MEMPHIS-MUNI-AP,722054,35.14,-90.236,35.16651,-90.27877
Mixed-Humid,rural,Rural,County,34025,Census Tract 8099.03; Monmouth County; New Jersey,7468,2776,139.0,51.7,0.124217,0.975992,0.186848,0.434864,566,False,10.6,NJ_MCGUIRE-AFB,724096,40.017,-74.6,40.15697,-74.51753
Mixed-Humid,rural,Rural,County,21225,Census Tract 9501; Union County; Kentucky,13379,5868,39.0,17.1,0.401879,0.474948,0.436326,0.434343,567,False,8.1,KY_STURGIS-AAF-KY,749077,37.541,-87.952,37.65476,-87.91274
Mixed-Humid,rural,Rural,County,47005,Census Tract 9630; Benton County; Tennessee,12225,6898,31.6,17.8,0.473904,0.397704,0.398747,0.432203,568,False,25.3,TN_HENRY-CO,722781,36.338,-88.383,36.07614,-88.06526
Mixed-Humid,rural,Rural,County,42095,Census Tract 154; Northampton County; Pennsylvania,6147,3019,140.9,69.2,0.134656,0.981211,0.139875,0.431994,569,False,21.3,PA_ALLENTOWN-LEHIGH-VALLEY-IA,725170,40.65,-75.448,40.84273,-75.12972
Mixed-Humid,rural,Rural,County,42093,Census Tract 501; Montour County; Pennsylvania,9338,3834,77.4,31.8,0.213987,0.799582,0.273486,0.430845,570,False,17.8,PA_SELINSGROVE,725105,40.819,-76.866,41.02653,-76.66251
Mixed-Humid,rural,Rural,County,51149,Census Tract 8504; Prince George County; Virginia,11265,4499,56.7,22.6,0.277662,0.665971,0.356994,0.429437,571,False,14.8,VA_DINWIDDIE-CO,724014,37.183,-77.5,37.1387,-77.23792
Mixed-Humid,rural,Rural,County,47181,Census Tract 9501; Wayne County; Tennessee,16251,7205,22.1,9.8,0.495825,0.291232,0.518789,0.42881,572,False,35.9,AL_MUSCLE-SHOALS-RGNL-AP,723235,34.744,-87.6,35.24536,-87.76414
Mixed-Humid,rural,Rural,County,10003,Census Tract 168.05; New Castle County; Delaware,9488,2518,110.2,29.2,0.108559,0.9238,0.282881,0.428758,573,False,18.6,DE_DOVER-AFB,724088,39.133,-75.467,39.36798,-75.63611
Mixed-Humid,rural,Rural,County,21109,Census Tract 9601.01; Jackson County; Kentucky,13003,5999,37.7,17.4,0.408142,0.458246,0.421712,0.428392,574,False,22.6,KY_LONDON-CORBIN-AP,724243,37.09,-84.069,37.41093,-83.98569
Mixed-Humid,rural,Rural,County,21111,Census Tract 71.01; Jefferson County; Kentucky,7408,3112,111.6,46.9,0.146138,0.927975,0.183716,0.427297,575,False,6.2,KY_LOUISVILLE-STANDIFORD-FIEL,724230,38.177,-85.731,38.12634,-85.63679
Mixed-Humid,rural,Rural,County,47161,Census Tract 1102.01; Stewart County; Tennessee,13859,6698,30.1,14.6,0.45929,0.373695,0.446764,0.426827,576,False,19.3,TN_SABRE-ARMY-AIRFIELD,746720,36.568,-87.481,36.47673,-87.80884
Mixed-Humid,rural,Rural,County,51043,Census Tract 101.02; Clarke County; Virginia,10353,4416,60.2,25.7,0.269311,0.691023,0.317328,0.426514,577,False,8.2,VA_WINCHESTER-RGNL-AP,724053,39.143,-78.144,39.11445,-77.99509
Mixed-Humid,rural,Rural,County,21233,Census Tract 9601; Webster County; Kentucky,12873,5728,38.8,17.3,0.387265,0.473904,0.41858,0.423852,578,False,15.0,KY_STURGIS-AAF-KY,749077,37.541,-87.952,37.50955,-87.68117
Mixed-Humid,rural,Rural,County,47023,Census Tract 9701.01; Chester County; Tennessee,12020,5361,43.0,19.2,0.356994,0.52714,0.389353,0.423017,579,False,19.7,TN_JACKSON-MCKELLAR-RGNL-AP,723346,35.593,-88.917,35.43931,-88.62144
Mixed-Humid,rural,Rural,County,20099,Census Tract 9501; Labette County; Kansas,15119,7008,23.9,11.1,0.481211,0.310021,0.488518,0.422756,580,False,15.2,KS_PARSONS-TRI-CITY,745431,37.328,-95.504,37.23991,-95.25052
Mixed-Humid,rural,Rural,County,51007,Census Tract 9301.01; Amelia County; Virginia,13342,5770,37.5,16.2,0.391441,0.456159,0.434238,0.422652,581,False,18.7,VA_FT-PICKETT-BLACKSTO,724015,37.074,-77.958,37.34447,-77.9713
Mixed-Humid,rural,Rural,County,51057,Census Tract 9506; Essex County; Virginia,10604,5785,41.2,22.5,0.392484,0.509395,0.326722,0.42025,582,False,4.8,VA_TAPPAHANNOCK-ESSEX-C,720501,37.85,-76.883,37.91518,-76.91126
Mixed-Humid,rural,Rural,County,21175,Census Tract 9501; Morgan County; Kentucky,13938,5650,36.6,14.8,0.38309,0.447808,0.454071,0.419938,583,False,22.1,KY_JULIAN-CARROLL-AP,724190,37.591,-83.314,37.90888,-83.26578
Mixed-Humid,rural,Rural,County,47087,Census Tract 9601; Jackson County; Tennessee,11882,5832,38.5,18.9,0.397704,0.470772,0.379958,0.419729,584,False,20.1,TN_UPPER-CUMBERLAND-RGNL-AP,723274,36.056,-85.531,36.33432,-85.63533
Mixed-Humid,rural,Rural,County,29003,Census Tract 101; Andrew County; Missouri,14139,5893,33.7,14.0,0.402923,0.416493,0.460334,0.419155,585,False,13.0,MO_ST-JOSEPH-ROSECRANS-MEM,724490,39.768,-94.91,39.93195,-94.78826
Mixed-Humid,rural,Rural,County,37063,Census Tract 21; Durham County; North Carolina,8290,2858,106.1,36.6,0.127349,0.907098,0.220251,0.418842,586,False,9.2,NC_ROXBORO,722193,36.285,-78.984,36.18257,-78.87981
Mixed-Humid,rural,Rural,County,21159,Census Tract 9501; Martin County; Kentucky,11181,4847,48.7,21.1,0.314196,0.582463,0.352818,0.415814,587,False,7.9,KY_BIG-SANDY-REGIONAL-AP,720458,37.751,-82.637,37.81803,-82.51965
Mixed-Humid,rural,Rural,County,40095,Census Tract 946.98; Marshall County; Oklahoma,10579,7042,29.4,19.6,0.48643,0.371608,0.324635,0.413883,588,False,19.1,TX_SHERMAN-DENNISON,720287,33.714,-96.674,33.98661,-96.72573
Mixed-Humid,rural,Rural,County,40001,Census Tract 3766; Adair County; Oklahoma,15376,6169,27.5,11.0,0.427975,0.346555,0.495825,0.413048,589,False,19.6,OK_TAHLEQUAH,722199,35.929,-95.004,35.90333,-94.65581
Mixed-Humid,rural,Rural,County,21025,Census Tract 9202; Breathitt County; Kentucky,13438,6559,27.3,13.3,0.450939,0.34238,0.438413,0.410438,590,False,5.4,KY_JULIAN-CARROLL-AP,724190,37.591,-83.314,37.51697,-83.34338
Mixed-Humid,rural,Rural,County,21229,Census Tract 9301; Washington County; Kentucky,12091,5222,40.7,17.6,0.343424,0.502088,0.392484,0.408768,591,False,18.1,KY_SAMUELS-FLD-BARDSTOWN,720446,37.814,-85.5,37.74032,-85.18148
Mixed-Humid,rural,Rural,County,05065,Census Tract 9601; Izard County; Arkansas,13866,6749,23.9,11.6,0.461378,0.310021,0.447808,0.405689,592,False,31.3,AR_BATESVILLE-RGNL-AP,723448,35.726,-91.647,36.12203,-91.91844
Mixed-Humid,rural,Rural,County,34031,Census Tract 2568.05; Passaic County; New Jersey,5152,2005,151.6,59.0,0.080376,0.990605,0.107516,0.404384,593,False,12.6,NJ_SUSSEX,740001,41.199,-74.626,41.09686,-74.42567
Mixed-Humid,rural,Rural,County,42091,Census Tract 2082.01; Montgomery County; Pennsylvania,4297,1939,166.3,75.0,0.0762,0.997912,0.087683,0.401096,594,False,7.5,PA_POTTSTOWN-LIMERICK,725109,40.238,-75.555,40.34712,-75.55449
Mixed-Humid,rural,Rural,County,21231,Census Tract 9201.01; Wayne County; Kentucky,11996,6412,28.2,15.1,0.442589,0.353862,0.388309,0.400679,595,False,1.9,KY_WAYNE-CO,720379,36.855,-84.856,36.82815,-84.86062
Mixed-Humid,rural,Rural,County,54001,Census Tract 9655; Barbour County; West Virginia,11946,5468,36.7,16.8,0.368476,0.450939,0.38309,0.400261,596,False,16.5,WV_ELKINS-ELKINS-RANDOLPH-CO-,724170,38.89,-79.855,39.1085,-79.98024
Mixed-Humid,rural,Rural,County,21153,Census Tract 9701; Magoffin County; Kentucky,11495,5466,37.3,17.7,0.367432,0.455115,0.370564,0.398747,597,False,16.4,KY_JULIAN-CARROLL-AP,724190,37.591,-83.314,37.71079,-83.05583
Mixed-Humid,rural,Rural,County,05071,Census Tract 9517; Johnson County; Arkansas,14118,6486,23.0,10.6,0.447808,0.300626,0.45929,0.398591,598,False,27.6,AR_RUSSELLVILLE-MUNI-AP,723429,35.257,-93.095,35.51861,-93.46585
Mixed-Humid,rural,Rural,County,21087,Census Tract 9301; Green County; Kentucky,11278,5292,39.4,18.5,0.348643,0.483299,0.360125,0.398069,599,False,14.2,KY_CAMPBELLVILLE-TAYLOR-CO,720445,37.358,-85.309,37.26659,-85.54003
Mixed-Humid,rural,Rural,County,54063,Census Tract 9501; Monroe County; West Virginia,12401,6263,26.2,13.2,0.436326,0.337161,0.406054,0.395564,600,False,25.0,VA_VIRGINIA-TECH-AP,724113,37.208,-80.408,37.52566,-80.62427
Mixed-Humid,rural,Rural,County,21053,Census Tract 9701; Clinton County; Kentucky,9240,4864,46.9,24.7,0.31524,0.56785,0.268267,0.394259,601,False,17.9,KY_WAYNE-CO,720379,36.855,-84.856,36.72059,-85.13221
Mixed-Humid,rural,Rural,County,05113,Census Tract 9501; Polk County; Arkansas,14281,7135,17.0,8.5,0.492693,0.223382,0.465553,0.393006,602,False,4.4,AR_MENA-INTERMOUNTAIN,720172,34.545,-94.203,34.49757,-94.2549
Mixed-Humid,rural,Rural,County,20091,Census Tract 527.02; Johnson County; Kansas,8636,3363,70.8,27.6,0.17119,0.758873,0.243215,0.391284,603,False,3.2,KS_OLATHE-JOHNSON-CO-INDUSTRL,724475,38.822,-94.89,38.8144,-94.83166
Mixed-Humid,rural,Rural,County,29151,Census Tract 4901; Osage County; Missouri,13379,6490,22.1,10.7,0.448852,0.291232,0.436326,0.39118,604,False,18.4,MO_JEFFERSON-CITY-MEM,724458,38.595,-92.157,38.46069,-91.86295
Mixed-Humid,rural,Rural,County,29069,Census Tract 3603; Dunklin County; Missouri,12739,6237,25.2,12.3,0.433194,0.324635,0.412317,0.391023,605,False,6.9,MO_KENNETT-MEM,720331,36.226,-90.037,36.30812,-90.10687
Mixed-Humid,rural,Rural,County,37041,Census Tract 9301.02; Chowan County; North Carolina,8869,4355,54.3,26.7,0.258873,0.638831,0.254697,0.391023,606,False,9.7,NC_NORTHEASTERN-RGNL-AP,723074,36.028,-76.567,36.16174,-76.61719
Mixed-Humid,rural,Rural,County,37129,Census Tract 115.03; New Hanover County; North Carolina,4375,1773,143.3,58.1,0.064718,0.983299,0.088727,0.391023,607,False,5.8,NC_WILMINGTON-IAP,723020,34.267,-77.9,34.32065,-77.97862
Mixed-Humid,rural,Rural,County,47169,Census Tract 901; Trousdale County; Tennessee,8850,2615,84.7,25.0,0.111691,0.826722,0.253653,0.390344,608,False,29.5,TN_SMYRNA,723273,36.009,-86.52,36.36677,-86.23103
Mixed-Humid,rural,Rural,County,21135,Census Tract 9301; Lewis County; Kentucky,13028,6072,27.0,12.6,0.413361,0.341336,0.4238,0.39024,609,False,21.6,KY_FLEMING-MASON-AP,720452,38.542,-83.743,38.56576,-83.34383
Mixed-Humid,rural,Rural,County,20113,Census Tract 7881; McPherson County; Kansas,15700,6681,18.2,7.7,0.456159,0.235908,0.506263,0.389092,610,False,25.7,KS_SALINA-MUNI-AP,724586,38.78,-97.644,38.40819,-97.62862
Mixed-Humid,rural,Rural,County,54007,Census Tract 9679; Braxton County; West Virginia,12345,6278,24.2,12.3,0.43737,0.313152,0.403967,0.387213,611,False,31.9,WV_BUCKHANNON,720328,39.0,-80.274,38.69145,-80.71489
Mixed-Humid,rural,Rural,County,05137,Census Tract 9501; Stone County; Arkansas,12474,6820,20.6,11.2,0.465553,0.270355,0.408142,0.385751,612,False,25.2,AR_CLINTON-MUNI-AP,720401,35.6,-92.45,35.8664,-92.14278
Mixed-Humid,rural,Rural,County,29186,Census Tract 9601.01; Ste. Genevieve County; Missouri,13014,5867,27.0,12.2,0.400835,0.341336,0.422756,0.384395,613,False,16.0,MO_FARMINGTON,724454,37.761,-90.428,37.91526,-90.20843
Mixed-Humid,rural,Rural,County,51111,Census Tract 9301; Lunenburg County; Virginia,11990,5903,27.8,13.7,0.40501,0.349687,0.387265,0.382098,614,False,16.8,VA_FT-PICKETT-BLACKSTO,724015,37.074,-77.958,36.96405,-78.22984
Mixed-Humid,rural,Rural,County,54103,Census Tract 304; Wetzel County; West Virginia,11004,5737,31.4,16.4,0.388309,0.393528,0.346555,0.381785,615,False,34.2,WV_HARRISON-MARION-RGN,724175,39.302,-80.224,39.60284,-80.73213
Mixed-Humid,rural,Rural,County,21223,Census Tract 1001; Trimble County; Kentucky,8531,3870,57.7,26.2,0.218163,0.672234,0.235908,0.380637,616,False,32.0,KY_LOUISVILLE-BOWMAN-FIELD,724235,38.23,-85.663,38.6124,-85.32952
Mixed-Humid,rural,Rural,County,51005,Census Tract 801; Alleghany County; Virginia,11473,6115,25.8,13.8,0.421712,0.330898,0.368476,0.37928,617,False,12.0,VA_HOT-SPRINGS-INGALLS,724115,37.95,-79.817,37.80576,-79.94118
Mixed-Humid,rural,Rural,County,05047,Census Tract 9501; Franklin County; Arkansas,13656,6076,22.8,10.1,0.414405,0.296451,0.441545,0.378549,618,False,26.9,AR_FORT-SMITH-RGNL-AP,723440,35.333,-94.365,35.43418,-93.90303
Mixed-Humid,rural,Rural,County,40073,Census Tract 9581; Kingfisher County; Oklahoma,15288,6426,17.0,7.2,0.444676,0.223382,0.493737,0.377035,619,False,28.3,OK_WATONGA-RGNL-AP,720342,35.864,-98.421,35.90846,-97.91764
Mixed-Humid,rural,Rural,County,21219,Census Tract 9501; Todd County; Kentucky,12330,5160,32.9,13.8,0.336117,0.411273,0.402923,0.375783,620,False,18.9,TN_OUTLAW-FIELD-AP,723280,36.617,-87.412,36.81464,-87.17561
Mixed-Humid,rural,Rural,County,21171,Census Tract 9301; Monroe County; Kentucky,11318,5240,34.4,15.9,0.345511,0.420668,0.362213,0.375156,621,False,26.1,KY_GLASGOW,722322,37.033,-85.95,36.70813,-85.71012
Mixed-Humid,rural,Rural,County,29143,Census Tract 9601; New Madrid County; Missouri,13100,6467,19.6,9.7,0.44572,0.253653,0.427975,0.374948,622,False,18.5,MO_SIKESTON-MEM-MUNI,720488,36.899,-89.562,36.63659,-89.62598
Mixed-Humid,rural,Rural,County,21187,Census Tract 9701; Owen County; Kentucky,11270,5378,32.2,15.3,0.358038,0.40501,0.359081,0.374687,623,False,24.0,KY_CAPITAL-CITY-AP,724233,38.185,-84.904,38.52952,-84.84729
Mixed-Humid,rural,Rural,County,51810,Census Tract 432; Virginia Beach city; Virginia,8265,2312,83.0,23.2,0.096033,0.820459,0.219207,0.374217,624,False,6.8,VA_DENTRESS-NAVAL-AUX-FLD,725172,36.701,-76.129,36.69162,-76.00733
Mixed-Humid,rural,Rural,County,37173,Census Tract 9401; Swain County; North Carolina,11166,6647,21.8,12.9,0.453027,0.284969,0.350731,0.373748,625,False,31.1,NC_ANDREWS-AP,722177,35.195,-83.865,35.44295,-83.40375
Mixed-Humid,rural,Rural,County,21031,Census Tract 9301; Butler County; Kentucky,12373,5453,29.0,12.8,0.366388,0.365344,0.40501,0.373747,626,False,22.7,KY_BOWLING-GREEN-WARREN-CO-AP,746716,36.965,-86.424,37.22668,-86.67264
Mixed-Humid,rural,Rural,County,54041,Census Tract 9672; Lewis County; West Virginia,11528,5403,31.1,14.6,0.362213,0.386221,0.373695,0.372912,627,False,11.3,WV_BUCKHANNON,720328,39.0,-80.274,39.02027,-80.48236
Mixed-Humid,rural,Rural,County,37183,Census Tract 532.09; Wake County; North Carolina,5617,2358,94.0,39.5,0.099165,0.867432,0.122129,0.372651,628,False,12.3,NC_RALEIGH-DURHAM-IAP,723060,35.892,-78.782,35.75267,-78.64548
Mixed-Humid,rural,Rural,County,54031,Census Tract 9701.01; Hardy County; West Virginia,11427,6759,19.9,11.8,0.462422,0.258873,0.366388,0.371973,629,False,39.7,VA_WINCHESTER-RGNL-AP,724053,39.143,-78.144,39.004,-78.86181
Mixed-Humid,rural,Rural,County,34015,Census Tract 5017.02; Gloucester County; New Jersey,2941,1048,148.0,52.7,0.032359,0.98643,0.058455,0.371503,630,False,16.2,NJ_MILLVILLE-MUNI-AP,724075,39.366,-75.078,39.58509,-74.97161
Mixed-Humid,rural,Rural,County,05083,Census Tract 9501; Logan County; Arkansas,13731,6162,20.0,9.0,0.424843,0.259916,0.44572,0.371294,631,False,34.0,AR_RUSSELLVILLE-MUNI-AP,723429,35.257,-93.095,35.20819,-93.69457
Mixed-Humid,rural,Rural,County,54089,Census Tract 5; Summers County; West Virginia,10521,5753,29.2,16.0,0.390397,0.36952,0.323591,0.369729,632,False,17.2,WV_BECKLEY-RALEIGH-CO-MEM-AP,724120,37.784,-81.123,37.65515,-80.85414
Mixed-Humid,rural,Rural,County,21143,Census Tract 9601.01; Lyon County; Kentucky,8831,4806,41.3,22.5,0.311065,0.511482,0.25261,0.36952,633,False,31.6,KY_KYLE-OAKLEY-FIELD-AP,720447,36.665,-88.373,37.0672,-88.1005
Mixed-Humid,rural,Rural,County,21067,Census Tract 37.01; Fayette County; Kentucky,9773,3606,53.5,19.7,0.194154,0.634656,0.292276,0.367954,634,False,9.1,KY_LEXINGTON-BLUEGRASS-AP,724220,38.034,-84.611,38.0481,-84.44495
Mixed-Humid,rural,Rural,County,20079,Census Tract 305; Harvey County; Kansas,13173,5426,26.1,10.7,0.363257,0.335073,0.431106,0.366962,635,False,10.4,KS_NEWTON(AWOS),724509,38.068,-97.275,38.03238,-97.45992
Mixed-Humid,rural,Rural,County,37029,Census Tract 9501.01; Camden County; North Carolina,10743,4226,44.7,17.6,0.245303,0.542797,0.332985,0.366962,636,False,7.9,NC_ELZ-CTY-CGAS-RGNL-AP,723070,36.258,-76.172,36.37152,-76.18505
Mixed-Humid,rural,Rural,County,05027,Census Tract 9501; Columbia County; Arkansas,12742,6727,16.9,8.9,0.460334,0.220251,0.413361,0.36691,637,False,24.0,AR_EL-DORADO-GOODWIN-FIELD,723419,33.221,-92.814,33.24609,-93.22798
Mixed-Humid,rural,Rural,County,51037,Census Tract 9301.01; Charlotte County; Virginia,11475,5973,24.1,12.6,0.407098,0.311065,0.36952,0.365971,638,False,26.6,VA_FARMVILLE,724017,37.358,-78.438,37.0103,-78.64607
Mixed-Humid,rural,Rural,County,05081,Census Tract 301.01; Little River County; Arkansas,11959,6071,22.5,11.4,0.412317,0.295407,0.384134,0.365762,639,False,19.5,AR_TEXARKANA-WEBB-FIELD,723418,33.456,-93.988,33.68379,-94.18876
Mixed-Humid,rural,Rural,County,05049,Census Tract 5501.01; Fulton County; Arkansas,12239,6218,19.8,10.1,0.43215,0.256785,0.399791,0.3643,640,False,35.2,MO_WEST-PLAINS-ASOS,723484,36.879,-91.905,36.37963,-91.78111
Mixed-Humid,rural,Rural,County,05103,Census Tract 9501.01; Ouachita County; Arkansas,12188,6405,17.3,9.1,0.441545,0.228601,0.397704,0.358246,641,False,5.9,AR_HARRELL-FIELD-AP,723425,33.617,-92.767,33.58657,-92.86325
Mixed-Humid,rural,Rural,County,20057,Census Tract 9616; Ford County; Kansas,15637,6166,14.6,5.7,0.426931,0.186848,0.503132,0.358142,642,False,1.6,KS_DODGE-CITY-RGNL-AP,724510,37.771,-99.969,37.7487,-99.96257
Mixed-Humid,rural,Rural,County,05001,Census Tract 4801; Arkansas County; Arkansas,13150,6885,13.3,7.0,0.47286,0.163883,0.430063,0.356159,643,False,17.7,AR_STUTTGART(AWOS),723416,34.6,-91.574,34.37824,-91.41738
Mixed-Humid,rural,Rural,County,21091,Census Tract 9601; Hancock County; Kentucky,9032,3911,48.1,20.8,0.219207,0.579332,0.258873,0.353184,644,False,21.8,KY_OWENSBORO-DAVIESS-C,724237,37.75,-87.167,37.86723,-86.79601
Mixed-Humid,rural,Rural,County,21169,Census Tract 9601; Metcalfe County; Kentucky,10372,4719,35.8,16.3,0.30167,0.436326,0.319415,0.352349,645,False,18.5,KY_GLASGOW,722322,37.033,-85.95,36.98128,-85.62117
Mixed-Humid,rural,Rural,County,51159,Census Tract 401; Richmond County; Virginia,9047,3959,47.2,20.7,0.222338,0.570981,0.259916,0.351879,646,False,10.5,VA_TAPPAHANNOCK-ESSEX-C,720501,37.85,-76.883,37.9313,-76.72124
Mixed-Humid,rural,Rural,County,21127,Census Tract 9301.01; Lawrence County; Kentucky,10985,5344,27.6,13.4,0.353862,0.347599,0.344468,0.349791,647,False,22.2,WV_HUNTINGTON-TRI-STATE-AP,724250,38.365,-82.555,38.06956,-82.71512
Mixed-Humid,rural,Rural,County,20085,Census Tract 826; Jackson County; Kansas,13277,5615,20.2,8.6,0.378914,0.264092,0.43215,0.349374,648,False,26.1,KS_TOPEKA-MUNI-AP,724560,39.072,-95.626,39.43666,-95.75669
Mixed-Humid,rural,Rural,County,51087,Census Tract 2016.01; Henrico County; Virginia,3730,1593,99.6,42.5,0.055324,0.884134,0.073069,0.348957,649,False,6.8,NC_RICHMOND-IAP,724010,37.512,-77.323,37.4277,-77.2598
Mixed-Humid,rural,Rural,County,29139,Census Tract 9701; Montgomery County; Missouri,11422,5797,21.3,10.8,0.395616,0.278706,0.365344,0.348643,650,False,23.1,MO_MEXICO-MEM,720484,39.158,-91.818,38.96514,-91.466
Mixed-Humid,rural,Rural,County,20139,Census Tract 101; Osage County; Kansas,12722,5962,18.2,8.5,0.406054,0.235908,0.411273,0.347547,651,False,15.9,KS_TOPEKA-FORBES-FIELD,724565,38.941,-95.651,38.71259,-95.68541
Mixed-Humid,rural,Rural,County,54023,Census Tract 9694; Grant County; West Virginia,10972,5660,23.0,11.9,0.384134,0.300626,0.343424,0.346764,652,False,37.8,WV_ELKINS-ELKINS-RANDOLPH-CO-,724170,38.89,-79.855,39.02233,-79.17217
Mixed-Humid,rural,Rural,County,40117,Census Tract 9572; Pawnee County; Oklahoma,11979,5583,21.8,10.1,0.376827,0.284969,0.385177,0.346347,653,False,24.4,OK_CUSHING-MUNI,720357,35.95,-96.773,36.26488,-96.57633
Mixed-Humid,rural,Rural,County,21161,Census Tract 9601; Mason County; Kentucky,9392,4193,42.0,18.8,0.243215,0.516701,0.277662,0.345824,654,False,5.4,KY_FLEMING-MASON-AP,720452,38.542,-83.743,38.59415,-83.81642
Mixed-Humid,rural,Rural,County,47039,Census Tract 9550.01; Decatur County; Tennessee,9296,5437,28.8,16.8,0.364301,0.363257,0.271399,0.345355,655,False,45.6,TN_JACKSON-MCKELLAR-RGNL-AP,723346,35.593,-88.917,35.60191,-88.1054
Mixed-Humid,rural,Rural,County,54073,Census Tract 9621; Pleasants County; West Virginia,7572,3218,58.2,24.7,0.15762,0.674322,0.191023,0.345146,656,False,14.5,WV_PARKERSBURG-WOOD-CO-AP,724273,39.339,-81.444,39.36922,-81.17615
Mixed-Humid,rural,Rural,County,05019,Census Tract 9536.02; Clark County; Arkansas,12992,6115,15.3,7.2,0.421712,0.202505,0.420668,0.344781,657,False,5.8,AR_DEXTER-FLORENCE-MEM-FLD,720394,34.1,-93.066,34.06725,-93.16005
Mixed-Humid,rural,Rural,County,29021,Census Tract 27; Buchanan County; Missouri,11113,4770,31.2,13.4,0.306889,0.388309,0.349687,0.343946,658,False,10.6,MO_ST-JOSEPH-ROSECRANS-MEM,724490,39.768,-94.91,39.63813,-94.804
Mixed-Humid,rural,Rural,County,40005,Census Tract 5876; Atoka County; Oklahoma,14255,6015,14.6,6.2,0.41023,0.186848,0.464509,0.342902,659,False,32.0,OK_EAKER-FLD,742513,33.942,-96.394,34.33514,-96.09924
Mixed-Humid,rural,Rural,County,40061,Census Tract 2791; Haskell County; Oklahoma,11667,5675,20.2,9.8,0.386221,0.264092,0.374739,0.341179,660,False,2.1,OK_STIGLER-RGNL-AP,720627,35.283,-95.1,35.25301,-95.10179
Mixed-Humid,rural,Rural,County,29175,Census Tract 4901; Randolph County; Missouri,12161,4949,25.9,10.5,0.321503,0.332985,0.395616,0.340344,661,False,5.3,MO_OMAR-N-BRADLEY,720482,39.464,-92.427,39.42282,-92.51099
Mixed-Humid,rural,Rural,County,37073,Census Tract 9701; Gates County; North Carolina,10437,4809,30.6,14.1,0.312109,0.379958,0.322547,0.337944,662,False,17.0,VA_SUFFOLK,724007,36.682,-76.602,36.45108,-76.70861
Mixed-Humid,rural,Rural,County,20035,Census Tract 4931; Cowley County; Kansas,13926,6195,12.8,5.7,0.429019,0.154489,0.450939,0.337317,663,False,5.9,KS_WINFIELD-ARK-CITY,724502,37.165,-97.035,37.2154,-96.94842
Mixed-Humid,rural,Rural,County,37055,Census Tract 9705.01; Dare County; North Carolina,6671,6946,19.9,20.7,0.478079,0.258873,0.15762,0.337265,664,False,20.8,NC_HATTERAS-BILLY-MITCHELL-AP,723139,35.232,-75.622,35.53212,-75.64983
Mixed-Humid,rural,Rural,County,20021,Census Tract 9581; Cherokee County; Kansas,11524,5499,20.6,9.8,0.372651,0.270355,0.372651,0.336847,665,False,16.1,MO_JOPLIN-MUNI-AP,723495,37.152,-94.495,37.16287,-94.78715
Mixed-Humid,rural,Rural,County,20009,Census Tract 9711; Barton County; Kansas,12756,6110,14.4,6.9,0.41858,0.183716,0.414405,0.335543,666,False,8.8,KS_GREAT-BEND(AWOS),724517,38.35,-98.867,38.43933,-98.75173
Mixed-Humid,rural,Rural,County,51049,Census Tract 9301.01; Cumberland County; Virginia,9745,4695,32.8,15.8,0.296451,0.409186,0.290188,0.334656,667,False,13.6,VA_FARMVILLE,724017,37.358,-78.438,37.49796,-78.26438
Mixed-Humid,rural,Rural,County,34035,Census Tract 529.04; Somerset County; New Jersey,2477,955,100.3,38.7,0.026096,0.888309,0.04071,0.330793,668,False,3.5,NJ_SOMERSET,722247,40.624,-74.669,40.67309,-74.68632
Mixed-Humid,rural,Rural,County,51059,Census Tract 4163; Fairfax County; Virginia,2059,751,103.9,37.9,0.019833,0.902923,0.029228,0.330793,669,False,5.3,VA_DAVISON-AAF,724037,38.717,-77.183,38.64329,-77.15676
Mixed-Humid,rural,Rural,County,21017,Census Tract 303; Bourbon County; Kentucky,9733,4468,35.3,16.2,0.272443,0.427975,0.289144,0.330219,670,False,16.6,KY_MT-STERLING-MONTG,720456,38.067,-83.983,38.21289,-84.22673
Mixed-Humid,rural,Rural,County,21239,Census Tract 502; Woodford County; Kentucky,7847,3579,48.5,22.1,0.189979,0.580376,0.201461,0.328914,671,False,6.8,KY_LEXINGTON-BLUEGRASS-AP,724220,38.034,-84.611,38.05379,-84.73352
Mixed-Humid,rural,Rural,County,29157,Census Tract 4701; Perry County; Missouri,10945,5214,23.5,11.2,0.340292,0.305846,0.341336,0.328445,672,False,31.2,IL_SPARTA,744653,38.149,-89.699,37.71211,-89.84437
Mixed-Humid,rural,Rural,County,29189,Census Tract 2101.01; St. Louis County; Missouri,1948,800,101.4,41.6,0.021921,0.892484,0.022965,0.326827,673,False,8.0,MO_ST-LOUIS-LAMBERT-IAP,724340,38.752,-90.373,38.79519,-90.23478
Mixed-Humid,rural,Rural,County,47171,Census Tract 801; Unicoi County; Tennessee,7438,3707,46.7,23.3,0.203549,0.56263,0.185804,0.325678,674,False,23.2,TN_TRI-CITIES-RGNL-AP,723350,36.48,-82.399,36.14421,-82.3758
Mixed-Humid,rural,Rural,County,47083,Census Tract 1201; Houston County; Tennessee,8293,3960,41.4,19.8,0.223382,0.512526,0.221294,0.324165,675,False,24.1,TN_SABRE-ARMY-AIRFIELD,746720,36.568,-87.481,36.28644,-87.73805
Mixed-Humid,rural,Rural,County,20005,Census Tract 816; Atchison County; Kansas,10730,4891,25.5,11.6,0.316284,0.327766,0.329854,0.323017,676,False,23.0,MO_ST-JOSEPH-ROSECRANS-MEM,724490,39.768,-94.91,39.54428,-95.23102
Mixed-Humid,rural,Rural,County,21023,Census Tract 9501; Bracken County; Kentucky,8427,3847,41.6,19.0,0.216075,0.514614,0.227557,0.32286,677,False,21.1,KY_FLEMING-MASON-AP,720452,38.542,-83.743,38.69594,-84.08069
Mixed-Humid,rural,Rural,County,29223,Census Tract 6901; Wayne County; Missouri,10942,6148,14.4,8.1,0.422756,0.183716,0.340292,0.322599,678,False,27.6,MO_POPLAR-BLUFF(AMOS),723300,36.77,-90.322,37.13632,-90.5218
Mixed-Humid,rural,Rural,County,42053,Census Tract 5301; Forest County; Pennsylvania,6785,6969,15.9,16.3,0.480167,0.207724,0.165971,0.321973,679,False,27.9,PA_DUBOIS-FAA-AP,725125,41.179,-78.893,41.51054,-79.20042
Mixed-Humid,rural,Rural,County,24033,Census Tract 8008; Prince George's County; Maryland,5050,2045,70.1,28.4,0.084551,0.751566,0.10334,0.321764,680,False,12.1,MD_ANDREWS-AFB-CAMP-SP,745940,38.817,-76.867,38.67856,-76.72826
Mixed-Humid,rural,Rural,County,21131,Census Tract 9201.01; Leslie County; Kentucky,10261,4913,25.6,12.3,0.320459,0.32881,0.312109,0.321712,681,False,19.8,KY_WENDELL-H-FORD-ARPT,720457,37.387,-83.262,37.11489,-83.37455
Mixed-Humid,rural,Rural,County,37075,Census Tract 9201; Graham County; North Carolina,8041,5244,27.5,18.0,0.346555,0.346555,0.208768,0.318998,682,False,8.5,NC_ANDREWS-AP,722177,35.195,-83.865,35.31714,-83.8431
Mixed-Humid,rural,Rural,County,20209,Census Tract 446.02; Wyandotte County; Kansas,2876,1047,87.7,31.9,0.031315,0.839248,0.055324,0.318893,683,False,16.2,MO_KANSAS-CITY-DOWNTOWN-AP,724463,39.128,-94.589,39.07887,-94.88414
Mixed-Humid,rural,Rural,County,54087,Census Tract 9628; Roane County; West Virginia,10122,5322,21.6,11.3,0.352818,0.280793,0.302714,0.317588,684,False,27.3,WV_CHARLESTON-YEAGER-AP,724140,38.38,-81.591,38.72102,-81.3353
Mixed-Humid,rural,Rural,County,05053,Census Tract 4701; Grant County; Arkansas,12029,5151,19.6,8.4,0.334029,0.253653,0.390397,0.317171,685,False,29.0,AR_PINE-BLUFF-FAA-AP,723417,34.18,-91.934,34.32226,-92.41177
Mixed-Humid,rural,Rural,County,05067,Census Tract 4801; Jackson County; Arkansas,12442,4908,20.1,7.9,0.319415,0.262004,0.407098,0.316858,686,False,3.8,AR_NEWPORT-MUNI,720377,35.633,-91.167,35.62686,-91.23363
Mixed-Humid,rural,Rural,County,05041,Census Tract 9501; Desha County; Arkansas,11041,5812,14.9,7.8,0.39666,0.195198,0.347599,0.316336,687,False,23.3,AR_MONTICELLO,720175,33.636,-91.756,33.77309,-91.3849
Mixed-Humid,rural,Rural,County,20011,Census Tract 9556; Bourbon County; Kansas,11777,5228,18.6,8.2,0.344468,0.242171,0.376827,0.315136,688,False,27.0,KS_ATKINSON-MUNICIPAL-AP,720436,37.45,-94.733,37.84,-94.76492
Mixed-Humid,rural,Rural,County,21149,Census Tract 9701; McLean County; Kentucky,9127,4171,36.1,16.5,0.241127,0.439457,0.264092,0.315135,689,False,15.8,KY_OWENSBORO-DAVIESS-C,724237,37.75,-87.167,37.52794,-87.23598
Mixed-Humid,rural,Rural,County,21033,Census Tract 9201; Caldwell County; Kentucky,9602,4657,29.1,14.1,0.287056,0.366388,0.284969,0.314405,690,False,27.2,KY_STURGIS-AAF-KY,749077,37.541,-87.952,37.1513,-87.8805
Mixed-Humid,rural,Rural,County,29173,Census Tract 4701; Ralls County; Missouri,10394,5036,22.1,10.7,0.325678,0.291232,0.321503,0.312787,691,False,11.4,MO_HANNIBAL-RGNL-AP,720476,39.725,-91.444,39.56076,-91.45392
Mixed-Humid,rural,Rural,County,40099,Census Tract 7906; Murray County; Oklahoma,10155,4795,25.0,11.8,0.310021,0.320459,0.304802,0.312631,692,False,15.5,OK_ARDMORE-MUNI-AP,723555,34.3,-97.017,34.52275,-97.05164
Mixed-Humid,rural,Rural,County,29085,Census Tract 4701; Hickory County; Missouri,8501,5502,21.3,13.8,0.373695,0.278706,0.232777,0.312265,693,False,29.9,MO_WARSAW-MUNI,720487,38.347,-93.345,37.91447,-93.32166
Mixed-Humid,rural,Rural,County,13121,Census Tract 104.02; Fulton County; Georgia,4293,1866,69.1,30.0,0.068894,0.749478,0.086639,0.310647,694,False,17.2,GA_PEACHTREE-CITY-FALCO,722197,33.354,-84.569,33.56334,-84.7304
Mixed-Humid,rural,Rural,County,05043,Census Tract 4901; Drew County; Arkansas,11511,5618,14.3,7.0,0.379958,0.181628,0.371608,0.308872,695,False,2.4,AR_MONTICELLO,720175,33.636,-91.756,33.6018,-91.75124
Mixed-Humid,rural,Rural,County,20051,Census Tract 726; Ellis County; Kansas,11886,5638,13.5,6.4,0.382046,0.170146,0.381002,0.307672,696,False,5.3,KS_HAYS-MUNI(AWOS),724518,38.85,-99.267,38.90765,-99.33091
Mixed-Humid,rural,Rural,County,21139,Census Tract 401; Livingston County; Kentucky,8941,4617,28.6,14.8,0.286013,0.362213,0.256785,0.306837,697,False,21.9,IL_METROPOLIS-MUNI-AP,720170,37.186,-88.751,37.15548,-88.35462
Mixed-Humid,rural,Rural,County,47127,Census Tract 9301; Moore County; Tennessee,6611,2996,51.2,23.2,0.133612,0.609603,0.156576,0.304802,698,False,9.4,TN_TULLAHOMA-RGNL-WM-NO,721031,35.38,-86.246,35.27721,-86.35472
Mixed-Humid,rural,Rural,County,05057,Census Tract 4801.01; Hempstead County; Arkansas,10705,5511,15.2,7.8,0.374739,0.201461,0.327766,0.304697,699,False,27.0,AR_TEXARKANA-WEBB-FIELD,723418,33.456,-93.988,33.72366,-93.64511
Mixed-Humid,rural,Rural,County,29001,Census Tract 9501; Adair County; Missouri,10348,5221,19.1,9.6,0.34238,0.24739,0.316284,0.303914,700,False,6.7,MO_KIRKSVILLE-RGNL-AP,724455,40.097,-92.547,40.186,-92.59785
Mixed-Humid,rural,Rural,County,29067,Census Tract 9501; Douglas County; Missouri,11850,5397,14.6,6.6,0.361169,0.186848,0.378914,0.303706,701,False,38.5,AR_MOUNTAIN-HOME-BAXTER,723439,36.371,-92.472,36.91175,-92.641
Mixed-Humid,rural,Rural,County,29121,Census Tract 9601; Macon County; Missouri,11222,5556,14.3,7.1,0.375783,0.181628,0.353862,0.303445,702,False,21.5,MO_KIRKSVILLE-RGNL-AP,724455,40.097,-92.547,39.78934,-92.48568
Mixed-Humid,rural,Rural,County,29063,Census Tract 801.01; DeKalb County; Missouri,11176,4277,26.5,10.2,0.250522,0.338205,0.351775,0.301462,703,False,30.0,MO_ST-JOSEPH-ROSECRANS-MEM,724490,39.768,-94.91,39.87367,-94.36145
Mixed-Humid,rural,Rural,County,20115,Census Tract 4895; Marion County; Kansas,11795,5673,12.5,6.0,0.385177,0.146138,0.377871,0.300052,704,False,20.3,KS_NEWTON(AWOS),724509,38.068,-97.275,38.33314,-97.11351
Mixed-Humid,rural,Rural,County,29181,Census Tract 8701; Ripley County; Missouri,10755,5191,17.1,8.2,0.338205,0.22547,0.335073,0.298121,705,False,28.9,MO_POPLAR-BLUFF(AMOS),723300,36.77,-90.322,36.62158,-90.8097
Mixed-Humid,rural,Rural,County,05109,Census Tract 9533; Pike County; Arkansas,10182,5319,17.0,8.9,0.351775,0.223382,0.307933,0.298069,706,False,27.7,AR_MOUNT-IDA,723435,34.547,-93.578,34.14855,-93.62602
Mixed-Humid,rural,Rural,County,40107,Census Tract 806; Okfuskee County; Oklahoma,11304,4779,18.3,7.7,0.308977,0.237996,0.361169,0.294572,707,False,22.6,OK_SEMINOLE-MUNI,720359,35.275,-96.675,35.45573,-96.34115
Mixed-Humid,rural,Rural,County,29017,Census Tract 9501; Bollinger County; Missouri,10591,5047,17.1,8.2,0.327766,0.22547,0.325678,0.291545,708,False,25.2,MO_CAPE-GIRARDEAU-RGNL-AP,723290,37.225,-89.579,37.33938,-90.01468
Mixed-Humid,rural,Rural,County,29135,Census Tract 3851; Moniteau County; Missouri,10736,4110,26.2,10.0,0.236952,0.337161,0.331942,0.291023,709,False,22.3,MO_JESSE-VIERTEL-MEM-AP,720869,38.947,-92.683,38.62738,-92.6207
Mixed-Humid,rural,Rural,County,40023,Census Tract 9669; Choctaw County; Oklahoma,10788,5348,14.3,7.1,0.354906,0.181628,0.337161,0.29071,710,False,0.5,OK_STAN-STAMPER-MUNI,720559,34.033,-95.533,34.03844,-95.52818
Mixed-Humid,rural,Rural,County,54095,Census Tract 9618; Tyler County; West Virginia,8181,4144,31.9,16.2,0.23904,0.399791,0.216075,0.29071,711,False,30.5,WV_PARKERSBURG-WOOD-CO-AP,724273,39.339,-81.444,39.51067,-80.91728
Mixed-Humid,rural,Rural,County,20161,Census Tract 9; Riley County; Kansas,9955,5078,18.0,9.2,0.329854,0.23382,0.295407,0.289353,712,False,9.4,KS_MANHATTAN-RGNL-AP,724555,39.135,-96.679,39.27011,-96.66421
Mixed-Humid,rural,Rural,County,37187,Census Tract 9501; Washington County; North Carolina,8586,4558,25.5,13.5,0.280793,0.327766,0.240084,0.289092,713,False,13.6,NC_NORTHEASTERN-RGNL-AP,723074,36.028,-76.567,35.83654,-76.61981
Mixed-Humid,rural,Rural,County,05105,Census Tract 9527; Perry County; Arkansas,10073,4952,18.3,9.0,0.322547,0.237996,0.30167,0.288779,714,False,25.3,AR_RUSSELLVILLE-MUNI-AP,723429,35.257,-93.095,34.97446,-92.81122
Mixed-Humid,rural,Rural,County,40085,Census Tract 941; Love County; Oklahoma,10196,4724,19.8,9.2,0.303758,0.256785,0.308977,0.288361,715,False,18.6,TX_GAINESVILLE-MUNI-AP,722552,33.651,-97.197,33.92012,-97.17589
Mixed-Humid,rural,Rural,County,05003,Census Tract 9601; Ashley County; Arkansas,11320,5392,12.7,6.0,0.359081,0.153445,0.363257,0.287944,716,False,30.0,AR_MONTICELLO,720175,33.636,-91.756,33.20908,-91.8504
Mixed-Humid,rural,Rural,County,51183,Census Tract 8701; Sussex County; Virginia,10177,4672,20.8,9.5,0.291232,0.273486,0.305846,0.287944,717,False,11.0,VA_NORFOLK(NEXRAD),724019,36.983,-77.001,36.95557,-77.19759
Mixed-Humid,rural,Rural,County,34007,Census Tract 6089.04; Camden County; New Jersey,1991,652,73.7,24.1,0.017745,0.783925,0.02714,0.287787,718,False,14.9,NJ_ST-JERSEY-RGNL-AP,724074,39.941,-74.841,39.72801,-74.79289
Mixed-Humid,rural,Rural,County,54075,Census Tract 9601.01; Pocahontas County; West Virginia,7855,6846,8.4,7.3,0.467641,0.10334,0.202505,0.287108,719,False,28.4,VA_HOT-SPRINGS-INGALLS,724115,37.95,-79.817,38.33529,-79.99911
Mixed-Humid,rural,Rural,County,29013,Census Tract 701; Bates County; Missouri,11441,5156,13.9,6.2,0.335073,0.176409,0.367432,0.286012,720,False,23.7,MO_LAWRENCE-SMITH-MEM,720478,38.611,-94.342,38.26822,-94.32007
Mixed-Humid,rural,Rural,County,05121,Census Tract 9601; Randolph County; Arkansas,10384,4956,16.5,7.9,0.323591,0.216075,0.320459,0.285334,721,False,15.6,AR_WALNUT-RIDGE-RGNL-APi,723406,36.125,-90.924,36.34152,-91.00617
Mixed-Humid,rural,Rural,County,05011,Census Tract 9501; Bradley County; Arkansas,10354,5082,15.9,7.8,0.330898,0.207724,0.318372,0.285282,722,False,20.1,AR_MONTICELLO,720175,33.636,-91.756,33.57135,-92.09727
Mixed-Humid,rural,Rural,County,20107,Census Tract 9551.01; Linn County; Kansas,9723,5180,16.4,8.7,0.337161,0.213987,0.2881,0.284238,723,False,36.9,MO_LAWRENCE-SMITH-MEM,720478,38.611,-94.342,38.22449,-94.81181
Mixed-Humid,rural,Rural,County,21217,Census Tract 9201; Taylor County; Kentucky,8142,3450,37.6,15.9,0.180585,0.457203,0.213987,0.284082,724,False,0.6,KY_CAMPBELLVILLE-TAYLOR-CO,720445,37.358,-85.309,37.36467,-85.31693
Mixed-Humid,rural,Rural,County,47135,Census Tract 9301; Perry County; Tennessee,8561,4830,20.6,11.6,0.313152,0.270355,0.237996,0.283142,725,False,40.1,TN_MAURY-CO,723249,35.554,-87.179,35.66357,-87.8793
Mixed-Humid,rural,Rural,County,47027,Census Tract 9550; Clay County; Tennessee,7621,3987,32.2,16.9,0.227557,0.40501,0.193111,0.282776,726,False,34.1,TN_UPPER-CUMBERLAND-RGNL-AP,723274,36.056,-85.531,36.54881,-85.54123
Mixed-Humid,rural,Rural,County,21181,Census Tract 9601; Nicholas County; Kentucky,7655,3333,39.2,17.1,0.168058,0.479123,0.195198,0.282359,727,False,17.2,KY_MT-STERLING-MONTG,720456,38.067,-83.983,38.31574,-84.00091
Mixed-Humid,rural,Rural,County,05017,Census Tract 801; Chicot County; Arkansas,9997,5114,15.7,8.0,0.331942,0.205637,0.297495,0.280846,728,False,25.6,MS_MID-DELTA-RGNL-AP,747680,33.494,-90.981,33.26329,-91.32904
Mixed-Humid,rural,Rural,County,21055,Census Tract 9301; Crittenden County; Kentucky,8972,4351,25.0,12.1,0.257829,0.320459,0.257829,0.279749,729,False,15.6,KY_STURGIS-AAF-KY,749077,37.541,-87.952,37.34506,-88.09168
Mixed-Humid,rural,Rural,County,29089,Census Tract 9601; Howard County; Missouri,10141,4381,21.9,9.4,0.262004,0.286013,0.303758,0.278758,730,False,13.6,MO_JESSE-VIERTEL-MEM-AP,720869,38.947,-92.683,39.14437,-92.69373
Mixed-Humid,rural,Rural,County,20041,Census Tract 841; Dickinson County; Kansas,11243,5035,13.5,6.0,0.324635,0.170146,0.35595,0.276827,731,False,24.0,KS_FT-RILEY-MARSHALL-AAF,724550,39.05,-96.767,38.8973,-97.16876
Mixed-Humid,rural,Rural,County,29185,Census Tract 4801; St. Clair County; Missouri,9451,5295,14.0,7.8,0.349687,0.177453,0.280793,0.275626,732,False,20.8,MO_CLINTON-MEM-AP,720636,38.35,-93.683,38.05384,-93.75533
Mixed-Humid,rural,Rural,County,37103,Census Tract 9201; Jones County; North Carolina,9245,4675,19.6,9.9,0.292276,0.253653,0.269311,0.274165,733,False,17.6,NC_NEW-BERN-CRAVEN-CO-RGNL-AP,723095,35.068,-77.048,35.01519,-77.35194
Mixed-Humid,rural,Rural,County,51081,Census Tract 8801.01; Greensville County; Virginia,8417,4012,28.5,13.6,0.228601,0.356994,0.226514,0.273121,734,False,4.4,VA_EMPORIA-GREENSVILLE,720278,36.687,-77.483,36.6963,-77.56095
Mixed-Humid,rural,Rural,County,40069,Census Tract 6601.98; Johnston County; Oklahoma,10334,4710,16.1,7.3,0.299582,0.212944,0.31524,0.27239,735,False,20.0,OK_ARDMORE-MUNI-AP,723555,34.3,-97.017,34.27768,-96.66752
Mixed-Humid,rural,Rural,County,29083,Census Tract 9502; Henry County; Missouri,10053,4906,14.9,7.3,0.318372,0.195198,0.299582,0.271503,736,False,6.4,MO_CLINTON-MEM-AP,720636,38.35,-93.683,38.38925,-93.79014
Mixed-Humid,rural,Rural,County,29093,Census Tract 9501; Iron County; Missouri,9482,4704,17.2,8.5,0.298539,0.227557,0.281837,0.270355,737,False,20.0,MO_FARMINGTON,724454,37.761,-90.428,37.57456,-90.70836
Mixed-Humid,rural,Rural,County,21007,Census Tract 9501; Ballard County; Kentucky,7678,3707,31.1,15.0,0.203549,0.386221,0.197286,0.266232,738,False,11.8,KY_PADUCAH-BARKLEY-RGNL-AP,724350,37.056,-88.774,37.06384,-88.98697
Mixed-Humid,rural,Rural,County,51036,Census Tract 6001; Charles City County; Virginia,6686,3269,36.6,17.9,0.164927,0.447808,0.161795,0.263309,739,False,15.2,NC_RICHMOND-IAP,724010,37.512,-77.323,37.36933,-77.11175
Mixed-Humid,rural,Rural,County,05133,Census Tract 801; Sevier County; Arkansas,9990,4451,18.0,8.0,0.271399,0.23382,0.296451,0.263257,740,False,9.0,AR_J-L-HELMS-SEVIER-CO,743312,34.048,-94.402,33.99569,-94.25757
Mixed-Humid,rural,Rural,County,29073,Census Tract 9602; Gasconade County; Missouri,8740,4681,17.5,9.4,0.293319,0.231733,0.248434,0.262787,741,False,23.3,MO_ROLLA-NATIONAL-AP,724420,38.132,-91.765,38.40383,-91.51014
Mixed-Humid,rural,Rural,County,40149,Census Tract 9649; Washita County; Oklahoma,10857,5131,10.8,5.1,0.332985,0.129436,0.338205,0.262787,742,False,8.6,OK_CLINTON-SHERMAN,723526,35.357,-99.204,35.3041,-99.066
Mixed-Humid,rural,Rural,County,29111,Census Tract 9701; Lewis County; Missouri,9945,4315,19.7,8.5,0.25261,0.254697,0.294363,0.261691,743,False,26.5,IA_KEOKUK-MUNI,725456,40.46,-91.428,40.11815,-91.65722
Mixed-Humid,rural,Rural,County,05107,Census Tract 4801; Phillips County; Arkansas,9164,5072,13.6,7.5,0.32881,0.172234,0.265136,0.261274,744,False,21.1,MS_FLETCHER-FLD,720927,34.3,-90.512,34.5228,-90.76545
Mixed-Humid,rural,Rural,County,05097,Census Tract 9530; Montgomery County; Arkansas,8571,5469,11.0,7.0,0.36952,0.132568,0.23904,0.260491,745,False,2.4,AR_MOUNT-IDA,723435,34.547,-93.578,34.53884,-93.6196
Mixed-Humid,rural,Rural,County,29025,Census Tract 9501; Caldwell County; Missouri,8890,4269,20.8,10.0,0.248434,0.273486,0.255741,0.258664,746,False,25.6,MO_CHILLICOTHE-AGRI-SC,724464,39.82,-93.577,39.67692,-94.02138
Mixed-Humid,rural,Rural,County,21129,Census Tract 9501; Lee County; Kentucky,7375,3227,35.3,15.5,0.159708,0.427975,0.181628,0.257985,747,False,22.2,KY_JULIAN-CARROLL-AP,724190,37.591,-83.314,37.60856,-83.71969
Mixed-Humid,rural,Rural,County,51157,Census Tract 9501; Rappahannock County; Virginia,7409,3848,27.8,14.4,0.217119,0.349687,0.18476,0.257046,748,False,19.8,VA_CULPEPER,723098,38.527,-77.859,38.68835,-78.161
Mixed-Humid,rural,Rural,County,05111,Census Tract 4901; Poinsett County; Arkansas,10057,4698,13.9,6.5,0.297495,0.176409,0.300626,0.255741,749,False,18.7,AR_JONESBORO-MUNI,723407,35.836,-90.644,35.56855,-90.59265
Mixed-Humid,rural,Rural,County,47095,Census Tract 9601; Lake County; Tennessee,6691,2497,40.4,15.1,0.107516,0.498956,0.162839,0.255585,750,False,24.5,TN_DYERSBURG-MUNI-AP,723347,36.0,-89.409,36.35282,-89.45735
Mixed-Humid,rural,Rural,County,20013,Census Tract 4806; Brown County; Kansas,9415,4489,16.5,7.9,0.275574,0.216075,0.278706,0.255376,751,False,17.9,NE_FALLS-CITY-BRENNER,725533,40.079,-95.589,39.82329,-95.53702
Mixed-Humid,rural,Rural,County,29163,Census Tract 4602; Pike County; Missouri,10958,4215,16.7,6.4,0.244259,0.218163,0.34238,0.25475,752,False,29.4,IL_PITTSFIELD,744663,39.639,-90.778,39.34335,-91.17434
Mixed-Humid,rural,Rural,County,47067,Census Tract 9605; Hancock County; Tennessee,6790,3667,30.5,16.5,0.196242,0.377871,0.167015,0.253967,753,False,8.5,VA_LEE-CO,720768,36.654,-83.218,36.53117,-83.22135
Mixed-Humid,rural,Rural,County,20149,Census Tract 1.01; Pottawatomie County; Kansas,11691,4272,14.8,5.4,0.249478,0.188935,0.375783,0.253549,754,False,25.8,KS_MANHATTAN-RGNL-AP,724555,39.135,-96.679,39.33781,-96.27373
Mixed-Humid,rural,Rural,County,05123,Census Tract 9601; St. Francis County; Arkansas,9127,4659,15.1,7.7,0.289144,0.200418,0.264092,0.25308,755,False,31.3,AR_WEST-MEMPHIS-MUNI-AP,722054,35.14,-90.236,35.02683,-90.77213
Mixed-Humid,rural,Rural,County,40035,Census Tract 3731; Craig County; Oklahoma,10181,4659,13.6,6.2,0.289144,0.172234,0.306889,0.251775,756,False,20.8,OK_MIAMI-MUNI,720255,36.909,-94.888,36.72068,-95.18144
Mixed-Humid,rural,Rural,County,42113,Census Tract 9601.01; Sullivan County; Pennsylvania,5849,5601,13.0,12.4,0.377871,0.156576,0.129436,0.250731,757,False,26.7,PA_WILLIAMSPORT-RGNL-AP,725140,41.243,-76.922,41.46001,-76.49564
Mixed-Humid,rural,Rural,County,20131,Census Tract 4801; Nemaha County; Kansas,10213,4501,14.2,6.3,0.278706,0.178497,0.310021,0.249896,758,False,26.4,NE_FALLS-CITY-BRENNER,725533,40.079,-95.589,39.8395,-95.9779
Mixed-Humid,rural,Rural,County,40105,Census Tract 1721; Nowata County; Oklahoma,9392,4383,16.6,7.7,0.263048,0.217119,0.277662,0.249896,759,False,20.7,OK_BARTLESVILLE-PHILLI,723565,36.766,-96.013,36.76823,-95.63908
Mixed-Humid,rural,Rural,County,54015,Census Tract 9579; Clay County; West Virginia,7946,3945,23.2,11.5,0.221294,0.303758,0.206681,0.247234,760,False,27.9,WV_CHARLESTON-YEAGER-AP,724140,38.38,-81.591,38.4609,-81.0863
Mixed-Humid,rural,Rural,County,29153,Census Tract 4701.01; Ozark County; Missouri,8773,5046,11.8,6.8,0.326722,0.138831,0.251566,0.245929,761,False,19.8,AR_MOUNTAIN-HOME-BAXTER,723439,36.371,-92.472,36.6561,-92.44467
Mixed-Humid,rural,Rural,County,20001,Census Tract 9526; Allen County; Kansas,8518,4359,17.4,8.9,0.259916,0.230689,0.234864,0.244676,762,False,16.3,KS_CHANUTE-MARTIN-JOHNSON-AP,724507,37.671,-95.485,37.8886,-95.36973
Mixed-Humid,rural,Rural,County,40077,Census Tract 871; Latimer County; Oklahoma,9495,4682,13.1,6.5,0.294363,0.15762,0.283925,0.244415,763,False,27.7,OK_MCALESTER-MUNI-AP,723566,34.882,-95.782,34.90018,-95.29458
Mixed-Humid,rural,Rural,County,20117,Census Tract 407.01; Marshall County; Kansas,10001,4758,11.1,5.3,0.304802,0.133612,0.298539,0.243633,764,False,36.1,NE_BEATRICE-MUNI-AP,725515,40.301,-96.754,39.79598,-96.57813
Mixed-Humid,rural,Rural,County,21041,Census Tract 9501; Carroll County; Kentucky,4695,2183,42.8,19.9,0.090814,0.525052,0.09499,0.243632,765,False,35.5,KY_CAPITAL-CITY-AP,724233,38.185,-84.904,38.66596,-85.13234
Mixed-Humid,rural,Rural,County,29115,Census Tract 4901; Linn County; Missouri,9175,4405,15.1,7.2,0.265136,0.200418,0.26618,0.242694,766,False,26.2,MO_CHILLICOTHE-AGRI-SC,724464,39.82,-93.577,39.81109,-93.08413
Mixed-Humid,rural,Rural,County,20205,Census Tract 971; Wilson County; Kansas,8559,4492,15.0,7.9,0.276618,0.197286,0.236952,0.240919,767,False,17.0,KS_CHANUTE-MARTIN-JOHNSON-AP,724507,37.671,-95.485,37.5225,-95.73352
Mixed-Humid,rural,Rural,County,47153,Census Tract 601.02; Sequatchie County; Tennessee,7088,3179,31.2,14.0,0.152401,0.388309,0.175365,0.239562,768,False,24.3,TN_CHATTANOOGA-LOVELL-FIELD-A,723240,35.034,-85.2,35.35503,-85.37714
Mixed-Humid,rural,Rural,County,21165,Census Tract 9601; Menifee County; Kentucky,6203,3387,30.5,16.6,0.174322,0.377871,0.14405,0.23951,769,False,22.1,KY_MT-STERLING-MONTG,720456,38.067,-83.983,37.94333,-83.60933
Mixed-Humid,rural,Rural,County,54085,Census Tract 9623; Ritchie County; West Virginia,8372,4187,18.5,9.3,0.242171,0.240084,0.22547,0.2381,770,False,24.2,WV_PARKERSBURG-WOOD-CO-AP,724273,39.339,-81.444,39.19457,-81.03126
Mixed-Humid,rural,Rural,County,54093,Census Tract 9652; Tucker County; West Virginia,6698,4665,16.0,11.1,0.290188,0.2119,0.163883,0.237526,771,False,19.0,WV_ELKINS-ELKINS-RANDOLPH-CO-,724170,38.89,-79.855,39.10122,-79.62708
Mixed-Humid,rural,Rural,County,21063,Census Tract 9201.01; Elliott County; Kentucky,7336,3065,31.3,13.1,0.141962,0.390397,0.180585,0.236639,772,False,35.1,WV_HUNTINGTON-TRI-STATE-AP,724250,38.365,-82.555,38.12532,-83.12473
Mixed-Humid,rural,Rural,County,40065,Census Tract 9681; Jackson County; Oklahoma,9721,4588,12.5,5.9,0.282881,0.146138,0.287056,0.235856,773,False,3.5,OK_ALTUS-AFB,723520,34.65,-99.267,34.64191,-99.32848
Mixed-Humid,rural,Rural,County,21075,Census Tract 9601; Fulton County; Kentucky,6440,3174,31.3,15.4,0.151357,0.390397,0.153445,0.235439,774,False,34.0,MO_SIKESTON-MEM-MUNI,720488,36.899,-89.562,36.55082,-89.12778
Mixed-Humid,rural,Rural,County,29217,Census Tract 9501; Vernon County; Missouri,10235,4410,12.6,5.4,0.267223,0.149269,0.311065,0.234707,775,False,34.5,KS_ATKINSON-MUNICIPAL-AP,720436,37.45,-94.733,37.83517,-94.33293
Mixed-Humid,rural,Rural,County,05079,Census Tract 9603; Lincoln County; Arkansas,10747,3387,19.6,6.2,0.174322,0.253653,0.334029,0.234029,776,False,18.5,AR_PINE-BLUFF-FAA-AP,723417,34.18,-91.934,33.98978,-91.70652
Mixed-Humid,rural,Rural,County,37139,Census Tract 9605.03; Pasquotank County; North Carolina,5337,2230,39.4,16.5,0.092902,0.483299,0.113779,0.233716,777,False,3.9,NC_ELZ-CTY-CGAS-RGNL-AP,723070,36.258,-76.172,36.27426,-76.23865
Mixed-Humid,rural,Rural,County,47137,Census Tract 9251.01; Pickett County; Tennessee,5062,3362,31.1,20.6,0.170146,0.386221,0.104384,0.23262,778,False,23.0,KY_WAYNE-CO,720379,36.855,-84.856,36.57218,-85.07517
Mixed-Humid,rural,Rural,County,54101,Census Tract 9701.01; Webster County; West Virginia,8253,4408,14.9,8.0,0.26618,0.195198,0.218163,0.231733,779,False,37.3,WV_BUCKHANNON,720328,39.0,-80.274,38.47366,-80.42909
Mixed-Humid,rural,Rural,County,29125,Census Tract 8801; Maries County; Missouri,8435,4269,16.0,8.1,0.248434,0.2119,0.228601,0.231681,780,False,7.4,MO_ROLLA-NATIONAL-AP,724420,38.132,-91.765,38.17577,-91.89
Mixed-Humid,rural,Rural,County,29147,Census Tract 4701; Nodaway County; Missouri,9768,4509,11.3,5.2,0.279749,0.134656,0.291232,0.231263,781,False,3.8,MO_NORTHWEST-MISSOURI-RGNL,720475,40.353,-94.915,40.35814,-94.84339
Mixed-Humid,rural,Rural,County,29137,Census Tract 9601; Monroe County; Missouri,8672,4476,13.4,6.9,0.273486,0.165971,0.246347,0.230428,782,False,24.5,MO_OMAR-N-BRADLEY,720482,39.464,-92.427,39.49769,-91.96889
Mixed-Humid,rural,Rural,County,29195,Census Tract 901; Saline County; Missouri,9337,4478,12.6,6.0,0.27453,0.149269,0.272443,0.230271,783,False,3.7,MO_MARSHALL-MEM-MUNI,720483,39.096,-93.203,39.14716,-93.18418
Mixed-Humid,rural,Rural,County,05075,Census Tract 4701; Lawrence County; Arkansas,9048,4051,16.0,7.2,0.230689,0.2119,0.26096,0.230167,784,False,13.0,AR_WALNUT-RIDGE-RGNL-APi,723406,36.125,-90.924,36.07064,-91.14686
Mixed-Humid,rural,Rural,County,20159,Census Tract 9671; Rice County; Kansas,9389,4384,12.9,6.0,0.264092,0.155532,0.275574,0.228392,785,False,1.5,KS_LYONS-RICE-CO-MUNI,720781,38.343,-98.227,38.3348,-98.20223
Mixed-Humid,rural,Rural,County,05061,Census Tract 9501; Howard County; Arkansas,8660,4254,14.9,7.3,0.246347,0.195198,0.245303,0.228236,786,False,24.7,AR_J-L-HELMS-SEVIER-CO,743312,34.048,-94.402,34.01721,-93.97204
Mixed-Humid,rural,Rural,County,20133,Census Tract 9516; Neosho County; Kansas,8639,4053,16.0,7.5,0.231733,0.2119,0.244259,0.227297,787,False,9.8,KS_CHANUTE-MARTIN-JOHNSON-AP,724507,37.671,-95.485,37.60865,-95.32439
Mixed-Humid,rural,Rural,County,29065,Census Tract 9601; Dent County; Missouri,9436,4351,12.7,5.8,0.257829,0.153445,0.279749,0.225679,788,False,34.1,MO_FT-LNRD-WD-AAF,724457,37.75,-92.15,37.60119,-91.55504
Mixed-Humid,rural,Rural,County,05129,Census Tract 9701; Searcy County; Arkansas,7861,4721,11.8,7.1,0.302714,0.138831,0.203549,0.225522,789,False,24.9,AR_CLINTON-MUNI-AP,720401,35.6,-92.45,35.92087,-92.65264
Mixed-Humid,rural,Rural,County,54017,Census Tract 9650; Doddridge County; West Virginia,7767,3248,24.3,10.2,0.161795,0.314196,0.199374,0.222651,790,False,26.5,WV_HARRISON-MARION-RGN,724175,39.302,-80.224,39.26557,-80.71746
Mixed-Humid,rural,Rural,County,21237,Census Tract 9301; Wolfe County; Kentucky,6484,3043,29.2,13.7,0.137787,0.36952,0.154489,0.222234,791,False,15.4,KY_JULIAN-CARROLL-AP,724190,37.591,-83.314,37.73556,-83.5274
Mixed-Humid,rural,Rural,County,29061,Census Tract 4701; Daviess County; Missouri,8449,4140,15.0,7.3,0.237996,0.197286,0.229645,0.222077,792,False,22.7,MO_CHILLICOTHE-AGRI-SC,724464,39.82,-93.577,39.91192,-93.98872
Mixed-Humid,rural,Rural,County,51181,Census Tract 8601; Surry County; Virginia,6552,3438,23.5,12.3,0.179541,0.305846,0.155532,0.218946,793,False,12.2,VA_NORFOLK(NEXRAD),724019,36.983,-77.001,37.13256,-76.88396
Mixed-Humid,rural,Rural,County,40011,Census Tract 9586; Blaine County; Oklahoma,8603,4590,9.3,4.9,0.283925,0.11691,0.241127,0.21691,794,False,1.1,OK_WATONGA-RGNL-AP,720342,35.864,-98.421,35.87925,-98.42267
Mixed-Humid,rural,Rural,County,05099,Census Tract 901; Nevada County; Arkansas,8228,4318,13.3,7.0,0.253653,0.163883,0.217119,0.214927,795,False,30.1,AR_DEXTER-FLORENCE-MEM-FLD,720394,34.1,-93.066,33.72745,-93.33793
Mixed-Humid,rural,Rural,County,40075,Census Tract 9636; Kiowa County; Oklahoma,8458,4684,8.3,4.6,0.295407,0.101253,0.230689,0.21451,796,False,3.5,OK_HOBART-MUNI-AP,723525,34.989,-99.053,34.95198,-99.01107
Mixed-Humid,rural,Rural,County,29033,Census Tract 9601; Carroll County; Missouri,8459,4380,12.2,6.3,0.26096,0.141962,0.231733,0.213465,797,False,26.2,MO_MARSHALL-MEM-MUNI,720483,39.096,-93.203,39.39612,-93.50221
Mixed-Humid,rural,Rural,County,51097,Census Tract 9504; King and Queen County; Virginia,6676,3485,21.2,11.1,0.182672,0.276618,0.158664,0.210751,798,False,10.3,VA_TAPPAHANNOCK-ESSEX-C,720501,37.85,-76.883,37.70121,-76.87701
Mixed-Humid,rural,Rural,County,29149,Census Tract 4801; Oregon County; Missouri,8704,4332,11.0,5.5,0.254697,0.132568,0.24739,0.21049,799,False,28.7,MO_WEST-PLAINS-ASOS,723484,36.879,-91.905,36.66864,-91.45872
Mixed-Humid,rural,Rural,County,29053,Census Tract 9501; Cooper County; Missouri,8339,3733,15.4,6.9,0.206681,0.203549,0.223382,0.208925,800,False,10.0,MO_JESSE-VIERTEL-MEM-AP,720869,38.947,-92.683,38.84148,-92.81038
Mixed-Humid,rural,Rural,County,29127,Census Tract 9601; Marion County; Missouri,7873,3401,19.1,8.2,0.176409,0.24739,0.204593,0.206889,801,False,10.8,MO_HANNIBAL-RGNL-AP,720476,39.725,-91.444,39.81344,-91.6125
Mixed-Humid,rural,Rural,County,29057,Census Tract 4801; Dade County; Missouri,7627,3790,15.6,7.7,0.210856,0.204593,0.194154,0.205324,802,False,26.7,MO_SPRINGFIELD-RGNL-AP,724400,37.24,-93.39,37.43276,-93.8121
Mixed-Humid,rural,Rural,County,20031,Census Tract 9661; Coffey County; Kansas,8304,3985,13.2,6.4,0.226514,0.160752,0.222338,0.202662,803,False,6.0,KS_COFFEY-CO-AP,722005,38.302,-95.725,38.21813,-95.75693
Mixed-Humid,rural,Rural,County,20043,Census Tract 201; Doniphan County; Kansas,7492,3375,19.0,8.6,0.172234,0.245303,0.188935,0.201148,804,False,9.8,MO_ST-JOSEPH-ROSECRANS-MEM,724490,39.768,-94.91,39.78618,-95.09214
Mixed-Humid,rural,Rural,County,05117,Census Tract 4601; Prairie County; Arkansas,8162,4093,12.6,6.3,0.234864,0.149269,0.215031,0.200939,805,False,16.0,AR_STUTTGART(AWOS),723416,34.6,-91.574,34.83094,-91.56045
Mixed-Humid,rural,Rural,County,54013,Census Tract 9626; Calhoun County; West Virginia,6158,3199,22.1,11.5,0.154489,0.291232,0.143006,0.200052,806,False,37.8,WV_PARKERSBURG-WOOD-CO-AP,724273,39.339,-81.444,38.85532,-81.11288
Mixed-Humid,rural,Rural,County,05037,Census Tract 9501; Cross County; Arkansas,8103,3820,13.5,6.4,0.212944,0.170146,0.2119,0.197756,807,False,30.9,AR_WEST-MEMPHIS-MUNI-AP,722054,35.14,-90.236,35.27475,-90.75792
Mixed-Humid,rural,Rural,County,20055,Census Tract 9601; Finney County; Kansas,10729,3783,8.6,3.0,0.209812,0.106472,0.32881,0.197443,808,False,7.3,KS_GARDEN-CITY-MUNI-AP,724515,37.922,-100.724,37.98044,-100.83463
Mixed-Humid,rural,Rural,County,29007,Census Tract 9502; Audrain County; Missouri,8611,3679,13.4,5.7,0.19833,0.165971,0.242171,0.195773,809,False,5.3,MO_MEXICO-MEM,720484,39.158,-91.818,39.21833,-91.87926
Mixed-Humid,rural,Rural,County,21057,Census Tract 9501; Cumberland County; Kentucky,5948,3399,19.5,11.1,0.175365,0.249478,0.134656,0.193163,810,False,30.3,KY_WAYNE-CO,720379,36.855,-84.856,36.80489,-85.40117
Mixed-Humid,rural,Rural,County,47175,Census Tract 9250; Van Buren County; Tennessee,6293,2915,23.0,10.7,0.128392,0.300626,0.150313,0.193058,811,False,24.4,TN_UPPER-CUMBERLAND-RGNL-AP,723274,36.056,-85.531,35.70726,-85.45861
Mixed-Humid,rural,Rural,County,05021,Census Tract 9501; Clay County; Arkansas,7500,4064,12.3,6.7,0.232777,0.143006,0.189979,0.192798,812,False,20.3,MO_KENNETT-MEM,720331,36.226,-90.037,36.34128,-90.37209
Mixed-Humid,rural,Rural,County,20061,Census Tract 7; Geary County; Kansas,6840,3209,19.2,9.0,0.156576,0.248434,0.168058,0.191023,813,False,3.3,KS_FT-RILEY-MARSHALL-AAF,724550,39.05,-96.767,39.03,-96.82264
Mixed-Humid,rural,Rural,County,40139,Census Tract 9506; Texas County; Oklahoma,9699,4280,4.8,2.1,0.251566,0.055324,0.286013,0.189771,814,False,7.5,OK_GUYMON-MUNI-AP,722095,36.682,-101.505,36.74969,-101.39979
Mixed-Humid,rural,Rural,County,20003,Census Tract 9536; Anderson County; Kansas,7819,3569,13.5,6.2,0.188935,0.170146,0.200418,0.184655,815,False,26.3,KS_COFFEY-CO-AP,722005,38.302,-95.725,38.26457,-95.24331
Mixed-Humid,rural,Rural,County,29155,Census Tract 4701; Pemiscot County; Missouri,6989,3434,14.9,7.3,0.178497,0.195198,0.173278,0.183299,816,False,14.2,MO_KENNETT-MEM,720331,36.226,-90.037,36.14809,-89.80186
Mixed-Humid,rural,Rural,County,29123,Census Tract 9601; Madison County; Missouri,7044,3423,14.7,7.1,0.177453,0.187891,0.174322,0.18048,817,False,18.7,MO_FARMINGTON,724454,37.761,-90.428,37.49445,-90.36564
Mixed-Humid,rural,Rural,County,51021,Census Tract 401; Bland County; Virginia,6211,3205,17.4,9.0,0.155532,0.230689,0.146138,0.179958,818,False,12.5,WV_BLUEFIELD-MERCER-CO,724125,37.298,-81.204,37.12657,-81.13147
Mixed-Humid,rural,Rural,County,40127,Census Tract 976; Pushmataha County; Oklahoma,8093,4338,5.8,3.1,0.255741,0.064718,0.210856,0.179906,819,False,26.8,OK_STAN-STAMPER-MUNI,720559,34.033,-95.533,34.41269,-95.43662
Mixed-Humid,rural,Rural,County,05101,Census Tract 1801; Newton County; Arkansas,7175,4107,8.7,5.0,0.235908,0.108559,0.177453,0.179645,820,False,21.1,AR_BOONE-CO-AP,723450,36.267,-93.157,35.96369,-93.20666
Mixed-Humid,rural,Rural,County,54105,Census Tract 301.01; Wirt County; West Virginia,5131,2723,22.1,11.7,0.118998,0.291232,0.106472,0.176775,821,False,22.3,WV_PARKERSBURG-WOOD-CO-AP,724273,39.339,-81.444,39.01975,-81.38403
Mixed-Humid,rural,Rural,County,05073,Census Tract 4701.01; Lafayette County; Arkansas,6211,3940,11.7,7.4,0.220251,0.136743,0.146138,0.176201,822,False,26.2,AR_TEXARKANA-WEBB-FIELD,723418,33.456,-93.988,33.30444,-93.57146
Mixed-Humid,rural,Rural,County,05025,Census Tract 9701; Cleveland County; Arkansas,7491,3598,12.5,6.0,0.193111,0.146138,0.187891,0.175626,823,False,23.8,AR_PINE-BLUFF-FAA-AP,723417,34.18,-91.934,33.91166,-92.19587
Mixed-Humid,rural,Rural,County,21039,Census Tract 9601; Carlisle County; Kentucky,4763,2315,25.1,12.2,0.097077,0.321503,0.097077,0.175626,824,False,17.3,KY_PADUCAH-BARKLEY-RGNL-AP,724350,37.056,-88.774,36.85433,-88.959
Mixed-Humid,rural,Rural,County,05095,Census Tract 9501; Monroe County; Arkansas,6681,3843,11.0,6.3,0.215031,0.132568,0.160752,0.175313,825,False,21.9,AR_STUTTGART(AWOS),723416,34.6,-91.574,34.76768,-91.24698
Mixed-Humid,rural,Rural,County,29041,Census Tract 4701; Chariton County; Missouri,7406,3797,9.9,5.1,0.2119,0.121086,0.182672,0.174269,826,False,27.1,MO_OMAR-N-BRADLEY,720482,39.464,-92.427,39.47953,-92.93457
Mixed-Humid,rural,Rural,County,54021,Census Tract 9677.01; Gilmer County; West Virginia,5822,3101,17.2,9.2,0.14405,0.227557,0.127349,0.169937,827,False,36.2,WV_BUCKHANNON,720328,39.0,-80.274,38.86916,-80.92667
Mixed-Humid,rural,Rural,County,40103,Census Tract 9566; Noble County; Oklahoma,7703,3540,10.6,4.9,0.187891,0.127349,0.19833,0.168789,828,False,16.2,OK_STILLWATER-RGNL-AP,723545,36.162,-97.089,36.37252,-97.21585
Mixed-Humid,rural,Rural,County,20111,Census Tract 6; Lyon County; Kansas,8007,3537,9.6,4.3,0.186848,0.120042,0.207724,0.167641,829,False,7.6,KS_EMPORIA-MUNI-AP,724556,38.329,-96.195,38.43721,-96.17307
Mixed-Humid,rural,Rural,County,40093,Census Tract 9551; Major County; Oklahoma,7656,3713,8.0,3.9,0.205637,0.097077,0.196242,0.165762,830,False,29.5,OK_VANCE-AFB,723535,36.333,-97.917,36.31235,-98.44626
Mixed-Humid,rural,Rural,County,40063,Census Tract 4846; Hughes County; Oklahoma,7198,3581,9.2,4.6,0.192067,0.115866,0.178497,0.162683,831,False,28.6,OK_MCALESTER-MUNI-AP,723566,34.882,-95.782,35.07873,-96.22584
Mixed-Humid,rural,Rural,County,40141,Census Tract 701; Tillman County; Oklahoma,6967,3776,8.0,4.3,0.208768,0.097077,0.17119,0.162161,832,False,4.2,OK_FREDERICK-MUNI,723528,34.353,-98.988,34.4099,-98.96285
Mixed-Humid,rural,Rural,County,29045,Census Tract 9501; Clark County; Missouri,6680,3233,13.2,6.4,0.160752,0.160752,0.159708,0.160543,833,False,15.1,IA_KEOKUK-MUNI,725456,40.46,-91.428,40.40264,-91.70429
Mixed-Humid,rural,Rural,County,54071,Census Tract 9704; Pendleton County; West Virginia,6111,3708,8.8,5.3,0.204593,0.110647,0.138831,0.15856,834,False,31.6,WV_ELKINS-ELKINS-RANDOLPH-CO-,724170,38.89,-79.855,38.66707,-79.34313
Mixed-Humid,rural,Rural,County,20193,Census Tract 9531; Thomas County; Kansas,7913,3580,7.4,3.3,0.191023,0.084551,0.205637,0.156681,835,False,5.9,KS_SHALTZ-FIELD-AP,720422,39.428,-101.046,39.34755,-101.00732
Mixed-Humid,rural,Rural,County,20167,Census Tract 9738; Russell County; Kansas,6717,3687,7.6,4.2,0.200418,0.090814,0.164927,0.154958,836,False,1.9,KS_RUSSELL-MUNI-AP,724585,38.873,-98.809,38.90015,-98.81349
Mixed-Humid,rural,Rural,County,05039,Census Tract 9701; Dallas County; Arkansas,6351,3490,9.5,5.2,0.183716,0.118998,0.151357,0.154593,837,False,22.7,AR_HARRELL-FIELD-AP,723425,33.617,-92.767,33.87885,-92.52842
Mixed-Humid,rural,Rural,County,20169,Census Tract 11; Saline County; Kansas,7309,3252,10.7,4.8,0.162839,0.128392,0.179541,0.154123,838,False,0.6,KS_SALINA-MUNI-AP,724586,38.78,-97.644,38.78699,-97.65027
Mixed-Humid,rural,Rural,County,29203,Census Tract 4701; Shannon County; Missouri,7137,3522,7.1,3.5,0.185804,0.08142,0.176409,0.147391,839,False,30.3,MO_WEST-PLAINS-ASOS,723484,36.879,-91.905,37.07965,-91.41673
Mixed-Humid,rural,Rural,County,05147,Census Tract 4901; Woodruff County; Arkansas,6157,3272,10.5,5.6,0.165971,0.126305,0.141962,0.147286,840,False,27.9,AR_SEARCY,722188,35.212,-91.737,35.18264,-91.24389
Mixed-Humid,rural,Rural,County,29011,Census Tract 9601; Barton County; Missouri,6974,3050,12.2,5.3,0.139875,0.141962,0.172234,0.147077,841,False,22.6,KS_ATKINSON-MUNICIPAL-AP,720436,37.45,-94.733,37.52957,-94.33277
Mixed-Humid,rural,Rural,County,21189,Census Tract 9301; Owsley County; Kentucky,4021,2024,20.4,10.3,0.082463,0.267223,0.079332,0.146503,842,False,22.0,KY_JULIAN-CARROLL-AP,724190,37.591,-83.314,37.45139,-83.67436
Mixed-Humid,rural,Rural,County,21105,Census Tract 9701; Hickman County; Kentucky,4470,2160,18.4,8.9,0.088727,0.23904,0.090814,0.141754,843,False,28.5,KY_PADUCAH-BARKLEY-RGNL-AP,724350,37.056,-88.774,36.6759,-88.97208
Mixed-Humid,rural,Rural,County,29075,Census Tract 9601; Gentry County; Missouri,6224,2928,12.7,6.0,0.129436,0.153445,0.148225,0.141597,844,False,27.6,MO_NORTHWEST-MISSOURI-RGNL,720475,40.353,-94.915,40.2145,-94.4245
Mixed-Humid,rural,Rural,County,29179,Census Tract 3801; Reynolds County; Missouri,6058,3468,7.5,4.3,0.181628,0.088727,0.137787,0.140344,845,False,41.3,MO_FARMINGTON,724454,37.761,-90.428,37.32572,-90.94498
Mixed-Humid,rural,Rural,County,20197,Census Tract 4831; Wabaunsee County; Kansas,6961,3135,8.8,3.9,0.148225,0.110647,0.170146,0.139457,846,False,25.3,KS_MANHATTAN-RGNL-AP,724555,39.135,-96.679,38.98727,-96.24797
Mixed-Humid,rural,Rural,County,20073,Census Tract 9656; Greenwood County; Kansas,5956,3682,5.2,3.2,0.199374,0.057411,0.135699,0.136952,847,False,32.8,KS_EMPORIA-MUNI-AP,724556,38.329,-96.195,37.85608,-96.24918
Mixed-Humid,rural,Rural,County,29205,Census Tract 4501; Shelby County; Missouri,6011,2952,12.0,5.9,0.131524,0.139875,0.136743,0.135491,848,False,29.3,MO_OMAR-N-BRADLEY,720482,39.464,-92.427,39.77978,-92.06028
Mixed-Humid,rural,Rural,County,20053,Census Tract 866; Ellsworth County; Kansas,6366,3110,8.9,4.3,0.145094,0.111691,0.152401,0.134864,849,False,27.3,KS_LYONS-RICE-CO-MUNI,720781,38.343,-98.227,38.73643,-98.28128
Mixed-Humid,rural,Rural,County,51045,Census Tract 501; Craig County; Virginia,4881,2397,14.9,7.3,0.101253,0.195198,0.100209,0.133925,850,False,17.8,VA_ROANOKE-RGNL-AP,724110,37.317,-79.974,37.4736,-80.23105
Mixed-Humid,rural,Rural,County,40153,Census Tract 9531; Woodward County; Oklahoma,7582,3183,6.3,2.6,0.153445,0.070981,0.192067,0.132307,851,False,12.5,OK_WEST-WOODWARD-AP,722152,36.437,-99.521,36.39585,-99.30132
Mixed-Humid,rural,Rural,County,34039,Census Tract 9800; Union County; New Jersey,141,8,27.5,1.6,0.009395,0.346555,0.014614,0.128445,852,False,0.7,NJ_NEWARK-IAP,725020,40.683,-74.169,40.67261,-74.16866
Mixed-Humid,rural,Rural,County,29211,Census Tract 4801; Sullivan County; Missouri,5903,3032,9.1,4.7,0.136743,0.113779,0.131524,0.127662,853,False,30.6,MO_KIRKSVILLE-RGNL-AP,724455,40.097,-92.547,40.21367,-93.10588
Mixed-Humid,rural,Rural,County,20145,Census Tract 9702; Pawnee County; Kansas,6220,3045,8.2,4.0,0.138831,0.100209,0.147182,0.126983,854,False,18.6,KS_GREAT-BEND(AWOS),724517,38.35,-98.867,38.178,-99.12996
Mixed-Humid,rural,Rural,County,20123,Census Tract 1766; Mitchell County; Kansas,5767,3124,8.2,4.5,0.147182,0.100209,0.125261,0.126357,855,False,28.0,KS_CONCORDIA-BLOSSER-MUNI-AP,724580,39.551,-97.651,39.38329,-98.12856
Mixed-Humid,rural,Rural,County,51017,Census Tract 9201.01; Bath County; Virginia,4123,3336,7.8,6.3,0.169102,0.093946,0.08142,0.125261,856,False,5.9,VA_HOT-SPRINGS-INGALLS,724115,37.95,-79.817,38.03221,-79.78781
Mixed-Humid,rural,Rural,County,20029,Census Tract 9771; Cloud County; Kansas,5834,3069,8.2,4.3,0.143006,0.100209,0.128392,0.125104,857,False,3.5,KS_CONCORDIA-BLOSSER-MUNI-AP,724580,39.551,-97.651,39.50785,-97.61557
Mixed-Humid,rural,Rural,County,21201,Census Tract 9701; Robertson County; Kentucky,2239,996,22.5,10.0,0.028184,0.295407,0.031315,0.122338,858,False,17.5,KY_FLEMING-MASON-AP,720452,38.542,-83.743,38.51347,-84.06423
Mixed-Humid,rural,Rural,County,05127,Census Tract 9501; Scott County; Arkansas,5940,3171,6.8,3.6,0.150313,0.078288,0.133612,0.121764,859,False,23.9,AR_MENA-INTERMOUNTAIN,720172,34.545,-94.203,34.87794,-94.08625
Mixed-Humid,rural,Rural,County,29117,Census Tract 4801; Livingston County; Missouri,6150,2377,11.7,4.5,0.100209,0.136743,0.140919,0.121138,860,False,2.7,MO_CHILLICOTHE-AGRI-SC,724464,39.82,-93.577,39.80091,-93.5334
Mixed-Humid,rural,Rural,County,40151,Census Tract 9542.01; Woods County; Oklahoma,5886,3273,4.6,2.6,0.167015,0.053236,0.13048,0.119885,861,False,10.3,OK_ALVA,722052,36.773,-98.67,36.76783,-98.85664
Mixed-Humid,rural,Rural,County,29035,Census Tract 9601; Carter County; Missouri,5269,2692,10.4,5.3,0.11691,0.125261,0.110647,0.11858,862,False,35.4,MO_POPLAR-BLUFF(AMOS),723300,36.77,-90.322,36.93472,-90.92772
Mixed-Humid,rural,Rural,County,29005,Census Tract 9501; Atchison County; Missouri,5216,2726,9.5,5.0,0.120042,0.118998,0.109603,0.117589,863,False,22.2,IA_SHENANDOAH-MUNI,725467,40.751,-95.413,40.42948,-95.42349
Mixed-Humid,rural,Rural,County,37095,Census Tract 9201.01; Hyde County; North Carolina,4625,3168,7.6,5.2,0.149269,0.090814,0.091858,0.117328,864,False,37.4,NC_NORTHEASTERN-RGNL-AP,723074,36.028,-76.567,35.55137,-76.25036
Mixed-Humid,rural,Rural,County,34017,Census Tract 69; Hudson County; New Jersey,60,38,23.7,15.0,0.01357,0.306889,0.01357,0.116232,865,False,4.7,NY_PORT-AUTH-DOWNTN-MANHATTAN,720553,40.701,-74.009,40.75271,-74.0683
Mixed-Humid,rural,Rural,County,20127,Census Tract 9636; Morris County; Kansas,5388,2991,7.7,4.3,0.132568,0.092902,0.115866,0.115344,866,False,26.4,KS_FT-RILEY-MARSHALL-AAF,724550,39.05,-96.767,38.70199,-96.56376
Mixed-Humid,rural,Rural,County,29171,Census Tract 9601; Putnam County; Missouri,4675,2845,9.0,5.5,0.126305,0.112735,0.093946,0.115084,867,False,16.4,IA_CENTERVILLE-MUNI-AP,722274,40.684,-92.901,40.46382,-93.01539
Mixed-Humid,rural,Rural,County,40033,Census Tract 8711; Cotton County; Oklahoma,5475,2707,8.7,4.3,0.117954,0.108559,0.118998,0.114875,868,False,17.1,OK_LAWTON-MUNI-AP,723575,34.558,-98.417,34.3138,-98.37268
Mixed-Humid,rural,Rural,County,40029,Census Tract 3881; Coal County; Oklahoma,5275,2581,10.2,5.0,0.109603,0.123173,0.111691,0.11477,869,False,27.7,OK_ADA,722044,34.804,-96.671,34.58577,-96.2619
Mixed-Humid,rural,Rural,County,20077,Census Tract 9616; Harper County; Kansas,5446,3026,6.8,3.8,0.135699,0.078288,0.117954,0.112056,870,False,29.9,KS_MEDICINE-LODGE-ASOS,724520,37.284,-98.553,37.20058,-98.01874
Mixed-Humid,rural,Rural,County,42101,Census Tract 369.01; Philadelphia County; Pennsylvania,508,71,22.3,3.1,0.014614,0.292276,0.015658,0.112004,871,False,6.8,PA_PHILADELPHIA,720304,40.1,-75.267,40.02613,-75.18266
Mixed-Humid,rural,Rural,County,40055,Census Tract 9671; Greer County; Oklahoma,5498,2614,8.6,4.1,0.110647,0.106472,0.120042,0.111065,872,False,20.0,OK_ALTUS,720354,34.699,-99.338,34.91975,-99.5667
Mixed-Humid,rural,Rural,County,20143,Census Tract 856; Ottawa County; Kansas,5782,2684,8.0,3.7,0.114823,0.097077,0.126305,0.110908,873,False,25.2,KS_SALINA-MUNI-AP,724586,38.78,-97.644,39.14358,-97.68287
Mixed-Humid,rural,Rural,County,20181,Census Tract 4536; Sherman County; Kansas,5919,2938,5.6,2.8,0.13048,0.06263,0.132568,0.10715,874,False,5.1,KS_GOODLAND-RENNER-FIELD,724650,39.367,-101.693,39.32239,-101.76828
Mixed-Humid,rural,Rural,County,40067,Census Tract 3716; Jefferson County; Oklahoma,5377,2742,7.1,3.6,0.123173,0.08142,0.114823,0.106889,875,False,23.7,OK_HALLIBURTON-FLD,722078,34.471,-97.951,34.13741,-97.85166
Mixed-Humid,rural,Rural,County,29133,Census Tract 9501; Mississippi County; Missouri,5036,1870,12.7,4.7,0.070981,0.153445,0.102296,0.106106,876,False,15.5,IL_CAIRO,724975,37.064,-89.219,36.84655,-89.28628
Mixed-Humid,rural,Rural,County,29081,Census Tract 9501; Harrison County; Missouri,5331,2690,7.5,3.8,0.115866,0.088727,0.112735,0.105741,877,False,19.5,IA_LAMONI-MUNI-AP,725499,40.631,-93.9,40.3533,-93.969
Mixed-Humid,rural,Rural,County,29197,Census Tract 4701; Schuyler County; Missouri,4044,1906,13.2,6.2,0.074113,0.160752,0.080376,0.105689,878,False,24.0,IA_CENTERVILLE-MUNI-AP,722274,40.684,-92.901,40.47472,-92.53497
Mixed-Humid,rural,Rural,County,29087,Census Tract 9601; Holt County; Missouri,4254,2420,9.2,5.2,0.102296,0.115866,0.085595,0.103705,879,False,19.3,NE_FALLS-CITY-BRENNER,725533,40.079,-95.589,40.07492,-95.22333
Mixed-Humid,rural,Rural,County,20201,Census Tract 9786; Washington County; Kansas,5519,2731,6.2,3.1,0.121086,0.06785,0.121086,0.102453,880,False,34.9,KS_CONCORDIA-BLOSSER-MUNI-AP,724580,39.551,-97.651,39.81172,-97.08957
Mixed-Humid,rural,Rural,County,40003,Census Tract 9556; Alfalfa County; Oklahoma,5685,2480,6.6,2.9,0.106472,0.075157,0.123173,0.098852,881,False,19.5,OK_ALVA,722052,36.773,-98.67,36.68043,-98.33767
Mixed-Humid,rural,Rural,County,29079,Census Tract 9601; Grundy County; Missouri,4242,2085,10.1,4.9,0.085595,0.122129,0.084551,0.098173,882,False,20.0,MO_CHILLICOTHE-AGRI-SC,724464,39.82,-93.577,40.10961,-93.5796
Mixed-Humid,rural,Rural,County,20147,Census Tract 4751; Phillips County; Kansas,4874,2797,5.5,3.2,0.125261,0.061587,0.099165,0.097756,883,False,29.3,KS_NORTON-MUNI,720433,39.85,-99.895,39.76736,-99.35294
Mixed-Humid,rural,Rural,County,05013,Census Tract 4801; Calhoun County; Arkansas,4717,2468,7.5,3.9,0.105428,0.088727,0.096033,0.097704,884,False,16.4,AR_HARRELL-FIELD-AP,723425,33.617,-92.767,33.56787,-92.48886
Mixed-Humid,rural,Rural,County,20157,Census Tract 9781; Republic County; Kansas,4662,2672,6.5,3.7,0.113779,0.073069,0.092902,0.095355,885,False,18.9,KS_CONCORDIA-BLOSSER-MUNI-AP,724580,39.551,-97.651,39.82503,-97.6466
Mixed-Humid,rural,Rural,County,20069,Census Tract 9626; Gray County; Kansas,5696,2339,6.6,2.7,0.098121,0.075157,0.124217,0.095303,886,False,18.6,KS_GARDEN-CITY-MUNI-AP,724515,37.922,-100.724,37.78342,-100.43219
Mixed-Humid,rural,Rural,County,20137,Census Tract 9517; Norton County; Kansas,5392,2454,6.1,2.8,0.10334,0.065762,0.11691,0.092902,887,False,4.6,KS_NORTON-MUNI,720433,39.85,-99.895,39.78387,-99.89924
Mixed-Humid,rural,Rural,County,20189,Census Tract 9651; Stevens County; Kansas,5212,2244,7.2,3.1,0.093946,0.082463,0.108559,0.09285,888,False,4.5,KS_HUGOTON-MUNI,720425,37.163,-101.371,37.20473,-101.30935
Mixed-Humid,rural,Rural,County,20171,Census Tract 9571; Scott County; Kansas,5071,2271,7.1,3.2,0.09499,0.08142,0.105428,0.092328,889,False,1.3,KS_SCOTT-CITY-MUNI,720438,38.474,-100.885,38.48188,-100.90636
Mixed-Humid,rural,Rural,County,20163,Census Tract 9746; Rooks County; Kansas,4869,2643,5.5,3.0,0.112735,0.061587,0.098121,0.09191,890,False,27.1,KS_HILL-CITY-MUNI-AP,724655,39.374,-99.83,39.3039,-99.33061
Mixed-Humid,rural,Rural,County,05077,Census Tract 4701; Lee County; Arkansas,4934,1894,8.4,3.2,0.072025,0.10334,0.101253,0.088831,891,False,26.8,MS_TUNICA-MUNI-AP,722364,34.681,-90.347,34.80023,-90.79647
Mixed-Humid,rural,Rural,County,42023,Census Tract 9602; Cameron County; Pennsylvania,2470,2740,6.2,6.9,0.122129,0.06785,0.039666,0.086639,892,False,29.3,PA_CLEARFIELD-LAWRENCE,725119,41.046,-78.411,41.43829,-78.19832
Mixed-Humid,rural,Rural,County,37177,Census Tract 9601; Tyrrell County; North Carolina,3376,2004,8.6,5.1,0.079332,0.106472,0.064718,0.085908,893,False,25.0,NC_NORTHEASTERN-RGNL-AP,723074,36.028,-76.567,35.87042,-76.16535
Mixed-Humid,rural,Rural,County,34023,Census Tract 9800; Middlesex County; New Jersey,59,30,16.9,8.6,0.012526,0.220251,0.012526,0.08523,894,False,7.1,NJ_LINDEN-AP,720581,40.617,-74.25,40.52222,-74.30402
Mixed-Humid,rural,Rural,County,29103,Census Tract 9601; Knox County; Missouri,3760,1940,7.5,3.8,0.077244,0.088727,0.074113,0.080637,895,False,18.6,MO_KIRKSVILLE-RGNL-AP,724455,40.097,-92.547,40.16641,-92.20748
Mixed-Humid,rural,Rural,County,29129,Census Tract 4701; Mercer County; Missouri,3501,1908,7.7,4.2,0.075157,0.092902,0.06785,0.079906,896,False,22.3,IA_LAMONI-MUNI-AP,725499,40.631,-93.9,40.40257,-93.6005
Mixed-Humid,rural,Rural,County,20007,Census Tract 9681; Barber County; Kansas,4153,2461,3.7,2.2,0.104384,0.039666,0.083507,0.077557,897,False,7.0,KS_MEDICINE-LODGE-ASOS,724520,37.284,-98.553,37.28451,-98.68075
Mixed-Humid,rural,Rural,County,40043,Census Tract 9591; Dewey County; Oklahoma,4433,2195,4.4,2.2,0.091858,0.049061,0.08977,0.076461,898,False,33.7,OK_CLINTON-RGNL-AP,720356,35.538,-98.933,36.01803,-99.04329
Mixed-Humid,rural,Rural,County,20185,Census Tract 4706; Stafford County; Kansas,4004,2104,5.1,2.7,0.086639,0.056367,0.078288,0.074374,899,False,22.4,KS_PRATT-MUNI-AP,745430,37.702,-98.747,38.02585,-98.75562
Mixed-Humid,rural,Rural,County,40053,Census Tract 9564; Grant County; Oklahoma,4137,2175,4.1,2.2,0.08977,0.048017,0.082463,0.073695,900,False,25.4,OK_BLACKWELL-TONKAWA-MUNI-AP,720625,36.75,-97.35,36.78349,-97.80616
Mixed-Humid,rural,Rural,County,20019,Census Tract 9646; Chautauqua County; Kansas,3370,1971,5.3,3.1,0.078288,0.058455,0.063674,0.068424,901,False,25.7,KS_INDEPENDENT-MUNICIPAL-AP,720426,37.158,-95.778,37.15426,-96.2454
Mixed-Humid,rural,Rural,County,20095,Census Tract 9611; Kingman County; Kansas,3964,1906,4.7,2.2,0.074113,0.05428,0.077244,0.067798,902,False,32.2,KS_MEDICINE-LODGE-ASOS,724520,37.284,-98.553,37.55975,-98.08043
Mixed-Humid,rural,Rural,County,20207,Census Tract 966; Woodson County; Kansas,3118,1842,6.3,3.7,0.066806,0.070981,0.060543,0.067015,903,False,24.1,KS_CHANUTE-MARTIN-JOHNSON-AP,724507,37.671,-95.485,37.92103,-95.79198
Mixed-Humid,rural,Rural,County,20183,Census Tract 4758; Smith County; Kansas,3579,2023,4.0,2.3,0.08142,0.043841,0.069937,0.065971,904,False,58.1,KS_CONCORDIA-BLOSSER-MUNI-AP,724580,39.551,-97.651,39.72868,-98.71738
Mixed-Humid,rural,Rural,County,20141,Census Tract 4741; Osborne County; Kansas,3473,2027,3.9,2.3,0.083507,0.041754,0.066806,0.065553,905,False,32.9,KS_RUSSELL-MUNI-AP,724585,38.873,-98.809,39.34826,-98.76794
Mixed-Humid,rural,Rural,County,40045,Census Tract 9526; Ellis County; Oklahoma,3717,2125,3.0,1.7,0.087683,0.031315,0.072025,0.064823,906,False,0.3,OK_GAGE,746410,36.297,-99.769,36.2972,-99.77402
Mixed-Humid,rural,Rural,County,24510,Census Tract 2506; Baltimore city; Maryland,29,29,13.3,13.3,0.011482,0.163883,0.010438,0.064614,907,False,7.3,MD_BALTIMORE-BLT-WASHNGTN-IAP,724060,39.173,-76.684,39.23684,-76.57483
Mixed-Humid,rural,Rural,County,20027,Census Tract 4581; Clay County; Kansas,3564,1752,5.7,2.8,0.06263,0.063674,0.068894,0.064248,908,False,29.4,KS_CONCORDIA-BLOSSER-MUNI-AP,724580,39.551,-97.651,39.34496,-97.16885
Mixed-Humid,rural,Rural,County,20081,Census Tract 4631; Haskell County; Kansas,3695,1545,6.4,2.7,0.052192,0.072025,0.070981,0.062891,909,False,26.8,KS_GARDEN-CITY-MUNI-AP,724515,37.922,-100.724,37.55498,-100.87995
Mixed-Humid,rural,Rural,County,20119,Census Tract 9666; Meade County; Kansas,3949,1869,4.0,1.9,0.069937,0.043841,0.0762,0.062056,910,False,36.6,KS_LIBERAL-MUNI,724516,37.05,-100.967,37.26205,-100.35887
Mixed-Humid,rural,Rural,County,51091,Census Tract 9701; Highland County; Virginia,2265,1839,5.5,4.4,0.065762,0.061587,0.033403,0.057829,911,False,31.9,VA_HOT-SPRINGS-INGALLS,724115,37.95,-79.817,38.36624,-79.56447
Mixed-Humid,rural,Rural,County,20093,Census Tract 9591; Kearny County; Kansas,3910,1579,4.5,1.8,0.05428,0.051148,0.075157,0.057359,912,False,27.2,KS_ULYSSES,720439,37.604,-101.374,37.99446,-101.30814
Mixed-Humid,rural,Rural,County,20165,Census Tract 9723; Rush County; Kansas,2957,1701,4.1,2.4,0.059499,0.048017,0.059499,0.05548,913,False,22.7,KS_HAYS-MUNI(AWOS),724518,38.85,-99.267,38.5236,-99.30918
Mixed-Humid,rural,Rural,County,40129,Census Tract 9600; Roger Mills County; Oklahoma,3378,1850,3.0,1.6,0.06785,0.031315,0.065762,0.054645,914,False,27.0,OK_ELK-CITY-MUNI-AP,720558,35.433,-99.4,35.70855,-99.74157
Mixed-Humid,rural,Rural,County,20105,Census Tract 861; Lincoln County; Kansas,2924,1667,4.1,2.3,0.057411,0.048017,0.057411,0.054123,915,False,34.1,KS_RUSSELL-MUNI-AP,724585,38.873,-98.809,39.04728,-98.21428
Mixed-Humid,rural,Rural,County,42045,Census Tract 9800; Delaware County; Pennsylvania,39,79,10.4,21.0,0.015658,0.125261,0.011482,0.053184,916,False,15.2,DE_NEW-CASTLE-CO-AP,724180,39.674,-75.606,39.88773,-75.53731
Mixed-Humid,rural,Rural,County,20047,Census Tract 9696; Edwards County; Kansas,2817,1551,4.5,2.5,0.053236,0.051148,0.05428,0.052714,917,False,34.5,KS_DODGE-CITY-RGNL-AP,724510,37.771,-99.969,37.90607,-99.36077
Mixed-Humid,rural,Rural,County,29199,Census Tract 4801; Scotland County; Missouri,2715,1245,6.3,2.9,0.039666,0.070981,0.049061,0.052505,918,False,32.3,MO_KIRKSVILLE-RGNL-AP,724455,40.097,-92.547,40.44769,-92.14282
Mixed-Humid,rural,Rural,County,20089,Census Tract 5763; Jewell County; Kansas,2909,1760,3.2,1.9,0.063674,0.035491,0.056367,0.052349,919,False,34.2,KS_CONCORDIA-BLOSSER-MUNI-AP,724580,39.551,-97.651,39.77701,-98.22262
Mixed-Humid,rural,Rural,County,40059,Census Tract 9521; Harper County; Oklahoma,3231,1714,3.1,1.7,0.060543,0.034447,0.061587,0.051618,920,False,25.8,OK_WEST-WOODWARD-AP,722152,36.437,-99.521,36.78628,-99.68476
Mixed-Humid,rural,Rural,County,29227,Census Tract 9601; Worth County; Missouri,1956,1115,7.3,4.2,0.036534,0.083507,0.024008,0.050469,921,False,27.5,MO_NORTHWEST-MISSOURI-RGNL,720475,40.353,-94.915,40.4805,-94.4192
Mixed-Humid,rural,Rural,County,20195,Census Tract 9558; Trego County; Kansas,2778,1673,3.1,1.9,0.058455,0.034447,0.052192,0.0488,922,False,31.3,KS_HILL-CITY-MUNI-AP,724655,39.374,-99.83,38.9213,-99.86542
Mixed-Humid,rural,Rural,County,20039,Census Tract 9513; Decatur County; Kansas,2746,1643,3.1,1.8,0.056367,0.034447,0.051148,0.047651,923,False,29.9,NE_MCCOOK-RGNL-AP,725625,40.204,-100.59,39.78354,-100.45971
Mixed-Humid,rural,Rural,County,40057,Census Tract 9678; Harmon County; Oklahoma,2452,1358,4.6,2.5,0.042797,0.053236,0.037578,0.045407,924,False,28.9,OK_ALTUS,720354,34.699,-99.338,34.74597,-99.84419
Mixed-Humid,rural,Rural,County,20049,Census Tract 9651; Elk County; Kansas,2464,1502,3.8,2.3,0.051148,0.04071,0.038622,0.04499,925,False,32.9,KS_INDEPENDENT-MUNICIPAL-AP,720426,37.158,-95.778,37.45603,-96.24464
Mixed-Humid,rural,Rural,County,40007,Census Tract 9516; Beaver County; Oklahoma,3325,1716,1.8,0.9,0.061587,0.011482,0.06263,0.044259,926,False,31.7,TX_PERRYTON,720315,36.414,-100.75,36.80953,-100.46039
Mixed-Humid,rural,Rural,County,20017,Census Tract 9606; Chase County; Kansas,2579,1397,3.3,1.8,0.046973,0.036534,0.044885,0.042902,927,False,21.7,KS_EMPORIA-MUNI-AP,724556,38.329,-96.195,38.29947,-96.59403
Mixed-Humid,rural,Rural,County,20129,Census Tract 9646; Morton County; Kansas,2647,1316,3.6,1.8,0.04071,0.038622,0.046973,0.041232,928,False,13.4,KS_ELKHART-MORTON-CO,724604,37.0,-101.883,37.18525,-101.80952
Mixed-Humid,rural,Rural,County,20135,Census Tract 9563; Ness County; Kansas,2659,1475,2.5,1.4,0.050104,0.021921,0.048017,0.039823,929,False,43.0,KS_HAYS-MUNI(AWOS),724518,38.85,-99.267,38.48044,-99.90875
Mixed-Humid,rural,Rural,County,20023,Census Tract 9502; Cheyenne County; Kansas,2628,1465,2.6,1.4,0.049061,0.024008,0.045929,0.039666,930,False,4.2,KS_CHEYENNE-CO-MUNI-S,720437,39.767,-101.8,39.7899,-101.72732
Mixed-Humid,rural,Rural,County,20109,Census Tract 9546; Logan County; Kansas,2720,1372,2.5,1.3,0.045929,0.021921,0.050104,0.038361,931,False,22.8,KS_OAKLEY-MUNI,720434,39.11,-100.816,38.91327,-101.1574
Mixed-Humid,rural,Rural,County,20063,Census Tract 9553; Gove County; Kansas,2796,1332,2.6,1.2,0.041754,0.024008,0.053236,0.037839,932,False,22.1,KS_OAKLEY-MUNI,720434,39.11,-100.816,38.91724,-100.48736
Mixed-Humid,rural,Rural,County,20065,Census Tract 9523; Graham County; Kansas,2406,1428,2.7,1.6,0.048017,0.026096,0.034447,0.037631,933,False,3.0,KS_HILL-CITY-MUNI-AP,724655,39.374,-99.83,39.35497,-99.87989
Mixed-Humid,rural,Rural,County,20097,Census Tract 9691; Kiowa County; Kansas,2422,1150,3.4,1.6,0.037578,0.037578,0.035491,0.037161,934,False,31.1,KS_PRATT-MUNI-AP,745430,37.702,-98.747,37.56123,-99.28654
Mixed-Humid,rural,Rural,County,20175,Census Tract 9656; Seward County; Kansas,2533,950,4.1,1.5,0.025052,0.048017,0.043841,0.036848,935,False,10.9,KS_LIBERAL-MUNI,724516,37.05,-100.967,37.18096,-100.85526
Mixed-Humid,rural,Rural,County,20153,Census Tract 9506; Rawlins County; Kansas,2533,1363,2.4,1.3,0.043841,0.018789,0.043841,0.035073,936,False,4.1,KS_ATWOOD-RAWLNS-CO-CTY-CO-AP,720421,39.84,-101.042,39.7862,-101.07674
Mixed-Humid,rural,Rural,County,20179,Census Tract 9528; Sheridan County; Kansas,2442,1156,2.7,1.3,0.038622,0.026096,0.036534,0.03382,937,False,26.0,KS_OAKLEY-MUNI,720434,39.11,-100.816,39.35055,-100.44123
Mixed-Humid,rural,Rural,County,11001,Census Tract 9800; District of Columbia; District of Columbia,17,5,6.8,2.0,0.008351,0.078288,0.008351,0.032829,938,False,2.3,VA_WASHINGTON-DC-REAGAN-AP,724050,38.847,-77.035,38.88099,-77.03632
Mixed-Humid,rural,Rural,County,20151,Census Tract 9686; Pratt County; Kansas,1981,1097,2.8,1.6,0.035491,0.02714,0.025052,0.03048,939,False,8.5,KS_PRATT-MUNI-AP,745430,37.702,-98.747,37.73762,-98.5988
Mixed-Humid,rural,Rural,County,20187,Census Tract 9641; Stanton County; Kansas,2018,1014,3.0,1.5,0.029228,0.031315,0.028184,0.02975,940,False,3.3,KS_JOHNSON-(STANTON-CO-MUNI),720417,37.583,-101.733,37.56593,-101.78938
Mixed-Humid,rural,Rural,County,20075,Census Tract 9586; Hamilton County; Kansas,2485,1030,2.5,1.0,0.030271,0.021921,0.041754,0.029645,941,False,28.7,KS_JOHNSON-(STANTON-CO-MUNI),720417,37.583,-101.733,37.99524,-101.79369
Mixed-Humid,rural,Rural,County,40025,Census Tract 9501; Cimarron County; Oklahoma,2247,1368,1.2,0.7,0.044885,0.008351,0.032359,0.029593,942,False,34.1,NM_CLAYTON-MUNI-AIRPARK,723600,36.448,-103.154,36.69211,-102.62077
Mixed-Humid,rural,Rural,County,20203,Census Tract 9576; Wichita County; Kansas,2115,990,2.9,1.4,0.02714,0.028184,0.030271,0.028132,943,False,25.0,KS_SCOTT-CITY-MUNI,720438,38.474,-100.885,38.48192,-101.34743
Mixed-Humid,rural,Rural,County,20025,Census Tract 9671; Clark County; Kansas,1987,1066,2.0,1.1,0.034447,0.014614,0.026096,0.025835,944,False,38.1,KS_DODGE-CITY-RGNL-AP,724510,37.771,-99.969,37.23383,-99.81387
Mixed-Humid,rural,Rural,County,20033,Census Tract 9676; Comanche County; Kansas,1685,1050,2.1,1.3,0.033403,0.016701,0.021921,0.025261,945,False,39.1,KS_MEDICINE-LODGE-ASOS,724520,37.284,-98.553,37.18144,-99.25129
Mixed-Humid,rural,Rural,County,20101,Census Tract 9566; Lane County; Kansas,1497,885,2.1,1.2,0.024008,0.016701,0.019833,0.020616,946,False,22.7,KS_SCOTT-CITY-MUNI,720438,38.474,-100.885,38.48129,-100.46619
Mixed-Humid,rural,Rural,County,20083,Census Tract 4611; Hodgeman County; Kansas,1676,814,1.9,0.9,0.022965,0.01357,0.020877,0.019259,947,False,22.2,KS_DODGE-CITY-RGNL-AP,724510,37.771,-99.969,38.08749,-99.89841
Mixed-Humid,rural,Rural,County,20067,Census Tract 9636; Grant County; Kansas,1337,680,2.4,1.2,0.018789,0.018789,0.017745,0.01858,948,False,5.7,KS_ULYSSES,720439,37.604,-101.374,37.54754,-101.29936
Mixed-Humid,rural,Rural,County,20199,Census Tract 9541; Wallace County; Kansas,1459,757,1.6,0.8,0.020877,0.009395,0.018789,0.016441,949,False,30.7,KS_GOODLAND-RENNER-FIELD,724650,39.367,-101.693,38.92663,-101.7711
Mixed-Humid,rural,Rural,County,20071,Census Tract 9581; Greeley County; Kansas,1296,622,1.7,0.8,0.016701,0.010438,0.016701,0.014509,950,False,49.8,KS_SCOTT-CITY-MUNI,720438,38.474,-100.885,38.4804,-101.80597
Mixed-Humid,rural,Rural,County,37119,Census Tract 9801; Mecklenburg County; North Carolina,20,20,1.9,1.9,0.010438,0.01357,0.009395,0.011326,951,False,6.6,NC_CHARLOTTE-DOUGLAS-IAP,723140,35.223,-80.954,35.21693,-80.83797
Mixed-Humid,rural,Rural,County,51013,Census Tract 9801; Arlington County; Virginia,3,3,0.9,0.9,0.007307,0.007307,0.007307,0.007307,952,False,2.6,VA_WASHINGTON-DC-REAGAN-AP,724050,38.847,-77.035,38.87743,-77.06379
Mixed-Humid,rural,Rural,County,13089,Census Tract 9800; DeKalb County; Georgia,0,0,0.0,0.0,0.006263,0.006263,0.006263,0.006263,953,False,9.4,GA_DEKALB-PEACHTREE,722196,33.878,-84.298,33.74264,-84.30225
Mixed-Humid,rural,Rural,County,34013,Census Tract 9802; Essex County; New Jersey,0,0,0.0,0.0,0.006263,0.006263,0.006263,0.006263,954,False,1.1,NJ_NEWARK-IAP,725020,40.683,-74.169,40.69566,-74.15682
Mixed-Humid,rural,Rural,County,51510,Census Tract 9800; Alexandria city; Virginia,0,0,0.0,0.0,0.006263,0.006263,0.006263,0.006263,955,False,1.3,VA_WASHINGTON-DC-REAGAN-AP,724050,38.847,-77.035,38.82911,-77.04137
Mixed-Humid,rural,Rural,County,51590,Census Tract 9801; Danville city; Virginia,0,0,0.0,0.0,0.006263,0.006263,0.006263,0.006263,956,False,0.7,VA_DANVILLE-FAA-AP,724106,36.573,-79.335,36.56865,-79.34645
Mixed-Humid,rural,Rural,County,51670,Census Tract 9801; Hopewell city; Virginia,0,0,0.0,0.0,0.006263,0.006263,0.006263,0.006263,957,False,14.7,VA_DINWIDDIE-CO,724014,37.183,-77.5,37.29309,-77.27077
Mixed-Humid,rural,Rural,County,51710,Census Tract 9801; Norfolk city; Virginia,0,0,0.0,0.0,0.006263,0.006263,0.006263,0.006263,958,False,3.9,VA_NORFOLK-IAP,723080,36.904,-76.193,36.8756,-76.25345
