station_name,station_number,lat,lon,elev_m,utc_offset,koeppen,climate_region,tract_geoid10,urbanicity,cbsa_code,cbsa_name,lsad10
AL_BIRMINGHAM-MUNI-AP,722280,33.565,-86.745,187,-6,Cfa,Mixed-Humid,01073000400,lower density urban,13820,"Birmingham-Hoover, AL Metro Area",M1
AL_MAXWELL-AFB,722265,32.383,-86.35,52,-6,Cfa,Hot-Humid,01101000900,suburban/small town,33860,"Montgomery, AL Metro Area",M1
AR_FAYETTEVILLE-DRAKE-FIELD,723445,36.01,-94.168,377,-6,Cfa,Mixed-Humid,05143011101,suburban/small town,22220,"Fayetteville-Springdale-Rogers, AR-MO Metro Area",M1
AR_LITTLE-ROCK-ADAMS-FLD,723403,34.727,-92.236,76,-6,Cfa,Mixed-Humid,05119000200,suburban/small town,30780,"Little Rock-North Little Rock-Conway, AR Metro Area",M1
AZ_FLAGSTAFF-AP,723750,35.144,-111.666,2133,-7,Csb,Cold & Very Cold,04005000900,suburban/small town,22380,"Flagstaff, AZ Metro Area",M1
AZ_PHOENIX-SKY-HARBOR-IAP,722780,33.428,-112.004,339,-7,BWh,Hot-Dry & Mixed Dry,04013113802,lower density urban,38060,"Phoenix-Mesa-Glendale, AZ Metro Area",M1
AZ_PRESCOTT-LOVE-FIELD,723723,34.649,-112.422,1527,-7,BSk,Hot-Dry & Mixed Dry,04025000300,rural,39140,"Prescott, AZ Metro Area",M1
AZ_TUCSON-IAP,722740,32.132,-110.956,777,-7,BSh,Hot-Dry & Mixed Dry,04019410502,suburban/small town,46060,"Tucson, AZ Metro Area",M1
AZ_YUMA-MCAS,740035,32.65,-114.617,64,-7,BWh,Hot-Dry & Mixed Dry,04027980006,suburban/small town,49740,"Yuma, AZ Metro Area",M1
CA_BAKERSFIELD-MEADOWS-FLD,723840,35.434,-119.054,149,-8,None,Hot-Dry & Mixed Dry,06029000101,suburban/small town,12540,"Bakersfield-Delano, CA Metro Area",M1
CA_FRESNO-CHANDLER-EXEC-AP,723897,36.732,-119.82,84,-8,None,Hot-Dry & Mixed Dry,06019000700,suburban/small town,23420,"Fresno, CA Metro Area",M1
AL_ALBERTVILLE-MUNI,720376,34.229,-86.256,314,-6,Cfa,Mixed-Humid,01095030902,rural,10700,"Albertville, AL Micro Area",M2
AL_ALEXANDER-CITY,720265,32.915,-85.963,209,-6,Cfa,Mixed-Humid,01123962300,rural,10760,"Alexander City, AL Micro Area",M2
AL_ANDALUSIA-OPP-AP,722275,31.306,-86.39,97,-6,Cfa,Hot-Humid,01039962300,rural,,,
AL_ANNISTON-METRO-AP,722287,33.59,-85.848,181,-6,Cfa,Mixed-Humid,01015001100,suburban/small town,11500,"Anniston-Oxford, AL Metro Area",M1
AL_AUBURN-OPELIKA-APT,722284,32.616,-85.433,236,-6,Cfa,Mixed-Humid,01081041100,suburban/small town,12220,"Auburn-Opelika, AL Metro Area",M1
AL_BESSEMER-AIPORT,720507,33.313,-86.926,213,-6,Cfa,Mixed-Humid,01073014204,suburban/small town,13820,"Birmingham-Hoover, AL Metro Area",M1
AL_BIRMINGHAM,722300,33.178,-86.782,172,-6,Cfa,Mixed-Humid,01117030605,suburban/small town,13820,"Birmingham-Hoover, AL Metro Area",M1
AL_CAIRNS-FIELD-FORT-RUCKER,722269,31.267,-85.717,91,-6,Cfa,Hot-Humid,01045021200,rural,21460,"Enterprise-Ozark, AL Micro Area",M2
AL_CRAIG-FLD,722266,32.344,-86.988,50,-6,Cfa,Hot-Humid,01047957300,rural,42820,"Selma, AL Micro Area",M2
AL_DOTHAN-RGNL-AP,722268,31.318,-85.443,112,-6,Cfa,Hot-Humid,01045021400,suburban/small town,21460,"Enterprise-Ozark, AL Micro Area",M2
AL_EVERGREEN,722276,31.419,-87.048,79,-6,Cfa,Hot-Humid,01035960400,rural,,,
AL_FAIRHOPE-SONNY-CALLAHAN-AP,720592,30.46,-87.877,28,-6,Cfa,Hot-Humid,01003011102,rural,19300,"Daphne-Fairhope-Foley, AL Micro Area",M2
AL_FLORALA-MUNI-ASOS,720361,31.043,-86.312,95,-6,Cfa,Hot-Humid,01039963000,rural,,,
AL_FOLSOM-FLD,722031,34.269,-86.858,293,-6,Cfa,Mixed-Humid,01043964300,rural,18980,"Cullman, AL Micro Area",M2
AL_GADSEN-MUNI(AWOS),722285,33.967,-86.083,173,-6,Cfa,Mixed-Humid,01055010402,suburban/small town,23460,"Gadsden, AL Metro Area",M1
AL_GREENVILLE-MUNI-ASO,720362,31.847,-86.614,134,-6,Cfa,Hot-Humid,01013952700,rural,,,
AL_HANCHEY-AHP-OZARK,722238,31.35,-85.667,96,-6,Cfa,Hot-Humid,01045020000,rural,21460,"Enterprise-Ozark, AL Micro Area",M2
AL_HUNTSVILLE-INTL-JONES-FIEL,723230,34.644,-86.786,190,-6,Cfa,Mixed-Humid,01089011200,suburban/small town,26620,"Huntsville, AL Metro Area",M1
AL_HUNTSVILLE,720307,34.861,-86.557,230,-6,Cfa,Mixed-Humid,01089010701,suburban/small town,26620,"Huntsville, AL Metro Area",M1
AL_JACK-EDWARDS,720381,30.291,-87.672,4,-6,Cfa,Hot-Humid,01003011403,rural,19300,"Daphne-Fairhope-Foley, AL Micro Area",M2
AL_LOWE-AHP-FT-RUCKER,722239,31.356,-85.751,74,-6,Cfa,Hot-Humid,01045020000,rural,21460,"Enterprise-Ozark, AL Micro Area",M2
AL_MERKEL-FLD-SYLACAUGA-MUNI,720508,33.172,-86.306,173,-6,Cfa,Mixed-Humid,01121011500,rural,45180,"Talladega-Sylacauga, AL Micro Area",M2
AL_MOBILE-DOWNTOWN-AP,722235,30.615,-88.063,4,-6,Cfa,Hot-Humid,01097007400,lower density urban,33660,"Mobile, AL Metro Area",M1
AL_MOBILE-RGNL-AP,722230,30.688,-88.246,65,-6,Cfa,Hot-Humid,01097006403,suburban/small town,33660,"Mobile, AL Metro Area",M1
AL_MONTGOMERY-DANNELLY-FIELD,722260,32.3,-86.407,66,-6,Cfa,Hot-Humid,01101005901,rural,33860,"Montgomery, AL Metro Area",M1
AL_MUSCLE-SHOALS-RGNL-AP,723235,34.744,-87.6,165,-6,Cfa,Mixed-Humid,01033020701,suburban/small town,22520,"Florence-Muscle Shoals, AL Metro Area",M1
AL_POSEY-FIELD-AP,720413,34.267,-87.6,284,-6,Cfa,Mixed-Humid,01133965700,rural,,,
AL_PRYOR-FLD-RGNL-AP,722279,34.658,-86.943,179,-6,Cfa,Mixed-Humid,01083021100,rural,26620,"Huntsville, AL Metro Area",M1
AL_REDSTONE-AAF,723231,34.679,-86.685,208,-6,Cfa,Mixed-Humid,01089011100,suburban/small town,26620,"Huntsville, AL Metro Area",M1
AL_SCOTTSBORO-MUNI-AP,720856,34.689,-86.006,198,-6,Cfa,Mixed-Humid,01071950600,rural,42460,"Scottsboro, AL Micro Area",M2
AL_SHELL-AHP,722219,31.363,-85.849,121,-6,Cfa,Hot-Humid,01031011201,rural,21460,"Enterprise-Ozark, AL Micro Area",M2
AL_TALLADEGA-MUNI,720504,33.57,-86.051,160,-6,Cfa,Mixed-Humid,01121010202,rural,45180,"Talladega-Sylacauga, AL Micro Area",M2
AL_TROY-AF,722267,31.857,-86.01,118,-6,Cfa,Hot-Humid,01109188700,rural,45980,"Troy, AL Micro Area",M2
AL_TUSCALOOSA-MUNI-AP,722286,33.212,-87.616,45,-6,Cfa,Mixed-Humid,01125010302,rural,46220,"Tuscaloosa, AL Metro Area",M1
AL_WALKER-CO-BEVILL-FLD,720505,33.902,-87.314,147,-6,Cfa,Mixed-Humid,01127020900,rural,13820,"Birmingham-Hoover, AL Metro Area",M1
AL_WEEDON-FLD,720363,31.952,-85.131,86,-6,Cfa,Hot-Humid,01005950100,rural,21640,"Eufaula, AL-GA Micro Area",M2
AR_BATESVILLE-RGNL-AP,723448,35.726,-91.647,141,-6,Cfa,Mixed-Humid,05063490700,rural,12900,"Batesville, AR Micro Area",M2
AR_BENTONVILLE-MUNICIP,723444,36.35,-94.217,395,-6,Cfa,Mixed-Humid,05007020604,lower density urban,22220,"Fayetteville-Springdale-Rogers, AR-MO Metro Area",M1
AR_BLYTHEVILLE-AFB,723408,35.967,-89.95,77,-6,Cfa,Mixed-Humid,05093011400,rural,14180,"Blytheville, AR Micro Area",M2
AR_BLYTHEVILLE-MUNI,723409,35.938,-89.833,77,-6,Cfa,Mixed-Humid,05093010700,rural,14180,"Blytheville, AR Micro Area",M2
AR_BOONE-CO-AP,723450,36.267,-93.157,418,-6,Cfa,Mixed-Humid,05009790400,rural,25460,"Harrison, AR Micro Area",M2
AR_CLINTON-MUNI-AP,720401,35.6,-92.45,157,-6,Cfa,Mixed-Humid,05141460302,rural,,,
AR_DEXTER-FLORENCE-MEM-FLD,720394,34.1,-93.066,55,-6,Cfa,Mixed-Humid,05019953800,rural,11660,"Arkadelphia, AR Micro Area",M2
AR_EL-DORADO-GOODWIN-FIELD,723419,33.221,-92.814,78,-6,Cfa,Hot-Humid,05139950400,rural,20980,"El Dorado, AR Micro Area",M2
AR_FORT-SMITH-RGNL-AP,723440,35.333,-94.365,136,-6,Cfa,Mixed-Humid,05131001102,lower density urban,22900,"Fort Smith, AR-OK Metro Area",M1
AR_HARRELL-FIELD-AP,723425,33.617,-92.767,40,-6,Cfa,Mixed-Humid,05103950100,rural,15780,"Camden, AR Micro Area",M2
AR_J-L-HELMS-SEVIER-CO,743312,34.048,-94.402,106,-6,Cfa,Mixed-Humid,05133080300,suburban/small town,,,
AR_JONESBORO-MUNI,723407,35.836,-90.644,78,-6,Cfa,Mixed-Humid,05031000502,suburban/small town,27860,"Jonesboro, AR Metro Area",M1
AR_LITTLE-ROCK-AFB,723405,34.917,-92.15,94,-6,Cfa,Mixed-Humid,05119003500,suburban/small town,30780,"Little Rock-North Little Rock-Conway, AR Metro Area",M1
AR_MARION-CO-RGNL-AP,723447,36.291,-92.59,219,-6,Cfa,Mixed-Humid,05089960202,rural,,,
AR_MEMORIAL-FLD,723415,34.476,-93.104,154,-6,Cfa,Mixed-Humid,05051011300,lower density urban,26300,"Hot Springs, AR Metro Area",M1
AR_MENA-INTERMOUNTAIN,720172,34.545,-94.203,328,-6,Cfa,Mixed-Humid,05113950100,rural,,,
AR_MONTICELLO,720175,33.636,-91.756,85,-6,Cfa,Mixed-Humid,05043490200,rural,,,
AR_MOUNT-IDA,723435,34.547,-93.578,214,-6,Cfa,Mixed-Humid,05097953000,rural,,,
AR_MOUNTAIN-HOME-BAXTER,723439,36.371,-92.472,281,-6,Cfa,Mixed-Humid,05005950900,rural,34260,"Mountain Home, AR Micro Area",M2
AR_NEWPORT-MUNI,720377,35.633,-91.167,72,-6,Cfa,Mixed-Humid,05067480400,rural,,,
AR_NW-ARKANSAS-RGNL-AP,723436,36.29,-94.312,389,-6,Cfa,Mixed-Humid,05007021305,rural,22220,"Fayetteville-Springdale-Rogers, AR-MO Metro Area",M1
AR_PINE-BLUFF-FAA-AP,723417,34.18,-91.934,62,-6,Cfa,Mixed-Humid,05069001901,suburban/small town,38220,"Pine Bluff, AR Metro Area",M1
AR_ROGERS(AWOS),723449,36.372,-94.107,412,-6,Cfa,Mixed-Humid,05007020201,suburban/small town,22220,"Fayetteville-Springdale-Rogers, AR-MO Metro Area",M1
AR_RUSSELLVILLE-MUNI-AP,723429,35.257,-93.095,115,-6,Cfa,Mixed-Humid,05115951600,rural,40780,"Russellville, AR Micro Area",M2
AR_SEARCY,722188,35.212,-91.737,80,-6,Cfa,Mixed-Humid,05145070900,rural,42620,"Searcy, AR Micro Area",M2
AR_SILOAM-SPRING(AWOS),723443,36.191,-94.491,363,-6,Cfa,Mixed-Humid,05007021301,rural,22220,"Fayetteville-Springdale-Rogers, AR-MO Metro Area",M1
AR_SPRINGDALE-MUNI,723434,36.176,-94.119,412,-6,Cfa,Mixed-Humid,05143010302,suburban/small town,22220,"Fayetteville-Springdale-Rogers, AR-MO Metro Area",M1
AR_STUTTGART(AWOS),723416,34.6,-91.574,68,-6,Cfa,Mixed-Humid,05117460200,rural,,,
AR_TEXARKANA-WEBB-FIELD,723418,33.456,-93.988,115,-6,Cfa,Hot-Humid,05091980000,lower density urban,45500,"Texarkana, TX-Texarkana, AR Metro Area",M1
AR_WALNUT-RIDGE-RGNL-APi,723406,36.125,-90.924,83,-6,Cfa,Mixed-Humid,05075470100,rural,,,
AR_WEST-MEMPHIS-MUNI-AP,722054,35.14,-90.236,63,-6,Cfa,Mixed-Humid,05035030600,suburban/small town,32820,"Memphis, TN-MS-AR Metro Area",M1
AZ_BUCKEYE-MUNI-AP,720644,33.417,-112.683,311,-7,BWh,Hot-Dry & Mixed Dry,04013050604,rural,38060,"Phoenix-Mesa-Glendale, AZ Metro Area",M1
AZ_BULLHEAD-CITY,723788,35.157,-114.559,211,-7,BWh,Hot-Dry & Mixed Dry,04015951402,rural,29420,"Lake Havasu City-Kingman, AZ Metro Area",M1
AZ_CASA-GRANDA(AWOS),722748,32.95,-111.767,445,-7,BWh,Hot-Dry & Mixed Dry,04021001301,suburban/small town,38060,"Phoenix-Mesa-Glendale, AZ Metro Area",M1
AZ_CHANDLER-WILLIAMS-AFB,722786,33.3,-111.667,421,-7,BWh,Hot-Dry & Mixed Dry,04013522800,suburban/small town,38060,"Phoenix-Mesa-Glendale, AZ Metro Area",M1
AZ_CHANDLER,722749,33.269,-111.813,378,-7,BWh,Hot-Dry & Mixed Dry,04013812400,suburban/small town,38060,"Phoenix-Mesa-Glendale, AZ Metro Area",M1
AZ_COOLIDGE-ARIZONA-AAF,749173,32.936,-111.427,479,-7,BSh,Hot-Dry & Mixed Dry,04021000802,rural,38060,"Phoenix-Mesa-Glendale, AZ Metro Area",M1
AZ_DAVIS-MONTHAN-AFB,722745,32.167,-110.883,824,-7,BSh,Hot-Dry & Mixed Dry,04019003600,suburban/small town,46060,"Tucson, AZ Metro Area",M1
AZ_FLAGSTAFF,723760,35.217,-111.817,2181,-7,BSk,Cold & Very Cold,04005002200,suburban/small town,22380,"Flagstaff, AZ Metro Area",M1
AZ_FORT-HUACHUCA,722730,31.588,-110.344,1438,-7,BSk,Hot-Dry & Mixed Dry,04003001401,suburban/small town,43420,"Sierra Vista-Douglas, AZ Micro Area",M2
AZ_GLENDALE-MUNI,722787,33.527,-112.295,324,-7,BSh,Hot-Dry & Mixed Dry,04013092720,suburban/small town,38060,"Phoenix-Mesa-Glendale, AZ Metro Area",M1
AZ_GOODYEAR-MUNI-AP,722788,33.417,-112.383,295,-7,BWh,Hot-Dry & Mixed Dry,04013061024,rural,38060,"Phoenix-Mesa-Glendale, AZ Metro Area",M1
AZ_GRAND-CANYON-NATL-P,723783,35.946,-112.155,1993,-7,Csa,Cold & Very Cold,04005002300,rural,22380,"Flagstaff, AZ Metro Area",M1
AZ_H-A-CLARK-MEM-FLD-AP,720635,35.3,-112.2,2035,-7,Csb,Cold & Very Cold,04005001700,rural,22380,"Flagstaff, AZ Metro Area",M1
AZ_KINGMAN(AMOS),723700,35.257,-113.934,1043,-7,BSk,Hot-Dry & Mixed Dry,04015953900,rural,29420,"Lake Havasu City-Kingman, AZ Metro Area",M1
AZ_LUKE-AFB,722785,33.55,-112.367,330,-7,BSh,Hot-Dry & Mixed Dry,04013061100,rural,38060,"Phoenix-Mesa-Glendale, AZ Metro Area",M1
AZ_MESA-FALCON-FIELD,722783,33.466,-111.721,423,-7,BWh,Hot-Dry & Mixed Dry,04013420206,suburban/small town,38060,"Phoenix-Mesa-Glendale, AZ Metro Area",M1
AZ_NOGALES-IAP,722728,31.421,-110.847,1193,-7,BSk,Hot-Dry & Mixed Dry,04023966104,rural,35700,"Nogales, AZ Micro Area",M2
AZ_PAGE-MUNI(AMOS),723710,36.921,-111.449,1307,-7,BSk,Cold & Very Cold,04005002100,rural,22380,"Flagstaff, AZ Metro Area",M1
AZ_PAYSON-AP,723745,34.257,-111.339,1572,-7,BSk,Hot-Dry & Mixed Dry,04007000302,rural,37740,"Payson, AZ Micro Area",M2
AZ_PHOENIX-DEER-VALLEY,722784,33.69,-112.066,453,-7,BSh,Hot-Dry & Mixed Dry,04013614700,suburban/small town,38060,"Phoenix-Mesa-Glendale, AZ Metro Area",M1
AZ_PIONEER-AIRFLD,722813,31.606,-110.428,1445,-7,BSk,Hot-Dry & Mixed Dry,04003001401,suburban/small town,43420,"Sierra Vista-Douglas, AZ Micro Area",M2
AZ_RYAN-FIELD-AP,720339,32.15,-111.167,737,-7,BSh,Hot-Dry & Mixed Dry,04019004424,rural,46060,"Tucson, AZ Metro Area",M1
AZ_SAFFORD(AMOS),722747,32.857,-109.636,967,-7,BSk,Hot-Dry & Mixed Dry,04009961700,rural,40940,"Safford, AZ Micro Area",M2
AZ_SCOTTSDALE-MUNI,722789,33.612,-111.923,436,-7,BSh,Hot-Dry & Mixed Dry,04013216816,lower density urban,38060,"Phoenix-Mesa-Glendale, AZ Metro Area",M1
AZ_SEDONA-AP,723756,34.85,-111.783,1471,-7,Csa,Hot-Dry & Mixed Dry,04025001801,rural,39140,"Prescott, AZ Metro Area",M1
AZ_SHOW-LOW-MUNI-AP,723747,34.264,-110.008,1954,-7,Csa,Cold & Very Cold,04017965300,rural,43320,"Show Low, AZ Micro Area",M2
AZ_TUCSON-ARIZONA-MARANA-AA,749167,32.511,-111.328,57,-7,,Hot-Dry & Mixed Dry,04021002103,rural,38060,"Phoenix-Mesa-Glendale, AZ Metro Area",M1
AZ_WINDOW-ROCK,722764,35.657,-109.06,2055,-7,BSk,Cold & Very Cold,04001945002,rural,,,
AZ_WINSLOW-MUNI-AP,723740,35.028,-110.722,1489,-7,BSk,Cold & Very Cold,04017960500,rural,43320,"Show Low, AZ Micro Area",M2
CA_ALTURAS,725958,41.491,-120.564,1333,-8,None,Cold & Very Cold,06049000100,rural,,,
CA_ARCATA-AP,725945,40.978,-124.109,61,-8,None,Marine,06023010400,rural,21700,"Eureka-Arcata-Fortuna, CA Micro Area",M2
CA_AUBURN-MUNI-AP,720267,38.955,-121.082,466,-8,None,Hot-Dry & Mixed Dry,06061021802,suburban/small town,40900,"Sacramento--Arden-Arcade--Roseville, CA Metro Area",M1
CA_BEALE-AFB,724837,39.133,-121.433,34,-8,None,Hot-Dry & Mixed Dry,06115040902,rural,49700,"Yuba City, CA Metro Area",M1
CA_BICYCLE-LAKE-FORT-IRWIN-AA,746110,35.283,-116.633,75,-8,None,Hot-Dry & Mixed Dry,06071025000,rural,40140,"Riverside-San Bernardino-Ontario, CA Metro Area",M1
CA_BISHOP-AP,724800,37.371,-118.358,1250,-8,None,Hot-Dry & Mixed Dry,06027000100,rural,13860,"Bishop, CA Micro Area",M2
CA_BLUE-CANYON-AP,725845,39.277,-120.71,1608,-8,None,Hot-Dry & Mixed Dry,06061022013,rural,40900,"Sacramento--Arden-Arcade--Roseville, CA Metro Area",M1
CA_BLYTHE-RIVERSIDE-CO-AP,747188,33.619,-114.714,120,-8,None,Hot-Dry & Mixed Dry,06065046900,rural,40140,"Riverside-San Bernardino-Ontario, CA Metro Area",M1
CA_BROWN-FLD-MUNI,722904,32.572,-116.979,157,-8,None,Hot-Dry & Mixed Dry,06073010014,suburban/small town,41740,"San Diego-Carlsbad-San Marcos, CA Metro Area",M1
CA_BURBANK-GLNDLE-PASAD-AP,722880,34.201,-118.358,236,-8,None,Hot-Dry & Mixed Dry,06037980001,lower density urban,31100,"Los Angeles-Long Beach-Santa Ana, CA Metro Area",M1
CA_CABLE,720329,34.112,-117.688,438,-8,None,Hot-Dry & Mixed Dry,06071000817,lower density urban,40140,"Riverside-San Bernardino-Ontario, CA Metro Area",M1
CA_CALAVERAS-CO-MAURY-RASMUSS,720681,38.146,-120.648,403,-8,None,Hot-Dry & Mixed Dry,06009000300,rural,,,
CA_CAMARILLO-AP,723926,34.217,-119.083,23,-8,None,Marine,06111005600,suburban/small town,37100,"Oxnard-Thousand Oaks-Ventura, CA Metro Area",M1
CA_CAMP-PENDLETON-MCAS,722926,33.3,-117.35,22,-8,None,Hot-Dry & Mixed Dry,06073018700,suburban/small town,41740,"San Diego-Carlsbad-San Marcos, CA Metro Area",M1
CA_CAMP-PENDLETON-RED-BEACH,722928,33.286,-117.456,27,-8,None,Hot-Dry & Mixed Dry,06073018700,suburban/small town,41740,"San Diego-Carlsbad-San Marcos, CA Metro Area",M1
CA_CARLSBAD-MCCLELLAN-AP,722927,33.128,-117.279,100,-8,None,Hot-Dry & Mixed Dry,06073022100,lower density urban,41740,"San Diego-Carlsbad-San Marcos, CA Metro Area",M1
CA_CHICO-MUNI-AP,724973,39.8,-121.85,82,-8,None,Hot-Dry & Mixed Dry,06007001400,suburban/small town,17020,"Chico, CA Metro Area",M1
CA_CHINA-LAKE-NAF,746120,35.688,-117.693,679,-8,None,Hot-Dry & Mixed Dry,06029005300,rural,12540,"Bakersfield-Delano, CA Metro Area",M1
CA_CHINO-AP,722899,33.975,-117.636,198,-8,None,Hot-Dry & Mixed Dry,06071001903,suburban/small town,40140,"Riverside-San Bernardino-Ontario, CA Metro Area",M1
CA_COLUMBIA,720615,38.033,-120.417,646,-8,None,Hot-Dry & Mixed Dry,06109002100,rural,38020,"Phoenix Lake-Cedar Ridge, CA Micro Area",M2
CA_CONCORD-BUCHANAN-FIELD,724950,37.992,-122.055,5,-8,None,Hot-Dry & Mixed Dry,06013327000,lower density urban,41860,"San Francisco-Oakland-Fremont, CA Metro Area",M1
CA_CORONA-MUNI-AP,720333,33.898,-117.602,162,-8,None,Hot-Dry & Mixed Dry,06065041500,suburban/small town,40140,"Riverside-San Bernardino-Ontario, CA Metro Area",M1
CA_CRESCENT-CITY-FAA-AP,725946,41.78,-124.237,17,-8,None,Marine,06015000105,rural,18860,"Crescent City, CA Micro Area",M2
CA_DAGGETT-BARSTOW-DAGGETT-AP,723815,34.854,-116.786,584,-8,None,Hot-Dry & Mixed Dry,06071010300,rural,40140,"Riverside-San Bernardino-Ontario, CA Metro Area",M1
CA_DAVIS-UNIV-AP,720576,38.533,-121.783,21,-8,None,Hot-Dry & Mixed Dry,06113010501,suburban/small town,40900,"Sacramento--Arden-Arcade--Roseville, CA Metro Area",M1
CA_EDWARDS-AFB,723810,34.9,-117.867,704,-8,None,Hot-Dry & Mixed Dry,06029005700,rural,12540,"Bakersfield-Delano, CA Metro Area",M1
CA_EDWARDS-N-BASE,723171,34.988,-117.865,695,-8,None,Hot-Dry & Mixed Dry,06029005700,rural,12540,"Bakersfield-Delano, CA Metro Area",M1
CA_EL-CENTRO-NAF,722810,32.817,-115.683,-12,-8,None,Hot-Dry & Mixed Dry,06025011100,rural,20940,"El Centro, CA Metro Area",M1
CA_EL-MONTE,747043,34.083,-118.033,90,-8,None,Hot-Dry & Mixed Dry,06037432402,higher density urban,31100,"Los Angeles-Long Beach-Santa Ana, CA Metro Area",M1
CA_EUREKA,725940,40.81,-124.16,6,-8,None,Marine,06023000100,suburban/small town,21700,"Eureka-Arcata-Fortuna, CA Micro Area",M2
CA_FAIRFIELD-TRAVIS-AFB,745160,38.267,-121.933,18,-8,None,Hot-Dry & Mixed Dry,06095252802,lower density urban,46700,"Vallejo-Fairfield, CA Metro Area",M1
CA_FRESNO-YOSEMITE-IAP,723890,36.78,-119.719,101,-8,None,Hot-Dry & Mixed Dry,06019003104,lower density urban,23420,"Fresno, CA Metro Area",M1
CA_FULLERTON-MUNI-AP,722976,33.872,-117.979,29,-8,None,Hot-Dry & Mixed Dry,06059001801,lower density urban,31100,"Los Angeles-Long Beach-Santa Ana, CA Metro Area",M1
CA_GNOSS-FIELD,720406,38.15,-122.55,1,-8,None,Marine,06041101100,suburban/small town,41860,"San Francisco-Oakland-Fremont, CA Metro Area",M1
CA_GRAY-BUTTE-FLD,720952,34.564,-117.675,920,-8,None,Hot-Dry & Mixed Dry,06037900102,rural,31100,"Los Angeles-Long Beach-Santa Ana, CA Metro Area",M1
CA_HALF-MOON-BAY-AP,720646,37.513,-122.501,20,-8,None,Marine,06081613600,rural,41860,"San Francisco-Oakland-Fremont, CA Metro Area",M1
CA_HANFORD-MUNI-AP,723898,36.319,-119.629,75,-8,None,Hot-Dry & Mixed Dry,06031000800,suburban/small town,25260,"Hanford-Corcoran, CA Metro Area",M1
CA_HOLLISTER-MUNI,749179,36.9,-121.417,72,-8,None,Marine,06069000100,rural,41940,"San Jose-Sunnyvale-Santa Clara, CA Metro Area",M1
CA_IMPERIAL-BEACH-REAM-FLD,722909,32.567,-117.117,7,-8,None,Hot-Dry & Mixed Dry,06073010200,suburban/small town,41740,"San Diego-Carlsbad-San Marcos, CA Metro Area",M1
CA_IMPERIAL,747185,32.834,-115.579,-17,-8,None,Hot-Dry & Mixed Dry,06025011000,suburban/small town,20940,"El Centro, CA Metro Area",M1
CA_JACK-NORTHROP-FLD-H,722956,33.923,-118.334,19,-8,None,Hot-Dry & Mixed Dry,06037602509,lower density urban,31100,"Los Angeles-Long Beach-Santa Ana, CA Metro Area",M1
CA_LA-VERNE-BRACKETT,722887,34.1,-117.783,308,-8,None,Hot-Dry & Mixed Dry,06037401500,lower density urban,31100,"Los Angeles-Long Beach-Santa Ana, CA Metro Area",M1
CA_LAKE-TAHOE,725847,38.898,-119.995,1924,-8,None,Hot-Dry & Mixed Dry,06017030402,suburban/small town,40900,"Sacramento--Arden-Arcade--Roseville, CA Metro Area",M1
CA_LANCASTER-GEN-WM-FOX-FIELD,723816,34.741,-118.212,712,-8,None,Hot-Dry & Mixed Dry,06037900900,rural,31100,"Los Angeles-Long Beach-Santa Ana, CA Metro Area",M1
CA_LOS-ANGELES-DOWNTOWN-USC,722874,34.024,-118.291,54,-8,None,Hot-Dry & Mixed Dry,06037222700,higher density urban,31100,"Los Angeles-Long Beach-Santa Ana, CA Metro Area",M1
CA_PALM-SPRINGS-IAP,722868,33.822,-116.504,124,-8,None,Hot-Dry & Mixed Dry,06065941200,suburban/small town,40140,"Riverside-San Bernardino-Ontario, CA Metro Area",M1
CA_SACRAMENTO-EXECUTIVE-AP,724830,38.507,-121.495,4,-8,None,Hot-Dry & Mixed Dry,06067003800,lower density urban,40900,"Sacramento--Arden-Arcade--Roseville, CA Metro Area",M1
CA_SAN-DIEGO-LINDBERGH-FIELD,722900,32.734,-117.183,4,-8,None,Hot-Dry & Mixed Dry,06073006200,lower density urban,41740,"San Diego-Carlsbad-San Marcos, CA Metro Area",M1
CA_SAN-FRANCISCO-IAP,724940,37.62,-122.365,2,-8,None,Marine,06081984300,lower density urban,41860,"San Francisco-Oakland-Fremont, CA Metro Area",M1
CA_SAN-JOSE-IAP,724945,37.359,-121.924,15,-8,None,Marine,06085505100,lower density urban,41940,"San Jose-Sunnyvale-Santa Clara, CA Metro Area",M1
CO_AURORA-BUCKLEY-FLD-ANGB,724695,39.717,-104.75,1726,-7,BSk,Cold & Very Cold,08005007104,suburban/small town,19740,"Denver-Aurora-Broomfield, CO Metro Area",M1
CO_CHEYENNE-MTN-AS,720642,38.75,-104.85,2114,-7,BSk,Cold & Very Cold,08041003305,suburban/small town,17820,"Colorado Springs, CO Metro Area",M1
CT_HARTFORD-BRAINARD-FD,725087,41.735,-72.651,4,-5,Dfa,Cold & Very Cold,09003502500,lower density urban,25540,"Hartford-West Hartford-East Hartford, CT Metro Area",M1
CA_LEMOORE-REEVES-NAS,747020,36.333,-119.95,70,-8,None,Hot-Dry & Mixed Dry,06031000300,rural,25260,"Hanford-Corcoran, CA Metro Area",M1
CA_LINCOLN-RGNL-AP,720614,38.909,-121.351,37,-8,None,Hot-Dry & Mixed Dry,06061023400,suburban/small town,40900,"Sacramento--Arden-Arcade--Roseville, CA Metro Area",M1
CA_LIVERMORE-MUNI-AP,724927,37.693,-121.814,119,-8,None,Marine,06001451300,suburban/small town,41860,"San Francisco-Oakland-Fremont, CA Metro Area",M1
CA_LOMPOC(AWOS),722895,34.667,-120.467,26,-8,None,Marine,06083002802,lower density urban,42060,"Santa Barbara-Santa Maria-Goleta, CA Metro Area",M1
CA_LONG-BEACH-DAUGHERTY-FLD,722970,33.812,-118.146,9,-8,None,Hot-Dry & Mixed Dry,06037980018,lower density urban,31100,"Los Angeles-Long Beach-Santa Ana, CA Metro Area",M1
CA_LOS-ALAMITOS-AAF,722975,33.79,-118.052,10,-8,None,Hot-Dry & Mixed Dry,06059110015,lower density urban,31100,"Los Angeles-Long Beach-Santa Ana, CA Metro Area",M1
CA_LOS-ANGELES-IAP,722950,33.938,-118.389,29,-8,None,Hot-Dry & Mixed Dry,06037980028,lower density urban,31100,"Los Angeles-Long Beach-Santa Ana, CA Metro Area",M1
CA_MADERA-MUNI,745046,36.988,-120.111,77,-8,None,Hot-Dry & Mixed Dry,06039000503,suburban/small town,31460,"Madera-Chowchilla, CA Metro Area",M1
CA_MAMMOTH-YOSEMITE-AP,723894,37.633,-118.85,2172,-8,None,Cold & Very Cold,06051000101,rural,,,
CA_MCCLELLAN-AFB,724836,38.667,-121.4,23,-8,None,Hot-Dry & Mixed Dry,06067007301,lower density urban,40900,"Sacramento--Arden-Arcade--Roseville, CA Metro Area",M1
CA_MERCED-CASTLE-AFB,724810,37.383,-120.567,58,-8,None,Hot-Dry & Mixed Dry,06047000503,suburban/small town,32900,"Merced, CA Metro Area",M1
CA_MERCED-MUNI-MACREADY-FIELD,724815,37.285,-120.513,46,-8,None,Hot-Dry & Mixed Dry,06047001501,lower density urban,32900,"Merced, CA Metro Area",M1
CA_MIRAMAR-MCAS,722931,32.867,-117.133,145,-8,None,Hot-Dry & Mixed Dry,06073009400,suburban/small town,41740,"San Diego-Carlsbad-San Marcos, CA Metro Area",M1
CA_MODESTO-CITY-CO-AP,724926,37.624,-120.951,22,-8,None,Hot-Dry & Mixed Dry,06099002100,lower density urban,33700,"Modesto, CA Metro Area",M1
CA_MOJAVE,722953,35.067,-118.15,849,-8,None,Hot-Dry & Mixed Dry,06029005900,rural,12540,"Bakersfield-Delano, CA Metro Area",M1
CA_MONTAGUE-SISKIYOU-CO-AP,725955,41.781,-122.468,808,-8,None,Cold & Very Cold,06093000300,rural,,,
CA_MONTEREY-PENINSULA,724915,36.588,-121.845,50,-8,None,Marine,06053013300,lower density urban,41500,"Salinas, CA Metro Area",M1
CA_MOUNT-SHASTA,725957,41.333,-122.333,1077,-8,None,Cold & Very Cold,06093001000,rural,,,
CA_MOUNTAIN-VIEW-MOFFETT-FLD,745090,37.406,-122.048,11,-8,None,Marine,06085504700,suburban/small town,41940,"San Jose-Sunnyvale-Santa Clara, CA Metro Area",M1
CA_NAPA-CO,724955,38.21,-122.285,4,-8,None,Marine,06055201005,suburban/small town,34900,"Napa, CA Metro Area",M1
CA_NEEDLES-AP,723805,34.768,-114.619,271,-8,None,Hot-Dry & Mixed Dry,06071025100,rural,40140,"Riverside-San Bernardino-Ontario, CA Metro Area",M1
CA_NEVADA-CO-AIR-PARK,749486,39.224,-121.003,961,-8,None,Cold & Very Cold,06057000701,rural,46020,"Truckee-Grass Valley, CA Micro Area",M2
CA_OAKLAND-METRO-AP,724930,37.721,-122.221,1,-8,None,Marine,06001409000,suburban/small town,41860,"San Francisco-Oakland-Fremont, CA Metro Area",M1
CA_OCEANSIDE-MUNI-AP,722934,33.219,-117.349,8,-8,None,Hot-Dry & Mixed Dry,06073018603,lower density urban,41740,"San Diego-Carlsbad-San Marcos, CA Metro Area",M1
CA_ONTARIO-IAP,747040,34.056,-117.6,289,-8,None,Hot-Dry & Mixed Dry,06071001600,lower density urban,40140,"Riverside-San Bernardino-Ontario, CA Metro Area",M1
CA_OROVILLE,745048,39.49,-121.618,57,-8,None,Hot-Dry & Mixed Dry,06007003700,rural,17020,"Chico, CA Metro Area",M1
CA_OXNARD-AP,723927,34.201,-119.207,11,-8,None,Marine,06111002905,suburban/small town,37100,"Oxnard-Thousand Oaks-Ventura, CA Metro Area",M1
CA_PALM-SPRINGS-THERMAL-AP,747187,33.627,-116.159,-36,-8,None,Hot-Dry & Mixed Dry,06065045609,suburban/small town,40140,"Riverside-San Bernardino-Ontario, CA Metro Area",M1
CA_PALMDALE-AP,723820,34.629,-118.084,769,-8,None,Hot-Dry & Mixed Dry,06037980004,rural,31100,"Los Angeles-Long Beach-Santa Ana, CA Metro Area",M1
CA_PALO-ALTO-AP,724937,37.467,-122.117,2,-8,None,Marine,06081611800,lower density urban,41860,"San Francisco-Oakland-Fremont, CA Metro Area",M1
CA_PASO-ROBLES-MUNI-AP,723965,35.67,-120.628,246,-8,None,Marine,06079010201,suburban/small town,42020,"San Luis Obispo-Paso Robles, CA Metro Area",M1
CA_PLACERVILLE-AP,720645,38.717,-120.75,787,-8,None,Hot-Dry & Mixed Dry,06017031200,suburban/small town,40900,"Sacramento--Arden-Arcade--Roseville, CA Metro Area",M1
CA_POINT-MUGU-NF,723910,34.117,-119.117,4,-8,None,Marine,06111004600,suburban/small town,37100,"Oxnard-Thousand Oaks-Ventura, CA Metro Area",M1
CA_PORTERVILLE(AWOS),723895,36.029,-119.063,134,-8,None,Hot-Dry & Mixed Dry,06107003400,rural,47300,"Visalia-Porterville, CA Metro Area",M1
CA_RAMONA,745056,33.038,-116.916,424,-8,None,Hot-Dry & Mixed Dry,06073020801,rural,41740,"San Diego-Carlsbad-San Marcos, CA Metro Area",M1
CA_RED-BLUFF-MUNI-AP,725910,40.152,-122.254,107,-8,None,Hot-Dry & Mixed Dry,06103000700,suburban/small town,39780,"Red Bluff, CA Micro Area",M2
CA_REDDING-MUNI-AP,725920,40.518,-122.299,151,-8,None,Hot-Dry & Mixed Dry,06089011500,suburban/small town,39820,"Redding, CA Metro Area",M1
CA_RIVERSIDE-MARCH-AFB,722860,33.9,-117.25,468,-8,None,Hot-Dry & Mixed Dry,06065046700,suburban/small town,40140,"Riverside-San Bernardino-Ontario, CA Metro Area",M1
CA_RIVERSIDE-MUNI,722869,33.952,-117.439,245,-8,None,Hot-Dry & Mixed Dry,06065030900,lower density urban,40140,"Riverside-San Bernardino-Ontario, CA Metro Area",M1
CA_ROHNERVILLE,749485,40.554,-124.133,119,-8,None,Marine,06023011000,suburban/small town,21700,"Eureka-Arcata-Fortuna, CA Micro Area",M2
CA_SACRAMENTO-MATHER-FL,724833,38.567,-121.3,30,-8,None,Hot-Dry & Mixed Dry,06067008801,suburban/small town,40900,"Sacramento--Arden-Arcade--Roseville, CA Metro Area",M1
CA_SACRAMENTO-METRO-AP,724839,38.696,-121.59,7,-8,None,Hot-Dry & Mixed Dry,06067007101,rural,40900,"Sacramento--Arden-Arcade--Roseville, CA Metro Area",M1
CA_SALINAS-MUNI-AP,725930,36.664,-121.608,22,-8,None,Marine,06053980000,rural,41500,"Salinas, CA Metro Area",M1
CA_SAN-BERNARDINO-IAP,722866,34.095,-117.235,353,-8,None,Hot-Dry & Mixed Dry,06071980100,rural,40140,"Riverside-San Bernardino-Ontario, CA Metro Area",M1
CA_SAN-CARLOS-AP,724938,37.517,-122.25,1,-8,None,Marine,06081610304,lower density urban,41860,"San Francisco-Oakland-Fremont, CA Metro Area",M1
CA_SAN-CLEMENTE-IS-NAAS,722925,33.023,-118.588,55,-8,None,Hot-Dry & Mixed Dry,06037599100,rural,31100,"Los Angeles-Long Beach-Santa Ana, CA Metro Area",M1
CA_SAN-DIEGO-GILLESPIE,722907,32.826,-116.973,118,-8,None,Hot-Dry & Mixed Dry,06073016202,lower density urban,41740,"San Diego-Carlsbad-San Marcos, CA Metro Area",M1
CA_SAN-DIEGO-MONTGOMERY,722903,32.816,-117.139,127,-8,None,Hot-Dry & Mixed Dry,06073008511,suburban/small town,41740,"San Diego-Carlsbad-San Marcos, CA Metro Area",M1
CA_SAN-DIEGO-NORTH-ISLAND-NAS,722906,32.7,-117.2,7,-8,None,Hot-Dry & Mixed Dry,06073011300,lower density urban,41740,"San Diego-Carlsbad-San Marcos, CA Metro Area",M1
CA_SAN-JOSE-REID-HILLV,724946,37.333,-121.817,40,-8,None,Marine,06085503306,higher density urban,41940,"San Jose-Sunnyvale-Santa Clara, CA Metro Area",M1
CA_SAN-LUIS-CO-RGNL-AP,722897,35.237,-120.641,61,-8,None,Marine,06079011503,suburban/small town,42020,"San Luis Obispo-Paso Robles, CA Metro Area",M1
CA_SAN-NICHOLAS-ISLAND,722910,33.24,-119.458,153,-8,None,Marine,06111980000,rural,37100,"Oxnard-Thousand Oaks-Ventura, CA Metro Area",M1
CA_SANDBERG,723830,34.744,-118.724,1374,-8,None,Hot-Dry & Mixed Dry,06037901209,rural,31100,"Los Angeles-Long Beach-Santa Ana, CA Metro Area",M1
CA_SANTA-ANA-JOHN-WAYNE-AP,722977,33.68,-117.866,16,-8,None,Hot-Dry & Mixed Dry,06059062610,lower density urban,31100,"Los Angeles-Long Beach-Santa Ana, CA Metro Area",M1
CA_SANTA-BARBARA-MUNI-AP,723925,34.426,-119.843,2,-8,None,Marine,06083980000,lower density urban,42060,"Santa Barbara-Santa Maria-Goleta, CA Metro Area",M1
CA_SANTA-CATALINA-CATALINA-AP,722920,33.405,-118.416,488,-8,None,Hot-Dry & Mixed Dry,06037599100,rural,31100,"Los Angeles-Long Beach-Santa Ana, CA Metro Area",M1
CA_SANTA-MARIA-PUBLIC-AP,723940,34.899,-120.449,73,-8,None,Marine,06083002011,suburban/small town,42060,"Santa Barbara-Santa Maria-Goleta, CA Metro Area",M1
CA_SANTA-MONICA-MUNI,722885,34.016,-118.451,53,-8,None,Hot-Dry & Mixed Dry,06037702300,lower density urban,31100,"Los Angeles-Long Beach-Santa Ana, CA Metro Area",M1
CA_SANTA-ROSA(AWOS),724957,38.504,-122.81,34,-8,None,Marine,06097152702,suburban/small town,42220,"Santa Rosa-Petaluma, CA Metro Area",M1
CA_SANTA-YNEZ,723762,34.607,-120.076,204,-8,None,Marine,06083001906,rural,42060,"Santa Barbara-Santa Maria-Goleta, CA Metro Area",M1
CA_SOUTH-CO-AP-OF-SANTA-CLARA,749484,37.082,-121.597,86,-8,None,Marine,06085512402,rural,41940,"San Jose-Sunnyvale-Santa Clara, CA Metro Area",M1
CA_STOCKTON-METRO-AP,724920,37.889,-121.226,7,-8,None,Hot-Dry & Mixed Dry,06077003803,suburban/small town,44700,"Stockton, CA Metro Area",M1
CA_SUSANVILLE-MUNI,725837,40.376,-120.573,1264,-8,None,Cold & Very Cold,06035040302,rural,45000,"Susanville, CA Micro Area",M2
CA_TEHACHAPI-MUNI,749171,35.135,-118.439,1219,-8,None,Hot-Dry & Mixed Dry,06029006100,suburban/small town,12540,"Bakersfield-Delano, CA Metro Area",M1
CA_TORRANCE-MUNI-AP,722955,33.803,-118.34,29,-8,None,Hot-Dry & Mixed Dry,06037651101,lower density urban,31100,"Los Angeles-Long Beach-Santa Ana, CA Metro Area",M1
CA_TRUCKEE-TAHOE,725846,39.32,-120.139,1798,-8,None,Cold & Very Cold,06057001205,rural,46020,"Truckee-Grass Valley, CA Micro Area",M2
CA_TWENTYNINE-PALMS,690150,34.3,-116.167,625,-8,None,Hot-Dry & Mixed Dry,06071010402,rural,40140,"Riverside-San Bernardino-Ontario, CA Metro Area",M1
CA_UKIAH-MUNI-AP,725905,39.126,-123.201,183,-8,None,Marine,06045011600,suburban/small town,46380,"Ukiah, CA Micro Area",M2
CA_USMC-MTN-WARFARE-TRAIN-CTR,720652,38.356,-119.519,2057,-8,None,Cold & Very Cold,06051000102,rural,,,
CA_VACAVILLE-NUT-TREE,724828,38.378,-121.958,33,-8,None,Hot-Dry & Mixed Dry,06095252904,suburban/small town,46700,"Vallejo-Fairfield, CA Metro Area",M1
CA_VAN-NUYS-AP,722886,34.21,-118.489,234,-8,None,Hot-Dry & Mixed Dry,06037980008,lower density urban,31100,"Los Angeles-Long Beach-Santa Ana, CA Metro Area",M1
CA_VANDENBERG-AFB,723930,34.717,-120.567,112,-8,None,Marine,06083002606,rural,42060,"Santa Barbara-Santa Maria-Goleta, CA Metro Area",M1
CA_VISALIA-MUNI(AWOS),723896,36.317,-119.4,89,-8,None,Hot-Dry & Mixed Dry,06107002006,suburban/small town,47300,"Visalia-Porterville, CA Metro Area",M1
CA_WATSONVILLE,745058,36.936,-121.789,48,-8,None,Marine,06087110700,lower density urban,42100,"Santa Cruz-Watsonville, CA Metro Area",M1
CA_WHITEMAN-AP,745057,34.259,-118.413,305,-8,None,Hot-Dry & Mixed Dry,06037104704,higher density urban,31100,"Los Angeles-Long Beach-Santa Ana, CA Metro Area",M1
CA_YUBA-CO,724838,39.102,-121.568,18,-8,None,Hot-Dry & Mixed Dry,06115040400,suburban/small town,49700,"Yuba City, CA Metro Area",M1
CO_AKRON-WASHINGTON-CO-AP,724698,40.174,-103.215,1428,-7,BSk,Cold & Very Cold,08121924200,rural,,,
CO_ALAMOSA-SAN-LUIS-VAL-RGNL-,724620,37.439,-105.862,2297,-7,BSk,Cold & Very Cold,08003960300,rural,,,
CO_ASPEN-PITKIN-CO-SAR,724676,39.23,-106.871,2339,-7,Dfc,Cold & Very Cold,08097000500,rural,,,
CO_BALD-MTN-COTTONWOOD-PASS,726391,38.783,-106.217,2995,-7,Dfc,Cold & Very Cold,08015000401,rural,,,
CO_BERTHOUD-PASS,720385,39.8,-105.766,4113,-7,Dfc,Cold & Very Cold,08049000202,rural,,,
CO_BLAKE-FIELD-DELTA,720531,38.783,-108.067,1583,-7,BSk,Cold & Very Cold,08029964800,rural,,,
CO_BOULDER-MUNI-AP,720533,40.033,-105.217,1612,-7,BSk,Cold & Very Cold,08013012707,suburban/small town,14500,"Boulder, CO Metro Area",M1
CO_BROOMFIELD-JEFFCO,724699,39.9,-105.117,1705,-7,Dfb,Cold & Very Cold,08059060500,suburban/small town,19740,"Denver-Aurora-Broomfield, CO Metro Area",M1
CO_BURLINGTON,724689,39.241,-102.282,1278,-7,BSk,Cold & Very Cold,08063962100,rural,,,
CO_CENTRAL-COLORADO-RGNL-AP,720528,38.698,-106.07,2421,-7,Dfc,Cold & Very Cold,08015000300,rural,,,
CO_COLORADO-SPRINGS-MUNI-AP,724660,38.809,-104.689,1884,-7,BSk,Cold & Very Cold,08041004008,suburban/small town,17820,"Colorado Springs, CO Metro Area",M1
CO_COPPER-MOUNTAIN-RE,722061,39.467,-106.15,3680,-7,Dfc,Cold & Very Cold,08117000300,rural,43540,"Silverthorne, CO Micro Area",M2
CO_CORTEZ-MONTEZUMA-CO,724767,37.307,-108.626,1799,-7,BSk,Cold & Very Cold,08083969600,rural,,,
CO_CRAIG-MOFFAT,725700,40.493,-107.524,1884,-7,Dfb,Cold & Very Cold,08081000300,rural,,,
CO_DENVER-CENTENNIAL,724666,39.56,-104.848,1789,-7,BSk,Cold & Very Cold,08035014001,suburban/small town,19740,"Denver-Aurora-Broomfield, CO Metro Area",M1
CO_DENVER-IAP,725650,39.847,-104.656,1647,-7,BSk,Cold & Very Cold,08031980000,suburban/small town,19740,"Denver-Aurora-Broomfield, CO Metro Area",M1
CO_DURANGO-LA-PLATA-CO,724625,37.143,-107.76,2020,-7,Dfb,Cold & Very Cold,08067940400,rural,20420,"Durango, CO Micro Area",M2
CO_EAGLE-CO-AP,724675,39.65,-106.917,1980,-7,Dfc,Cold & Very Cold,08037000200,rural,20780,"Edwards, CO Micro Area",M2
CO_ELBERT-MTN-MONUMENT,722155,39.217,-104.633,2151,-7,BSk,Cold & Very Cold,08039961209,rural,19740,"Denver-Aurora-Broomfield, CO Metro Area",M1
CO_ELLICOTT-B-AFA,722817,38.767,-104.3,1837,-7,BSk,Cold & Very Cold,08041004602,rural,17820,"Colorado Springs, CO Metro Area",M1
CO_ERIE-MUNI-AP,720534,40.017,-105.05,1564,-7,BSk,Cold & Very Cold,08123002007,suburban/small town,24540,"Greeley, CO Metro Area",M1
CO_FORT-CARSON-BUTTS-AAF,724680,38.678,-104.757,1779,-7,BSk,Cold & Very Cold,08041004403,rural,17820,"Colorado Springs, CO Metro Area",M1
CO_FORT-COLLINS-LOVELAND-AP,724769,40.45,-105.017,1528,-7,BSk,Cold & Very Cold,08069001709,suburban/small town,22660,"Fort Collins-Loveland, CO Metro Area",M1
CO_FORT-MORGAN-MUNI-AP,720535,40.333,-103.8,1393,-7,BSk,Cold & Very Cold,08087000100,rural,22820,"Fort Morgan, CO Micro Area",M2
CO_GRANBY-GRAND-CO,720536,40.09,-105.917,2500,-7,BSk,Cold & Very Cold,08049000201,rural,,,
CO_GRAND-JUNCTION-WALKER-FLD,724760,39.134,-108.541,1470,-7,BSk,Cold & Very Cold,08077001600,suburban/small town,24300,"Grand Junction, CO Metro Area",M1
CO_GREELEY-WELD-CO,724768,40.436,-104.632,1431,-7,BSk,Cold & Very Cold,08123000705,suburban/small town,24540,"Greeley, CO Metro Area",M1
CO_GUNNISON-CO(AWOS),724677,38.533,-106.933,2336,-7,Dfc,Cold & Very Cold,08051963700,suburban/small town,,,
CO_HARRIET-ALEXANDER-FLD-AP,720532,38.533,-106.05,2294,-7,Dfc,Cold & Very Cold,08015000300,rural,,,
CO_HOLYOKE,720537,40.567,-102.267,1137,-7,BSk,Cold & Very Cold,08095967600,rural,,,
CO_HOPKINS-FIELD-AP,720529,38.239,-108.563,1810,-7,BSk,Cold & Very Cold,08085966100,rural,33940,"Montrose, CO Micro Area",M2
CO_JULIET-(PEETZ),720987,40.967,-103.2,1380,-7,BSk,Cold & Very Cold,08075965900,rural,44540,"Sterling, CO Micro Area",M2
CO_LA-JUNTA-MUNI-AP,724635,38.049,-103.513,1278,-7,BSk,Hot-Dry & Mixed Dry,08089968500,rural,,,
CO_LA-VETA-MOUNTAIN-PAS,740002,37.5,-105.167,3114,-7,Dfb,Cold & Very Cold,08055960900,rural,,,
CO_LAKE-CO_LEADVILLE,724673,39.228,-106.316,3030,-7,Dfc,Cold & Very Cold,08065961700,rural,20780,"Edwards, CO Micro Area",M2
CO_LAMAR-MUNI-AP,724636,38.072,-102.687,1124,-7,BSk,Cold & Very Cold,08099000700,rural,,,
CO_LIMA-(GROVER),720989,40.917,-103.7,1518,-7,BSk,Cold & Very Cold,08123002501,rural,24540,"Greeley, CO Metro Area",M1
CO_LIMON,724665,39.273,-103.667,1633,-7,BSk,Cold & Very Cold,08073961700,rural,,,
CO_MEADOW-LAKE,720852,38.946,-104.57,2095,-7,BSk,Cold & Very Cold,08041005104,suburban/small town,17820,"Colorado Springs, CO Metro Area",M1
CO_MEEKER,724674,40.044,-107.888,1940,-7,Dfb,Cold & Very Cold,08103951100,rural,,,
CO_MIKE-(HAXTUN),720991,40.7,-103.483,1336,-7,BSk,Cold & Very Cold,08075966000,rural,44540,"Sterling, CO Micro Area",M2
CO_MONTROSE-RGNL-AP,724765,38.505,-107.898,1739,-7,Dfb,Cold & Very Cold,08085966300,suburban/small town,33940,"Montrose, CO Micro Area",M2
CO_NOVEMBER-(GROVER),720992,40.633,-103.833,1459,-7,BSk,Cold & Very Cold,08123002501,rural,24540,"Greeley, CO Metro Area",M1
CO_OSCAR-GROVER,720993,40.883,-104.0,1649,-7,BSk,Cold & Very Cold,08123002501,rural,24540,"Greeley, CO Metro Area",M1
CO_PAGOSA-SPRINGS-WOL,722101,37.45,-106.8,3593,-7,Dfc,Cold & Very Cold,08079973600,rural,,,
CO_PUEBLO-MEM-AP,724640,38.289,-104.506,1424,-7,BSk,Cold & Very Cold,08101003600,suburban/small town,39380,"Pueblo, CO Metro Area",M1
CO_RIFLE-GARFIELD-RGNL-AP,725717,39.528,-107.72,1684,-7,Dfb,Cold & Very Cold,08045952002,rural,,,
CO_SAGUACHE-MUNCICIPAL,722333,38.097,-106.169,2385,-7,Dfc,Cold & Very Cold,08109977600,rural,,,
CO_SALIDA-MTN-MONARCH-P,722203,38.483,-106.317,3667,-7,Dfc,Cold & Very Cold,08051963600,rural,,,
CO_SPANISH-PEAKS,720844,37.697,-104.785,1844,-7,Csb,Cold & Very Cold,08055960900,rural,,,
CO_SPRINGFIELD-COMANCHE,724646,37.283,-102.614,1337,-7,BSk,Hot-Dry & Mixed Dry,08009964700,rural,,,
CO_STEAMBOAT-SPRINGS-ADAMS-FL,724678,40.517,-106.867,2096,-7,Dfc,Cold & Very Cold,08107000400,rural,,,
CO_STERLING-MUNI-AP,720544,40.617,-103.267,1231,-7,BSk,Cold & Very Cold,08075966100,rural,44540,"Sterling, CO Micro Area",M2
CO_STEVENS-FIELD,720539,37.283,-107.05,2335,-7,Dfb,Cold & Very Cold,08007974400,rural,,,
CO_SUNLIGHT,726392,39.433,-107.383,3232,-7,Dfc,Cold & Very Cold,08045951902,rural,,,
CO_TELLURIDE-RGNL-AP,724627,37.95,-107.9,2770,-7,Dfc,Cold & Very Cold,08113968103,rural,,,
CO_TRINIDAD-LAS-ANIMAS-CO-AP,724645,37.262,-104.332,1749,-7,BSk,Hot-Dry & Mixed Dry,08071000800,rural,,,
CO_USAF-ACADEMY,745310,38.967,-104.817,2003,-7,BSk,Cold & Very Cold,08041003802,rural,17820,"Colorado Springs, CO Metro Area",M1
CO_VANCE-BRAND-AP,720538,40.167,-105.167,1541,-7,BSk,Cold & Very Cold,08013013213,suburban/small town,14500,"Boulder, CO Metro Area",M1
CO_WILKERSON-PASS,726396,39.05,-105.516,3438,-7,Dfc,Cold & Very Cold,08093000400,rural,19740,"Denver-Aurora-Broomfield, CO Metro Area",M1
CO_YAMPA-VALLEY-AP,725710,40.481,-107.218,2011,-7,Dfc,Cold & Very Cold,08107000200,rural,,,
CT_BRIDGEPORT-SIKORSKY-MEM,725040,41.164,-73.127,1,-5,Cfa,Cold & Very Cold,09001080500,lower density urban,14860,"Bridgeport-Stamford-Norwalk, CT Metro Area",M1
CT_CHESTER-AP,720545,41.384,-72.506,127,-5,Cfa,Cold & Very Cold,09007600100,suburban/small town,25540,"Hartford-West Hartford-East Hartford, CT Metro Area",M1
CT_DANBURY-MUNI-AP,725086,41.372,-73.483,138,-5,Cfa,Cold & Very Cold,09001210500,suburban/small town,14860,"Bridgeport-Stamford-Norwalk, CT Metro Area",M1
CT_GROTON-NEW-LONDON-AP,725046,41.328,-72.049,2,-5,Cfb,Cold & Very Cold,09011702700,suburban/small town,35980,"Norwich-New London, CT Metro Area",M1
CT_HARTFORD-BRADLEY-IAP,725080,41.937,-72.682,51,-5,Dfa,Cold & Very Cold,09003980000,rural,25540,"Hartford-West Hartford-East Hartford, CT Metro Area",M1
FL_FT-LAUD-HOLLYWOOD-IAP,747830,26.079,-80.162,1,-5,Am,Hot-Humid,12011080200,lower density urban,33100,"Miami-Fort Lauderdale-Pompano Beach, FL Metro Area",M1
FL_JACKSONVILLE-NAS,722065,30.233,-81.667,6,-5,Cfa,Hot-Humid,12031013200,lower density urban,27260,"Jacksonville, FL Metro Area",M1
FL_KEY-WEST-IAP,722010,24.557,-81.755,0,-5,Aw,Hot-Humid,12087972000,suburban/small town,28580,"Key West, FL Micro Area",M2
FL_MIAMI-IAP,722020,25.788,-80.317,1,-5,Am,Hot-Humid,12086980500,lower density urban,33100,"Miami-Fort Lauderdale-Pompano Beach, FL Metro Area",M1
FL_ORLANDO-EXECUTIVE-AP,722053,28.547,-81.335,31,-5,Cfa,Hot-Humid,12095018400,lower density urban,36740,"Orlando-Kissimmee-Sanford, FL Metro Area",M1
FL_PENSACOLA-RGNL-AP,722223,30.478,-87.187,34,-6,Cfa,Hot-Humid,12033001101,lower density urban,37860,"Pensacola-Ferry Pass-Brent, FL Metro Area",M1
FL_PETER-O-KNIGHT-MUNI,720374,27.916,-82.449,2,-5,Cfa,Hot-Humid,12057005401,lower density urban,45300,"Tampa-St. Petersburg-Clearwater, FL Metro Area",M1
FL_WEST-PALM-BEACH-IAP,722030,26.685,-80.099,3,-5,Af,Hot-Humid,12099980500,lower density urban,33100,"Miami-Fort Lauderdale-Pompano Beach, FL Metro Area",M1
GA_FULTON-CO-AP-BROW,722195,33.778,-84.525,245,-5,Cfa,Mixed-Humid,13121008202,lower density urban,12060,"Atlanta-Sandy Springs-Marietta, GA Metro Area",M1
GA_HUNTER-AAF,747804,32.017,-81.133,12,-5,Cfa,Hot-Humid,13051004300,suburban/small town,42340,"Savannah, GA Metro Area",M1
IA_CEDAR-RAPIDS-MUNI-AP,725450,41.883,-91.725,256,-6,Dfa,Cold & Very Cold,19113010700,suburban/small town,16300,"Cedar Rapids, IA Metro Area",M1
IA_DES-MOINES-IAP,725460,41.534,-93.653,286,-6,Dfa,Cold & Very Cold,19153011600,lower density urban,19780,"Des Moines-West Des Moines, IA Metro Area",M1
ID_BOISE-AIR-TERMINAL,726810,43.567,-116.241,860,-7,Csb,Cold & Very Cold,16001002100,suburban/small town,14260,"Boise City-Nampa, ID Metro Area",M1
IL_CAHOKIA-ST-LOUIS,725314,38.564,-90.149,123,-6,Cfa,Mixed-Humid,17163502603,suburban/small town,41180,"St. Louis, MO-IL Metro Area",M1
IL_CHICAGO-MIDWAY-AP,725340,41.784,-87.755,185,-6,Dfa,Cold & Very Cold,17031980100,lower density urban,16980,"Chicago-Joliet-Naperville, IL-IN-WI Metro Area",M1
IL_SPRINGFIELD-CAPITAL-AP,724390,39.845,-89.684,179,-6,Dfa,Cold & Very Cold,17167000100,suburban/small town,44100,"Springfield, IL Metro Area",M1
IN_FORT-WAYNE-IAP,725330,40.972,-85.206,243,-5,Dfa,Cold & Very Cold,18003011702,suburban/small town,23060,"Fort Wayne, IN Metro Area",M1
IN_INDIANAPOLIS-IAP,724380,39.725,-86.282,241,-5,Cfa,Cold & Very Cold,18097390800,suburban/small town,26900,"Indianapolis-Carmel, IN Metro Area",M1
KS_MC-CONNELL-AFB,724505,37.617,-97.267,417,-6,Cfa,Mixed-Humid,20173006600,suburban/small town,48620,"Wichita, KS Metro Area",M1
KS_TOPEKA-MUNI-AP,724560,39.072,-95.626,268,-6,Cfa,Mixed-Humid,20177000900,suburban/small town,45820,"Topeka, KS Metro Area",M1
KY_LEXINGTON-BLUEGRASS-AP,724220,38.034,-84.611,293,-5,Cfa,Mixed-Humid,21067004207,suburban/small town,30460,"Lexington-Fayette, KY Metro Area",M1
KY_LOUISVILLE-BOWMAN-FIELD,724235,38.23,-85.663,164,-5,Cfa,Mixed-Humid,21111008700,lower density urban,31140,"Louisville/Jefferson County, KY-IN Metro Area",M1
LA_BATON-ROUGE-METRO-R,722320,30.538,-91.147,20,-6,Cfa,Hot-Humid,22033980000,lower density urban,12940,"Baton Rouge, LA Metro Area",M1
LA_NEW-ORLEANS-LAKEFRONT-AP,722315,30.049,-90.029,0,-6,Cfa,Hot-Humid,22071001724,lower density urban,35380,"New Orleans-Metairie-Kenner, LA Metro Area",M1
MA_BOSTON-LOGAN-IAP,725090,42.361,-71.01,3,-5,Dfa,Cold & Very Cold,25025981300,lower density urban,14460,"Boston-Cambridge-Quincy, MA-NH Metro Area",M1
MA_WORCESTER-RGNL-AP,725100,42.271,-71.873,305,-5,Dfb,Cold & Very Cold,25027730700,lower density urban,49340,"Worcester, MA Metro Area",M1
MD_BALTIMORE-BLT-WASHNGTN-IAP,724060,39.173,-76.684,42,-5,Cfa,Mixed-Humid,24003980000,lower density urban,12580,"Baltimore-Towson, MD Metro Area",M1
ME_AUGUSTA-AP,726185,44.316,-69.797,106,-5,Dfb,Cold & Very Cold,23011010300,suburban/small town,12300,"Augusta-Waterville, ME Micro Area",M2
CT_MERIDEN-MARKHAM-MUNI,725027,41.51,-72.828,29,-5,Dfa,Cold & Very Cold,09009175700,lower density urban,35300,"New Haven-Milford, CT Metro Area",M1
CT_NEW-HAVEN-TWEED-AP,725045,41.259,-72.889,1,-5,Cfa,Cold & Very Cold,09009142800,lower density urban,35300,"New Haven-Milford, CT Metro Area",M1
CT_OXFORD(AWOS),725029,41.483,-73.133,221,-5,Cfa,Cold & Very Cold,09009346102,suburban/small town,35300,"New Haven-Milford, CT Metro Area",M1
CT_PAWTUCKET(AWOS),725054,41.921,-71.491,134,-5,Cfa,Cold & Very Cold,44007012602,lower density urban,39300,"Providence-New Bedford-Fall River, RI-MA Metro Area",M1
CT_WINDHAM-AP-WILL,725084,41.742,-72.182,74,-5,Dfb,Cold & Very Cold,09015800500,rural,48740,"Willimantic, CT Micro Area",M2
DE_DOVER-AFB,724088,39.133,-75.467,8,-5,Cfa,Mixed-Humid,10001041100,suburban/small town,20100,"Dover, DE Metro Area",M1
DE_GEORGETOWN-SUSSEX,724093,38.69,-75.362,15,-5,Cfa,Mixed-Humid,10005050504,rural,42580,"Seaford, DE Micro Area",M2
DE_NEW-CASTLE-CO-AP,724180,39.674,-75.606,22,-5,Cfa,Mixed-Humid,10003015000,lower density urban,37980,"Philadelphia-Camden-Wilmington, PA-NJ-DE-MD Metro Area",M1
FL_APALACHICOLA-MUNI-AP,722200,29.727,-85.025,5,-5,Cfa,Hot-Humid,12037970302,rural,,,
FL_AVON-PARK-GUNNERY-RANGE,747960,27.65,-81.33,20,-5,Cfa,Hot-Humid,12105015702,rural,29460,"Lakeland-Winter Haven, FL Metro Area",M1
FL_BARTOW-MUNI-AP,722123,27.95,-81.783,38,-5,Cfa,Hot-Humid,12105014501,suburban/small town,29460,"Lakeland-Winter Haven, FL Metro Area",M1
FL_CAPE-KENNEDY(AFS),747940,28.483,-80.567,3,-5,Cfa,Hot-Humid,12009980000,suburban/small town,37340,"Palm Bay-Melbourne-Titusville, FL Metro Area",M1
FL_COCOA-BEACH-PATRICK-AFB,747950,28.233,-80.6,2,-5,Cfa,Hot-Humid,12009067100,lower density urban,37340,"Palm Bay-Melbourne-Titusville, FL Metro Area",M1
FL_CRESTVIEW-BOB-SIKES-AP,722215,30.777,-86.519,47,-6,Cfa,Hot-Humid,12091020400,rural,18880,"Crestview-Fort Walton Beach-Destin, FL Metro Area",M1
FL_CROSS-CITY-AP,722120,29.633,-83.105,11,-5,Cfa,Hot-Humid,12029970101,rural,,,
FL_CRYSTAL-RIVER,720655,28.867,-82.567,3,-5,Cfa,Hot-Humid,12017450602,suburban/small town,26140,"Homosassa Springs, FL Micro Area",M2
FL_DAYTONA-BEACH-IAP,747870,29.174,-81.072,7,-5,Cfa,Hot-Humid,12127092500,suburban/small town,19660,"Deltona-Daytona Beach-Ormond Beach, FL Metro Area",M1
FL_DELAND-MUNI-SIDNEY,720904,29.067,-81.283,24,-5,Cfa,Hot-Humid,12127090303,suburban/small town,19660,"Deltona-Daytona Beach-Ormond Beach, FL Metro Area",M1
FL_DESTIN-FT-WALTON,722069,30.393,-86.467,5,-6,Cfa,Hot-Humid,12091023305,lower density urban,18880,"Crestview-Fort Walton Beach-Destin, FL Metro Area",M1
FL_DUKE-FLD-AAFB,722246,30.65,-86.533,0,-6,Cfa,Hot-Humid,12091020800,suburban/small town,18880,"Crestview-Fort Walton Beach-Destin, FL Metro Area",M1
FL_FERNANDINA-BEACH-MUNI-AP,720946,30.617,-81.467,5,-6,Cfa,Hot-Humid,12089050203,suburban/small town,27260,"Jacksonville, FL Metro Area",M1
FL_FLAGLER-CO,720672,29.467,-81.206,1,-5,,Hot-Humid,12035060208,suburban/small town,37380,"Palm Coast, FL Metro Area",M1
FL_FORT-LAUDERDALE,722039,26.199,-80.178,3,-5,Am,Hot-Humid,12011050208,lower density urban,33100,"Miami-Fort Lauderdale-Pompano Beach, FL Metro Area",M1
FL_FORT-MYERS-PAGE-FIELD,722106,26.585,-81.861,3,-5,Cfa,Hot-Humid,12071001300,lower density urban,15980,"Cape Coral-Fort Myers, FL Metro Area",M1
FL_GAINESVILLE-RGNL-AP,747560,29.692,-82.276,40,-5,Cfa,Hot-Humid,12001001902,suburban/small town,23540,"Gainesville, FL Metro Area",M1
FL_HERNANDO-CO,722014,28.474,-82.454,19,-5,Cfa,Hot-Humid,12053040911,lower density urban,45300,"Tampa-St. Petersburg-Clearwater, FL Metro Area",M1
FL_HOLLYWOOD-N-PERRY,722037,26.0,-80.241,1,-5,Am,Hot-Humid,12011110100,lower density urban,33100,"Miami-Fort Lauderdale-Pompano Beach, FL Metro Area",M1
FL_HOMESTEAD-AFB,722026,25.483,-80.383,1,-5,Aw,Hot-Humid,12086010704,suburban/small town,33100,"Miami-Fort Lauderdale-Pompano Beach, FL Metro Area",M1
FL_INVERNESS-AP,724737,28.817,-82.317,15,-5,Cfa,Hot-Humid,12017451102,suburban/small town,26140,"Homosassa Springs, FL Micro Area",M2
FL_JACKSONVILLE-CECIL,722067,30.219,-81.876,24,-5,Cfa,Hot-Humid,12031017300,rural,27260,"Jacksonville, FL Metro Area",M1
FL_JACKSONVILLE-CRAIG-MUNI-AP,747820,30.337,-81.513,11,-5,Cfa,Hot-Humid,12031014328,lower density urban,27260,"Jacksonville, FL Metro Area",M1
FL_JACKSONVILLE-IAP,722060,30.495,-81.694,7,-5,Cfa,Hot-Humid,12031010301,rural,27260,"Jacksonville, FL Metro Area",M1
FL_KEY-WEST-NAS,722015,24.583,-81.683,1,-5,Aw,Hot-Humid,12087971700,rural,28580,"Key West, FL Micro Area",M2
FL_KEYSTONE-AIRPARK,749048,29.845,-82.048,60,-5,Cfa,Hot-Humid,12007000300,rural,,,
FL_LAKELAND-LINDER-RGN,722119,28.0,-82.05,43,-5,Cfa,Hot-Humid,12105012004,suburban/small town,29460,"Lakeland-Winter Haven, FL Metro Area",M1
FL_LEESBURG-RGNL-AP,722213,28.821,-81.81,20,-5,Cfa,Hot-Humid,12069030702,lower density urban,36740,"Orlando-Kissimmee-Sanford, FL Metro Area",M1
FL_MARATHON-AP,722016,24.726,-81.048,0,-5,Aw,Hot-Humid,12087971100,suburban/small town,28580,"Key West, FL Micro Area",M2
FL_MARCO-ISLAND,721041,25.995,-81.673,1,-6,Aw,Hot-Humid,12021011106,suburban/small town,34940,"Naples-Marco Island, FL Metro Area",M1
FL_MARIANNA-MUNI,747760,30.837,-85.184,32,-6,Cfa,Hot-Humid,12063210800,rural,,,
FL_MAYPORT-NS,722066,30.4,-81.417,4,-5,Cfa,Hot-Humid,12031013800,lower density urban,27260,"Jacksonville, FL Metro Area",M1
FL_MELBOURNE-RGNL-AP,722040,28.1,-80.636,6,-5,Cfa,Hot-Humid,12009064700,lower density urban,37340,"Palm Bay-Melbourne-Titusville, FL Metro Area",M1
FL_MIAMI-KENDALL-TAMIA,722029,25.642,-80.435,1,-5,Am,Hot-Humid,12086980200,lower density urban,33100,"Miami-Fort Lauderdale-Pompano Beach, FL Metro Area",M1
FL_MIAMI-OPA-LOCKA,722024,25.91,-80.283,1,-5,Am,Hot-Humid,12086980800,lower density urban,33100,"Miami-Fort Lauderdale-Pompano Beach, FL Metro Area",M1
FL_NAPLES-MUNI-AP,722038,26.155,-81.775,2,-5,Aw,Hot-Humid,12021010401,lower density urban,34940,"Naples-Marco Island, FL Metro Area",M1
FL_NASA-SHUTTLE-LANDING,747946,28.617,-80.683,3,-5,Cfa,Hot-Humid,12009069901,suburban/small town,37340,"Palm Bay-Melbourne-Titusville, FL Metro Area",M1
FL_NEW-SMYRNA-BEACH-MUN,722361,29.054,-80.948,3,-5,Cfa,Hot-Humid,12127082802,suburban/small town,19660,"Deltona-Daytona Beach-Ormond Beach, FL Metro Area",M1
FL_NW-FLORIDA-BEACHES-IAP,720735,30.349,-85.788,17,-6,Cfa,Hot-Humid,12005000201,rural,37460,"Panama City-Lynn Haven-Panama City Beach, FL Metro Area",M1
FL_OCALA-MUNI(AWOS),722055,29.167,-82.233,26,-5,Cfa,Hot-Humid,12083002502,suburban/small town,36100,"Ocala, FL Metro Area",M1
FL_OKEECHOBEE-CO-AP,722261,27.267,-80.85,10,-5,Cfa,Hot-Humid,12093910201,rural,36380,"Okeechobee, FL Micro Area",M2
FL_ORLANDO-IAP,722050,28.418,-81.324,27,-5,Cfa,Hot-Humid,12095016802,suburban/small town,36740,"Orlando-Kissimmee-Sanford, FL Metro Area",M1
FL_ORLANDO-KISSIMMEE-M,722011,28.29,-81.437,25,-5,Cfa,Hot-Humid,12097041700,lower density urban,36740,"Orlando-Kissimmee-Sanford, FL Metro Area",M1
FL_ORLANDO-SANFORD-AP,722057,28.78,-81.244,14,-5,Cfa,Hot-Humid,12117021000,suburban/small town,36740,"Orlando-Kissimmee-Sanford, FL Metro Area",M1
FL_ORMOND-BEACH,722341,29.296,-81.113,8,-5,Cfa,Hot-Humid,12127080100,suburban/small town,19660,"Deltona-Daytona Beach-Ormond Beach, FL Metro Area",M1
FL_PENSACOLA-FOREST-SHERMAN,722225,30.35,-87.317,8,-6,Cfa,Hot-Humid,12033002400,lower density urban,37860,"Pensacola-Ferry Pass-Brent, FL Metro Area",M1
FL_PENSACOLA,722220,30.483,-87.183,38,-6,Cfa,Hot-Humid,12033001101,lower density urban,37860,"Pensacola-Ferry Pass-Brent, FL Metro Area",M1
FL_PLANT-CITY-MUNI,720373,28.0,-82.164,46,-5,Cfa,Hot-Humid,12057012501,suburban/small town,45300,"Tampa-St. Petersburg-Clearwater, FL Metro Area",M1
FL_POMPANO-BEACH,722049,26.246,-80.111,4,-5,Am,Hot-Humid,12011030202,lower density urban,33100,"Miami-Fort Lauderdale-Pompano Beach, FL Metro Area",M1
FL_PUNTA-GORDA,722034,26.918,-81.994,6,-5,Cfa,Hot-Humid,12015010501,suburban/small town,39460,"Punta Gorda, FL Metro Area",M1
FL_SARASOTA-BRADENTON,722115,27.401,-82.559,5,-5,Cfa,Hot-Humid,12081000902,lower density urban,35840,"North Port-Bradenton-Sarasota, FL Metro Area",M1
FL_SEBRING-FLORIDA-HENDRICK,749045,27.456,-81.342,19,-5,Cfa,Hot-Humid,12055980200,rural,42700,"Sebring, FL Micro Area",M2
FL_SOUTHWEST-FLORIDA-I,722108,26.538,-81.757,8,-5,Cfa,Hot-Humid,12071980000,rural,15980,"Cape Coral-Fort Myers, FL Metro Area",M1
FL_SPACE-COAST-RGNL-AP,722046,28.517,-80.8,10,-5,Cfa,Hot-Humid,12009061202,suburban/small town,37340,"Palm Bay-Melbourne-Titusville, FL Metro Area",M1
FL_ST-AUGUSTINE-AP,722212,29.959,-81.34,3,-5,Cfa,Hot-Humid,12109020602,rural,27260,"Jacksonville, FL Metro Area",M1
FL_ST-LUCIE-CO-IAP,722103,27.498,-80.376,5,-5,Cfa,Hot-Humid,12111980000,rural,38940,"Port St. Lucie, FL Metro Area",M1
FL_ST-PETERSBURG-ALB-WHITTED,722104,27.768,-82.626,1,-5,Cfa,Hot-Humid,12103028600,lower density urban,45300,"Tampa-St. Petersburg-Clearwater, FL Metro Area",M1
FL_ST-PETERSBURG-CLEAR,722116,27.913,-82.686,0,-5,Cfa,Hot-Humid,12103024509,lower density urban,45300,"Tampa-St. Petersburg-Clearwater, FL Metro Area",M1
FL_STUART-WITHAM,722189,27.182,-80.221,5,-5,Cfa,Hot-Humid,12085000901,lower density urban,38940,"Port St. Lucie, FL Metro Area",M1
FL_TALLAHASSEE-RGNL-AP,722140,30.394,-84.351,17,-5,Cfa,Hot-Humid,12073002701,suburban/small town,45220,"Tallahassee, FL Metro Area",M1
FL_TAMPA-IAP,722110,27.963,-82.54,1,-5,Cfa,Hot-Humid,12057980600,lower density urban,45300,"Tampa-St. Petersburg-Clearwater, FL Metro Area",M1
FL_TAMPA-MACDILL-AFB,747880,27.85,-82.517,4,-5,Cfa,Hot-Humid,12057007300,lower density urban,45300,"Tampa-St. Petersburg-Clearwater, FL Metro Area",M1
FL_TYNDALL-AFB,747750,30.067,-85.583,5,-6,Cfa,Hot-Humid,12005000700,suburban/small town,37460,"Panama City-Lynn Haven-Panama City Beach, FL Metro Area",M1
FL_TYNDALL-DRONE-RUNWAY,720964,30.033,-85.533,5,-6,Cfa,Hot-Humid,12005000700,suburban/small town,37460,"Panama City-Lynn Haven-Panama City Beach, FL Metro Area",M1
FL_VALPARAISO-ELGIN-AFB,722210,30.483,-86.517,26,-6,Cfa,Hot-Humid,12091021200,suburban/small town,18880,"Crestview-Fort Walton Beach-Destin, FL Metro Area",M1
FL_VALPARAISO-HURLBURT,747770,30.417,-86.683,11,-6,Cfa,Hot-Humid,12091020800,suburban/small town,18880,"Crestview-Fort Walton Beach-Destin, FL Metro Area",M1
FL_VENICE-MUNI-AP,722118,27.072,-82.44,5,-5,Cfa,Hot-Humid,12115002402,lower density urban,35840,"North Port-Bradenton-Sarasota, FL Metro Area",M1
FL_VERO-BEACH-MUNI-AP,747930,27.655,-80.414,5,-5,Cfa,Hot-Humid,12061980000,lower density urban,42680,"Sebastian-Vero Beach, FL Metro Area",M1
FL_WHITING-FLD-NAAS,722226,30.717,-87.017,60,-6,Cfa,Hot-Humid,12113010400,rural,37860,"Pensacola-Ferry Pass-Brent, FL Metro Area",M1
FL_WHITING-FLD-SOUTH,720383,30.697,-87.021,49,-6,Cfa,Hot-Humid,12113010400,rural,37860,"Pensacola-Ferry Pass-Brent, FL Metro Area",M1
FL_WINTERHAVEN-GILBERT-AP,747931,28.061,-81.757,43,-5,Cfa,Hot-Humid,12105013500,lower density urban,29460,"Lakeland-Winter Haven, FL Metro Area",M1
FL_ZEPHYRHILLS-MUNI-AP,721042,28.228,-82.156,27,-5,Cfa,Hot-Humid,12101033101,suburban/small town,45300,"Tampa-St. Petersburg-Clearwater, FL Metro Area",M1
GA_ALBANY-DOUGHERTY-CO-AP,722160,31.536,-84.196,58,-5,Cfa,Hot-Humid,13095010500,suburban/small town,10500,"Albany, GA Metro Area",M1
GA_ATHENS-BEN-EPPS-AP,723110,33.948,-83.327,239,-5,Cfa,Mixed-Humid,13059140500,suburban/small town,12020,"Athens-Clarke County, GA Metro Area",M1
GA_ATLANTA-HARTSFIELD-IAP,722190,33.63,-84.442,308,-5,Cfa,Mixed-Humid,13063980000,lower density urban,12060,"Atlanta-Sandy Springs-Marietta, GA Metro Area",M1
GA_AUGUSTA-BUSH-FIELD,722180,33.365,-81.964,40,-5,Cfa,Mixed-Humid,13245010600,suburban/small town,12260,"Augusta-Richmond County, GA-SC Metro Area",M1
GA_BACON-CO-AP,723160,31.54,-82.507,58,-5,Cfa,Hot-Humid,13005970202,rural,,,
GA_BAINBRIDGE,720268,30.983,-84.633,43,-5,Cfa,Hot-Humid,13087970300,rural,12460,"Bainbridge, GA Micro Area",M2
GA_BALDWIN-CO,720348,33.154,-83.241,117,-5,Cfa,Mixed-Humid,13009970200,suburban/small town,33300,"Milledgeville, GA Micro Area",M2
GA_BLAIRSVILLE,720409,34.85,-83.983,582,-5,Cfa,Mixed-Humid,13291000205,rural,,,
GA_BLAKELY,720257,31.397,-84.895,65,-5,Cfa,Hot-Humid,13099090400,rural,,,
GA_BRUNSWICK-GOLDEN-IS,722136,31.259,-81.466,7,-5,Cfa,Hot-Humid,13127000404,suburban/small town,15260,"Brunswick, GA Metro Area",M1
GA_BRUNSWICK-M-MCKINNON-AP,722137,31.153,-81.391,4,-5,Cfa,Hot-Humid,13127000102,suburban/small town,15260,"Brunswick, GA Metro Area",M1
GA_CARTERSVILLE-AP,722156,34.116,-84.851,230,-5,Cfa,Mixed-Humid,13015960901,suburban/small town,12060,"Atlanta-Sandy Springs-Marietta, GA Metro Area",M1
GA_CHEROKEE-COUNTY-AP,722109,34.317,-84.417,372,-5,Cfa,Mixed-Humid,13057090100,rural,12060,"Atlanta-Sandy Springs-Marietta, GA Metro Area",M1
GA_CLAXTON-EVANS-CO-AP,722691,32.2,-81.87,34,-5,Cfa,Hot-Humid,13109970100,rural,,,
GA_COBB-CO-AP,747812,34.013,-84.599,317,-5,Cfa,Mixed-Humid,13067030229,lower density urban,12060,"Atlanta-Sandy Springs-Marietta, GA Metro Area",M1
GA_COLUMBUS-METRO-AP,722255,32.516,-84.942,120,-5,Cfa,Mixed-Humid,13215010402,lower density urban,17980,"Columbus, GA-AL Metro Area",M1
GA_DALTON,722154,34.722,-84.869,216,-5,Cfa,Mixed-Humid,13313001100,suburban/small town,19140,"Dalton, GA Metro Area",M1
GA_DANIEL-FIELD,722181,33.467,-82.038,125,-5,Cfa,Mixed-Humid,13245001601,lower density urban,12260,"Augusta-Richmond County, GA-SC Metro Area",M1
GA_DEKALB-PEACHTREE,722196,33.878,-84.298,298,-5,Cfa,Mixed-Humid,13089021204,lower density urban,12060,"Atlanta-Sandy Springs-Marietta, GA Metro Area",M1
GA_DOUGLAS-MUNI,722062,31.477,-82.861,78,-5,Cfa,Hot-Humid,13069010700,rural,20060,"Douglas, GA Micro Area",M2
GA_EMANUEL-CO,720951,32.609,-82.37,100,-5,Cfa,Hot-Humid,13107970400,rural,,,
GA_FITZGERALG-MUNI,721033,31.684,-83.27,111,-5,Cfa,Hot-Humid,13017960500,rural,22340,"Fitzgerald, GA Micro Area",M2
GA_FORT-BENNING,722250,32.35,-85.0,70,-5,Cfa,Hot-Humid,01113030902,rural,17980,"Columbus, GA-AL Metro Area",M1
GA_FT-STEWART-WRIGHT,722090,31.883,-81.567,13,-5,Cfa,Hot-Humid,13179010101,suburban/small town,25980,"Hinesville-Fort Stewart, GA Metro Area",M1
GA_GAINESVILLE-GEORGIA-NAS,749483,34.147,-83.561,29,-5,,Mixed-Humid,13157010701,rural,,,
GA_GAINESVILLE-LEE-GIL,722185,34.272,-83.83,386,-5,Cfa,Mixed-Humid,13139001301,suburban/small town,23580,"Gainesville, GA Metro Area",M1
GA_GREENE-CO-RGNL-AP,720347,33.598,-83.139,206,-5,Cfa,Mixed-Humid,13133950303,rural,,,
GA_GRIFFIN-SPALDING-CO,720966,33.227,-84.275,292,-5,Cfa,Mixed-Humid,13255161200,suburban/small town,12060,"Atlanta-Sandy Springs-Marietta, GA Metro Area",M1
GA_GWINNETT-CO-AP,747808,33.98,-83.963,323,-5,Cfa,Mixed-Humid,13135050548,lower density urban,12060,"Atlanta-Sandy Springs-Marietta, GA Metro Area",M1
GA_HASLEHURST-ARPT,721035,31.885,-82.647,78,-5,Cfa,Hot-Humid,13161960200,rural,,,
GA_HEART-OF-GEORGIA-RGNL-AP,720962,32.214,-83.128,93,-5,Cfa,Hot-Humid,13091960400,rural,,,
GA_HENRY-TIFT-MYERS-AP,720712,31.429,-83.489,108,-5,Dfa,Hot-Humid,13277960600,suburban/small town,45700,"Tifton, GA Micro Area",M2
GA_HOMERVILLE-AP,720392,31.056,-82.767,57,-5,Cfa,Hot-Humid,13065970100,rural,,,
GA_JESUP-WAYNE-CO-AP,720671,31.554,-81.883,33,-5,Cfa,Hot-Humid,13305970600,rural,27700,"Jesup, GA Micro Area",M2
GA_LA-GRANGE,747807,33.017,-85.067,207,-5,Cfa,Mixed-Humid,13285960901,suburban/small town,29300,"LaGrange, GA Micro Area",M2
GA_MACON-MIDDLE-GA-RGNL-AP,722170,32.689,-83.653,104,-5,Cfa,Mixed-Humid,13021013502,rural,31420,"Macon, GA Metro Area",M1
GA_MARIETTA-DOBBINS-AFB,722270,33.917,-84.517,325,-5,Cfa,Mixed-Humid,13067031001,lower density urban,12060,"Atlanta-Sandy Springs-Marietta, GA Metro Area",M1
GA_MONROE-WALTON-CO,720897,33.782,-83.693,264,-5,Dfb,Mixed-Humid,13297110300,rural,12060,"Atlanta-Sandy Springs-Marietta, GA Metro Area",M1
GA_MOODY-AFB-VALDOSTA,747810,30.967,-83.2,71,-5,Cfa,Hot-Humid,13185010102,suburban/small town,46660,"Valdosta, GA Metro Area",M1
GA_MOULTRIE-MUNI,722147,31.083,-83.8,86,-5,Cfa,Hot-Humid,13071970600,rural,34220,"Moultrie, GA Micro Area",M2
GA_NEWNAN,722176,33.312,-84.77,295,-5,Cfa,Mixed-Humid,13077170802,rural,12060,"Atlanta-Sandy Springs-Marietta, GA Metro Area",M1
GA_PAULDING-CO-AP,720714,33.912,-84.941,393,-5,Cfa,Mixed-Humid,13223120400,rural,12060,"Atlanta-Sandy Springs-Marietta, GA Metro Area",M1
GA_PEACHTREE-CITY-FALCO,722197,33.354,-84.569,241,-5,Cfa,Mixed-Humid,13113140303,suburban/small town,12060,"Atlanta-Sandy Springs-Marietta, GA Metro Area",M1
GA_PLANTATION-AIRPARK,720301,32.646,-81.596,57,-5,Cfa,Hot-Humid,13251970500,rural,,,
GA_ROBINS-AFB,722175,32.633,-83.6,89,-5,Cfa,Hot-Humid,13153020600,suburban/small town,47580,"Warner Robins, GA Metro Area",M1
GA_ROME-R-B-RUSSELL-AP,723200,34.348,-85.162,194,-5,Cfa,Mixed-Humid,13115000201,suburban/small town,40660,"Rome, GA Metro Area",M1
GA_SAVANNAH-IAP,722070,32.131,-81.202,8,-5,Cfa,Hot-Humid,13051010700,suburban/small town,42340,"Savannah, GA Metro Area",M1
GA_SOUTHER-FLD,720948,32.11,-84.189,142,-5,Cfa,Hot-Humid,13261950200,rural,11140,"Americus, GA Micro Area",M2
GA_STATESBORO,747805,32.483,-81.737,57,-5,Cfa,Hot-Humid,13031110602,rural,44340,"Statesboro, GA Micro Area",M2
GA_THOMASTON,747806,32.955,-84.264,242,-5,Cfa,Mixed-Humid,13293010100,rural,45580,"Thomaston, GA Micro Area",M2
GA_THOMASVILLE-RGNL-AP,720738,30.902,-83.881,80,-5,Cfa,Hot-Humid,13275960500,rural,45620,"Thomasville, GA Micro Area",M2
GA_THOMSON-MCDUFFIE-CO-AP,720289,33.53,-82.516,151,-5,Cfa,Mixed-Humid,13189950100,rural,12260,"Augusta-Richmond County, GA-SC Metro Area",M1
GA_TOCCOA-RG-LETOURNEAU-FLD-A,725258,34.594,-83.296,303,-5,Cfa,Mixed-Humid,13257970100,rural,45740,"Toccoa, GA Micro Area",M2
GA_VALDOSTA-WB-AP,722166,30.776,-83.274,58,-5,Cfa,Hot-Humid,13185011402,suburban/small town,46660,"Valdosta, GA Metro Area",M1
GA_VIDALIA-MUNI-AP,722134,32.193,-82.372,83,-5,Cfa,Hot-Humid,13279970400,rural,47080,"Vidalia, GA Micro Area",M2
GA_W-H-BUD-BARRON,722217,32.564,-82.985,94,-5,Cfa,Hot-Humid,13175950202,rural,20140,"Dublin, GA Micro Area",M2
GA_WASHINGTON-WILKES-CO-AP,720294,33.78,-82.816,196,-5,Cfa,Mixed-Humid,13317010301,rural,,,
GA_WAYCROSS-WARE-CO-AP,722130,31.25,-82.4,43,-5,Cfa,Hot-Humid,13299950200,rural,48180,"Waycross, GA Micro Area",M2
GA_WEST-GEORGIA-RGNL-AP,720674,33.633,-85.15,354,-5,Cfa,Mixed-Humid,13045910300,rural,12060,"Atlanta-Sandy Springs-Marietta, GA Metro Area",M1
GA_WINDER,747809,33.983,-83.668,287,-5,Cfa,Mixed-Humid,13013180301,rural,12060,"Atlanta-Sandy Springs-Marietta, GA Metro Area",M1
IA_ALGONA,725457,43.078,-94.272,371,-6,Dfa,Cold & Very Cold,19109950600,rural,,,
IA_AMES-MUNI-AP,725472,41.99,-93.619,281,-6,Dfa,Cold & Very Cold,19169001302,suburban/small town,11180,"Ames, IA Metro Area",M1
IA_ANKENY-RGNL-AP,725466,41.691,-93.566,277,-6,Dfa,Cold & Very Cold,19153010102,suburban/small town,19780,"Des Moines-West Des Moines, IA Metro Area",M1
IA_ATLANTIC,725453,41.407,-95.047,360,-6,Dfa,Cold & Very Cold,19029190100,rural,,,
IA_AUDUBON-CO-AP,725498,41.7,-94.917,392,-6,Dfa,Cold & Very Cold,19009070200,rural,,,
IA_BOONE-MUNI,725486,42.049,-93.848,353,-6,Dfa,Cold & Very Cold,19015020100,rural,14340,"Boone, IA Micro Area",M2
IA_CARROLL,725468,42.046,-94.789,367,-6,Dfa,Cold & Very Cold,19027960100,rural,,,
IA_CENTERVILLE-MUNI-AP,722274,40.684,-92.901,311,-6,Dfa,Cold & Very Cold,19007950500,rural,,,
IA_CHARITON,725469,41.019,-93.359,320,-6,Dfa,Cold & Very Cold,19117950200,rural,,,
IA_CHARLES-CITY,725463,43.073,-92.611,342,-6,Dfa,Cold & Very Cold,19067480100,rural,,,
IA_CHEROKEE-MUNI-AP,720344,42.732,-95.556,373,-6,Dfa,Cold & Very Cold,19035080100,rural,,,
IA_CLARINDA,725479,40.722,-95.026,302,-6,Dfa,Cold & Very Cold,19145490500,rural,,,
IA_CLARION,725458,42.742,-93.759,354,-6,Dfa,Cold & Very Cold,19197680300,rural,,,
IA_CLINTON-MUNI(AWOS),725473,41.833,-90.333,213,-6,Dfa,Cold & Very Cold,19045000400,rural,17540,"Clinton, IA Micro Area",M2
IA_COUNCIL-BLUFFS,725497,41.259,-95.76,381,-6,Dfa,Cold & Very Cold,19155031601,suburban/small town,36540,"Omaha-Council Bluffs, NE-IA Metro Area",M1
IA_CRESTON,725474,41.007,-94.363,394,-6,Dfa,Cold & Very Cold,19175190300,rural,,,
IA_DAVENPORT-MUNI-AP,744550,41.613,-90.595,227,-6,Dfa,Cold & Very Cold,19163010202,rural,19340,"Davenport-Moline-Rock Island, IA-IL Metro Area",M1
IA_DECORAH-MUNI,725476,43.275,-91.739,352,-6,Dfa,Cold & Very Cold,19191950300,rural,,,
IA_DENISON-MUNI-AP,725477,41.986,-95.381,388,-6,Dfa,Cold & Very Cold,19047070400,rural,,,
IA_DUBUQUE-RGNL-AP,725470,42.398,-90.709,316,-6,Dfa,Cold & Very Cold,19061010105,rural,20220,"Dubuque, IA Metro Area",M1
IA_ESTHERVILLE-MUNI,726499,43.401,-94.748,400,-6,Dfa,Cold & Very Cold,19063070200,rural,,,
IA_FAIRFIELD-MUNI-AP,726498,41.053,-91.979,243,-6,Dfa,Cold & Very Cold,19101090200,rural,,,
IA_FOREST-CITY-MUNI-AP,720643,43.235,-93.624,374,-6,Dfa,Cold & Very Cold,19081270200,rural,,,
IA_FORT-DODGE(AWOS),725490,42.55,-94.183,352,-6,Dfa,Cold & Very Cold,19187000200,suburban/small town,22700,"Fort Dodge, IA Micro Area",M2
IA_FORT-MADISON,725483,40.659,-91.327,220,-6,Dfa,Cold & Very Cold,19111491100,rural,22800,"Fort Madison-Keokuk, IA-MO Micro Area",M2
IA_GRINNELL-RGNL-AP,725292,41.709,-92.735,307,-6,Dfa,Cold & Very Cold,19157370200,rural,,,
IA_HARLAN,722097,41.584,-95.339,375,-6,Dfa,Cold & Very Cold,19165960200,rural,,,
IA_INDEPENDENCE,720293,42.453,-91.948,298,-6,Dfa,Cold & Very Cold,19019950600,rural,,,
IA_IOWA-CITY-MUNI,725462,41.639,-91.545,198,-6,Dfa,Cold & Very Cold,19103010400,rural,26980,"Iowa City, IA Metro Area",M1
IA_IOWA-FALLS-MUNI,722331,42.471,-93.207,346,-6,Dfa,Cold & Very Cold,19083480200,rural,,,
IA_KEOKUK-MUNI,725456,40.46,-91.428,204,-6,Dfa,Cold & Very Cold,19111490700,rural,22800,"Fort Madison-Keokuk, IA-MO Micro Area",M2
IA_KNOXVILLE,725493,41.299,-93.114,282,-6,Dfa,Cold & Very Cold,19125030401,rural,37800,"Pella, IA Micro Area",M2
IA_LAMONI-MUNI-AP,725499,40.631,-93.9,345,-6,Dfa,Cold & Very Cold,19053960200,rural,,,
IA_LE-MARS,725484,42.778,-96.194,364,-6,Dfa,Cold & Very Cold,19149970200,rural,,,
IA_MARSHALL-TOWN-MUNI,725461,42.111,-92.916,295,-6,Dfa,Cold & Very Cold,19127950100,rural,32260,"Marshalltown, IA Micro Area",M2
IA_MASON-CITY-MUNI-AP,725485,43.154,-93.326,362,-6,Dfa,Cold & Very Cold,19033950700,rural,32380,"Mason City, IA Micro Area",M2
IA_MONTICELLO-MUNI,725475,42.224,-91.166,258,-6,Dfa,Cold & Very Cold,19105070600,rural,16300,"Cedar Rapids, IA Metro Area",M1
IA_MT-PLEASANT,720309,40.947,-91.511,223,-6,Dfa,Cold & Very Cold,19087970400,rural,,,
IA_MUSCATINE,725487,41.367,-91.15,166,-6,Dfa,Cold & Very Cold,19139050400,rural,34700,"Muscatine, IA Micro Area",M2
IA_NEWTON-MUNI,725464,41.674,-93.022,290,-6,Dfa,Cold & Very Cold,19099040800,rural,35500,"Newton, IA Micro Area",M2
IA_OELWEN,725488,42.681,-91.974,328,-6,Dfa,Cold & Very Cold,19065080300,rural,,,
IA_OSCEOLA-MUNI-AP,720701,41.052,-93.689,339,-6,Dfa,Cold & Very Cold,19039960200,rural,,,
IA_OSKALOOSA-MUNI,720351,41.226,-92.491,256,-6,Dfa,Cold & Very Cold,19123950100,rural,36820,"Oskaloosa, IA Micro Area",M2
IA_OTTUMWA-INDUSTRIAL-AP,725465,41.101,-92.445,254,-6,Dfa,Cold & Very Cold,19179960100,rural,36900,"Ottumwa, IA Micro Area",M2
IA_PELLA,720312,41.4,-92.946,269,-6,Dfa,Cold & Very Cold,19125030100,rural,37800,"Pella, IA Micro Area",M2
IA_PERRY-MUNI-AP,720412,41.828,-94.16,308,-6,Dfa,Cold & Very Cold,19049050500,rural,19780,"Des Moines-West Des Moines, IA Metro Area",M1
IA_RED-OAK,725494,41.01,-95.26,318,-6,Dfa,Cold & Very Cold,19137960100,rural,,,
IA_SE-IOWA-RGNL-AP,725420,40.773,-91.125,208,-6,Dfa,Cold & Very Cold,19057000700,rural,15460,"Burlington, IA-IL Micro Area",M2
IA_SHELDON,725495,43.208,-95.833,432,-6,Dfa,Cold & Very Cold,19141490300,rural,,,
IA_SHENANDOAH-MUNI,725467,40.751,-95.413,296,-6,Dfa,Cold & Very Cold,19071970100,rural,,,
IA_SIOUX-CITY-SIOUX-GATEWAY-A,725570,42.392,-96.379,332,-6,Dfa,Cold & Very Cold,19193003600,suburban/small town,43580,"Sioux City, IA-NE-SD Metro Area",M1
IA_SPENCER,726500,43.168,-95.21,407,-6,Dfa,Cold & Very Cold,19041080400,rural,43980,"Spencer, IA Micro Area",M2
IA_STORM-LAKE,725496,42.597,-95.241,453,-6,Dfa,Cold & Very Cold,19021960600,rural,44740,"Storm Lake, IA Micro Area",M2
IA_VINTON,720326,42.219,-92.026,257,-6,Dfa,Cold & Very Cold,19011960100,rural,16300,"Cedar Rapids, IA Metro Area",M1
IA_WASHINGTON,725454,41.276,-91.673,229,-6,Dfa,Cold & Very Cold,19183960400,rural,26980,"Iowa City, IA Metro Area",M1
IA_WATERLOO-MUNI-AP,725480,42.554,-92.401,264,-6,Dfa,Cold & Very Cold,19013001600,suburban/small town,47940,"Waterloo-Cedar Falls, IA Metro Area",M1
IA_WEBSTER-CITY-MUNI,725478,42.436,-93.869,341,-6,Dfa,Cold & Very Cold,19079960100,rural,,,
ID_BOUNDARY-CO,720923,48.726,-116.295,711,-8,Dfb,Cold & Very Cold,16021970100,rural,,,
ID_BURLEY-MUNI-AP,725867,42.545,-113.769,1262,-7,BSk,Cold & Very Cold,16031950400,suburban/small town,15420,"Burley, ID Micro Area",M2
ID_CALDWELL(AWOS),726813,43.65,-116.633,740,-7,BSk,Cold & Very Cold,16027021100,suburban/small town,14260,"Boise City-Nampa, ID Metro Area",M1
ID_CHALLIS-AP,722142,44.523,-114.216,1534,-7,Dfb,Cold & Very Cold,16037960200,rural,,,
ID_COEUR-D-ALENE(AWOS),727834,47.767,-116.817,703,-8,Csb,Cold & Very Cold,16055000700,suburban/small town,17660,"Coeur d'Alene, ID Metro Area",M1
ID_DRIGGS-REED-MEM,720369,43.743,-111.098,1898,-7,Dfb,Cold & Very Cold,16081960100,rural,27220,"Jackson, WY-ID Micro Area",M2
ID_HAILEY-FRIEDMAN-MEM,725865,43.5,-114.3,1617,-7,Dsc,Cold & Very Cold,16013960100,rural,,,
ID_IDAHO-CO-AP,726873,45.943,-116.123,1010,-8,Cfb,Cold & Very Cold,16049960200,rural,,,
ID_IDAHO-FALLS-FANNING-FIELD,725785,43.52,-112.068,1442,-7,BSk,Cold & Very Cold,16019971301,suburban/small town,26820,"Idaho Falls, ID Metro Area",M1
ID_JEROME-CO,726816,42.727,-114.455,1226,-7,BSk,Cold & Very Cold,16053970500,rural,46300,"Twin Falls, ID Micro Area",M2
ID_JOSLIN-FLD-MAGIC-VA,725866,42.478,-114.477,1269,-7,BSk,Cold & Very Cold,16083000600,rural,46300,"Twin Falls, ID Micro Area",M2
ID_LEWISTON-NEZ-PERCE-CNTY-AP,727830,46.375,-117.015,435,-8,Csb,Cold & Very Cold,16069960700,suburban/small town,30300,"Lewiston, ID-WA Metro Area",M1
ID_LOWELL,725784,46.144,-115.596,451,-8,Csb,Cold & Very Cold,16049960100,rural,,,
ID_MCCALL-MUNI-AP,725864,44.894,-116.1,1531,-7,Dsb,Cold & Very Cold,16085970300,rural,,,
ID_MOUNTAIN-HOME-AFB,726815,43.05,-115.867,913,-7,Csa,Cold & Very Cold,16039960500,suburban/small town,34300,"Mountain Home, ID Micro Area",M2
ID_MULLAN-PASS-VOR,726817,47.455,-115.671,1834,-8,Dsb,Cold & Very Cold,16079960400,rural,,,
ID_NAMPA-MUNI-AP,720734,43.581,-116.523,773,-7,BSk,Cold & Very Cold,16027020401,suburban/small town,14260,"Boise City-Nampa, ID Metro Area",M1
ID_POCATELLO-RGNL-AP,725780,42.92,-112.572,1356,-7,BSk,Cold & Very Cold,16077960100,rural,38540,"Pocatello, ID Metro Area",M1
ID_REXBURG,726818,43.832,-111.808,1480,-7,Dfb,Cold & Very Cold,16065950200,suburban/small town,39940,"Rexburg, ID Micro Area",M2
ID_SALMON-LEMHI(AWOS),726865,45.117,-113.883,1232,-7,Dfb,Cold & Very Cold,16059970300,rural,,,
ID_SANDPOINT,720322,48.299,-116.56,648,-8,Dsb,Cold & Very Cold,16017950200,rural,,,
ID_STANLEY,726824,44.171,-114.927,1979,-7,Dsc,Cold & Very Cold,16037960200,rural,,,
IL_ALBERTUS,722082,42.246,-89.582,261,-6,Dfa,Cold & Very Cold,17177000600,rural,23300,"Freeport, IL Micro Area",M2
IL_AURORA-MUNI-AP,744655,41.771,-88.481,213,-6,Dfa,Cold & Very Cold,17089854504,suburban/small town,16980,"Chicago-Joliet-Naperville, IL-IN-WI Metro Area",M1
IL_BELLEVILLE-SCOTT-AFB,724338,38.55,-89.85,139,-6,Cfa,Mixed-Humid,17163503800,suburban/small town,41180,"St. Louis, MO-IL Metro Area",M1
IL_CAIRO,724975,37.064,-89.219,97,-6,Cfa,Mixed-Humid,17003957800,rural,16020,"Cape Girardeau-Jackson, MO-IL Metro Area",M1
IL_CARMI-MUNI-AP,722074,38.089,-88.123,118,-6,Cfa,Mixed-Humid,17193958200,rural,,,
IL_CENTRAL-ILLINOIS-RG,724397,40.483,-88.95,263,-6,Dfa,Cold & Very Cold,17113001103,lower density urban,14060,"Bloomington-Normal, IL Metro Area",M1
IL_CENTRALIA-MUNI,744657,38.515,-89.092,162,-6,Cfa,Mixed-Humid,17121952400,suburban/small town,16460,"Centralia, IL Micro Area",M2
IL_CHICAGO-LANSING,722126,41.54,-87.532,187,-6,Dfa,Cold & Very Cold,17031828506,lower density urban,16980,"Chicago-Joliet-Naperville, IL-IN-WI Metro Area",M1
IL_CHICAGO-NEXRAD,725348,41.604,-88.085,201,-6,Dfa,Cold & Very Cold,17197884101,suburban/small town,16980,"Chicago-Joliet-Naperville, IL-IN-WI Metro Area",M1
IL_CHICAGO-OHARE-IAP,725300,41.96,-87.932,204,-6,Dfa,Cold & Very Cold,17043840000,lower density urban,16980,"Chicago-Joliet-Naperville, IL-IN-WI Metro Area",M1
IL_CHICAGO-PALWAUKEE,744665,42.121,-87.905,191,-6,Dfa,Cold & Very Cold,17031802505,lower density urban,16980,"Chicago-Joliet-Naperville, IL-IN-WI Metro Area",M1
IL_CHICAGO-WAUKEGAN,725347,42.425,-87.863,216,-6,Dfa,Cold & Very Cold,17097860400,lower density urban,16980,"Chicago-Joliet-Naperville, IL-IN-WI Metro Area",M1
IL_DE-KALB-TAYLOR-MUNI,722075,41.932,-88.708,278,-6,Dfa,Cold & Very Cold,17037000800,suburban/small town,16980,"Chicago-Joliet-Naperville, IL-IN-WI Metro Area",M1
IL_DECATUR,725316,39.831,-88.872,205,-6,Dfa,Cold & Very Cold,17115002300,suburban/small town,19500,"Decatur, IL Metro Area",M1
IL_FAIRFIELD,744656,38.379,-88.413,132,-6,Cfa,Mixed-Humid,17191955300,rural,,,
IL_FLORA,744658,38.665,-88.453,143,-6,Cfa,Mixed-Humid,17025972100,rural,,,
IL_GALESBURG-AP,722089,40.933,-90.433,232,-6,Dfa,Cold & Very Cold,17095000500,rural,23660,"Galesburg, IL Micro Area",M2
IL_GREATER-KANKAKEE-AP,722127,41.071,-87.846,191,-6,Dfa,Cold & Very Cold,17091012600,rural,28100,"Kankakee-Bradley, IL Metro Area",M1
IL_GREATER-PEORIA-AP,725320,40.667,-89.684,199,-6,Dfa,Cold & Very Cold,17143004801,suburban/small town,37900,"Peoria, IL Metro Area",M1
IL_HARRISBURG,744652,37.811,-88.549,120,-6,Cfa,Mixed-Humid,17165955600,rural,25380,"Harrisburg, IL Micro Area",M2
IL_JACKSONVILLE,744666,39.78,-90.238,190,-6,Dfa,Cold & Very Cold,17137951500,rural,27300,"Jacksonville, IL Micro Area",M2
IL_JOLIET-RGNL-AP,725345,41.5,-88.167,177,-6,Dfa,Cold & Very Cold,17197883211,suburban/small town,16980,"Chicago-Joliet-Naperville, IL-IN-WI Metro Area",M1
IL_LAWRENCEVILLE-VINCEN,725342,38.76,-87.599,130,-6,Cfa,Mixed-Humid,17101880700,rural,,,
IL_LINCOLN,744672,40.158,-89.335,182,-6,Dfa,Cold & Very Cold,17107953200,rural,30660,"Lincoln, IL Micro Area",M2
IL_LITCHFIELD,722972,39.163,-89.675,210,-6,Cfa,Mixed-Humid,17135957600,rural,,,
IL_MACOMB-AP,722157,40.52,-90.652,215,-6,Dfa,Cold & Very Cold,17109011000,rural,31380,"Macomb, IL Micro Area",M2
IL_MARION-RGNL-AP,724339,37.75,-89.0,140,-6,Cfa,Mixed-Humid,17199021000,suburban/small town,32060,"Marion-Herrin, IL Micro Area",M2
IL_MATTOON-CHARLESTON,725317,39.474,-88.272,216,-6,Cfa,Cold & Very Cold,17029000200,rural,16660,"Charleston-Mattoon, IL Micro Area",M2
IL_METROPOLIS-MUNI-AP,720170,37.186,-88.751,117,-6,Cfa,Mixed-Humid,17127970100,rural,37140,"Paducah, KY-IL Micro Area",M2
IL_MOLINE-QUAD-CITY-IAP,725440,41.448,-90.524,175,-6,Dfa,Cold & Very Cold,17161024300,suburban/small town,19340,"Davenport-Moline-Rock Island, IA-IL Metro Area",M1
IL_MORRIS-AP,720137,41.425,-88.419,178,-6,Dfa,Cold & Very Cold,17063000200,rural,16980,"Chicago-Joliet-Naperville, IL-IN-WI Metro Area",M1
IL_MOUNT-CARMEL,720330,38.607,-87.727,161,-6,Cfa,Mixed-Humid,17101880800,rural,,,
IL_MOUNT-VERNON(AWOS),724335,38.323,-88.858,146,-6,Cfa,Mixed-Humid,17081050800,rural,34500,"Mount Vernon, IL Micro Area",M2
IL_OLNEY-NOBLE,744659,38.722,-88.176,146,-6,Cfa,Mixed-Humid,17159977900,rural,,,
IL_PARIS-AP,722172,39.7,-87.669,199,-6,Cfa,Cold & Very Cold,17045070100,rural,,,
IL_PERU-AP,722149,41.352,-89.153,199,-6,Dfa,Cold & Very Cold,17099963100,rural,36860,"Ottawa-Streator, IL Micro Area",M2
IL_PITTSFIELD,744663,39.639,-90.778,216,-6,Dfa,Cold & Very Cold,17149952700,rural,,,
IL_PONTIAC-AP,722171,40.924,-88.624,200,-6,Dfa,Cold & Very Cold,17105960500,rural,38700,"Pontiac, IL Micro Area",M2
IL_QUINCY-RGNL-BALDWIN-FLD-AP,724430,39.937,-91.197,231,-6,Dfa,Cold & Very Cold,17001010400,rural,39500,"Quincy, IL-MO Micro Area",M2
IL_RANTOUL-FRANK-ELL,722194,40.293,-88.142,224,-6,Dfa,Cold & Very Cold,17019010300,suburban/small town,16580,"Champaign-Urbana, IL Metro Area",M1
IL_ROBINSON,720319,39.016,-87.65,140,-6,Cfa,Mixed-Humid,17033880500,rural,,,
IL_ROCHELLE-AP,722182,41.893,-89.078,238,-6,Dfa,Cold & Very Cold,17141961600,rural,40300,"Rochelle, IL Micro Area",M2
IL_SALEM-LECKRONE,724330,38.65,-88.967,173,-6,Cfa,Mixed-Humid,17121951600,rural,16460,"Centralia, IL Micro Area",M2
IL_SAVANNA-TRI-TOWNSHI,722204,42.046,-90.108,187,-6,Dfa,Cold & Very Cold,17015960200,rural,,,
IL_SOUTHERN-ILLINOIS,724336,37.783,-89.245,122,-6,Cfa,Mixed-Humid,17077010800,suburban/small town,16060,"Carbondale, IL Micro Area",M2
IL_SPARTA,744653,38.149,-89.699,164,-6,Cfa,Mixed-Humid,17157950600,rural,,,
IL_ST-LOUIS-RGNL-AP,724395,38.883,-90.05,165,-6,Cfa,Mixed-Humid,17119401901,suburban/small town,41180,"St. Louis, MO-IL Metro Area",M1
IL_STERLING-ROCKFALLS,725326,41.743,-89.676,197,-6,Dfa,Cold & Very Cold,17195001800,rural,44580,"Sterling, IL Micro Area",M2
IL_TAYLORSVILLE,744662,39.534,-89.328,189,-6,Dfa,Mixed-Humid,17021959000,rural,45380,"Taylorville, IL Micro Area",M2
IL_UNIV-OF-ILLINOIS-WI,725315,40.032,-88.275,226,-6,Dfa,Cold & Very Cold,17019010900,suburban/small town,16580,"Champaign-Urbana, IL Metro Area",M1
IL_VERMILION-CO,722076,40.2,-87.6,202,-6,Dfa,Cold & Very Cold,17183010400,rural,19180,"Danville, IL Metro Area",M1
IL_W-CHICAGO-DUPAGE,725305,41.896,-88.251,228,-6,Dfa,Cold & Very Cold,17043841501,lower density urban,16980,"Chicago-Joliet-Naperville, IL-IN-WI Metro Area",M1
IN_ANDERSON-MUNI-AP,724385,40.117,-85.617,274,-5,Dfa,Cold & Very Cold,18095011200,suburban/small town,11300,"Anderson, IN Metro Area",M1
IN_COLUMBUS-BAKALAR,724363,39.267,-85.9,200,-5,Cfa,Cold & Very Cold,18005010400,suburban/small town,18020,"Columbus, IN Metro Area",M1
IN_DAVIESS-CO,720903,38.7,-87.13,143,-5,Cfa,Mixed-Humid,18027954400,rural,47780,"Washington, IN Micro Area",M2
IN_DE-KALB-CO-AP,720543,41.3,-85.067,268,-5,Dfa,Cold & Very Cold,18033020700,rural,12140,"Auburn, IN Micro Area",M2
IN_DELAWARE-CO-JOHNSON,725336,40.235,-85.394,285,-5,Dfa,Cold & Very Cold,18035002601,suburban/small town,34620,"Muncie, IN Metro Area",M1
IN_EAGLE-CREEK,724384,39.825,-86.296,247,-5,Cfa,Cold & Very Cold,18097310111,lower density urban,26900,"Indianapolis-Carmel, IN Metro Area",M1
IN_ELKHART-MUNI,725354,41.717,-85.983,237,-5,Dfa,Cold & Very Cold,18039001601,lower density urban,21140,"Elkhart-Goshen, IN Metro Area",M1
IN_EVANSVILLE-RGNL-AP,724320,38.05,-87.515,122,-6,Cfa,Mixed-Humid,18163010202,lower density urban,21780,"Evansville, IN-KY Metro Area",M1
IN_FULTON-CO-AP,720736,41.066,-86.182,241,-5,Dfa,Cold & Very Cold,18049953000,rural,,,
IN_GARY-CHICAGO,725337,41.617,-87.417,180,-6,Dfa,Cold & Very Cold,18089010304,lower density urban,16980,"Chicago-Joliet-Naperville, IL-IN-WI Metro Area",M1
IN_GOSHEN,724388,41.527,-85.787,251,-5,Dfa,Cold & Very Cold,18039000301,suburban/small town,21140,"Elkhart-Goshen, IN Metro Area",M1
IN_GRISSOM-ARB,725335,40.65,-86.15,247,-5,Dfa,Cold & Very Cold,18103952900,suburban/small town,37940,"Peru, IN Micro Area",M2
IN_HUNTINGBURG,724365,38.249,-86.954,161,-5,Cfa,Mixed-Humid,18037953700,rural,27540,"Jasper, IN Micro Area",M2
IN_INDIANAPOLIS-EXEC-AP,720575,40.031,-86.251,281,-5,Dfa,Cold & Very Cold,18011810601,suburban/small town,26900,"Indianapolis-Carmel, IN Metro Area",M1
IN_JASPER-CO-AP,744660,40.948,-87.183,212,-5,Dfa,Cold & Very Cold,18073101100,rural,16980,"Chicago-Joliet-Naperville, IL-IN-WI Metro Area",M1
IN_KNOX-STARKE-CO-AP,720593,41.333,-86.667,208,-6,Dfa,Cold & Very Cold,18149953700,rural,,,
IN_KOKOMO(AWOS),724387,40.528,-86.059,253,-5,Dfa,Cold & Very Cold,18067010200,suburban/small town,29020,"Kokomo, IN Metro Area",M1
IN_LA-PORTE-MUNI,721029,41.572,-86.735,247,-6,Dfa,Cold & Very Cold,18091042400,suburban/small town,33140,"Michigan City-La Porte, IN Metro Area",M1
IN_LAFAYETTE-PURDUE-UNIV-AP,724386,40.412,-86.947,181,-5,Dfa,Cold & Very Cold,18157010600,rural,29140,"Lafayette, IN Metro Area",M1
IN_LOGANSPORT-CASS-CO,720961,40.711,-86.375,225,-6,Dfa,Cold & Very Cold,18017951800,rural,30900,"Logansport, IN Micro Area",M2
IN_MARION-MUNI-AP,744214,40.483,-85.683,263,-5,Dfa,Cold & Very Cold,18053010200,rural,31980,"Marion, IN Micro Area",M2
IN_MICHIGAN-CITY-MUNI-AP,726358,41.703,-86.821,200,-5,Dfa,Cold & Very Cold,18091041300,suburban/small town,33140,"Michigan City-La Porte, IN Metro Area",M1
IN_MONROE-CO,724375,39.143,-86.617,253,-5,Cfa,Mixed-Humid,18105001200,rural,14020,"Bloomington, IN Metro Area",M1
IN_PORTER-CO-MUNI,725327,41.454,-86.998,234,-6,Dfa,Cold & Very Cold,18127051002,suburban/small town,16980,"Chicago-Joliet-Naperville, IL-IN-WI Metro Area",M1
IN_SHELBYVILLE-MUNI,724356,39.585,-85.8,244,-5,Dfa,Cold & Very Cold,18145710300,rural,26900,"Indianapolis-Carmel, IN Metro Area",M1
IN_SOUTH-BEND-MICHIANA-RGNL-A,725350,41.707,-86.316,235,-5,Dfa,Cold & Very Cold,18141011000,suburban/small town,43780,"South Bend-Mishawaka, IN-MI Metro Area",M1
IN_TERRE-HAUTE-HULMAN-RGNL-AP,724373,39.443,-87.322,172,-5,Cfa,Cold & Very Cold,18167010600,suburban/small town,45460,"Terre Haute, IN Metro Area",M1
IN_WARSAW-MUNI-AP,720266,41.275,-85.84,259,-5,Dfa,Cold & Very Cold,18085961700,suburban/small town,47700,"Warsaw, IN Micro Area",M2
KS_ATKINSON-MUNICIPAL-AP,720436,37.45,-94.733,290,-6,Dfb,Mixed-Humid,20037956900,rural,38260,"Pittsburg, KS Micro Area",M2
KS_ATWOOD-RAWLNS-CO-CTY-CO-AP,720421,39.84,-101.042,911,-6,Dfb,Cold & Very Cold,20153950600,rural,,,
KS_CHANUTE-MARTIN-JOHNSON-AP,724507,37.671,-95.485,298,-6,Cfa,Mixed-Humid,20133951800,rural,,,
KS_CHEYENNE-CO-MUNI-S,720437,39.767,-101.8,1040,-6,BSk,Cold & Very Cold,20023950200,rural,,,
KS_COFFEY-CO-AP,722005,38.302,-95.725,357,-6,Cfa,Mixed-Humid,20031966100,rural,,,
KS_COFFEYVILLE-MUNI,724519,37.091,-95.573,227,-6,Cfa,Mixed-Humid,20125950700,rural,17700,"Coffeyville, KS Micro Area",M2
KS_CONCORDIA-BLOSSER-MUNI-AP,724580,39.551,-97.651,444,-6,Dfa,Cold & Very Cold,20029977200,rural,,,
KS_DODGE-CITY-RGNL-AP,724510,37.771,-99.969,785,-6,Cfa,Mixed-Humid,20057961800,rural,19980,"Dodge City, KS Micro Area",M2
KS_ELKHART-MORTON-CO,724604,37.0,-101.883,1104,-6,BSk,Mixed-Humid,20129964600,rural,,,
KS_EMPORIA-MUNI-AP,724556,38.329,-96.195,366,-6,Cfa,Mixed-Humid,20111000700,rural,21380,"Emporia, KS Micro Area",M2
KS_FT-RILEY-MARSHALL-AAF,724550,39.05,-96.767,324,-6,Cfa,Mixed-Humid,20061000600,rural,31740,"Manhattan, KS Metro Area",M1
KS_GARDEN-CITY-MUNI-AP,724515,37.922,-100.724,877,-6,BSk,Mixed-Humid,20055960100,rural,23780,"Garden City, KS Micro Area",M2
KS_GOODLAND-RENNER-FIELD,724650,39.367,-101.693,1110,-7,BSk,Cold & Very Cold,20181453700,rural,,,
KS_GREAT-BEND(AWOS),724517,38.35,-98.867,573,-6,Cfa,Mixed-Humid,20009971800,rural,24460,"Great Bend, KS Micro Area",M2
KS_HAYS-MUNI(AWOS),724518,38.85,-99.267,609,-6,Cfa,Cold & Very Cold,20051072702,rural,25700,"Hays, KS Micro Area",M2
KS_HILL-CITY-MUNI-AP,724655,39.374,-99.83,667,-6,Cfa,Cold & Very Cold,20065952200,rural,,,
KS_HUGOTON-MUNI,720425,37.163,-101.371,954,-6,Dfb,Mixed-Humid,20189965200,rural,,,
KS_HUTCHINSON-MUNI-AP,724506,38.068,-97.861,463,-6,Cfa,Mixed-Humid,20155001100,rural,26740,"Hutchinson, KS Micro Area",M2
KS_INDEPENDENT-MUNICIPAL-AP,720426,37.158,-95.778,251,-6,Dfb,Mixed-Humid,20125950700,rural,17700,"Coffeyville, KS Micro Area",M2
KS_JOHNSON-(STANTON-CO-MUNI),720417,37.583,-101.733,1013,-6,Dfb,Mixed-Humid,20187964100,rural,,,
KS_LAWRENCE-MUNI-AP,724508,39.008,-95.212,251,-6,Cfa,Mixed-Humid,20045000100,suburban/small town,29940,"Lawrence, KS Metro Area",M1
KS_LIBERAL-MUNI,724516,37.05,-100.967,875,-6,BSk,Mixed-Humid,20175965800,suburban/small town,30580,"Liberal, KS Micro Area",M2
KS_LYONS-RICE-CO-MUNI,720781,38.343,-98.227,515,-6,Cfa,Mixed-Humid,20159967200,rural,,,
KS_MANHATTAN-RGNL-AP,724555,39.135,-96.679,319,-6,Cfa,Mixed-Humid,20161000900,suburban/small town,31740,"Manhattan, KS Metro Area",M1
KS_MEDICINE-LODGE-ASOS,724520,37.284,-98.553,467,-6,Cfa,Mixed-Humid,20007968100,rural,,,
KS_NEWTON(AWOS),724509,38.068,-97.275,467,-6,Cfa,Mixed-Humid,20079030500,rural,48620,"Wichita, KS Metro Area",M1
KS_NORTON-MUNI,720433,39.85,-99.895,726,-6,Dfb,Cold & Very Cold,20137951700,rural,,,
KS_OAKLEY-MUNI,720434,39.11,-100.816,928,-6,Dfb,Cold & Very Cold,20109954600,rural,,,
KS_OLATHE-JOHNSON-CO-INDUSTRL,724475,38.822,-94.89,321,-6,Cfa,Mixed-Humid,20091053711,suburban/small town,28140,"Kansas City, MO-KS Metro Area",M1
KS_OLATHE-JOHNSON-CO,724468,38.85,-94.739,327,-6,Cfa,Mixed-Humid,20091053406,suburban/small town,28140,"Kansas City, MO-KS Metro Area",M1
KS_PARSONS-TRI-CITY,745431,37.328,-95.504,263,-6,Cfa,Mixed-Humid,20099950500,rural,37660,"Parsons, KS Micro Area",M2
KS_PRATT-MUNI-AP,745430,37.702,-98.747,595,-6,Cfa,Mixed-Humid,20151968600,rural,,,
KS_RUSSELL-MUNI-AP,724585,38.873,-98.809,568,-6,Cfa,Mixed-Humid,20167973800,rural,,,
KS_SALINA-MUNI-AP,724586,38.78,-97.644,385,-6,Cfa,Mixed-Humid,20169000600,rural,41460,"Salina, KS Micro Area",M2
KS_SCOTT-CITY-MUNI,720438,38.474,-100.885,903,-6,BSk,Cold & Very Cold,20171957100,rural,,,
KS_SHALTZ-FIELD-AP,720422,39.428,-101.046,971,-6,Dfb,Cold & Very Cold,20193953100,rural,,,
KS_TOPEKA-FORBES-FIELD,724565,38.941,-95.651,315,-6,Cfa,Mixed-Humid,20177003700,suburban/small town,45820,"Topeka, KS Metro Area",M1
KS_ULYSSES,720439,37.604,-101.374,934,-6,BSk,Mixed-Humid,20067963700,rural,,,
KS_WICHITA-COL-JABARA,724504,37.75,-97.219,428,-6,Cfa,Mixed-Humid,20173010116,suburban/small town,48620,"Wichita, KS Metro Area",M1
KS_WICHITA-MID-CONTINENT-AP,724500,37.648,-97.43,401,-6,Cfa,Mixed-Humid,20173009200,suburban/small town,48620,"Wichita, KS Metro Area",M1
KS_WINFIELD-ARK-CITY,724502,37.165,-97.035,351,-6,Cfa,Mixed-Humid,20035493300,rural,49060,"Winfield, KS Micro Area",M2
KY_ADDINGTON-FLD,720451,37.686,-85.925,236,-6,BSk,Mixed-Humid,21093001700,rural,21060,"Elizabethtown, KY Metro Area",M1
KY_ASHLAND-RGNL,720449,38.555,-82.738,166,-6,BSk,Mixed-Humid,21089040300,suburban/small town,26580,"Huntington-Ashland, WV-KY-OH Metro Area",M1
KY_BIG-SANDY-REGIONAL-AP,720458,37.751,-82.637,372,-5,Cfa,Mixed-Humid,21159950200,rural,,,
KY_BOWLING-GREEN-WARREN-CO-AP,746716,36.965,-86.424,159,-6,Cfa,Mixed-Humid,21227011401,suburban/small town,14540,"Bowling Green, KY Metro Area",M1
KY_CAMPBELLVILLE-TAYLOR-CO,720445,37.358,-85.309,280,-6,BSk,Mixed-Humid,21217920500,rural,15820,"Campbellsville, KY Micro Area",M2
KY_CAPITAL-CITY-AP,724233,38.185,-84.904,236,-5,Cfa,Mixed-Humid,21073070401,suburban/small town,23180,"Frankfort, KY Micro Area",M2
KY_CINCINNATI-NORTHERN-KY-AP,724210,39.044,-84.672,262,-5,Cfa,Mixed-Humid,21015980100,lower density urban,17140,"Cincinnati-Middletown, OH-KY-IN Metro Area",M1
KY_FLEMING-MASON-AP,720452,38.542,-83.743,278,-6,BSk,Mixed-Humid,21161960100,rural,32500,"Maysville, KY Micro Area",M2
KY_FORT-CAMPBELL(AAF),746710,36.667,-87.483,174,-6,Cfa,Mixed-Humid,21047201503,lower density urban,17300,"Clarksville, TN-KY Metro Area",M1
KY_FORT-KNOX-GODMAN-AAF,724240,37.9,-85.967,230,-5,Cfa,Mixed-Humid,21093980100,suburban/small town,21060,"Elizabethtown, KY Metro Area",M1
KY_GLASGOW,722322,37.033,-85.95,218,-6,Cfa,Mixed-Humid,21009950300,rural,23980,"Glasgow, KY Micro Area",M2
KY_HENDERSON-CITY,724238,37.8,-87.683,118,-6,Cfa,Mixed-Humid,21101020900,rural,21780,"Evansville, IN-KY Metro Area",M1
KY_JULIAN-CARROLL-AP,724190,37.591,-83.314,413,-5,Cfa,Mixed-Humid,21025920400,rural,,,
KY_KYLE-OAKLEY-FIELD-AP,720447,36.665,-88.373,176,-6,BSk,Mixed-Humid,21035010200,rural,34660,"Murray, KY Micro Area",M2
KY_LONDON-CORBIN-AP,724243,37.09,-84.069,360,-5,Cfa,Mixed-Humid,21125970700,suburban/small town,30940,"London, KY Micro Area",M2
KY_LOUISVILLE-STANDIFORD-FIEL,724230,38.177,-85.731,146,-5,Cfa,Mixed-Humid,21111980100,lower density urban,31140,"Louisville/Jefferson County, KY-IN Metro Area",M1
KY_MADISON-RICHMOND,720455,37.633,-84.333,30,-5,,Mixed-Humid,21151011400,rural,40080,"Richmond-Berea, KY Micro Area",M2
KY_MIDDLESBORO,720353,36.611,-83.738,351,-5,Cfa,Mixed-Humid,21013960700,suburban/small town,33180,"Middlesborough, KY Micro Area",M2
KY_MT-STERLING-MONTG,720456,38.067,-83.983,311,-5,Cfa,Mixed-Humid,21173920301,rural,34460,"Mount Sterling, KY Micro Area",M2
KY_OWENSBORO-DAVIESS-C,724237,37.75,-87.167,122,-6,Cfa,Mixed-Humid,21059001701,suburban/small town,36980,"Owensboro, KY Metro Area",M1
KY_PADUCAH-BARKLEY-RGNL-AP,724350,37.056,-88.774,124,-6,Cfa,Mixed-Humid,21145031500,rural,37140,"Paducah, KY-IL Micro Area",M2
KY_PIKE-CO-HATCHER-FLD,720464,37.562,-82.566,449,-6,Cfa,Mixed-Humid,21195930200,rural,,,
KY_SAMUELS-FLD-BARDSTOWN,720446,37.814,-85.5,203,-6,BSk,Mixed-Humid,21179930301,rural,31140,"Louisville/Jefferson County, KY-IN Metro Area",M1
KY_SOMERSET-PULASKI-CO,724354,37.054,-84.615,282,-5,Cfa,Mixed-Humid,21199930600,suburban/small town,43700,"Somerset, KY Micro Area",M2
KY_STUART-POWELL-FIELD-AP,720448,37.578,-84.77,312,-6,BSk,Mixed-Humid,21137920102,rural,19220,"Danville, KY Micro Area",M2
KY_STURGIS-AAF-KY,749077,37.541,-87.952,11,-6,,Mixed-Humid,21225950300,rural,,,
KY_WAYNE-CO,720379,36.855,-84.856,293,-5,Cfa,Mixed-Humid,21231920200,rural,,,
KY_WENDELL-H-FORD-ARPT,720457,37.387,-83.262,383,-6,Cfa,Mixed-Humid,21193970300,rural,,,
KY_WILLIAMSBURG-(WHITLEY-CO-A,720465,36.8,-84.2,358,-6,Cfa,Mixed-Humid,21235920400,rural,18340,"Corbin, KY Micro Area",M2
LA_ABBEVILLE-C-CRUSTA-MEM-AP,720587,29.976,-92.084,15,-6,Cfa,Hot-Humid,22113950902,rural,10020,"Abbeville, LA Micro Area",M2
LA_ALEXANDRIA-ESLER-RGNL-AP,722487,31.396,-92.283,26,-6,Cfa,Hot-Humid,22079013700,suburban/small town,10780,"Alexandria, LA Metro Area",M1
LA_ALEXANDRIA-IAP,747540,31.335,-92.558,25,-6,Cfa,Hot-Humid,22079980000,lower density urban,10780,"Alexandria, LA Metro Area",M1
LA_ALLEN-PARISH-AP,720346,30.75,-92.688,32,-6,Cfa,Hot-Humid,22003950400,rural,,,
LA_BARKSDALE-AFB,722485,32.5,-93.667,50,-6,Cfa,Hot-Humid,22015010900,suburban/small town,43340,"Shreveport-Bossier City, LA Metro Area",M1
LA_DE-RIDDER,722334,30.833,-93.333,62,-6,Cfa,Hot-Humid,22011960500,rural,19760,"DeRidder, LA Micro Area",M2
LA_FALSE-RIVER-RGNL-AP,720967,30.718,-91.479,12,-6,Cfa,Hot-Humid,22077951900,rural,12940,"Baton Rouge, LA Metro Area",M1
LA_FORT-POLK-AAF,722390,31.05,-93.183,100,-6,Cfa,Hot-Humid,22115950701,rural,22860,"Fort Polk South, LA Micro Area",M2
LA_FULLERTON-LANDING-ST,722821,31.022,-92.911,94,-6,Cfa,Hot-Humid,22115950701,rural,22860,"Fort Polk South, LA Micro Area",M2
LA_GALLIANO-LAFOURCHE,722041,29.445,-90.261,0,-6,Cfa,Hot-Humid,22057021100,rural,26380,"Houma-Bayou Cane-Thibodaux, LA Metro Area",M1
LA_GEORGE-R-CARR-MEM-AIR,720467,30.817,-89.867,36,-6,Cfa,Hot-Humid,22117950101,rural,14220,"Bogalusa, LA Micro Area",M2
LA_GRAND-CHEINER,722294,29.8,-92.804,2,-6,Cfa,Hot-Humid,22023970100,rural,29340,"Lake Charles, LA Metro Area",M1
LA_HAMMOND,722312,30.521,-90.418,13,-6,Cfa,Hot-Humid,22105954002,suburban/small town,25220,"Hammond, LA Micro Area",M2
LA_HOUMA-TERREBONNE-AP,722406,29.566,-90.66,2,-6,Cfa,Hot-Humid,22109000700,lower density urban,26380,"Houma-Bayou Cane-Thibodaux, LA Metro Area",M1
LA_LAFAYETTE-RGNL-AP,722405,30.199,-91.99,10,-6,Cfa,Hot-Humid,22055980000,lower density urban,29180,"Lafayette, LA Metro Area",M1
LA_LAKE-CHARLES-RGNL-AP,722400,30.126,-93.228,2,-6,Cfa,Hot-Humid,22019980100,lower density urban,29340,"Lake Charles, LA Metro Area",M1
LA_LAKE-CHARLES-WB-AP,722404,30.21,-93.143,5,-6,Cfa,Hot-Humid,22019980000,rural,29340,"Lake Charles, LA Metro Area",M1
LA_LOUISIANA-RGNL-AP,721046,30.173,-90.941,4,-6,Cfa,Hot-Humid,22005030600,suburban/small town,12940,"Baton Rouge, LA Metro Area",M1
LA_MINDEN-AP,720739,32.646,-93.298,85,-6,Cfa,Hot-Humid,22119031600,rural,33380,"Minden, LA Micro Area",M2
LA_MONROE-RGNL-AP,722486,32.516,-92.03,22,-6,Cfa,Hot-Humid,22073980000,suburban/small town,33740,"Monroe, LA Metro Area",M1
LA_MOREHOUSE-MUNI,722253,32.756,-91.881,50,-6,Cfa,Mixed-Humid,22067950200,rural,12820,"Bastrop, LA Micro Area",M2
LA_NATCHITOCHES,722319,31.736,-93.099,36,-6,Cfa,Hot-Humid,22069000600,rural,35060,"Natchitoches, LA Micro Area",M2
LA_NEW-IBERIA-ACADIANA,722314,30.029,-91.885,4,-6,Cfa,Hot-Humid,22045030301,suburban/small town,35340,"New Iberia, LA Micro Area",M2
LA_NEW-ORLEANS-CALLENDER-FIEL,722316,29.817,-90.017,0,-6,Cfa,Hot-Humid,22075050300,suburban/small town,35380,"New Orleans-Metairie-Kenner, LA Metro Area",M1
LA_NEW-ORLEANS-IAP,722310,29.998,-90.278,-1,-6,Cfa,Hot-Humid,22051980000,lower density urban,35380,"New Orleans-Metairie-Kenner, LA Metro Area",M1
LA_PATTERSON-MEM,722329,29.717,-91.333,2,-6,Cfa,Hot-Humid,22101040800,rural,34020,"Morgan City, LA Micro Area",M2
LA_PEASON-RIDGE-FT-POL,722820,31.357,-93.176,115,-6,Cfa,Hot-Humid,22115950200,rural,22860,"Fort Polk South, LA Micro Area",M2
LA_RUSTON-RGNL-AP,722251,32.514,-92.588,94,-6,Cfa,Hot-Humid,22061960600,rural,40820,"Ruston, LA Micro Area",M2
LA_SALT-POINT,722403,29.559,-91.525,1,-6,Cfa,Hot-Humid,22101040900,rural,34020,"Morgan City, LA Micro Area",M2
LA_SHREVEPORT-DOWNTOWN,722484,32.54,-93.746,52,-6,Cfa,Hot-Humid,22015010400,suburban/small town,43340,"Shreveport-Bossier City, LA Metro Area",M1
LA_SHREVEPORT-RGNL-AP,722480,32.447,-93.824,69,-6,Cfa,Hot-Humid,22017980000,rural,43340,"Shreveport-Bossier City, LA Metro Area",M1
LA_SLIDELL-MUN-LA,722330,30.344,-89.822,7,-6,Cfa,Hot-Humid,22103040701,suburban/small town,35380,"New Orleans-Metairie-Kenner, LA Metro Area",M1
LA_SOUTHLAND-FIELD-AP,722248,30.131,-93.376,3,-6,Cfa,Hot-Humid,22019003200,suburban/small town,29340,"Lake Charles, LA Metro Area",M1
LA_ST-LANDRY-PARISH-AIR,720468,30.558,-92.099,23,-6,Cfa,Hot-Humid,22097960600,rural,36660,"Opelousas-Eunice, LA Micro Area",M2
LA_VICKSBURG-TALLULAH,722488,32.348,-91.03,25,-6,Cfa,Hot-Humid,22065960100,rural,45260,"Tallulah, LA Micro Area",M2
MA_BARNSTABLE-MUNI-BOA,725067,41.672,-70.27,11,-5,Cfa,Cold & Very Cold,25001015300,lower density urban,12700,"Barnstable Town, MA Metro Area",M1
MA_BEVERLY-MUNI,725088,42.584,-70.915,27,-5,Dfb,Cold & Very Cold,25009217100,lower density urban,14460,"Boston-Cambridge-Quincy, MA-NH Metro Area",M1
MA_CHATHAM-MUNI-AP,725069,41.688,-69.993,18,-5,Cfa,Cold & Very Cold,25001010700,suburban/small town,12700,"Barnstable Town, MA Metro Area",M1
MA_CHICOPEE-FALLS-WEST,744910,42.2,-72.533,73,-5,Dfb,Cold & Very Cold,25013811302,suburban/small town,44140,"Springfield, MA Metro Area",M1
MA_FITCHBURG-MUNI,725107,42.555,-71.757,102,-5,Dfb,Cold & Very Cold,25027710100,lower density urban,49340,"Worcester, MA Metro Area",M1
MA_GEORGE-HARLOW-FLD,722256,42.098,-70.672,3,-5,Cfa,Cold & Very Cold,25023506203,suburban/small town,14460,"Boston-Cambridge-Quincy, MA-NH Metro Area",M1
MA_HARRIMAN-AND-WEST,725075,42.697,-73.17,197,-5,Dfb,Cold & Very Cold,25003921500,rural,38340,"Pittsfield, MA Metro Area",M1
MA_L-G-HANSCOM-FIELD,725059,42.47,-71.289,40,-5,Dfa,Cold & Very Cold,25017359300,suburban/small town,14460,"Boston-Cambridge-Quincy, MA-NH Metro Area",M1
MA_LAWRENCE-MUNI-AP,744904,42.712,-71.126,41,-5,Dfb,Cold & Very Cold,25009253201,lower density urban,14460,"Boston-Cambridge-Quincy, MA-NH Metro Area",M1
MA_MARTHAS-VINEYARD,725066,41.393,-70.616,17,-5,Cfa,Cold & Very Cold,25007200400,rural,,,
MA_NANTUCKET-MEM-AP,725060,41.254,-70.059,11,-5,Cfa,Cold & Very Cold,25019950400,suburban/small town,,,
MA_NEW-BEDFORD-RGNL-AP,725065,41.679,-70.959,22,-5,Cfa,Cold & Very Cold,25005650201,suburban/small town,39300,"Providence-New Bedford-Fall River, RI-MA Metro Area",M1
MA_NORWOOD-MEM,725098,42.191,-71.173,13,-5,Dfa,Cold & Very Cold,25021413100,lower density urban,14460,"Boston-Cambridge-Quincy, MA-NH Metro Area",M1
MA_ORANGE(ASOS),725085,42.57,-72.287,165,-5,Dfb,Cold & Very Cold,25011040502,rural,44140,"Springfield, MA Metro Area",M1
MA_OTIS-ANGB,725061,41.65,-70.517,39,-5,Cfa,Cold & Very Cold,25001014100,suburban/small town,12700,"Barnstable Town, MA Metro Area",M1
MA_PITTSFIELD-MUNI,744104,42.427,-73.289,351,-5,Dfb,Cold & Very Cold,25003900800,suburban/small town,38340,"Pittsfield, MA Metro Area",M1
MA_PLYMOUTH-MUNI-AP,725064,41.909,-70.728,42,-5,Cfa,Cold & Very Cold,25023530400,suburban/small town,14460,"Boston-Cambridge-Quincy, MA-NH Metro Area",M1
MA_PROVINCETOWN(AWOS),725073,42.072,-70.221,2,-5,Cfa,Cold & Very Cold,25001010100,rural,12700,"Barnstable Town, MA Metro Area",M1
MA_TAUNTON-MUNI-AP,725068,41.876,-71.021,8,-5,Cfa,Cold & Very Cold,25005614102,suburban/small town,39300,"Providence-New Bedford-Fall River, RI-MA Metro Area",M1
MA_WESTFIELD-BARNES-MUNI-AP,744915,42.16,-72.712,80,-5,Dfb,Cold & Very Cold,25013812500,suburban/small town,44140,"Springfield, MA Metro Area",M1
MD_ANDREWS-AFB-CAMP-SP,745940,38.817,-76.867,86,-5,Cfa,Mixed-Humid,24033801104,lower density urban,47900,"Washington-Arlington-Alexandria, DC-VA-MD-WV Metro Area",M1
MD_BAY-BRIDGE-AP,720384,38.967,-76.333,5,-5,Cfa,Mixed-Humid,24035810901,suburban/small town,12580,"Baltimore-Towson, MD Metro Area",M1
MD_CAMBRIDGE-DORCHESTER-AP,722218,38.533,-76.033,6,-5,Cfa,Mixed-Humid,24019970702,rural,15700,"Cambridge, MD Micro Area",M2
MD_CAMP-DAVID,722823,39.645,-77.468,563,-5,Cfa,Mixed-Humid,24021752900,rural,47900,"Washington-Arlington-Alexandria, DC-VA-MD-WV Metro Area",M1
MD_CARROLL-CO-RGNL-JACK_POAGE,720699,39.608,-77.008,24,-5,,Mixed-Humid,24013507500,rural,12580,"Baltimore-Towson, MD Metro Area",M1
MD_COLLEGE-PARK-AP,722244,38.981,-76.922,15,-5,Cfa,Mixed-Humid,24033807102,lower density urban,47900,"Washington-Arlington-Alexandria, DC-VA-MD-WV Metro Area",M1
MD_CUMBERLAND-RGNL-AP,720355,39.6,-78.767,236,-5,Cfa,Mixed-Humid,24001000200,rural,19060,"Cumberland, MD-WV Metro Area",M1
MD_EASTON-NEWMAN-FLD,724043,38.804,-76.069,22,-5,Cfa,Mixed-Humid,24041960501,rural,20660,"Easton, MD Micro Area",M2
MD_FREDERICK-MUNI-AP,722081,39.417,-77.383,92,-5,Cfa,Mixed-Humid,24021772200,lower density urban,47900,"Washington-Arlington-Alexandria, DC-VA-MD-WV Metro Area",M1
MD_GAITHERSBURG-MONTGOMERY-CO,720334,39.167,-77.167,164,-5,Cfa,Mixed-Humid,24031700105,lower density urban,47900,"Washington-Arlington-Alexandria, DC-VA-MD-WV Metro Area",M1
MD_HAGERSTOWN-RGNL-RIC,724066,39.706,-77.73,209,-5,Cfa,Mixed-Humid,24043010300,suburban/small town,25180,"Hagerstown-Martinsburg, MD-WV Metro Area",M1
MD_MARTIN-STATE,724067,39.333,-76.417,6,-5,Cfa,Mixed-Humid,24005451600,lower density urban,12580,"Baltimore-Towson, MD Metro Area",M1
MD_OCEAN-CITY-MUNI-APT,745946,38.309,-75.123,1,-5,Cfa,Mixed-Humid,24047951700,rural,36180,"Ocean Pines, MD Micro Area",M2
MD_PATUXENT-RIVER-NAS,724040,38.3,-76.417,11,-5,Cfa,Mixed-Humid,24037875801,suburban/small town,30500,"Lexington Park, MD Micro Area",M2
MD_PHILLIPS-AAF,724057,39.472,-76.17,17,-5,Cfa,Mixed-Humid,24025306500,suburban/small town,12580,"Baltimore-Towson, MD Metro Area",M1
MD_SALBRY-OCEAN-CTY-RGNL-AP,723980,38.341,-75.513,14,-5,Cfa,Mixed-Humid,24045010606,rural,41540,"Salisbury, MD Metro Area",M1
MD_TIPTON,724065,39.085,-76.759,45,-5,Cfa,Mixed-Humid,24003740603,suburban/small town,12580,"Baltimore-Towson, MD Metro Area",M1
MD_US-NAVAL-ACADEMY,722158,38.99,-76.48,2,-5,Cfa,Mixed-Humid,24003730901,lower density urban,12580,"Baltimore-Towson, MD Metro Area",M1
MD_WEBSTER-NOLF,725514,38.142,-76.429,6,-5,Cfa,Mixed-Humid,24037876200,rural,30500,"Lexington Park, MD Micro Area",M2
ME_AUBURN-LEWISTON,726184,44.05,-70.283,87,-5,Dfb,Cold & Very Cold,23001010700,suburban/small town,30340,"Lewiston-Auburn, ME Metro Area",M1
ME_BANGOR-IAP,726070,44.798,-68.819,44,-5,Dfb,Cold & Very Cold,23019000700,suburban/small town,12620,"Bangor, ME Metro Area",M1
ME_BAR-HARBOR(AWOS),726077,44.45,-68.367,26,-5,Dfb,Cold & Very Cold,23009966700,rural,,,
ME_CARIBOU-MUNI-AP,727120,46.87,-68.017,188,-5,Dfb,Cold & Very Cold,23003951200,rural,,,
ME_CLAYTON-LAKE,727119,46.617,-69.533,304,-5,Dfb,Cold & Very Cold,23003950700,rural,,,
ME_EASTERN-SLOPES-RGNL-AP,726183,43.99,-70.95,137,-5,Dfb,Cold & Very Cold,23017966700,rural,,,
ME_GREENVILLE,726190,45.462,-69.596,311,-5,Dfb,Cold & Very Cold,23021960301,rural,,,
ME_HOULTON-IAP,727033,46.118,-67.793,146,-5,Dfb,Cold & Very Cold,23003952400,rural,,,
ME_MILLINOCKET-MUNI-AP,726196,45.648,-68.692,122,-5,Dfb,Cold & Very Cold,23019030000,rural,12620,"Bangor, ME Metro Area",M1
ME_NORTHERN-AROOSTOOK,726083,47.285,-68.307,300,-5,Dfb,Cold & Very Cold,23003950400,rural,,,
ME_PORTLAND-INTL-JETPORT,726060,43.642,-70.304,13,-5,Dfb,Cold & Very Cold,23005003000,suburban/small town,38860,"Portland-South Portland-Biddeford, ME Metro Area",M1
ME_PRESQUE-ISLE-MUNI-AP,727130,46.683,-68.05,162,-5,Dfb,Cold & Very Cold,23003952000,rural,,,
ME_ROCKLAND-KNOX(AWOS),726079,44.067,-69.1,14,-5,Dfb,Cold & Very Cold,23013970800,rural,40500,"Rockland, ME Micro Area",M2
ME_SANFORD-MUNI(AWOS),726064,43.394,-70.708,74,-5,Dfb,Cold & Very Cold,23031030300,rural,38860,"Portland-South Portland-Biddeford, ME Metro Area",M1
ME_STEVEN-BEAN-MUNI,720472,44.992,-70.665,556,-5,Dfb,Cold & Very Cold,23007970601,rural,,,
ME_WATERVILLE(AWOS),726073,44.533,-69.667,94,-5,Dfb,Cold & Very Cold,23011024200,suburban/small town,12300,"Augusta-Waterville, ME Micro Area",M2
ME_WISCASSET,727135,43.964,-69.711,16,-5,Dfb,Cold & Very Cold,23015975500,rural,,,
MI_ADRIAN,725404,41.868,-84.079,244,-5,Dfb,Cold & Very Cold,26091061700,rural,10300,"Adrian, MI Micro Area",M2
MI_ALMA,725405,43.322,-84.688,227,-5,Dfb,Cold & Very Cold,26057000200,rural,10940,"Alma, MI Micro Area",M2
MI_ALPENA-COUNTY-RGNL-AP,726390,45.072,-83.565,208,-5,Dfb,Cold & Very Cold,26007000200,rural,10980,"Alpena, MI Micro Area",M2
MI_ANN-ARBOR-MUNI-AP,725374,42.224,-83.74,250,-5,Dfa,Cold & Very Cold,26161415600,lower density urban,11460,"Ann Arbor, MI Metro Area",M1
MI_ANTRIM-CO-AP,727436,44.986,-85.203,189,-5,Dfb,Cold & Very Cold,26009960400,rural,,,
MI_BAD-AXE,725406,43.78,-82.986,233,-5,Dfb,Cold & Very Cold,26063951100,rural,,,
MI_BATTLE-CREEK-KELLOGG-AP,725396,42.312,-85.241,282,-5,Dfa,Cold & Very Cold,26025001400,lower density urban,12980,"Battle Creek, MI Metro Area",M1
MI_BEAVER-ISLAND-AP,722186,45.689,-85.566,203,-5,Dfb,Cold & Very Cold,26029000500,rural,,,
MI_BENTON-HARBOR-ROSS,726355,42.129,-86.415,195,-5,Dfa,Cold & Very Cold,26021000300,lower density urban,35660,"Niles-Benton Harbor, MI Metro Area",M1
MI_BIG-RAPIDS,725416,43.717,-85.5,282,-5,Dfb,Cold & Very Cold,26107960500,rural,13660,"Big Rapids, MI Micro Area",M2
MI_CADILLAC-WEXFORD-CO-AP,726384,44.283,-85.417,397,-5,Dfb,Cold & Very Cold,26165380500,rural,15620,"Cadillac, MI Micro Area",M2
MI_CARO-TUSCOLA-AP,722007,43.459,-83.446,213,-5,Dfb,Cold & Very Cold,26157000700,rural,,,
MI_CHARLEVOIX,727434,45.305,-85.275,196,-5,Dfb,Cold & Very Cold,26029000400,rural,,,
MI_DETROIT-CITY-AP,725375,42.407,-83.009,189,-5,Dfb,Cold & Very Cold,26163504800,lower density urban,19820,"Detroit-Warren-Livonia, MI Metro Area",M1
MI_GRAND-RAPIDS-KENT-CO-INT,726350,42.882,-85.523,240,-5,Dfb,Cold & Very Cold,26081012203,suburban/small town,24340,"Grand Rapids-Wyoming, MI Metro Area",M1
MI_LANSING-CAPITAL-CITY-AP,725390,42.776,-84.6,261,-5,Dfb,Cold & Very Cold,26037010204,suburban/small town,29620,"Lansing-East Lansing, MI Metro Area",M1
MN_MINNEAPOLIS-ST-PAUL-IAP,726580,44.885,-93.231,254,-6,Dfa,Cold & Very Cold,27053980000,lower density urban,33460,"Minneapolis-St. Paul-Bloomington, MN-WI Metro Area",M1
MN_SKY-HARBOR,727456,46.722,-92.043,185,-6,Dfb,Cold & Very Cold,27137002200,lower density urban,20260,"Duluth, MN-WI Metro Area",M1
MN_ST-PAUL-DOWNTOWN-AP,726584,44.932,-93.056,213,-6,Dfa,Cold & Very Cold,27123036100,lower density urban,33460,"Minneapolis-St. Paul-Bloomington, MN-WI Metro Area",M1
MO_KANSAS-CITY-DOWNTOWN-AP,724463,39.128,-94.589,226,-6,Cfa,Mixed-Humid,29047022100,lower density urban,28140,"Kansas City, MO-KS Metro Area",M1
MO_SPRINGFIELD-RGNL-AP,724400,37.24,-93.39,384,-6,Cfa,Mixed-Humid,29077004302,suburban/small town,44180,"Springfield, MO Metro Area",M1
MS_GULFPORT-BILOXI-IAP,747570,30.412,-89.081,4,-6,Cfa,Hot-Humid,28047980000,lower density urban,25060,"Gulfport-Biloxi, MS Metro Area",M1
MS_HAWKINS-FIELD,722354,32.338,-90.221,101,-6,Cfa,Hot-Humid,28049000800,lower density urban,27140,"Jackson, MS Metro Area",M1
MT_HELENA-RGNL-AP,727720,46.604,-111.989,1178,-7,BSk,Cold & Very Cold,30049000400,rural,25740,"Helena, MT Micro Area",M2
NC_CHARLOTTE-DOUGLAS-IAP,723140,35.223,-80.954,222,-5,Cfa,Mixed-Humid,37119980100,rural,16740,"Charlotte-Gastonia-Rock Hill, NC-SC Metro Area",M1
NC_RALEIGH-DURHAM-IAP,723060,35.892,-78.782,120,-5,Cfa,Mixed-Humid,37183980100,rural,39580,"Raleigh-Cary, NC Metro Area",M1
NC_RICHMOND-IAP,724010,37.512,-77.323,50,-5,Cfa,Mixed-Humid,51087980100,lower density urban,40060,"Richmond, VA Metro Area",M1
ND_BISMARCK-MUNI-AP,727640,46.782,-100.758,503,-6,Dfb,Cold & Very Cold,38015011300,rural,13900,"Bismarck, ND Metro Area",M1
ND_FARGO-HECTOR-IAP,727530,46.924,-96.812,272,-6,Dfb,Cold & Very Cold,38017000300,suburban/small town,22020,"Fargo, ND-MN Metro Area",M1
NE_LINCOLN-MUNI-AP,725510,40.848,-96.765,356,-6,Dfa,Cold & Very Cold,31109983200,suburban/small town,30700,"Lincoln, NE Metro Area",M1
NE_OMAHA-EPPLEY-AIRFLD,725500,41.312,-95.902,298,-6,Dfa,Cold & Very Cold,31055000500,lower density urban,36540,"Omaha-Council Bluffs, NE-IA Metro Area",M1
NH_CONCORD-MUNI-AP,726050,43.205,-71.503,103,-5,Dfb,Cold & Very Cold,33013044100,suburban/small town,18180,"Concord, NH Micro Area",M2
NJ_NEWARK-IAP,725020,40.683,-74.169,2,-5,Cfa,Mixed-Humid,34039039800,lower density urban,35620,"New York-Northern New Jersey-Long Island, NY-NJ-PA Metro Area",M1
NJ_TRENTON-MERCER-CO-AP,724095,40.277,-74.816,57,-5,Cfa,Cold & Very Cold,34021003705,lower density urban,45940,"Trenton-Ewing, NJ Metro Area",M1
NM_ALBUQUERQUE-IAP,723650,35.042,-106.615,1618,-7,BSk,Hot-Dry & Mixed Dry,35001001200,lower density urban,10740,"Albuquerque, NM Metro Area",M1
NM_SATA-FE-COUNTY-MUNI-AP,723656,35.611,-106.096,1916,-7,Cfb,Cold & Very Cold,35049010304,suburban/small town,42140,"Santa Fe, NM Metro Area",M1
MI_CHARLOTTE,720284,42.574,-84.811,267,-5,Dfb,Cold & Very Cold,26045021001,rural,29620,"Lansing-East Lansing, MI Metro Area",M1
MI_CHEBOYGAN,720321,45.654,-84.519,193,-5,Dfb,Cold & Very Cold,26031960200,rural,,,
MI_CHIPPEWA-CO-IAP,727344,46.25,-84.467,243,-5,Dfb,Cold & Very Cold,26033970900,rural,42300,"Sault Ste. Marie, MI Micro Area",M2
MI_COLDWATER,725414,41.933,-85.053,292,-5,Dfa,Cold & Very Cold,26023950300,rural,17740,"Coldwater, MI Micro Area",M2
MI_COPPER-HARBOR,725387,47.467,-87.875,185,-5,Dfb,Cold & Very Cold,26083000100,rural,26340,"Houghton, MI Micro Area",M2
MI_DELTA-CO,726480,45.733,-87.083,181,-5,Dfb,Cold & Very Cold,26041971100,suburban/small town,21540,"Escanaba, MI Micro Area",M2
MI_DETROIT-METRO-AP,725370,42.231,-83.331,191,-5,Dfa,Cold & Very Cold,26163985400,lower density urban,19820,"Detroit-Warren-Livonia, MI Metro Area",M1
MI_DETROIT-WILLOW-RUN-AP,725376,42.237,-83.526,215,-5,Dfa,Cold & Very Cold,26163588100,suburban/small town,19820,"Detroit-Warren-Livonia, MI Metro Area",M1
MI_DRUMMOND-ISLAND,720375,46.007,-83.743,202,-5,Dfb,Cold & Very Cold,26033971100,rural,42300,"Sault Ste. Marie, MI Micro Area",M2
MI_DUPONT-LAPEER,720902,43.067,-83.267,254,-5,Dfb,Cold & Very Cold,26087333500,rural,19820,"Detroit-Warren-Livonia, MI Metro Area",M1
MI_FLINT-BISHOP-IAP,726370,42.967,-83.75,234,-5,Dfb,Cold & Very Cold,26049980000,lower density urban,22420,"Flint, MI Metro Area",M1
MI_FRANKLIN-DOW-MEM-FLD,720340,44.626,-86.201,192,-5,Dfb,Cold & Very Cold,26019000400,rural,45900,"Traverse City, MI Micro Area",M2
MI_FREMONT-MUNI-AP,720415,43.433,-86.0,253,-5,Dfb,Cold & Very Cold,26123970400,rural,24340,"Grand Rapids-Wyoming, MI Metro Area",M1
MI_GAYLORD,725407,45.017,-84.689,405,-5,Dfb,Cold & Very Cold,26137950300,rural,,,
MI_GOCEBIC-IRON-CO,727445,46.533,-90.133,374,-5,Dfb,Cold & Very Cold,26053950700,rural,,,
MI_GRAYLING-AAF,722093,44.68,-84.729,350,-5,Dfb,Cold & Very Cold,26039960200,rural,,,
MI_GROSSE-ISLE-AP,725373,42.099,-83.161,178,-5,Dfa,Cold & Very Cold,26163596100,suburban/small town,19820,"Detroit-Warren-Livonia, MI Metro Area",M1
MI_HANCOCK-HOUGHTON-CO-AP,727440,47.166,-88.481,323,-6,Dfb,Cold & Very Cold,26061000400,rural,26340,"Houghton, MI Micro Area",M2
MI_HARBOR-SPRINGS,722145,45.426,-84.913,206,-5,Dfb,Cold & Very Cold,26047970400,rural,,,
MI_HILLSDALE-MUNI-AP,725409,41.921,-84.586,360,-5,Dfb,Cold & Very Cold,26059050600,rural,,,
MI_HOLLAND-TULIP-CITY,725394,42.746,-86.097,206,-5,Dfb,Cold & Very Cold,26005032401,suburban/small town,10880,"Allegan, MI Micro Area",M2
MI_HOUGHTON-LAKE-ROSCOMMON-AP,726380,44.359,-84.674,350,-5,Dfb,Cold & Very Cold,26143970700,rural,,,
MI_HOWELL,725378,42.629,-83.984,287,-5,Dfb,Cold & Very Cold,26093724002,rural,19820,"Detroit-Warren-Livonia, MI Metro Area",M1
MI_IRON-MOUNTAIN-FORD,727437,45.813,-88.113,343,-5,Dfb,Cold & Very Cold,26043950700,rural,27020,"Iron Mountain, MI-WI Micro Area",M2
MI_JACK-BARSTOW-AP,720629,43.663,-84.261,194,-5,Dfb,Cold & Very Cold,26111291102,suburban/small town,33220,"Midland, MI Micro Area",M2
MI_JACKSON-REYNOLDS-FIELD,725395,42.264,-84.456,295,-5,Dfb,Cold & Very Cold,26075005500,suburban/small town,27100,"Jackson, MI Metro Area",M1
MI_KALAMAZOO-BATTLE-CR,726357,42.228,-85.546,263,-5,Dfa,Cold & Very Cold,26077001802,lower density urban,28020,"Kalamazoo-Portage, MI Metro Area",M1
MI_LAMBERTVILLE,720275,41.736,-83.655,203,-5,Dfa,Cold & Very Cold,26115833000,rural,33780,"Monroe, MI Metro Area",M1
MI_LUDINGTON-MASON,726364,43.963,-86.408,195,-5,Dfb,Cold & Very Cold,26105950600,rural,,,
MI_MACKINACK-ISLAND,727435,45.865,-84.637,225,-5,Dfb,Cold & Very Cold,26097950400,rural,,,
MI_MANISTEE-CO-BLACKER,726385,44.267,-86.25,189,-5,Dfb,Cold & Very Cold,26101000400,rural,,,
MI_MANISTIQUE,725408,45.983,-86.183,209,-5,Dfb,Cold & Very Cold,26153000100,rural,,,
MI_MARSHALL-BROOKS,725415,42.251,-84.956,286,-5,Dfb,Cold & Very Cold,26025004000,rural,12980,"Battle Creek, MI Metro Area",M1
MI_MASON,725417,42.566,-84.433,281,-5,Dfb,Cold & Very Cold,26065006302,suburban/small town,29620,"Lansing-East Lansing, MI Metro Area",M1
MI_MENOMINEE-MARINETTE,726487,45.117,-87.633,190,-5,Dfb,Cold & Very Cold,26109960500,rural,31940,"Marinette, WI-MI Micro Area",M2
MI_MONROE,725418,41.94,-83.435,186,-5,Dfa,Cold & Very Cold,26115831400,suburban/small town,33780,"Monroe, MI Metro Area",M1
MI_MT-CLEMENS-SELFRIDGE-FLD,725377,42.608,-82.818,176,-5,Dfb,Cold & Very Cold,26099982100,lower density urban,19820,"Detroit-Warren-Livonia, MI Metro Area",M1
MI_MT-PLEASANT-MUNI,725424,43.622,-84.737,230,-5,Dfb,Cold & Very Cold,26073940300,rural,34380,"Mount Pleasant, MI Micro Area",M2
MI_MUNISING-LAKESHORE-O,720198,46.412,-86.65,186,-5,Dfb,Cold & Very Cold,26003000100,rural,,,
MI_MUSKEGON-CO-AP,726360,43.171,-86.237,190,-5,Dfb,Cold & Very Cold,26121002500,suburban/small town,34740,"Muskegon-Norton Shores, MI Metro Area",M1
MI_NEWBERRY-LUCE-CO,726394,46.311,-85.457,281,-5,Dfb,Cold & Very Cold,26095960100,rural,,,
MI_OAKLAND-CO-IAP,726375,42.663,-83.41,295,-5,Dfb,Cold & Very Cold,26125144300,lower density urban,19820,"Detroit-Warren-Livonia, MI Metro Area",M1
MI_OAKLAND-TROY-AP,720113,42.543,-83.178,218,-5,Dfb,Cold & Very Cold,26125197702,lower density urban,19820,"Detroit-Warren-Livonia, MI Metro Area",M1
MI_OSCODA-WURTSMITH-AFB,726395,44.45,-83.4,192,-5,Dfb,Cold & Very Cold,26069000100,rural,,,
MI_OWOSSO-COMMUNITY-AP,722346,42.993,-84.139,224,-5,Dfb,Cold & Very Cold,26155031600,rural,37020,"Owosso, MI Micro Area",M2
MI_PELLSTON-EMMET-CO-AP,727347,45.564,-84.793,215,-5,Dfb,Cold & Very Cold,26047970200,rural,,,
MI_PORT-HOPE,725386,44.022,-82.793,180,-5,Dfb,Cold & Very Cold,26063950200,rural,,,
MI_PRESQUE-ISLE-ROGERS,727417,45.407,-83.813,204,-5,Dfb,Cold & Very Cold,26141950200,rural,,,
MI_SAGINAW-TRI-CITY-IAP,726379,43.528,-84.081,201,-5,Dfb,Cold & Very Cold,26145010100,suburban/small town,40980,"Saginaw-Saginaw Township North, MI Metro Area",M1
MI_SAGINAW,722125,43.433,-83.867,182,-5,Dfb,Cold & Very Cold,26145011100,rural,40980,"Saginaw-Saginaw Township North, MI Metro Area",M1
MI_SAULT-STE-MARIE-SNDRSN-FLD,727340,46.48,-84.358,219,-5,Dfb,Cold & Very Cold,26033970500,rural,42300,"Sault Ste. Marie, MI Micro Area",M2
MI_SAWYER-IAP,726284,46.35,-87.4,372,-5,Dfb,Cold & Very Cold,26103002400,rural,32100,"Marquette, MI Micro Area",M2
MI_SOUTH-HAVEN-AREA-RGN,722343,42.351,-86.256,203,-5,Dfa,Cold & Very Cold,26159010500,rural,28020,"Kalamazoo-Portage, MI Metro Area",M1
MI_ST-CLAIR-CO-INT,725384,42.911,-82.529,195,-5,Dfb,Cold & Very Cold,26147634600,suburban/small town,19820,"Detroit-Warren-Livonia, MI Metro Area",M1
MI_STURGIS-KIRSH-MUNI,725383,41.817,-85.433,281,-5,Dfa,Cold & Very Cold,26149040700,rural,44780,"Sturgis, MI Micro Area",M2
MI_THREE-RIVERS-MUNI,720371,41.96,-85.593,251,-5,Dfa,Cold & Very Cold,26149040400,suburban/small town,44780,"Sturgis, MI Micro Area",M2
MI_TRAVERSE-CITY-CHERRY-CAP,726387,44.739,-85.568,185,-5,Dfb,Cold & Very Cold,26055551100,rural,45900,"Traverse City, MI Micro Area",M2
MN_AIRLAKE-AP,726562,44.628,-93.228,292,-6,Dfa,Cold & Very Cold,27037061501,rural,33460,"Minneapolis-St. Paul-Bloomington, MN-WI Metro Area",M1
MN_AITKIN-NDB(AWOS),727504,46.548,-93.677,367,-6,Dfb,Cold & Very Cold,27001770100,rural,,,
MN_ALBERT-LEA(AWOS),726589,43.683,-93.367,383,-6,Dfa,Cold & Very Cold,27047180500,suburban/small town,10660,"Albert Lea, MN Micro Area",M2
MN_ALEXANDRIA-MUNI-AP,726557,45.868,-95.394,432,-6,Dfb,Cold & Very Cold,27041450701,rural,10820,"Alexandria, MN Micro Area",M2
MN_APPLETON-MUNI-AP,726466,45.228,-96.007,310,-6,Dfb,Cold & Very Cold,27151960400,rural,,,
MN_AUSTIN-MUNI,727566,43.665,-92.933,375,-6,Dfb,Cold & Very Cold,27099001000,rural,12380,"Austin, MN Micro Area",M2
MN_BAUDETTE-IAP,727476,48.726,-94.612,329,-6,Dfb,Cold & Very Cold,27077460300,rural,,,
MN_BEMIDJI-MUNI-AP,727550,47.5,-94.933,424,-6,Dfb,Cold & Very Cold,27007450100,rural,13420,"Bemidji, MN Micro Area",M2
MN_BENSON-MUNI,727507,45.332,-95.651,316,-6,Dfb,Cold & Very Cold,27151960300,rural,,,
MN_BIGFORK,727468,47.783,-93.65,411,-6,Dfb,Cold & Very Cold,27061480100,rural,,,
MN_BRAINERD-WIELAND,726555,46.402,-94.127,372,-6,Dfb,Cold & Very Cold,27035950800,rural,14660,"Brainerd, MN Micro Area",M2
MN_BUFFALO-MUNI-AP,722114,45.159,-93.843,294,-6,Dfb,Cold & Very Cold,27171100702,suburban/small town,33460,"Minneapolis-St. Paul-Bloomington, MN-WI Metro Area",M1
MN_CAMBRIDGE-MUNI,727503,45.559,-93.265,288,-6,Dfb,Cold & Very Cold,27059130301,rural,33460,"Minneapolis-St. Paul-Bloomington, MN-WI Metro Area",M1
MN_CLOQUET(AWOS),726558,46.703,-92.504,389,-6,Dfb,Cold & Very Cold,27017940000,rural,20260,"Duluth, MN-WI Metro Area",M1
MN_COOK-MUNI-AP,726549,47.822,-92.689,404,-6,Dfb,Cold & Very Cold,27137015200,rural,20260,"Duluth, MN-WI Metro Area",M1
MN_CRANE-LAKE-SEAPLANE,727473,48.267,-92.483,341,-6,Dfb,Cold & Very Cold,27137015500,rural,20260,"Duluth, MN-WI Metro Area",M1
MN_CROOKSTON-MUNI-FLD,727452,47.842,-96.621,274,-6,Dfb,Cold & Very Cold,27119020500,rural,24220,"Grand Forks, ND-MN Metro Area",M1
MN_DETROIT-LAKES-WETHIN,727457,46.833,-95.883,425,-6,Dfb,Cold & Very Cold,27005450400,rural,,,
MN_DODGE-CENTER-AP,726596,44.018,-92.831,397,-6,Dfb,Cold & Very Cold,27039950200,rural,40340,"Rochester, MN Metro Area",M1
MN_DULUTH-IAP,727450,46.844,-92.187,433,-6,Dfb,Cold & Very Cold,27137000300,suburban/small town,20260,"Duluth, MN-WI Metro Area",M1
MN_ELY-MUNI,727459,47.817,-91.833,443,-6,Dfb,Cold & Very Cold,27137015400,rural,20260,"Duluth, MN-WI Metro Area",M1
MN_EVELETH-VIRGINIA-MUN,727474,47.424,-92.498,420,-6,Dfb,Cold & Very Cold,27137013400,rural,20260,"Duluth, MN-WI Metro Area",M1
MN_FAIRMONT-MUNI(AWOS),726586,43.65,-94.417,353,-6,Dfa,Cold & Very Cold,27091790600,rural,21860,"Fairmont, MN Micro Area",M2
MN_FARIBAULT-MUNI,726563,44.333,-93.317,323,-6,Dfa,Cold & Very Cold,27131070300,rural,22060,"Faribault-Northfield, MN Micro Area",M2
MN_FERGUS-FALLS-MUNI-AP,726572,46.283,-96.15,360,-6,Dfb,Cold & Very Cold,27111961700,rural,22260,"Fergus Falls, MN Micro Area",M2
MN_FILLMORE-CO,720283,43.677,-92.18,388,-6,Dfb,Cold & Very Cold,27045960400,rural,,,
MN_FLAG-ISLAND,727467,49.318,-94.903,329,-6,Dfb,Cold & Very Cold,27077460400,rural,,,
MN_FLYING-CLOUD,726579,44.832,-93.471,275,-6,Dfa,Cold & Very Cold,27053026018,suburban/small town,33460,"Minneapolis-St. Paul-Bloomington, MN-WI Metro Area",M1
MN_FOSSTON(AWOS),727505,47.593,-95.775,389,-6,Dfb,Cold & Very Cold,27119021000,rural,24220,"Grand Forks, ND-MN Metro Area",M1
MN_GLENCOE-MUNI,727517,44.756,-94.081,302,-6,Dfa,Cold & Very Cold,27085950600,rural,26780,"Hutchinson, MN Micro Area",M2
MN_GLENWOOD(ASOS),726547,45.644,-95.32,424,-6,Dfb,Cold & Very Cold,27121970100,rural,,,
MN_GRAND-MARAIS-MUNI,727454,47.838,-90.383,548,-6,Dfb,Cold & Very Cold,27031480100,rural,,,
MN_GRAND-MARIAS,727469,47.745,-90.346,185,-6,Dfb,Cold & Very Cold,27031990000,rural,,,
MN_GRAND-RAPIDS(AWOS),727458,47.211,-93.51,413,-6,Dfb,Cold & Very Cold,27061480802,rural,,,
MN_GRANITE-FALLS,722033,44.753,-95.556,319,-6,Dfa,Cold & Very Cold,27173970100,rural,,,
MN_HALLOCK,727478,48.753,-96.943,249,-6,Dfb,Cold & Very Cold,27069090200,rural,,,
MN_HIBBING-CHISHOLM-AP,727455,47.38,-92.832,408,-6,Dfb,Cold & Very Cold,27137012100,rural,20260,"Duluth, MN-WI Metro Area",M1
MN_HUTCHINSON(AWOS),726569,44.859,-94.382,323,-6,Dfa,Cold & Very Cold,27085950300,rural,26780,"Hutchinson, MN Micro Area",M2
MN_INTERNATIONAL-FALLS-IAP,727470,48.559,-93.396,352,-6,Dfb,Cold & Very Cold,27071790100,rural,,,
MN_JACKSON-MUNI,726593,43.65,-94.986,440,-6,Dfa,Cold & Very Cold,27063480400,rural,,,
MN_LAC-QUI-PARLE-CO,727466,44.986,-96.043,329,-6,Dfa,Cold & Very Cold,27073180100,rural,,,
MN_LITCHFIELD-MUNI,726583,45.147,-94.507,347,-6,Dfb,Cold & Very Cold,27093560400,rural,,,
MN_LITTLE-FALLS-MORRISO,726578,45.949,-94.347,342,-6,Dfb,Cold & Very Cold,27097780300,rural,,,
MN_LONGVILLE-MUNI-AP,727497,46.99,-94.204,406,-6,Dfb,Cold & Very Cold,27021960200,rural,14660,"Brainerd, MN Micro Area",M2
MN_LUVERNE-QUENTIN-AANE,722006,43.621,-96.216,436,-6,Dfa,Cold & Very Cold,27133570100,rural,,,
MN_MANKATA-RGNL-AP,726585,44.217,-93.917,311,-6,Dfa,Cold & Very Cold,27013170200,suburban/small town,31860,"Mankato-North Mankato, MN Metro Area",M1
MN_MAPLE-LAKE-MUNI-AP,722144,45.236,-93.986,313,-6,Dfb,Cold & Very Cold,27171100703,rural,33460,"Minneapolis-St. Paul-Bloomington, MN-WI Metro Area",M1
MN_MCGREGOR,720258,46.619,-93.31,374,-6,Dfb,Cold & Very Cold,27001770400,rural,,,
MN_MINNEAPOLIS-BLAINE,726577,45.15,-93.217,278,-6,Dfb,Cold & Very Cold,27003050813,suburban/small town,33460,"Minneapolis-St. Paul-Bloomington, MN-WI Metro Area",M1
MN_MINNEAPOLIS-CRYSTAL,726575,45.062,-93.351,263,-6,Dfb,Cold & Very Cold,27053020700,lower density urban,33460,"Minneapolis-St. Paul-Bloomington, MN-WI Metro Area",M1
MN_MONTEVIDEO(AWOS),726553,44.969,-95.71,315,-6,Dfa,Cold & Very Cold,27023950600,rural,,,
MN_MOORHEAD-MUNI,722129,46.839,-96.663,279,-6,Dfb,Cold & Very Cold,27027030104,suburban/small town,22020,"Fargo, ND-MN Metro Area",M1
MN_MOOSE-LAKE-CO-AP,727449,46.419,-92.804,328,-6,Dfb,Cold & Very Cold,27017070500,rural,20260,"Duluth, MN-WI Metro Area",M1
MN_MORA-MUNI,727475,45.886,-93.272,308,-6,Dfb,Cold & Very Cold,27065480300,rural,,,
MN_MORRIS-MUNI(AWOS),726565,45.566,-95.968,344,-6,Dfb,Cold & Very Cold,27149480100,rural,,,
MN_MYERS-FIELD,722252,44.729,-96.266,363,-6,Dfa,Cold & Very Cold,27173970200,rural,,,
MN_NEW-ULM-MUNI(AWOS),726567,44.319,-94.502,308,-6,Dfa,Cold & Very Cold,27015960400,rural,35580,"New Ulm, MN Micro Area",M2
MN_OLIVIA,722168,44.779,-95.033,328,-6,Dfa,Cold & Very Cold,27129790500,rural,,,
MN_ORR,726544,48.016,-92.856,399,-6,Dfb,Cold & Very Cold,27137015500,rural,20260,"Duluth, MN-WI Metro Area",M1
MN_ORTONVILLE,727515,45.306,-96.424,335,-6,Dfb,Cold & Very Cold,27011950300,rural,,,
MN_OWATONNA(AWOS),726568,44.123,-93.261,349,-6,Dfa,Cold & Very Cold,27147960100,rural,36940,"Owatonna, MN Micro Area",M2
MN_PARK-RAPIDS-MUNI-AP,727453,46.9,-95.067,439,-6,Dfb,Cold & Very Cold,27057070600,rural,,,
MN_PAYNESVILLE-MUNI-AP,720367,45.372,-94.746,359,-6,Dfb,Cold & Very Cold,27145011000,rural,41060,"St. Cloud, MN Metro Area",M1
MN_PIERRE-RGNL-AP,726560,44.382,-100.286,523,-6,Dfb,Cold & Very Cold,46065977800,rural,38180,"Pierre, SD Micro Area",M2
MN_PINE-RIVER,727508,46.725,-94.382,394,-6,Dfb,Cold & Very Cold,27021960700,rural,14660,"Brainerd, MN Micro Area",M2
MN_PRINCETON-MUNI,726682,45.56,-93.608,298,-6,Dfb,Cold & Very Cold,27095170700,rural,,,
MN_RAY-S-MILLER-AAF,744667,46.091,-94.361,350,-6,Dfb,Cold & Very Cold,27097780200,rural,,,
MN_RED-WING,726564,44.589,-92.485,237,-6,Dfb,Cold & Very Cold,55093960600,rural,33460,"Minneapolis-St. Paul-Bloomington, MN-WI Metro Area",M1
MN_REDWOOD-FALLS-MUNI,726556,44.548,-95.08,312,-6,Dfa,Cold & Very Cold,27127750200,rural,,,
MN_ROCHESTER-IAP,726440,43.904,-92.492,397,-6,Dfb,Cold & Very Cold,27109002200,rural,40340,"Rochester, MN Metro Area",M1
MN_ROSEAU-MUNI(AWOS),727477,48.856,-95.697,322,-6,Dfb,Cold & Very Cold,27135970300,rural,,,
MN_RUSH-CITY-RGNL-AP,726679,45.698,-92.953,281,-6,Dfb,Cold & Very Cold,27025110200,rural,33460,"Minneapolis-St. Paul-Bloomington, MN-WI Metro Area",M1
MN_SLAYTON-MUNI-AP,720368,43.987,-95.783,494,-6,Dfa,Cold & Very Cold,27101900300,rural,,,
MN_SOUTH-ST-PAUL-MUNI,726603,44.857,-93.033,249,-6,Dfa,Cold & Very Cold,27037060502,lower density urban,33460,"Minneapolis-St. Paul-Bloomington, MN-WI Metro Area",M1
MN_ST-CLOUD-RGNL-AP,726550,45.544,-94.052,310,-6,Dfb,Cold & Very Cold,27141030300,rural,33460,"Minneapolis-St. Paul-Bloomington, MN-WI Metro Area",M1
MN_ST-JAMES-MUNI,726554,43.986,-94.558,325,-6,Dfa,Cold & Very Cold,27165950300,rural,,,
MN_ST-MARY-HOSPITAL-HEL,720972,44.017,-92.483,355,-6,Dfb,Cold & Very Cold,27109000400,lower density urban,40340,"Rochester, MN Metro Area",M1
MN_STANTON-AIRFLD,722003,44.476,-93.016,280,-6,Dfa,Cold & Very Cold,27049080500,rural,39860,"Red Wing, MN Micro Area",M2
MN_STAPLES,727514,46.381,-94.806,392,-6,Dfb,Cold & Very Cold,27159480200,rural,,,
MN_SW-MINNESOTA-RGNL-AP,726559,44.45,-95.817,359,-6,Dfa,Cold & Very Cold,27083360300,suburban/small town,32140,"Marshall, MN Micro Area",M2
MN_THIEF-RIVER-FALLS-RE,727555,48.067,-96.183,339,-6,Dfb,Cold & Very Cold,27113090300,rural,,,
MN_TRACY,722342,44.249,-95.607,408,-6,Dfa,Cold & Very Cold,27083360700,rural,32140,"Marshall, MN Micro Area",M2
MN_TWO-HARBORS,727444,47.049,-91.745,329,-6,Dfb,Cold & Very Cold,27075370100,rural,,,
MN_WADENA,726561,46.447,-95.212,417,-6,Dfb,Cold & Very Cold,27111960600,rural,22260,"Fergus Falls, MN Micro Area",M2
MN_WARROAD-IAP,726548,48.941,-95.348,327,-6,Dfb,Cold & Very Cold,27135970100,rural,,,
MN_WASECA-AP,722032,44.074,-93.553,343,-6,Dfa,Cold & Very Cold,27161790300,rural,,,
MN_WASKISH-MUNI-AP,727486,48.154,-94.517,360,-6,Dfb,Cold & Very Cold,27007450500,rural,13420,"Bemidji, MN Micro Area",M2
MN_WHEATON-MUNI,727533,45.78,-96.545,312,-6,Dfb,Cold & Very Cold,27155460100,rural,,,
MN_WILLMAR-MUNI-AP,720386,45.117,-95.133,344,-6,Dfb,Cold & Very Cold,27067780600,rural,48820,"Willmar, MN Micro Area",M2
MN_WINDOM,727506,43.913,-95.109,429,-6,Dfb,Cold & Very Cold,27033270300,rural,,,
MN_WINONA-MUNI(AWOS),726588,44.077,-91.708,200,-6,Dfa,Cold & Very Cold,27169670200,rural,49100,"Winona, MN Micro Area",M2
MN_WORTHINGTON(AWOS),726587,43.645,-95.58,478,-6,Dfa,Cold & Very Cold,27105105400,rural,49380,"Worthington, MN Micro Area",M2
MO_BRANSON-AP,720616,36.533,-93.2,397,-6,Cfa,Mixed-Humid,29213480302,rural,14700,"Branson, MO Micro Area",M2
MO_CAMDENTON-MEM,720949,37.974,-92.691,324,-6,Cfa,Mixed-Humid,29029950800,rural,,,
MO_CAPE-GIRARDEAU-RGNL-AP,723290,37.225,-89.579,101,-6,Cfa,Mixed-Humid,29201780200,rural,43460,"Sikeston, MO Micro Area",M2
MO_CHILLICOTHE-AGRI-SC,724464,39.82,-93.577,231,-6,Dfa,Cold & Very Cold,29117480100,rural,,,
MO_CLINTON-MEM-AP,720636,38.35,-93.683,251,-6,Cfa,Mixed-Humid,29083950200,rural,,,
MO_COLUMBIA-RGNL-AP,724450,38.817,-92.215,272,-6,Cfa,Mixed-Humid,29019001701,rural,17860,"Columbia, MO Metro Area",M1
MO_FARMINGTON,724454,37.761,-90.428,288,-6,Cfa,Mixed-Humid,29187950902,suburban/small town,22100,"Farmington, MO Micro Area",M2
MO_FLOYD-W-JONES-LEBANON,720477,37.648,-92.652,402,-6,Dfa,Mixed-Humid,29105960500,suburban/small town,30060,"Lebanon, MO Micro Area",M2
MO_FT-LNRD-WD-AAF,724457,37.75,-92.15,353,-6,Cfa,Mixed-Humid,29169470600,rural,22780,"Fort Leonard Wood, MO Micro Area",M2
MO_HANNIBAL-RGNL-AP,720476,39.725,-91.444,234,-6,Dfa,Cold & Very Cold,29127960100,rural,25300,"Hannibal, MO Micro Area",M2
MO_JEFFERSON-CITY-MEM,724458,38.595,-92.157,165,-6,Cfa,Mixed-Humid,29027070800,suburban/small town,27620,"Jefferson City, MO Metro Area",M1
MO_JESSE-VIERTEL-MEM-AP,720869,38.947,-92.683,218,-6,Cfa,Mixed-Humid,29053950200,rural,,,
MO_JOPLIN-MUNI-AP,723495,37.152,-94.495,296,-6,Cfa,Mixed-Humid,29097011400,suburban/small town,27900,"Joplin, MO Metro Area",M1
MO_KAISER-MEM(AWOS),724459,38.096,-92.553,264,-6,Cfa,Mixed-Humid,29131962800,rural,,,
MO_KANSAS-CITY-IAP,724460,39.297,-94.731,307,-6,Cfa,Mixed-Humid,29165030307,rural,28140,"Kansas City, MO-KS Metro Area",M1
MO_KENNETT-MEM,720331,36.226,-90.037,79,-6,Cfa,Mixed-Humid,29069360600,rural,28380,"Kennett, MO Micro Area",M2
MO_KIRKSVILLE-RGNL-AP,724455,40.097,-92.547,291,-6,Dfa,Cold & Very Cold,29001950200,rural,28860,"Kirksville, MO Micro Area",M2
MO_LAWRENCE-SMITH-MEM,720478,38.611,-94.342,278,-6,Dfa,Mixed-Humid,29037060800,rural,28140,"Kansas City, MO-KS Metro Area",M1
MO_LEES-SUMMIT,720306,38.958,-94.371,304,-6,Cfa,Mixed-Humid,29095014204,suburban/small town,28140,"Kansas City, MO-KS Metro Area",M1
MO_MALDEN-MUNI,720481,36.601,-89.992,89,-6,Cfa,Mixed-Humid,29069360200,rural,28380,"Kennett, MO Micro Area",M2
MO_MARSHALL-MEM-MUNI,720483,39.096,-93.203,237,-6,Cfa,Mixed-Humid,29195090500,suburban/small town,32180,"Marshall, MO Micro Area",M2
MO_MEXICO-MEM,720484,39.158,-91.818,250,-6,Cfa,Mixed-Humid,29007950400,rural,33020,"Mexico, MO Micro Area",M2
MO_MIDWEST-NATL-AIR-CTR,721045,39.332,-94.31,237,-6,Cfa,Mixed-Humid,29047021805,rural,28140,"Kansas City, MO-KS Metro Area",M1
MO_MONETT-MUNI-AP,720479,36.9,-94.017,401,-6,Cfa,Mixed-Humid,29009960200,rural,,,
MO_NORTHWEST-MISSOURI-RGNL,720475,40.353,-94.915,350,-6,Dfa,Cold & Very Cold,29147470200,rural,32340,"Maryville, MO Micro Area",M2
MO_OMAR-N-BRADLEY,720482,39.464,-92.427,264,-6,Cfa,Mixed-Humid,29175490100,rural,33620,"Moberly, MO Micro Area",M2
MO_POPLAR-BLUFF(AMOS),723300,36.77,-90.322,99,-6,Cfa,Mixed-Humid,29023950600,rural,38740,"Poplar Bluff, MO Micro Area",M2
MO_ROLLA-NATIONAL-AP,724420,38.132,-91.765,338,-6,Cfa,Mixed-Humid,29125880300,rural,,,
MO_SEDALIA-MEM,724453,38.712,-93.175,271,-6,Cfa,Mixed-Humid,29159480500,suburban/small town,42740,"Sedalia, MO Micro Area",M2
MO_SIKESTON-MEM-MUNI,720488,36.899,-89.562,96,-6,Cfa,Mixed-Humid,29201780600,rural,43460,"Sikeston, MO Micro Area",M2
MO_SPIRIT-OF-ST-LOUIS-AP,724345,38.658,-90.656,139,-6,Cfa,Mixed-Humid,29189221629,suburban/small town,41180,"St. Louis, MO-IL Metro Area",M1
MO_ST-CHARLES-CO-AP,724347,38.93,-90.433,131,-6,Cfa,Mixed-Humid,29183310100,rural,41180,"St. Louis, MO-IL Metro Area",M1
MO_ST-JOSEPH-ROSECRANS-MEM,724490,39.768,-94.91,246,-6,Dfa,Cold & Very Cold,29021000300,suburban/small town,41140,"St. Joseph, MO-KS Metro Area",M1
MO_ST-LOUIS-LAMBERT-IAP,724340,38.752,-90.373,162,-6,Cfa,Mixed-Humid,29189221800,lower density urban,41180,"St. Louis, MO-IL Metro Area",M1
MO_WARRENSGBURG-SKYHAVEN-AP,722367,38.783,-93.8,243,-6,Cfa,Mixed-Humid,29101960300,rural,47660,"Warrensburg, MO Micro Area",M2
MO_WARSAW-MUNI,720487,38.347,-93.345,285,-6,Cfa,Mixed-Humid,29015460300,rural,,,
MO_WASHINGTON-RGNL-AP,720169,38.583,-91.0,149,-6,Cfa,Mixed-Humid,29219820202,rural,41180,"St. Louis, MO-IL Metro Area",M1
MO_WEST-PLAINS-ASOS,723484,36.879,-91.905,373,-6,Cfa,Mixed-Humid,29091090300,rural,48460,"West Plains, MO Micro Area",M2
MO_WHITEMAN-AFB,724467,38.717,-93.55,265,-6,Cfa,Mixed-Humid,29101980000,suburban/small town,47660,"Warrensburg, MO Micro Area",M2
MS_BROOKHAVEN-LINCOLN-CO,720932,31.606,-90.409,149,-6,Cfa,Hot-Humid,28085950100,rural,15020,"Brookhaven, MS Micro Area",M2
MS_CLEVELAND-MUNI-AP,725023,33.861,-90.758,42,-6,Cfa,Mixed-Humid,28011950300,rural,17380,"Cleveland, MS Micro Area",M2
MS_COLUMBUS-AFB,723306,33.65,-88.45,66,-6,Cfa,Mixed-Humid,28087000200,rural,18060,"Columbus, MS Micro Area",M2
MS_FLETCHER-FLD,720927,34.3,-90.512,53,-6,Cfa,Mixed-Humid,28027950100,rural,17260,"Clarksdale, MS Micro Area",M2
MS_GEORGE-M-BRYAN-AP,720769,33.433,-88.849,101,-6,Cfa,Mixed-Humid,28105950602,rural,44260,"Starkville, MS Micro Area",M2
MS_GOLDEN-TRI(AWOS),723307,33.45,-88.583,80,-6,Cfa,Mixed-Humid,28087001000,rural,18060,"Columbus, MS Micro Area",M2
MS_GREENWOOD-LEFLORE-AP,747580,33.496,-90.089,42,-6,Cfa,Mixed-Humid,28015950200,rural,24900,"Greenwood, MS Micro Area",M2
MS_HATTIESBURG-BOBBY-CHAIN-AP,747590,31.27,-89.256,44,-6,Cfa,Hot-Humid,28035010500,suburban/small town,25620,"Hattiesburg, MS Metro Area",M1
MS_HATTIESBURG-LAUREL,722348,31.467,-89.333,89,-6,Cfa,Hot-Humid,28067980000,rural,29860,"Laurel, MS Micro Area",M2
MS_HESLER-NOBLE-FLD,720776,31.673,-89.172,72,-6,Cfa,Hot-Humid,28067950600,suburban/small town,29860,"Laurel, MS Micro Area",M2
MS_JACKSON-IAP,722350,32.32,-90.078,90,-6,Cfa,Hot-Humid,28121980000,rural,27140,"Jackson, MS Metro Area",M1
MS_JOHN-B-WILLIAMS-AP,720787,32.304,-90.411,75,-6,Cfa,Hot-Humid,28049010500,rural,27140,"Jackson, MS Metro Area",M1
MS_KEESLER-AFB,747686,30.417,-88.917,10,-6,Cfa,Hot-Humid,28047000900,lower density urban,25060,"Gulfport-Biloxi, MS Metro Area",M1
MS_MCCOMB-PIKE-CO-AP,722358,31.182,-90.472,123,-6,Cfa,Hot-Humid,28113950600,rural,32620,"McComb, MS Micro Area",M2
MS_MERIDIAN-KEY-FIELD,722340,32.335,-88.751,88,-6,Cfa,Mixed-Humid,28075980000,suburban/small town,32940,"Meridian, MS Micro Area",M2
MS_MERIDIAN-NAAS,722345,32.55,-88.567,82,-6,Cfa,Mixed-Humid,28075010202,rural,32940,"Meridian, MS Micro Area",M2
MS_MID-DELTA-RGNL-AP,747680,33.494,-90.981,37,-6,Cfa,Mixed-Humid,28151000200,rural,24740,"Greenville, MS Micro Area",M2
MS_MONROE-COUNTY-AP,746941,33.873,-88.49,69,-6,Cfa,Mixed-Humid,28095950502,rural,,,
MS_NATCHEZ-HARDY(AWOS),722357,31.617,-91.283,82,-6,Cfa,Hot-Humid,28001000200,rural,35020,"Natchez, MS-LA Micro Area",M2
MS_OLIVE-BRANCH-AP,722165,34.979,-89.787,122,-6,Cfa,Mixed-Humid,28033070830,suburban/small town,32820,"Memphis, TN-MS-AR Metro Area",M1
MS_OXFORD-UNIV,720541,34.383,-89.55,137,-6,Cfa,Mixed-Humid,28071950302,suburban/small town,37060,"Oxford, MS Micro Area",M2
MS_PASCAGOULA,747688,30.463,-88.532,2,-6,Cfa,Hot-Humid,28059041300,suburban/small town,37700,"Pascagoula, MS Metro Area",M1
MS_PICAYUNE-MUNI,722349,30.487,-89.651,17,-6,Cfa,Hot-Humid,28109950501,rural,38100,"Picayune, MS Micro Area",M2
MS_RANGE-B,720708,32.8,-88.833,164,-6,Dfa,Mixed-Humid,28069030200,rural,32940,"Meridian, MS Micro Area",M2
MS_ROSCOE-TURNER-AP,720924,34.915,-88.604,130,-6,Cfa,Mixed-Humid,28003950400,rural,18420,"Corinth, MS Micro Area",M2
MS_STENNIS-IAP,722138,30.368,-89.455,7,-6,Cfa,Hot-Humid,28045030602,rural,25060,"Gulfport-Biloxi, MS Metro Area",M1
MS_TUNICA-MUNI-AP,722364,34.681,-90.347,59,-6,Cfa,Mixed-Humid,28143950100,rural,32820,"Memphis, TN-MS-AR Metro Area",M1
MS_TUPELO-C-D-LEMONS-AP,723320,34.262,-88.771,103,-6,Cfa,Mixed-Humid,28081980000,suburban/small town,46180,"Tupelo, MS Micro Area",M2
MS_VICKSBURG-MUNI,722355,32.233,-90.933,31,-6,Cfa,Hot-Humid,28149951102,rural,46980,"Vicksburg, MS Micro Area",M2
MT_ALPHA-(RAYNESFORD),720994,47.283,-110.8,1219,-7,BSk,Cold & Very Cold,30013010600,rural,24500,"Great Falls, MT Metro Area",M1
MT_BAKER-MUNI-AP,726777,46.352,-104.261,902,-7,BSk,Cold & Very Cold,30025000100,rural,,,
MT_BERT-MOONEY-AP,727740,45.964,-112.501,1677,-7,BSk,Cold & Very Cold,30093000800,rural,15580,"Butte-Silver Bow, MT Micro Area",M2
MT_BILLINGS-LOGAN-IAP,726770,45.807,-108.546,1094,-7,BSk,Cold & Very Cold,30111000704,suburban/small town,13740,"Billings, MT Metro Area",M1
MT_BOZEMAN-GALLATIN-FLD,726797,45.788,-111.162,1350,-7,Dfb,Cold & Very Cold,30031000101,rural,14580,"Bozeman, MT Micro Area",M2
MT_BRAVO-GEYSER,720995,47.283,-110.367,1234,-7,BSk,Cold & Very Cold,30045000100,rural,,,
MT_CHARLIE-STANFORD,720996,47.1,-110.167,1336,-7,BSk,Cold & Very Cold,30045000100,rural,,,
MT_CUT-BANK-MUNI-AP,727690,48.604,-112.377,1171,-7,BSk,Cold & Very Cold,30035940400,rural,,,
MT_DELTA-(DENTON),720997,47.383,-109.817,1093,-7,Dfb,Cold & Very Cold,30027030100,rural,,,
MT_DILLON-AP,727700,45.258,-112.555,1584,-7,BSk,Cold & Very Cold,30001000200,rural,,,
MT_ECHO-(WINIFRED),720998,47.45,-109.417,1116,-7,Dfb,Cold & Very Cold,30027030100,rural,,,
MT_FOX-AUGUSTA,720999,47.6,-112.317,1343,-7,BSk,Cold & Very Cold,30099000300,rural,,,
MT_GLASGOW-IAP,727680,48.214,-106.621,697,-7,BSk,Cold & Very Cold,30105940600,rural,,,
MT_GLENDIVE(AWOS),726676,47.133,-104.8,748,-7,BSk,Cold & Very Cold,30021000100,rural,,,
MT_GOLF-(SIMMS),721001,47.333,-112.1,1310,-7,BSk,Cold & Very Cold,30049000100,rural,25740,"Helena, MT Micro Area",M2
MT_GREAT-FALLS-IAP,727750,47.473,-111.383,1117,-7,BSk,Cold & Very Cold,30013010700,rural,24500,"Great Falls, MT Metro Area",M1
MT_GREAT-FALLS,727760,47.45,-111.383,1130,-7,BSk,Cold & Very Cold,30013002300,suburban/small town,24500,"Great Falls, MT Metro Area",M1
MT_HAVRE-CITY-CO-AP,727770,48.543,-109.764,788,-7,BSk,Cold & Very Cold,30041040200,rural,25660,"Havre, MT Micro Area",M2
MT_HOTEL-(FAIRFIELD),721002,47.7,-111.95,1178,-7,BSk,Cold & Very Cold,30099000100,rural,,,
MT_INDIA-ULM,721003,47.317,-111.467,1108,-7,BSk,Cold & Very Cold,30013010400,rural,24500,"Great Falls, MT Metro Area",M1
MT_JORDAN,727684,47.326,-106.949,801,-7,BSk,Cold & Very Cold,30033000100,rural,,,
MT_JULIET-POWER,721004,47.75,-111.55,1152,-7,BSk,Cold & Very Cold,30099000100,rural,,,
MT_KALISPELL-GLACIER-PK-IAP,727790,48.304,-114.264,903,-7,Dfb,Cold & Very Cold,30029000601,rural,28060,"Kalispell, MT Micro Area",M2
MT_KILO-HARLOWTOWN,721005,46.45,-109.8,1329,-7,BSk,Cold & Very Cold,30107000100,rural,,,
MT_LEWISTOWN-MUNI-AP,726776,47.054,-109.457,1257,-7,Dfb,Cold & Very Cold,30027030100,rural,,,
MT_LIMA-JUDITH-GAP,721006,46.7,-109.733,1414,-7,Dfb,Cold & Very Cold,30027030100,rural,,,
MT_LIVINGSTON-MISSION-FLD,726798,45.698,-110.442,1415,-7,Dfb,Cold & Very Cold,30067000200,rural,,,
MT_MALMSTROM-AFB,727755,47.517,-111.183,1058,-7,BSk,Cold & Very Cold,30013001200,suburban/small town,24500,"Great Falls, MT Metro Area",M1
MT_MIKE-MOORE,721007,47.017,-109.633,1256,-7,Dfb,Cold & Very Cold,30027030100,rural,,,
MT_MILES-CITY-MUNI-AP,742300,46.426,-105.883,800,-7,BSk,Cold & Very Cold,30017961300,rural,,,
MT_MISSOULA-IAP,727730,46.921,-114.094,973,-7,Dfb,Cold & Very Cold,30063000202,suburban/small town,33540,"Missoula, MT Metro Area",M1
MT_NOVEMBER-GRASS-RAN,721008,47.067,-109.033,1161,-7,Dfb,Cold & Very Cold,30027030100,rural,,,
MT_OSCAR-(ROY),721009,47.333,-108.933,1086,-7,BSk,Cold & Very Cold,30027030100,rural,,,
MT_RAVALLI-COUNTY-AP,720759,46.255,-114.125,1111,-7,Csb,Cold & Very Cold,30081000600,rural,,,
MT_SIDNEY-RICHLAND-MUNI,727687,47.717,-104.183,603,-7,BSk,Cold & Very Cold,30083070300,rural,,,
MT_WOLF-POINT-IAP,727686,48.094,-105.578,604,-7,BSk,Cold & Very Cold,30085940001,rural,,,
MT_YELLOWSTONE,726764,44.683,-111.117,2026,-7,Dfc,Cold & Very Cold,30031001500,rural,14580,"Bozeman, MT Micro Area",M2
NC_AHOSKIE,723079,36.298,-77.171,20,-5,Cfa,Mixed-Humid,37091950300,rural,,,
NC_ALBEMARLE,722148,35.417,-80.151,185,-5,Cfa,Mixed-Humid,37167930102,rural,10620,"Albemarle, NC Micro Area",M2
NC_ANDREWS-AP,722177,35.195,-83.865,516,-5,Cfa,Mixed-Humid,37039930200,rural,,,
NC_ANSON-CO-AP,725294,35.017,-80.083,91,-5,Cfa,Mixed-Humid,37007920400,rural,16740,"Charlotte-Gastonia-Rock Hill, NC-SC Metro Area",M1
NC_ASHEBORO-MUNI,746935,35.654,-79.895,205,-5,Cfa,Mixed-Humid,37151030600,rural,24660,"Greensboro-High Point, NC Metro Area",M1
NC_ASHEVILLE-RGNL-AP,723150,35.432,-82.538,645,-5,Cfb,Mixed-Humid,37021002203,lower density urban,11700,"Asheville, NC Metro Area",M1
NC_BEAUFORT-CO-AP,720612,32.412,-80.634,38,-5,Cfa,Hot-Humid,45013000902,suburban/small town,25940,"Hilton Head Island-Beaufort, SC Micro Area",M2
NC_BEAUFORT-SMITH-FLD,723037,34.733,-76.657,1,-5,Cfa,Hot-Humid,37031970302,suburban/small town,33980,"Morehead City, NC Micro Area",M2
NC_BOGUE-FLD-MCAF,723097,34.683,-77.033,6,-5,Cfa,Hot-Humid,37031970804,rural,33980,"Morehead City, NC Micro Area",M2
NC_BOONE-WATAUGA-HOSPTL,722198,36.2,-81.65,910,-5,Cfb,Cold & Very Cold,37189920601,suburban/small town,14380,"Boone, NC Micro Area",M2
NC_BRUNSWICK-CNTY-AP,722191,33.929,-78.075,7,-5,Cfa,Hot-Humid,37019020304,rural,48900,"Wilmington, NC Metro Area",M1
NC_BURLINGTON-RGNL-AP,723174,36.048,-79.474,185,-5,Cfa,Mixed-Humid,37001020702,lower density urban,15500,"Burlington, NC Metro Area",M1
NC_CHERRY-POINT-MCAS,723090,34.9,-76.883,8,-5,Cfa,Mixed-Humid,37049961202,rural,35100,"New Bern, NC Micro Area",M2
NC_CLINTON,722073,34.976,-78.364,45,-5,Cfa,Mixed-Humid,37163970800,rural,,,
NC_CONCORD-RGNL-AP,722132,35.39,-80.707,214,-5,Cfa,Mixed-Humid,37025041303,suburban/small town,16740,"Charlotte-Gastonia-Rock Hill, NC-SC Metro Area",M1
NC_CURRITUCK-CO,723626,36.399,-76.016,4,-5,Cfa,Mixed-Humid,37053110302,rural,47260,"Virginia Beach-Norfolk-Newport News, VA-NC Metro Area",M1
NC_DARE-COUNTY-RGNL-AP,723046,35.917,-75.702,4,-5,Cfa,Mixed-Humid,37055970601,rural,28620,"Kill Devil Hills, NC Micro Area",M2
NC_DUPLIN-CO,746929,35.0,-77.982,41,-5,Cfa,Mixed-Humid,37061090400,rural,,,
NC_ELIZABETHTOWN,720279,34.602,-78.578,40,-5,Cfa,Mixed-Humid,37017950400,rural,,,
NC_ELZ-CTY-CGAS-RGNL-AP,723070,36.258,-76.172,1,-5,Cfa,Mixed-Humid,37139960701,rural,21020,"Elizabeth City, NC Micro Area",M2
NC_ERWIN-HARNETT-AP,746936,35.379,-78.734,60,-5,Cfa,Mixed-Humid,37085070802,rural,20380,"Dunn, NC Micro Area",M2
NC_FAYETTEVILLE-POPE-AFB,723030,35.174,-79.009,66,-5,Cfa,Mixed-Humid,37051003401,suburban/small town,22180,"Fayetteville, NC Metro Area",M1
NC_FAYETTEVILLE-RGNL-G,723035,34.99,-78.88,56,-5,Cfa,Mixed-Humid,37051001500,suburban/small town,22180,"Fayetteville, NC Metro Area",M1
NC_FIRST-FLIGHT,720282,36.018,-75.671,4,-5,Cfa,Mixed-Humid,37055970200,suburban/small town,28620,"Kill Devil Hills, NC Micro Area",M2
NC_FORT-BRAGG-SIMMONS,746930,35.133,-78.933,74,-5,Cfa,Mixed-Humid,37051980200,rural,22180,"Fayetteville, NC Metro Area",M1
NC_FRANKLIN-CO-AP,722141,36.023,-78.33,112,-5,Cfa,Mixed-Humid,37069060600,rural,39580,"Raleigh-Cary, NC Metro Area",M1
NC_GASTONIA-MUNI-AP,723147,35.197,-81.156,241,-5,Cfa,Mixed-Humid,37071033305,suburban/small town,16740,"Charlotte-Gastonia-Rock Hill, NC-SC Metro Area",M1
NC_GOLDSBORO-S-JOHNSON-AFB,723066,35.344,-77.965,33,-5,Cfa,Mixed-Humid,37191000500,suburban/small town,24140,"Goldsboro, NC Metro Area",M1
NC_GOLDSBORO-WAYNE,746940,35.46,-77.965,40,-5,Cfa,Mixed-Humid,37191000304,rural,24140,"Goldsboro, NC Metro Area",M1
NC_GREENSBORO-PIEDMONT-IAP,723170,36.097,-79.943,275,-5,Cfa,Mixed-Humid,37081980100,lower density urban,24660,"Greensboro-High Point, NC Metro Area",M1
NC_HALIFAX-NORTHAMPTON-RGNL-A,720649,36.33,-77.635,44,-5,Cfa,Mixed-Humid,37083931000,rural,40260,"Roanoke Rapids, NC Micro Area",M2
NC_HATTERAS-BILLY-MITCHELL-AP,723139,35.232,-75.622,3,-5,Cfa,Mixed-Humid,37055970502,rural,28620,"Kill Devil Hills, NC Micro Area",M2
NC_HICKORY-RGNL-AP,723010,35.742,-81.382,356,-5,Cfa,Mixed-Humid,37035010600,lower density urban,25860,"Hickory-Lenoir-Morganton, NC Metro Area",M1
NC_JACKSONVILLE(AWOS),723069,34.833,-77.617,29,-5,Cfa,Hot-Humid,37133000301,rural,27340,"Jacksonville, NC Metro Area",M1
NC_JEFFERSON,723146,36.432,-81.419,969,-5,Cfa,Cold & Very Cold,37009970500,rural,,,
NC_JOHNSTON-CO,722131,35.541,-78.39,50,-5,Cfa,Mixed-Humid,37101040902,rural,39580,"Raleigh-Cary, NC Metro Area",M1
NC_KINSTON-STALLINGS-AFB,723067,35.317,-77.633,28,-5,Cfa,Mixed-Humid,37107010900,rural,28820,"Kinston, NC Micro Area",M2
NC_LEXINGTON-DAVIDSON,722079,35.781,-80.304,223,-5,Cfa,Mixed-Humid,37057061803,suburban/small town,45640,"Thomasville-Lexington, NC Micro Area",M2
NC_LINCOLNTON,722128,35.483,-81.161,266,-5,Cfa,Mixed-Humid,37109070902,rural,30740,"Lincolnton, NC Micro Area",M2
NC_LUMBERTON-MUNI,723108,34.608,-79.059,36,-5,Cfa,Mixed-Humid,37155960801,rural,31300,"Lumberton, NC Micro Area",M2
NC_MACKALL-AAF,723034,35.033,-79.5,114,-5,Cfa,Mixed-Humid,37153970100,rural,40460,"Rockingham, NC Micro Area",M2
NC_MAXTON,723109,34.791,-79.368,64,-5,Cfa,Mixed-Humid,37165010400,rural,29900,"Laurinburg, NC Micro Area",M2
NC_MONROE-AP,723194,35.015,-80.624,204,-5,Cfa,Mixed-Humid,37179020307,lower density urban,16740,"Charlotte-Gastonia-Rock Hill, NC-SC Metro Area",M1
NC_MORGANTON-LENIOR-AP,723148,35.821,-81.611,387,-5,Cfa,Mixed-Humid,37027030800,suburban/small town,25860,"Hickory-Lenoir-Morganton, NC Metro Area",M1
NC_MOUNT-AIRY-CO-AP,723177,36.46,-80.553,380,-5,Cfa,Mixed-Humid,37171930202,rural,34340,"Mount Airy, NC Micro Area",M2
NC_NEW-BERN-CRAVEN-CO-RGNL-AP,723095,35.068,-77.048,3,-5,Cfa,Mixed-Humid,37049961001,suburban/small town,35100,"New Bern, NC Micro Area",M2
NC_NEW-RIVER-MCAF,723096,34.708,-77.44,7,-5,Cfa,Hot-Humid,37133001000,suburban/small town,27340,"Jacksonville, NC Metro Area",M1
NC_NORTH-WILKESBORO,723165,36.223,-81.098,396,-5,Cfa,Mixed-Humid,37193960300,rural,35900,"North Wilkesboro, NC Micro Area",M2
NC_NORTHEASTERN-RGNL-AP,723074,36.028,-76.567,6,-5,Cfa,Mixed-Humid,37041930102,rural,,,
NC_OXFORD-HENDERSON,720288,36.361,-78.529,160,-5,Cfa,Mixed-Humid,37077970200,rural,,,
NC_PINEY-ISLAND,723062,35.02,-76.46,5,-5,Cfa,Hot-Humid,37031970102,rural,33980,"Morehead City, NC Micro Area",M2
NC_PITT-GREENVILLE-AP,723065,35.633,-77.383,7,-5,Cfa,Mixed-Humid,37147000800,suburban/small town,24780,"Greenville, NC Metro Area",M1
NC_REIDSVILLE-SHILOH,742077,36.437,-79.851,211,-5,Cfa,Mixed-Humid,37157040602,rural,24660,"Greensboro-High Point, NC Metro Area",M1
NC_RICHMOND-CO-AP,722243,34.891,-79.759,109,-5,Cfa,Mixed-Humid,37153970800,rural,40460,"Rockingham, NC Micro Area",M2
NC_ROCKY-MOUNT-WILSON,723068,35.85,-77.895,45,-5,Cfa,Mixed-Humid,37127011200,rural,40580,"Rocky Mount, NC Metro Area",M1
NC_ROWAN-CO-AP,723156,35.646,-80.52,235,-5,Cfa,Mixed-Humid,37159051204,lower density urban,41580,"Salisbury, NC Micro Area",M2
NC_ROXBORO,722193,36.285,-78.984,185,-5,Cfa,Mixed-Humid,37145920602,rural,20500,"Durham-Chapel Hill, NC Metro Area",M1
NC_RUTHERFORDTON,723144,35.428,-81.935,328,-5,Cfa,Mixed-Humid,37161960100,rural,22580,"Forest City, NC Micro Area",M2
NC_SANFORD,722201,35.582,-79.101,75,-5,Cfa,Mixed-Humid,37105030701,rural,41820,"Sanford, NC Micro Area",M2
NC_SHELBY-MUNI,720277,35.256,-81.601,258,-5,Cfa,Mixed-Humid,37045951503,rural,43140,"Shelby, NC Micro Area",M2
NC_SILER-CITY-MUNI,720968,35.704,-79.504,187,-5,Cfa,Mixed-Humid,37037020300,rural,20500,"Durham-Chapel Hill, NC Metro Area",M1
NC_SOUTHERN-PINES(AWOS),723143,35.237,-79.391,140,-5,Cfa,Mixed-Humid,37125950502,rural,43860,"Southern Pines-Pinehurst, NC Micro Area",M2
NC_STATESVILLE-MUNI-AI,723055,35.765,-80.957,294,-5,Cfa,Mixed-Humid,37097061104,rural,44380,"Statesville-Mooresville, NC Micro Area",M2
NC_TARBORO-EDGECOMBE-AP,720864,35.937,-77.547,16,-5,Cfa,Mixed-Humid,37065021100,rural,40580,"Rocky Mount, NC Metro Area",M1
NC_WARREN-FLD-AP,746925,35.57,-77.05,11,-5,Cfa,Mixed-Humid,37013930400,rural,47820,"Washington, NC Micro Area",M2
NC_WHITEVILLE,720274,34.273,-78.715,29,-5,Cfa,Hot-Humid,37047931000,rural,,,
NC_WILMINGTON-IAP,723020,34.267,-77.9,7,-5,Cfa,Hot-Humid,37129980100,lower density urban,48900,"Wilmington, NC Metro Area",M1
NC_WINSTON-SALEM-REYNOLDS-AP,723193,36.133,-80.224,291,-5,Cfa,Mixed-Humid,37067001602,lower density urban,49180,"Winston-Salem, NC Metro Area",M1
ND_ALPHA-(BALFOUR),721011,47.967,-100.581,482,-6,Dfb,Cold & Very Cold,38049955900,rural,33500,"Minot, ND Micro Area",M2
ND_BARNES-CO-MUNI,720911,46.942,-98.018,427,-6,Dfb,Cold & Very Cold,38003968000,rural,,,
ND_BEACH-AP,720854,46.925,-103.982,840,-7,BSk,Cold & Very Cold,38033962900,rural,,,
ND_BRAVO-VELVA,721012,47.909,-100.927,588,-6,Dfb,Cold & Very Cold,38049955900,rural,33500,"Minot, ND Micro Area",M2
ND_CANDO-MUNI-AP,720858,48.48,-99.236,450,-6,Dfb,Cold & Very Cold,38095951500,rural,,,
ND_CARRINGTON-MUNI-AP,720737,47.451,-99.151,490,-6,Dfb,Cold & Very Cold,38031959600,rural,,,
ND_CAVALIER-MUNI-AP,720855,48.784,-97.632,272,-6,Dfb,Cold & Very Cold,38067950300,rural,,,
ND_CHARLIE-RUSO,721013,47.714,-101.01,598,-6,Dfb,Cold & Very Cold,38055961000,rural,,,
ND_CROSBY-MUNI-AP,720861,48.929,-103.297,594,-6,Dfb,Cold & Very Cold,38023954500,rural,,,
ND_DELTA-MAX,721014,47.795,-101.299,631,-6,Dfb,Cold & Very Cold,38055961000,rural,,,
ND_DEVILS-LAKE-MUNI,727573,48.117,-98.9,439,-6,Dfb,Cold & Very Cold,38071957800,rural,,,
ND_DICKINSON-T-ROOSEVELT,727630,46.8,-102.797,787,-7,Dfb,Cold & Very Cold,38089963900,rural,19860,"Dickinson, ND Micro Area",M2
ND_ECHO-RYDER,721015,47.751,-101.674,640,-6,Dfb,Cold & Very Cold,38055961000,rural,,,
ND_GARRISON,727677,47.646,-101.441,582,-6,Dfb,Cold & Very Cold,38055961000,rural,,,
ND_GLEN-ULLIN-RGNL,720895,46.813,-101.86,636,-6,Dfb,Cold & Very Cold,38059020500,rural,13900,"Bismarck, ND Metro Area",M1
ND_GOLF-PLAZA,721017,48.12,-101.96,643,-6,Dfb,Cold & Very Cold,38061955200,rural,,,
ND_GRAND-FORKS-AFB,727575,47.967,-97.4,278,-6,Dfb,Cold & Very Cold,38035011900,rural,24220,"Grand Forks, ND-MN Metro Area",M1
ND_GRAND-FORKS-IAP,727570,47.943,-97.183,255,-6,Dfb,Cold & Very Cold,38035011700,rural,24220,"Grand Forks, ND-MN Metro Area",M1
ND_GWINNER-ROGER-MELROE-FIELD,720491,46.217,-97.633,386,-6,Cfa,Cold & Very Cold,38081974000,rural,,,
ND_HETTINGER,727584,46.011,-102.652,823,-7,Dwb,Cold & Very Cold,38001965600,rural,,,
ND_HOTEL-PARSHALL,721018,47.974,-102.223,578,-6,Dfb,Cold & Very Cold,38061940300,rural,,,
ND_HUTSON-FIELD-AP,720865,48.405,-97.371,251,-6,Dfb,Cold & Very Cold,38099957900,rural,,,
ND_INDIA-PALERMO,721019,48.345,-102.304,678,-6,Dfb,Cold & Very Cold,38061955200,rural,,,
ND_JAMESTOWN-MUNI-AP,727535,46.926,-98.67,455,-6,Dfb,Cold & Very Cold,38093967300,rural,27420,"Jamestown, ND Micro Area",M2
ND_JULIET-DONNYBROOK,721021,48.412,-101.892,670,-6,Dfb,Cold & Very Cold,38101011000,rural,33500,"Minot, ND Micro Area",M2
ND_KILO-DONNYBROOK-2,721022,48.551,-102.12,693,-6,Dfb,Cold & Very Cold,38101011000,rural,33500,"Minot, ND Micro Area",M2
ND_LIMA-BOWBELLS,721023,48.789,-102.269,601,-6,Dfb,Cold & Very Cold,38013953300,rural,,,
ND_LINTON-MUNI,720933,46.218,-100.245,542,-6,Dfb,Cold & Very Cold,38029966500,rural,,,
ND_MANDAN-MUNI-AP,720871,46.768,-100.894,593,-6,Dfb,Cold & Very Cold,38059020300,suburban/small town,13900,"Bismarck, ND Metro Area",M1
ND_MERCER-CO-RGNL-AP,720866,47.29,-101.581,553,-7,Dfb,Cold & Very Cold,38057961800,rural,,,
ND_MIKE-(KENMARE),721024,48.673,-101.882,569,-6,Dfb,Cold & Very Cold,38101011000,rural,33500,"Minot, ND Micro Area",M2
ND_MINOT-AFB,727675,48.417,-101.35,508,-6,Dfb,Cold & Very Cold,38101010900,suburban/small town,33500,"Minot, ND Micro Area",M2
ND_MINOT-FAA-AP,727676,48.252,-101.269,505,-6,Dfb,Cold & Very Cold,38101010200,suburban/small town,33500,"Minot, ND Micro Area",M2
ND_NOVEMBER-MOHALL,721025,48.76,-101.592,516,-6,Dfb,Cold & Very Cold,38075952900,rural,33500,"Minot, ND Micro Area",M2
ND_OSCAR-ANTLER,721026,48.825,-101.283,466,-6,Dfb,Cold & Very Cold,38009952500,rural,,,
ND_ROLLA-MUNI-AP,720853,48.884,-99.621,555,-6,Dfb,Cold & Very Cold,38079951600,rural,,,
ND_RUGBY-MUNI-AP,720867,48.39,-100.024,472,-6,Dfb,Cold & Very Cold,38069956100,rural,,,
ND_STANLEY-MUNI-AP,720909,48.301,-102.406,684,-6,Dfb,Cold & Very Cold,38061955200,rural,,,
ND_TIOGA-MUNI-AP,720863,48.381,-102.898,691,-6,Dfb,Cold & Very Cold,38105953400,rural,48780,"Williston, ND Micro Area",M2
ND_WAHPETON,722004,46.244,-96.607,295,-6,Dfb,Cold & Very Cold,38077971000,suburban/small town,47420,"Wahpeton, ND-MN Micro Area",M2
ND_WALHALLA-MUNI,722857,48.941,-97.903,290,-6,Dfb,Cold & Very Cold,38067950200,rural,,,
ND_WATFORD-CITY-MUNI-AP,720868,47.796,-103.254,643,-6,Dfb,Cold & Very Cold,38053962400,rural,,,
NE_AINSWORTH-MUNI-AP,725556,42.577,-100.001,787,-6,Dfa,Cold & Very Cold,31017975000,rural,,,
NE_ALBION-AP,723441,41.73,-98.054,548,-6,Dfa,Cold & Very Cold,31011960100,rural,,,
NE_ALLIANCE-MUNI-AP,725635,42.057,-102.802,1196,-7,BSk,Cold & Very Cold,31013951300,rural,,,
NE_AURORA,725513,40.893,-97.997,548,-6,Dfa,Cold & Very Cold,31081969300,rural,,,
NE_BEATRICE-MUNI-AP,725515,40.301,-96.754,403,-6,Dfa,Cold & Very Cold,31067964800,rural,13100,"Beatrice, NE Micro Area",M2
NE_BELLEVUE-OFFUTT-AFB,725540,41.117,-95.917,319,-6,Dfa,Cold & Very Cold,31153010302,suburban/small town,36540,"Omaha-Council Bluffs, NE-IA Metro Area",M1
NE_BLAIR-MUNI-AP,720405,41.412,-96.109,395,-6,Dfa,Cold & Very Cold,31177050201,rural,36540,"Omaha-Council Bluffs, NE-IA Metro Area",M1
NE_BREWSTER-FLD-AP,725628,40.45,-99.339,702,-6,Dfa,Cold & Very Cold,31137967100,rural,,,
NE_BROKEN-BOW-MUNI,725555,41.437,-99.639,771,-6,Dfa,Cold & Very Cold,31041971700,rural,,,
NE_CHADRON-MUNI-AP,725636,42.837,-103.098,1003,-7,BSk,Cold & Very Cold,31045950600,rural,,,
NE_CHARLIE-GERING,720979,41.583,-103.667,1371,-7,BSk,Cold & Very Cold,31007954000,rural,42420,"Scottsbluff, NE Micro Area",M2
NE_COLUMBUS-MUNI,725565,41.448,-97.343,441,-6,Dfa,Cold & Very Cold,31141965400,rural,18100,"Columbus, NE Micro Area",M2
NE_DELTA-(KIMBALL),720981,41.367,-103.8,1546,-6,BSk,Cold & Very Cold,31105954500,rural,,,
NE_ECHO-(PINE-BLUFFS),720982,41.117,-103.983,1609,-6,BSk,Cold & Very Cold,31105954500,rural,,,
NE_FALLS-CITY-BRENNER,725533,40.079,-95.589,298,-6,Dfa,Cold & Very Cold,31147968600,rural,,,
NE_FOXTROT-(DIX),720983,41.367,-103.483,1453,-6,BSk,Cold & Very Cold,31105954500,rural,,,
NE_FREMONT-MUNI-AP,725564,41.449,-96.52,366,-6,Dfa,Cold & Very Cold,31053963900,suburban/small town,23340,"Fremont, NE Micro Area",M2
NE_GORDON-MUNICIPAL,725637,42.806,-102.175,1085,-7,Dfa,Cold & Very Cold,31161951600,rural,,,
NE_GRAND-IS-CENTRAL-NE-RGNL-A,725520,40.961,-98.313,561,-6,Dfa,Cold & Very Cold,31079000100,rural,24260,"Grand Island, NE Micro Area",M2
NE_HASTINGS-MUNI-AP,725525,40.6,-98.426,591,-6,Dfa,Cold & Very Cold,31001965900,rural,25580,"Hastings, NE Micro Area",M2
NE_HEBRON-MUNI-AP,722124,40.149,-97.587,449,-6,Dfa,Cold & Very Cold,31169963200,rural,,,
NE_HOTEL-(GURLEY),720985,41.317,-102.833,1262,-6,BSk,Cold & Very Cold,31033954800,rural,,,
NE_IMPERIAL-FAA-AP,725626,40.511,-101.624,996,-7,BSk,Cold & Very Cold,31029961900,rural,,,
NE_INDIA-(SIDNEY),720986,41.05,-102.867,1293,-6,BSk,Cold & Very Cold,31033954800,rural,,,
NE_KEARNEY-MUNI,725526,40.733,-99.0,649,-6,Dfa,Cold & Very Cold,31019969203,rural,28260,"Kearney, NE Micro Area",M2
NE_KILO-(DIX),720988,41.133,-103.483,1439,-6,BSk,Cold & Very Cold,31105954500,rural,,,
NE_KIMBALL-MUNI-APT,725665,41.189,-103.671,1491,-7,BSk,Cold & Very Cold,31105954500,rural,,,
NE_LEXINGTON-JIM-KELLY-FLD,725624,40.789,-99.771,733,-6,Dfa,Cold & Very Cold,31047968400,rural,30420,"Lexington, NE Micro Area",M2
NE_MCCOOK-RGNL-AP,725625,40.204,-100.59,779,-6,Dfa,Cold & Very Cold,31145963300,rural,,,
NE_MILLARD,720308,41.196,-96.112,319,-6,Dfa,Cold & Very Cold,31055007464,lower density urban,36540,"Omaha-Council Bluffs, NE-IA Metro Area",M1
NE_NEBRASKA-CITY,725541,40.606,-95.864,351,-6,Dfa,Cold & Very Cold,31131966600,rural,,,
NE_NORFOLK-KARL-STEFAN-MEM-AP,725560,41.98,-97.434,476,-6,Dfa,Cold & Very Cold,31119961100,rural,35740,"Norfolk, NE Micro Area",M2
NE_NORTH-PLATTE-RGNL-AP,725620,41.122,-100.669,841,-6,Dfa,Cold & Very Cold,31111959700,rural,35820,"North Platte, NE Micro Area",M2
NE_OGALLA-SEARLE-FLD,725621,41.119,-101.768,990,-7,BSk,Cold & Very Cold,31101000200,rural,,,
NE_ONEILL-BAKER-FIELD,725566,42.47,-98.688,619,-6,Dfa,Cold & Very Cold,31089974300,rural,,,
NE_ORD-SHARP-FIELD,725524,41.623,-98.949,627,-6,Dfa,Cold & Very Cold,31175971400,rural,,,
NE_PLATTSMOUTH-MUNI-AP,722291,40.948,-95.917,367,-6,Dfa,Cold & Very Cold,31025965600,rural,36540,"Omaha-Council Bluffs, NE-IA Metro Area",M1
NE_SCOTTSBLUFF-HEILIG-FIELD,725660,41.875,-103.601,1206,-7,BSk,Cold & Very Cold,31157953400,rural,42420,"Scottsbluff, NE Micro Area",M2
NE_SIDNEY-MUNI-AP,725610,41.099,-102.986,1306,-7,BSk,Cold & Very Cold,31033954800,rural,,,
NE_TEKAMAH(ASOS),725527,41.763,-96.18,312,-6,Dfa,Cold & Very Cold,31021963300,rural,,,
NE_THEDFORD-THOMAS-COU,722211,41.964,-100.569,888,-6,Dfa,Cold & Very Cold,31171957100,rural,,,
NE_VALENTINE-MILLER-FIELD,725670,42.859,-100.551,791,-6,Dfa,Cold & Very Cold,31031955800,rural,,,
NE_WAHOO-MUNI,720942,41.233,-96.6,373,-6,Dfa,Cold & Very Cold,31155968300,rural,36540,"Omaha-Council Bluffs, NE-IA Metro Area",M1
NE_WAYNE-MUNI-AP,722241,42.242,-96.983,434,-6,Dfa,Cold & Very Cold,31179978700,rural,,,
NE_YORK-MUNI,725512,40.894,-97.626,507,-6,Dfa,Cold & Very Cold,31185969700,rural,,,
NH_BERLIN-MUNI-AP,726160,44.576,-71.178,342,-5,Dfb,Cold & Very Cold,33007950300,rural,13620,"Berlin, NH-VT Micro Area",M2
NH_DILLANT-HOPKINS,726165,42.9,-72.267,146,-5,Dfb,Cold & Very Cold,33005970900,rural,28300,"Keene, NH Micro Area",M2
NH_JAFFREY-MUNI-AP,726163,42.807,-72.001,308,-5,Dfb,Cold & Very Cold,33005970500,rural,28300,"Keene, NH Micro Area",M2
NH_LACONIA-MUNI(AWOS),726155,43.567,-71.433,166,-5,Dfb,Cold & Very Cold,33001966401,rural,29060,"Laconia, NH Micro Area",M2
NH_LEBANON-MUNI-AP,726116,43.627,-72.305,168,-5,Dfb,Cold & Very Cold,33009961800,rural,30100,"Lebanon, NH-VT Micro Area",M2
NH_MANCHESTER-AP,743945,42.93,-71.436,69,-5,Dfb,Cold & Very Cold,33015980011,rural,14460,"Boston-Cambridge-Quincy, MA-NH Metro Area",M1
NH_MOUNT-WASHINGTON,726130,44.27,-71.303,1911,-5,Dfb,Cold & Very Cold,33007951000,rural,13620,"Berlin, NH-VT Micro Area",M2
NH_MT-WASHINGTON-RGNL-AP,726164,44.366,-71.552,319,-5,Dfb,Cold & Very Cold,33007951100,rural,13620,"Berlin, NH-VT Micro Area",M2
NH_NASHUA-BOIRE-FIELD,743946,42.783,-71.517,61,-5,Dfb,Cold & Very Cold,33011010200,suburban/small town,31700,"Manchester-Nashua, NH Metro Area",M1
NH_PEASE-INTL-TRADEPOR,726055,43.083,-70.817,30,-5,Dfb,Cold & Very Cold,33015107400,lower density urban,14460,"Boston-Cambridge-Quincy, MA-NH Metro Area",M1
NH_PLYMOUTH-MUNI-AP,742078,43.779,-71.754,153,-5,Dfb,Cold & Very Cold,33009961000,rural,30100,"Lebanon, NH-VT Micro Area",M2
NH_SKYHAVEN,726056,43.279,-70.924,100,-5,Dfb,Cold & Very Cold,33017084100,suburban/small town,14460,"Boston-Cambridge-Quincy, MA-NH Metro Area",M1
NJ_AEROFLEX-ANDOVER,724077,41.009,-74.736,176,-5,Dfb,Cold & Very Cold,34037373600,rural,35620,"New York-Northern New Jersey-Long Island, NY-NJ-PA Metro Area",M1
NJ_ATLANTIC-CITY-IAP,724070,39.452,-74.567,17,-5,Cfa,Mixed-Humid,34001011702,suburban/small town,12100,"Atlantic City-Hammonton, NJ Metro Area",M1
NJ_BELMAR-FARMDALE,724084,40.183,-74.133,48,-5,Cfa,Mixed-Humid,34025808600,suburban/small town,35620,"New York-Northern New Jersey-Long Island, NY-NJ-PA Metro Area",M1
NJ_CALDWELL-ESSEX-CO,724094,40.876,-74.283,52,-5,Cfa,Mixed-Humid,34013021601,suburban/small town,35620,"New York-Northern New Jersey-Long Island, NY-NJ-PA Metro Area",M1
NJ_CAPE-MAY-CO,745966,39.008,-74.908,7,-5,Cfa,Mixed-Humid,34009021804,suburban/small town,36140,"Ocean City, NJ Metro Area",M1
NJ_LAKEHURST-NAS,724090,40.033,-74.35,30,-5,Cfa,Mixed-Humid,34029739100,suburban/small town,35620,"New York-Northern New Jersey-Long Island, NY-NJ-PA Metro Area",M1
NJ_LINDEN-AP,720581,40.617,-74.25,7,-5,Cfa,Mixed-Humid,34039035400,lower density urban,35620,"New York-Northern New Jersey-Long Island, NY-NJ-PA Metro Area",M1
NJ_MCGUIRE-AFB,724096,40.017,-74.6,39,-5,Cfa,Mixed-Humid,34005982111,suburban/small town,37980,"Philadelphia-Camden-Wilmington, PA-NJ-DE-MD Metro Area",M1
NJ_MILLVILLE-MUNI-AP,724075,39.366,-75.078,17,-5,Cfa,Mixed-Humid,34011030501,suburban/small town,47220,"Vineland-Millville-Bridgeton, NJ Metro Area",M1
NJ_MORRISTOWN-MUNI,724097,40.8,-74.417,57,-5,Cfa,Cold & Very Cold,34027042100,lower density urban,35620,"New York-Northern New Jersey-Long Island, NY-NJ-PA Metro Area",M1
NJ_OCEAN-CO-AP,720407,39.928,-74.292,25,-5,Cfa,Mixed-Humid,34029731204,suburban/small town,35620,"New York-Northern New Jersey-Long Island, NY-NJ-PA Metro Area",M1
NJ_SOMERSET,722247,40.624,-74.669,30,-5,Cfa,Cold & Very Cold,34035052904,rural,35620,"New York-Northern New Jersey-Long Island, NY-NJ-PA Metro Area",M1
NJ_ST-JERSEY-RGNL-AP,724074,39.941,-74.841,15,-5,Cfa,Mixed-Humid,34005703102,suburban/small town,37980,"Philadelphia-Camden-Wilmington, PA-NJ-DE-MD Metro Area",M1
NJ_SUSSEX,740001,41.199,-74.626,127,-5,Dfb,Cold & Very Cold,34037371800,rural,35620,"New York-Northern New Jersey-Long Island, NY-NJ-PA Metro Area",M1
NJ_TETERBORO-AP,725025,40.859,-74.056,0,-5,Cfa,Cold & Very Cold,34003036100,lower density urban,35620,"New York-Northern New Jersey-Long Island, NY-NJ-PA Metro Area",M1
NM_ALAMOGORDO-WHITE-SANDS,722693,32.84,-105.991,1280,-7,BSk,Hot-Dry & Mixed Dry,35035000500,rural,10460,"Alamogordo, NM Micro Area",M2
NM_ALBUQUERQUE-DOUBLE,723647,35.145,-106.795,1779,-7,BSk,Hot-Dry & Mixed Dry,35001940600,suburban/small town,10740,"Albuquerque, NM Metro Area",M1
NM_ALEXANDER-MUNI,720724,34.646,-106.836,158,-7,,Hot-Dry & Mixed Dry,35061971300,rural,10740,"Albuquerque, NM Metro Area",M1
NM_ANGEL-FIRE-AP,720411,36.422,-105.29,2554,-7,Dfb,Cold & Very Cold,35007950700,rural,,,
NM_ARTESIA,722676,32.853,-104.468,1079,-7,BSk,Hot-Dry & Mixed Dry,35015001000,rural,16100,"Carlsbad-Artesia, NM Micro Area",M2
NM_BISBEE-DOUGLAS-IAP,722720,31.458,-109.607,1247,-7,BSk,Hot-Dry & Mixed Dry,04003000500,rural,43420,"Sierra Vista-Douglas, AZ Micro Area",M2
NM_CARLSBAD-CAVERN-CITY-AP,722687,32.334,-104.258,990,-7,BWk,Hot-Dry & Mixed Dry,35015000700,rural,16100,"Carlsbad-Artesia, NM Micro Area",M2
NM_CLAYTON-MUNI-AIRPARK,723600,36.448,-103.154,1514,-7,BSk,Hot-Dry & Mixed Dry,35059950200,rural,,,
NM_CLINES-CORNERS,722677,35.003,-105.663,2158,-7,BSk,Cold & Very Cold,35057963600,rural,10740,"Albuquerque, NM Metro Area",M1
NM_CLOVIS-CANNON-AFB,722686,34.383,-103.317,1309,-7,BSk,Hot-Dry & Mixed Dry,35009000900,rural,17580,"Clovis, NM Micro Area",M2
NM_CLOVIS-MUNI(AWOS),722689,34.433,-103.083,1285,-7,BSk,Hot-Dry & Mixed Dry,35009000602,rural,17580,"Clovis, NM Micro Area",M2
NM_DEMING-MUNI,722725,32.259,-107.721,1311,-7,BSk,Hot-Dry & Mixed Dry,35029000100,rural,19700,"Deming, NM Micro Area",M2
NM_FARMINGTON-FOUR-CORNERS-RG,723658,36.744,-108.229,1676,-7,BSk,Cold & Very Cold,35045000401,suburban/small town,22140,"Farmington, NM Metro Area",M1
NM_GALLUP-SEN-CLARKE-FLD,723627,35.509,-108.793,1970,-7,BSk,Cold & Very Cold,35031945200,rural,23700,"Gallup, NM Micro Area",M2
NM_GRANT-CO-AP,722721,32.633,-108.167,1637,-7,BSk,Hot-Dry & Mixed Dry,35017964800,rural,43500,"Silver City, NM Micro Area",M2
NM_GRANTS-MILAN-MUNI-AP,723625,35.165,-107.902,1987,-7,BSk,Cold & Very Cold,35006974700,rural,24380,"Grants, NM Micro Area",M2
NM_HOBBS-LEA-CO,722688,32.693,-103.213,1114,-7,BSk,Hot-Dry & Mixed Dry,35025000702,rural,26020,"Hobbs, NM Micro Area",M2
NM_HOLLOMAN-AFB,747320,32.85,-106.1,1267,-7,BSk,Hot-Dry & Mixed Dry,35035000601,rural,10460,"Alamogordo, NM Micro Area",M2
NM_LAS-CRUCES-IAP,722695,32.283,-106.917,1357,-7,BWk,Hot-Dry & Mixed Dry,35013001500,suburban/small town,29740,"Las Cruces, NM Metro Area",M1
NM_LAS-VEGAS-MUNI-AP,723677,35.656,-105.139,2094,-7,BSk,Cold & Very Cold,35047957500,rural,29780,"Las Vegas, NM Micro Area",M2
NM_LOS-ALAMOS,723654,35.883,-106.283,2185,-7,Cfb,Cold & Very Cold,35028000400,rural,31060,"Los Alamos, NM Micro Area",M2
NM_MELROSE-GUNNERY-RANGE-NM,746380,34.295,-103.786,1326,-7,BSk,Hot-Dry & Mixed Dry,35041000401,rural,38780,"Portales, NM Micro Area",M2
NM_PAMPA,720313,35.613,-100.996,989,-7,BSk,Hot-Dry & Mixed Dry,48179950100,rural,37420,"Pampa, TX Micro Area",M2
NM_RATON,722678,36.742,-104.508,1936,-7,BSk,Cold & Very Cold,35007950500,rural,,,
NM_ROSWELL-INDUSTRIAL-AP,722680,33.307,-104.508,1104,-7,BSk,Hot-Dry & Mixed Dry,35005001101,rural,40740,"Roswell, NM Micro Area",M2
NM_SANTA-TERESA,723640,31.88,-106.703,125,-7,,Hot-Dry & Mixed Dry,35013001701,suburban/small town,29740,"Las Cruces, NM Metro Area",M1
NM_SIERRA-BLANCA-RGNL-AP,722683,33.45,-105.517,2075,-7,Csb,Hot-Dry & Mixed Dry,35027960400,rural,40760,"Ruidoso, NM Micro Area",M2
NM_SOCORRO-MUNI-AP,723620,34.067,-106.9,1485,-7,BSk,Hot-Dry & Mixed Dry,35053978302,suburban/small town,,,
NM_TAOS-MUNI-APT(AWOS),723663,36.45,-105.667,2161,-7,Dfb,Cold & Very Cold,35055940100,rural,45340,"Taos, NM Micro Area",M2
NM_TRUTH-OR-CONSEQ-MUNI-AP,722710,33.237,-107.268,1470,-7,BWk,Hot-Dry & Mixed Dry,35051962401,rural,,,
NM_TUCUMCARI-FAA-AP,723676,35.181,-103.601,1230,-7,BSk,Hot-Dry & Mixed Dry,35037958900,rural,,,
NV_AUSTIN-AP,720129,39.468,-117.197,1748,-8,Csb,Cold & Very Cold,32015000300,rural,,,
NV_BATTLE-MOUNTAIN,725835,40.612,-116.892,1373,-8,BSk,Cold & Very Cold,32015000300,rural,,,
NV_BOULDER-MUNI-AP,720741,35.947,-114.861,671,-8,BWh,Hot-Dry & Mixed Dry,32003005501,rural,29820,"Las Vegas-Paradise, NV Metro Area",M1
NV_CARSON-AP,720549,39.183,-119.733,1432,-8,Csb,Cold & Very Cold,32510000900,lower density urban,16180,"Carson City, NV Metro Area",M1
NV_CREECH-AFB,746141,36.583,-115.683,954,-8,BWk,Hot-Dry & Mixed Dry,32003005902,rural,29820,"Las Vegas-Paradise, NV Metro Area",M1
NV_ELKO-MUNI-AP,725825,40.824,-115.786,1540,-8,BSk,Cold & Very Cold,32007950900,suburban/small town,21220,"Elko, NV Micro Area",M2
NV_ELY-YELLAND-FIELD,724860,39.295,-114.847,1904,-8,BSk,Cold & Very Cold,32033970200,rural,,,
NV_EUREKA,724770,39.601,-116.006,1809,-8,BSk,Cold & Very Cold,32011000100,rural,21220,"Elko, NV Micro Area",M2
NV_FALLON-NAAS,724885,39.417,-118.717,1199,-8,BWk,Cold & Very Cold,32001950400,rural,21980,"Fallon, NV Micro Area",M2
NV_HAWTHORNE-MUNICIPAL,724856,38.544,-118.634,1284,-8,BSk,Cold & Very Cold,32021970700,rural,,,
NV_NORTH-LAS-VEGAS,724846,36.212,-115.194,667,-8,BWk,Hot-Dry & Mixed Dry,32003003616,lower density urban,29820,"Las Vegas-Paradise, NV Metro Area",M1
NV_RENO-TAHOE-IAP,724880,39.508,-119.768,1342,-8,Csb,Cold & Very Cold,32031980000,suburban/small town,39900,"Reno-Sparks, NV Metro Area",M1
NY_ALBANY-CO-AP,725180,42.747,-73.799,85,-5,Dfb,Cold & Very Cold,36001013703,lower density urban,10580,"Albany-Schenectady-Troy, NY Metro Area",M1
NY_BUFFALO-NIAGARA-IAP,725280,42.94,-78.736,216,-5,Dfb,Cold & Very Cold,36029010001,lower density urban,15380,"Buffalo-Niagara Falls, NY Metro Area",M1
NY_PORT-AUTH-DOWNTN-MANHATTAN,720553,40.701,-74.009,2,-5,Cfa,Mixed-Humid,36061000900,higher density urban,35620,"New York-Northern New Jersey-Long Island, NY-NJ-PA Metro Area",M1
OH_BURKE-LAKEFRONT,725245,41.526,-81.669,177,-5,Dfa,Cold & Very Cold,39035107101,lower density urban,17460,"Cleveland-Elyria-Mentor, OH Metro Area",M1
OH_CINCINNATI-MUNI-AP-LUNKI,724297,39.106,-84.416,144,-5,Cfa,Mixed-Humid,39061004702,lower density urban,17140,"Cincinnati-Middletown, OH-KY-IN Metro Area",M1
OH_COLUMBUS-PORT-COLUMBUS-IAP,724280,39.991,-82.877,246,-5,Cfa,Cold & Very Cold,39049980000,lower density urban,18140,"Columbus, OH Metro Area",M1
OK_OKLAHOMA-CITY-WILL-ROGERS-,723530,35.388,-97.6,389,-6,Cfa,Mixed-Humid,40109107101,suburban/small town,36420,"Oklahoma City, OK Metro Area",M1
OK_TULSA-IAP,723560,36.199,-95.878,194,-6,Cfa,Mixed-Humid,40143011100,suburban/small town,46140,"Tulsa, OK Metro Area",M1
OR_EUGENE-MAHLON-SWEET-AP,726930,44.133,-123.216,109,-8,Csb,Marine,41039001001,rural,21660,"Eugene-Springfield, OR Metro Area",M1
OR_PORTLAND-IAP,726980,45.596,-122.609,6,-8,Csb,Marine,41051007300,lower density urban,38900,"Portland-Vancouver-Hillsboro, OR-WA Metro Area",M1
PA_HARRISBURG-CAPITAL-CITY-AP,725118,40.218,-76.855,102,-5,Cfa,Mixed-Humid,42133020100,suburban/small town,49620,"York-Hanover, PA Metro Area",M1
PA_PHILADELPHIA-IAP,724080,39.873,-75.227,2,-5,Cfa,Mixed-Humid,42045980000,lower density urban,37980,"Philadelphia-Camden-Wilmington, PA-NJ-DE-MD Metro Area",M1
PA_PITTSBURGH-ALLEGHENY-CO-AP,725205,40.355,-79.921,379,-5,Cfa,Cold & Very Cold,42003488500,lower density urban,38300,"Pittsburgh, PA Metro Area",M1
RI_PROVIDENCE-GREEN-STATE-AP,725070,41.723,-71.432,15,-5,Cfa,Cold & Very Cold,44003980000,lower density urban,39300,"Providence-New Bedford-Fall River, RI-MA Metro Area",M1
SC_CHARLESTON-EXEC-AP,720606,32.701,-80.003,5,-5,Cfa,Hot-Humid,45019002103,rural,16700,"Charleston-North Charleston-Summerville, SC Metro Area",M1
SC_COLUMBIA-OWENS-APT,723104,33.972,-80.994,54,-5,Cfa,Mixed-Humid,45079002602,lower density urban,17900,"Columbia, SC Metro Area",M1
SD_ELLSWORTH-AFB,726625,44.15,-103.1,999,-7,Dfa,Cold & Very Cold,46093020200,rural,39660,"Rapid City, SD Metro Area",M1
SD_SIOUX-FALLS-FOSS-FIELD,726510,43.578,-96.754,432,-6,Dfa,Cold & Very Cold,46099000100,suburban/small town,43620,"Sioux Falls, SD Metro Area",M1
TN_JOHN-C-TUNE,723271,36.182,-86.887,150,-6,Cfa,Mixed-Humid,47037013000,lower density urban,34980,"Nashville-Davidson--Murfreesboro--Franklin, TN Metro Area",M1
TN_MEMPHIS-IAP,723340,35.056,-89.986,76,-6,Cfa,Mixed-Humid,47157980100,lower density urban,32820,"Memphis, TN-MS-AR Metro Area",M1
TX_AUSTIN-CAMP-MABRY,722544,30.321,-97.76,204,-6,Cfa,Hot-Humid,48453000102,lower density urban,12420,"Austin-Round Rock-San Marcos, TX Metro Area",M1
TX_DALLAS-LOVE-FIELD,722580,32.838,-96.836,147,-6,Cfa,Hot-Humid,48113980100,lower density urban,19100,"Dallas-Fort Worth-Arlington, TX Metro Area",M1
TX_HOUSTON-DUNN-HELISTOP,720594,29.717,-95.383,69,-6,Cfa,Hot-Humid,48201313100,lower density urban,26420,"Houston-Sugar Land-Baytown, TX Metro Area",M1
UT_SALT-LAKE-CITY-IAP,725720,40.771,-111.965,1288,-7,Dfb,Cold & Very Cold,49035980000,rural,41620,"Salt Lake City, UT Metro Area",M1
NV_LAS-VEGAS-MCCARRAN-IAP,723860,36.072,-115.163,662,-8,BWk,Hot-Dry & Mixed Dry,32003006800,lower density urban,29820,"Las Vegas-Paradise, NV Metro Area",M1
NV_LOVELOCK-DERBY-FIELD,725805,40.068,-118.57,1189,-8,BWk,Cold & Very Cold,32027960100,rural,,,
NV_MERCURY-DESERT-ROCK-AP,723870,36.621,-116.028,984,-8,BWk,Cold & Very Cold,32023980500,rural,37220,"Pahrump, NV Micro Area",M2
NV_MINDEN-TAHOE-AP,720551,39.0,-119.751,1440,-8,Csb,Cold & Very Cold,32005002200,rural,23820,"Gardnerville Ranchos, NV Micro Area",M2
NV_NELLIS-AFB-AP,746140,36.25,-115.033,570,-8,BWk,Hot-Dry & Mixed Dry,32003007800,suburban/small town,29820,"Las Vegas-Paradise, NV Metro Area",M1
NV_RENO-STEAD,720839,39.667,-119.876,1540,-8,Csb,Cold & Very Cold,32031980100,rural,39900,"Reno-Sparks, NV Metro Area",M1
NV_TONOPAH-AP,724855,38.05,-117.091,1645,-8,BWk,Cold & Very Cold,32023960200,rural,37220,"Pahrump, NV Micro Area",M2
NV_VEGAS-HENDERSON-EXEC,722096,35.976,-115.133,749,-8,BWk,Hot-Dry & Mixed Dry,32003005347,lower density urban,29820,"Las Vegas-Paradise, NV Metro Area",M1
NV_WINNEMUCCA-MUNI-AP,725830,40.902,-117.808,1310,-8,BSk,Cold & Very Cold,32013010500,rural,,,
NY_ADIRONDACK-RGNL-AP,726228,44.393,-74.203,505,-5,Dfb,Cold & Very Cold,36033950900,rural,31660,"Malone, NY Micro Area",M2
NY_BINGHAMTON-EDWIN-A-LINK-FL,725150,42.207,-75.98,485,-5,Dfb,Cold & Very Cold,36007010200,rural,13780,"Binghamton, NY Metro Area",M1
NY_CATTARAUGUS-CO-OLEAN-AP,725283,42.241,-78.371,651,-5,Dfb,Cold & Very Cold,36009962200,rural,36460,"Olean, NY Micro Area",M2
NY_CHATAUQUA-CO-JAMESTO,725235,42.15,-79.25,525,-5,Dfb,Cold & Very Cold,36013037300,rural,27460,"Jamestown-Dunkirk-Fredonia, NY Micro Area",M2
NY_CHAUTAUQUA-CO-DUNKIR,744989,42.493,-79.276,203,-5,Dfb,Cold & Very Cold,36013035300,rural,27460,"Jamestown-Dunkirk-Fredonia, NY Micro Area",M2
NY_DANSVILLE-MUNI,724988,42.57,-77.714,196,-5,Dfb,Cold & Very Cold,36051031300,rural,40380,"Rochester, NY Metro Area",M1
NY_EAST-HAMPTON,722098,40.96,-72.252,17,-5,Cfa,Mixed-Humid,36103200902,rural,35620,"New York-Northern New Jersey-Long Island, NY-NJ-PA Metro Area",M1
NY_ELMIRA-CORNING-RGNL-AP,725156,42.157,-76.903,285,-5,Dfb,Cold & Very Cold,36015010300,suburban/small town,21300,"Elmira, NY Metro Area",M1
NY_FLOYD-BENNETT-MEM-AP,725220,43.338,-73.61,97,-5,Dfb,Cold & Very Cold,36113070601,suburban/small town,24020,"Glens Falls, NY Metro Area",M1
NY_FORT-DRUM-WHEELER-S,743700,44.05,-75.733,209,-5,Dfb,Cold & Very Cold,36045980000,rural,48060,"Watertown-Fort Drum, NY Micro Area",M2
NY_FULTON,725146,43.35,-76.383,143,-5,Dfb,Cold & Very Cold,36075021000,rural,45060,"Syracuse, NY Metro Area",M1
NY_GREATER-ROCHESTER-IAP,725290,43.117,-77.675,164,-5,Dfb,Cold & Very Cold,36055980000,rural,40380,"Rochester, NY Metro Area",M1
NY_GRIFFISS-AFB-ROME,725196,43.224,-75.396,144,-5,Dfb,Cold & Very Cold,36065980100,suburban/small town,46540,"Utica-Rome, NY Metro Area",M1
NY_ITHACA-TOMPKINS-CO,725155,42.483,-76.467,335,-5,Dfb,Cold & Very Cold,36109001500,suburban/small town,27060,"Ithaca, NY Metro Area",M1
NY_LONG-ISLAND-MAC-ARTHUR-AP,725050,40.794,-73.102,25,-5,Cfa,Mixed-Humid,36103146605,lower density urban,35620,"New York-Northern New Jersey-Long Island, NY-NJ-PA Metro Area",M1
NY_MASSENA-AP,726223,44.933,-74.848,60,-5,Dfb,Cold & Very Cold,36089490300,rural,36300,"Ogdensburg-Massena, NY Micro Area",M2
NY_MONTAUK,725014,41.073,-71.924,2,-5,Cfb,Mixed-Humid,36103201004,rural,35620,"New York-Northern New Jersey-Long Island, NY-NJ-PA Metro Area",M1
NY_MONTICELLO(AWOS),725145,41.701,-74.795,427,-5,Dfb,Cold & Very Cold,36105951900,rural,,,
NY_NEW-YORK-J-F-KENNEDY-IAP,744860,40.639,-73.764,2,-5,Cfa,Mixed-Humid,36081071600,lower density urban,35620,"New York-Northern New Jersey-Long Island, NY-NJ-PA Metro Area",M1
NY_NEW-YORK-LAGUARDIA-AP,725030,40.779,-73.88,3,-5,Cfa,Mixed-Humid,36081033100,lower density urban,35620,"New York-Northern New Jersey-Long Island, NY-NJ-PA Metro Area",M1
NY_NIAGARA-FALLS-AF,725287,43.108,-78.938,178,-5,Dfb,Cold & Very Cold,36063022711,suburban/small town,15380,"Buffalo-Niagara Falls, NY Metro Area",M1
NY_NYC-CENTRAL-PARK,725053,40.779,-73.969,42,-5,Cfa,Mixed-Humid,36061014300,lower density urban,35620,"New York-Northern New Jersey-Long Island, NY-NJ-PA Metro Area",M1
NY_OGDENSBURG-IAP,725186,44.682,-75.466,90,-5,Dfb,Cold & Very Cold,36089491700,rural,36300,"Ogdensburg-Massena, NY Micro Area",M2
NY_ORANGE-CO,725015,41.509,-74.265,108,-5,Dfa,Cold & Very Cold,36071010600,rural,39100,"Poughkeepsie-Newburgh-Middletown, NY Metro Area",M1
NY_PENN-YAN,725194,42.644,-77.053,267,-5,Dfb,Cold & Very Cold,36123150500,rural,,,
NY_PLATTSBURGH-IAP,726225,44.639,-73.463,50,-5,Dfb,Cold & Very Cold,36019102100,suburban/small town,38460,"Plattsburgh, NY Micro Area",M2
NY_POUGHKEEPSIE-DUTCHESS-CO,725036,41.626,-73.882,46,-5,Dfa,Cold & Very Cold,36027190102,suburban/small town,39100,"Poughkeepsie-Newburgh-Middletown, NY Metro Area",M1
NY_REPUBLIC,744864,40.734,-73.416,22,-5,Cfa,Mixed-Humid,36103122300,lower density urban,35620,"New York-Northern New Jersey-Long Island, NY-NJ-PA Metro Area",M1
NY_SCHENECTADY,744994,42.85,-73.95,115,-5,Dfb,Cold & Very Cold,36093032404,suburban/small town,10580,"Albany-Schenectady-Troy, NY Metro Area",M1
NY_SHIRLEY-BROOKHAVEN,725016,40.821,-72.867,20,-5,Cfa,Mixed-Humid,36103159408,suburban/small town,35620,"New York-Northern New Jersey-Long Island, NY-NJ-PA Metro Area",M1
NY_STEWART-FIELD,725038,41.5,-74.1,149,-5,Dfa,Cold & Very Cold,36071015200,suburban/small town,39100,"Poughkeepsie-Newburgh-Middletown, NY Metro Area",M1
NY_SYRACUSE-HANCOCK-IAP,725190,43.111,-76.104,124,-5,Dfb,Cold & Very Cold,36067014400,lower density urban,45060,"Syracuse, NY Metro Area",M1
NY_WATERTOWN-AP,726227,43.989,-76.026,94,-5,Dfb,Cold & Very Cold,36045061600,suburban/small town,48060,"Watertown-Fort Drum, NY Micro Area",M2
NY_WELLSVILLE-MUNI,725157,42.108,-77.984,637,-5,Dfb,Cold & Very Cold,36003951100,rural,,,
NY_WESTHAMPTON-GABRESKI-AP,744865,40.851,-72.619,13,-5,Cfa,Mixed-Humid,36103190402,suburban/small town,35620,"New York-Northern New Jersey-Long Island, NY-NJ-PA Metro Area",M1
NY_WHITE-PLAINS-WSTCHSTR-CO,725037,41.062,-73.705,112,-5,Cfa,Mixed-Humid,36119008302,suburban/small town,35620,"New York-Northern New Jersey-Long Island, NY-NJ-PA Metro Area",M1
OH_AKRON-AKRON-CANTON-RGNL-AP,725210,40.918,-81.443,368,-5,Dfa,Cold & Very Cold,39153531401,lower density urban,10420,"Akron, OH Metro Area",M1
OH_AKRON-FULTON-IAP,724303,41.037,-81.463,318,-5,Dfb,Cold & Very Cold,39153503800,lower density urban,10420,"Akron, OH Metro Area",M1
OH_ASHTABULA-CO-AR,725256,41.779,-80.697,278,-5,Dfb,Cold & Very Cold,39007001200,rural,11780,"Ashtabula, OH Micro Area",M2
OH_BELLEFONTAINE-RGNL-A,720944,40.367,-83.817,342,-5,Dfa,Cold & Very Cold,39091003900,rural,13340,"Bellefontaine, OH Micro Area",M2
OH_CLEVELAND-HOPKINS-IAP,725240,41.406,-81.852,236,-5,Dfa,Cold & Very Cold,39035980500,lower density urban,17460,"Cleveland-Elyria-Mentor, OH Metro Area",M1
OH_COLUMBUS-BOLTON-FLD,724284,39.9,-83.133,275,-5,Cfa,Cold & Very Cold,39049008161,suburban/small town,18140,"Columbus, OH Metro Area",M1
OH_COLUMBUS-RICKENBACKE-ANG,724285,39.817,-82.933,226,-5,Cfa,Cold & Very Cold,39049010300,suburban/small town,18140,"Columbus, OH Metro Area",M1
OH_CUYAHOGA-CO,725247,41.567,-81.483,267,-5,Dfb,Cold & Very Cold,39035155101,lower density urban,17460,"Cleveland-Elyria-Mentor, OH Metro Area",M1
OH_DARKE-COUNTY-AP,720713,40.204,-84.532,307,-5,Dfa,Cold & Very Cold,39037530100,rural,24820,"Greenville, OH Micro Area",M2
OH_DAYTON-IAP,724290,39.906,-84.219,302,-5,Cfa,Cold & Very Cold,39113110100,rural,19380,"Dayton, OH Metro Area",M1
OH_DAYTON-WRIGHT-BROTHERS,724276,39.592,-84.226,290,-5,Cfa,Cold & Very Cold,39113050103,lower density urban,19380,"Dayton, OH Metro Area",M1
OH_DAYTON-WRIGHT-PATTERSON,745700,39.833,-84.05,250,-5,Cfa,Cold & Very Cold,39057280300,suburban/small town,19380,"Dayton, OH Metro Area",M1
OH_DEFIANCE-MEM,725254,41.336,-84.429,215,-5,Dfa,Cold & Very Cold,39039958200,rural,19580,"Defiance, OH Micro Area",M2
OH_DELAWARE-MUNI,720928,40.28,-83.115,288,-5,Dfa,Cold & Very Cold,39041010520,suburban/small town,18140,"Columbus, OH Metro Area",M1
OH_ELYRIA-LORAIN-CO,725214,41.346,-82.179,241,-5,Dfa,Cold & Very Cold,39093057100,suburban/small town,17460,"Cleveland-Elyria-Mentor, OH Metro Area",M1
OH_FINDLAY-AP,725366,41.014,-83.668,246,-5,Dfa,Cold & Very Cold,39063001000,rural,22300,"Findlay, OH Micro Area",M2
OH_HAMILTON,725217,39.361,-84.521,184,-5,Cfa,Cold & Very Cold,39017010906,lower density urban,17140,"Cincinnati-Middletown, OH-KY-IN Metro Area",M1
OH_HOOK-FLD-MUNI,722249,39.531,-84.395,198,-5,Cfa,Cold & Very Cold,39017012200,lower density urban,17140,"Cincinnati-Middletown, OH-KY-IN Metro Area",M1
OH_JAMES-A-RHODES,720705,38.981,-82.578,221,-5,Dfa,Cold & Very Cold,39079957700,rural,,,
OH_KNOX-CO-AP,720414,40.333,-82.517,363,-5,Dfa,Cold & Very Cold,39083007700,rural,34540,"Mount Vernon, OH Micro Area",M2
OH_LANCASTER-FAIRFIEL,724294,39.757,-82.663,258,-5,Cfa,Cold & Very Cold,39045030900,rural,18140,"Columbus, OH Metro Area",M1
OH_LIMA-ALLEN-CO-AP,724298,40.708,-84.021,293,-5,Dfa,Cold & Very Cold,39003011600,rural,30620,"Lima, OH Metro Area",M1
OH_MANSFIELD-LAHM-RGNL-AP,724200,40.82,-82.518,392,-5,Dfb,Cold & Very Cold,39139001700,suburban/small town,31900,"Mansfield, OH Metro Area",M1
OH_MARION-MUNI-AP,725208,40.616,-83.067,300,-5,Dfa,Cold & Very Cold,39101010100,rural,32020,"Marion, OH Micro Area",M2
OH_METCALF-FIELD,724287,41.563,-83.477,189,-5,Dfa,Cold & Very Cold,39173020800,suburban/small town,45780,"Toledo, OH Metro Area",M1
OH_NEW-PHILADELPHIA,725224,40.47,-81.422,271,-5,Cfa,Cold & Very Cold,39157021000,rural,35420,"New Philadelphia-Dover, OH Micro Area",M2
OH_NEWARK-HEATH-AP,725229,40.026,-82.463,267,-5,Dfa,Cold & Very Cold,39089753100,suburban/small town,18140,"Columbus, OH Metro Area",M1
OH_OHIO-STATE-UNIVERSI,724288,40.078,-83.078,275,-5,Dfa,Cold & Very Cold,39049006396,lower density urban,18140,"Columbus, OH Metro Area",M1
OH_OHIO-UNIV-AP-SNYDER,720397,39.217,-82.233,233,-5,Cfa,Cold & Very Cold,39009973800,rural,11900,"Athens, OH Micro Area",M2
OH_PUTNAM-COUNTY-AP,720709,41.036,-83.982,232,-5,Dfa,Cold & Very Cold,39137030400,rural,,,
OH_RAVENNA-PORTAGE-CO,725253,41.217,-81.25,365,-5,Dfb,Cold & Very Cold,39133600500,rural,10420,"Akron, OH Metro Area",M1
OH_SPRINGFIELD-BECKLEY,724295,39.84,-83.84,320,-5,Cfa,Cold & Very Cold,39023003200,rural,44220,"Springfield, OH Metro Area",M1
OH_TOLEDO-EXPRESS-AP,725360,41.587,-83.805,205,-5,Dfa,Cold & Very Cold,39095009000,suburban/small town,45780,"Toledo, OH Metro Area",M1
OH_UNION-CO-AP,720651,40.225,-83.352,311,-5,Dfa,Cold & Very Cold,39159050500,rural,18140,"Columbus, OH Metro Area",M1
OH_WILLOUGHBY,725244,41.684,-81.39,190,-5,Dfb,Cold & Very Cold,39085201700,lower density urban,17460,"Cleveland-Elyria-Mentor, OH Metro Area",M1
OH_WILMINGTON-AIRPARK,724296,39.431,-83.777,324,-5,Cfa,Cold & Very Cold,39027964700,rural,48940,"Wilmington, OH Micro Area",M2
OH_WOOSTER,725216,40.873,-81.889,336,-5,Dfa,Cold & Very Cold,39169000800,rural,49300,"Wooster, OH Micro Area",M2
OH_YOUNGSTOWN-RGNL-AP,725250,41.255,-80.674,355,-5,Dfb,Cold & Very Cold,39155931200,rural,49660,"Youngstown-Warren-Boardman, OH-PA Metro Area",M1
OH_ZANESVILLE-MUNI-AP,724286,39.946,-81.893,268,-5,Cfa,Cold & Very Cold,39119912700,rural,49780,"Zanesville, OH Micro Area",M2
OK_ADA,722044,34.804,-96.671,309,-6,Cfa,Mixed-Humid,40123088800,rural,10220,"Ada, OK Micro Area",M2
OK_ALTUS-AFB,723520,34.65,-99.267,421,-6,Cfa,Mixed-Humid,40065968500,rural,11060,"Altus, OK Micro Area",M2
OK_ALTUS,720354,34.699,-99.338,436,-6,Cfa,Mixed-Humid,40065968400,rural,11060,"Altus, OK Micro Area",M2
OK_ALVA,722052,36.773,-98.67,449,-6,Cfa,Mixed-Humid,40151954200,rural,,,
OK_ARDMORE-MUNI-AP,723555,34.3,-97.017,221,-6,Cfa,Mixed-Humid,40019892100,rural,11620,"Ardmore, OK Micro Area",M2
OK_BARTLESVILLE-PHILLI,723565,36.766,-96.013,210,-6,Cfa,Mixed-Humid,40113940004,rural,46140,"Tulsa, OK Metro Area",M1
OK_BLACKWELL-TONKAWA-MUNI-AP,720625,36.75,-97.35,314,-6,Cfa,Mixed-Humid,40071001100,rural,38620,"Ponca City, OK Micro Area",M2
OK_CHANDLER,722099,35.724,-96.82,299,-6,Cfa,Mixed-Humid,40081961600,rural,36420,"Oklahoma City, OK Metro Area",M1
OK_CHICKASHA,722071,35.096,-97.966,350,-6,Cfa,Mixed-Humid,40051000800,rural,36420,"Oklahoma City, OK Metro Area",M1
OK_CLAREMORE,722091,36.294,-95.479,221,-6,Cfa,Mixed-Humid,40131050604,rural,46140,"Tulsa, OK Metro Area",M1
OK_CLINTON-RGNL-AP,720356,35.538,-98.933,492,-6,Cfa,Mixed-Humid,40039950800,rural,48220,"Weatherford, OK Micro Area",M2
OK_CLINTON-SHERMAN,723526,35.357,-99.204,584,-6,Cfa,Mixed-Humid,40149964900,rural,,,
OK_CUSHING-MUNI,720357,35.95,-96.773,279,-6,Cfa,Mixed-Humid,40119011400,rural,44660,"Stillwater, OK Micro Area",M2
OK_EAKER-FLD,742513,33.942,-96.394,212,-6,Cfa,Mixed-Humid,40013796002,rural,20460,"Durant, OK Micro Area",M2
OK_EL-RENO-RGNL-AP,720358,35.473,-98.006,431,-6,Cfa,Mixed-Humid,40017300700,rural,36420,"Oklahoma City, OK Metro Area",M1
OK_ELK-CITY-MUNI-AP,720558,35.433,-99.4,610,-6,Cfa,Mixed-Humid,40009966100,rural,21120,"Elk City, OK Micro Area",M2
OK_ENID-WOODRING-RGNL-AP,723536,36.383,-97.8,355,-6,Cfa,Mixed-Humid,40047001500,rural,21420,"Enid, OK Micro Area",M2
OK_FORT-SILL-POST-FLD-AF,723550,34.65,-98.4,362,-6,Cfa,Mixed-Humid,40031002404,suburban/small town,30020,"Lawton, OK Metro Area",M1
OK_FREDERICK-MUNI,723528,34.353,-98.988,378,-6,Cfa,Mixed-Humid,40141070400,rural,,,
OK_GAGE,746410,36.297,-99.769,665,-6,BSk,Mixed-Humid,40045952600,rural,,,
OK_GROVE,722092,36.605,-94.738,253,-6,Cfa,Mixed-Humid,40041375700,rural,,,
OK_GUTHRIE,723537,35.852,-97.414,324,-6,Cfa,Mixed-Humid,40083600300,rural,36420,"Oklahoma City, OK Metro Area",M1
OK_GUYMON-MUNI-AP,722095,36.682,-101.505,948,-6,BSk,Hot-Dry & Mixed Dry,40139950900,rural,25100,"Guymon, OK Micro Area",M2
OK_HALLIBURTON-FLD,722078,34.471,-97.951,339,-6,Cfa,Mixed-Humid,40137000600,rural,20340,"Duncan, OK Micro Area",M2
OK_HOBART-MUNI-AP,723525,34.989,-99.053,473,-6,Cfa,Mixed-Humid,40075963700,rural,,,
OK_LAWTON-MUNI-AP,723575,34.558,-98.417,326,-6,Cfa,Mixed-Humid,40031001902,suburban/small town,30020,"Lawton, OK Metro Area",M1
OK_MC-CURTAIN-CO-RGNL-AP,723759,33.909,-94.859,143,-6,Cfa,Mixed-Humid,40089098700,rural,,,
OK_MCALESTER-MUNI-AP,723566,34.882,-95.782,229,-6,Cfa,Mixed-Humid,40121486600,rural,32540,"McAlester, OK Micro Area",M2
OK_MIAMI-MUNI,720255,36.909,-94.888,246,-6,Csb,Mixed-Humid,40115574300,rural,33060,"Miami, OK Micro Area",M2
OK_MUSKOGEE-DAVIS-FLD,723556,35.658,-95.366,183,-6,Cfa,Mixed-Humid,40101000600,rural,34780,"Muskogee, OK Micro Area",M2
OK_NORMAN-MAX-WESTHEIM,723570,35.25,-97.467,360,-6,Cfa,Mixed-Humid,40027201509,lower density urban,36420,"Oklahoma City, OK Metro Area",M1
OK_OKLA-CITY-TINKER-AFB,723540,35.417,-97.383,393,-6,Cfa,Mixed-Humid,40109107500,lower density urban,36420,"Oklahoma City, OK Metro Area",M1
OK_OKLAHOMA-CITY-PAGE-MUNI-AP,720628,35.483,-97.817,413,-6,Cfa,Mixed-Humid,40017301300,suburban/small town,36420,"Oklahoma City, OK Metro Area",M1
OK_OKLAHOMA-CITY-WILEY,723544,35.541,-97.647,390,-6,Cfa,Mixed-Humid,40109106708,lower density urban,36420,"Oklahoma City, OK Metro Area",M1
OK_OKMULGEE,722164,35.668,-95.949,219,-6,Cfa,Mixed-Humid,40111000500,rural,46140,"Tulsa, OK Metro Area",M1
OK_PAULS-VALLEY,722173,34.711,-97.223,295,-6,Cfa,Mixed-Humid,40049681400,rural,,,
OK_PONCA-CITY-RGNL-AP,724530,36.737,-97.102,304,-6,Cfa,Mixed-Humid,40071000100,suburban/small town,38620,"Ponca City, OK Micro Area",M2
OK_POTEAU,722178,35.021,-94.621,137,-6,Cfa,Mixed-Humid,40079040402,rural,22900,"Fort Smith, AR-OK Metro Area",M1
OK_SALLISAW-MUNI,722133,35.438,-94.803,160,-6,Cfa,Mixed-Humid,40135030302,rural,22900,"Fort Smith, AR-OK Metro Area",M1
OK_SEMINOLE-MUNI,720359,35.275,-96.675,312,-6,Cfa,Mixed-Humid,40133583400,rural,,,
OK_SHAWNEE,722187,35.357,-96.943,327,-6,Cfa,Mixed-Humid,40125500500,suburban/small town,43060,"Shawnee, OK Micro Area",M2
OK_STAN-STAMPER-MUNI,720559,34.033,-95.533,174,-6,Cfa,Mixed-Humid,40023967200,rural,,,
OK_STIGLER-RGNL-AP,720627,35.283,-95.1,183,-6,Cfa,Mixed-Humid,40061279200,rural,,,
OK_STILLWATER-RGNL-AP,723545,36.162,-97.089,292,-6,Cfa,Mixed-Humid,40119010200,rural,44660,"Stillwater, OK Micro Area",M2
OK_TAHLEQUAH,722199,35.929,-95.004,266,-6,Cfa,Mixed-Humid,40021977900,rural,45140,"Tahlequah, OK Micro Area",M2
OK_THOMAS-P-STAFFORD-AP,722368,35.55,-98.667,489,-6,Cfa,Mixed-Humid,40039960700,rural,48220,"Weatherford, OK Micro Area",M2
OK_TULSA-LLOYD-JONES,723564,36.042,-95.99,189,-6,Cfa,Mixed-Humid,40143006705,suburban/small town,46140,"Tulsa, OK Metro Area",M1
OK_VANCE-AFB,723535,36.333,-97.917,398,-6,Cfa,Mixed-Humid,40047001602,rural,21420,"Enid, OK Micro Area",M2
OK_WATONGA-RGNL-AP,720342,35.864,-98.421,471,-6,Cfa,Mixed-Humid,40011958900,rural,,,
OK_WEST-WOODWARD-AP,722152,36.437,-99.521,666,-6,BSk,Mixed-Humid,40153953200,rural,49260,"Woodward, OK Micro Area",M2
OK_WILLIAM-R-POUGE-MUNI-AP,720561,36.175,-96.152,272,-6,Cfa,Mixed-Humid,40113940007,rural,46140,"Tulsa, OK Metro Area",M1
OR_ASTORIA-RGNL-AP,727910,46.157,-123.883,3,-8,Csb,Marine,41007950500,rural,11820,"Astoria, OR Micro Area",M2
OR_AURORA-STATE,726959,45.247,-122.771,59,-8,Csb,Marine,41047010202,rural,41420,"Salem, OR Metro Area",M1
OR_BAKER-MUNI-AP,726886,44.843,-117.81,1025,-8,Csb,Cold & Very Cold,41001950500,rural,,,
OR_BEND-MUNI-AP,720638,44.095,-121.2,1055,-8,Csb,Cold & Very Cold,41017001200,suburban/small town,13460,"Bend, OR Metro Area",M1
OR_BROOKINGS-AP,720365,42.074,-124.29,139,-8,Csb,Marine,41015950302,suburban/small town,15060,"Brookings, OR Micro Area",M2
OR_BROOKINGS,725985,42.074,-124.29,139,-8,Csb,Marine,41015950302,suburban/small town,15060,"Brookings, OR Micro Area",M2
OR_BURNS-MUNI-AP,726830,43.595,-118.958,1262,-8,BSk,Cold & Very Cold,41025960200,rural,,,
OR_CORVALLIS-MUNI,726945,44.5,-123.283,76,-8,Csb,Marine,41003010400,rural,18700,"Corvallis, OR Metro Area",M1
OR_GRANT-CO-RGNL-AP,726876,44.4,-118.967,1127,-8,Dsb,Cold & Very Cold,41023960200,rural,,,
OR_HERMISTN-MUNI-AP,726883,45.826,-119.261,195,-8,BSk,Cold & Very Cold,41059951200,rural,37820,"Pendleton-Hermiston, OR Micro Area",M2
OR_JOSEPH-STATE,720837,45.36,-117.254,1256,-8,Dfb,Cold & Very Cold,41063960300,rural,,,
OR_KLAMATH-FALLS-IAP,725895,42.147,-121.726,1244,-8,Csb,Cold & Very Cold,41035970800,rural,28900,"Klamath Falls, OR Micro Area",M2
OR_LA-GRANDE-MUNI-AP,726884,45.283,-118.0,826,-8,Csb,Cold & Very Cold,41061970800,rural,29260,"La Grande, OR Micro Area",M2
OR_LAKEVIEW(AWOS),725976,42.167,-120.4,1441,-8,Csb,Cold & Very Cold,41037960200,rural,,,
OR_MC-MINNVILLE-MUNI,726881,45.196,-123.134,48,-8,Csb,Marine,41071030601,rural,38900,"Portland-Vancouver-Hillsboro, OR-WA Metro Area",M1
OR_MEACHAM,726885,45.512,-118.425,1137,-8,Csb,Cold & Very Cold,41059951400,rural,37820,"Pendleton-Hermiston, OR Micro Area",M2
OR_MEDFORD-ROGUE-VALLEY-IAP,725970,42.375,-122.877,400,-8,Csb,Marine,41029001200,suburban/small town,32780,"Medford, OR Metro Area",M1
OR_NEWPORT-MUNI-AP,726950,44.583,-124.05,37,-8,Csb,Marine,41041951200,rural,,,
OR_NORTH-BEND-MUNI-AP,726917,43.413,-124.244,5,-8,Csb,Marine,41011000400,suburban/small town,18300,"Coos Bay, OR Micro Area",M2
OR_ONTARIO-MUNI-AP,726837,44.014,-117.008,666,-7,BSk,Cold & Very Cold,41045970200,rural,36620,"Ontario, OR-ID Micro Area",M2
OR_PENDLETON-E-OR-RGNL-AP,726880,45.698,-118.834,452,-8,Csa,Cold & Very Cold,41059950400,rural,37820,"Pendleton-Hermiston, OR Micro Area",M2
OR_PORTLAND-HILLSBORO,726986,45.548,-122.956,59,-8,Csb,Marine,41067032608,lower density urban,38900,"Portland-Vancouver-Hillsboro, OR-WA Metro Area",M1
OR_PORTLAND-TROUTDALE,726985,45.551,-122.41,7,-8,Csb,Marine,41051010200,suburban/small town,38900,"Portland-Vancouver-Hillsboro, OR-WA Metro Area",M1
OR_ROBERTS-FLD-AP,726920,44.256,-121.141,929,-8,Csb,Cold & Very Cold,41017000900,suburban/small town,13460,"Bend, OR Metro Area",M1
OR_ROME(ASOS),726875,42.59,-117.865,1236,-7,BSk,Cold & Very Cold,41045970900,rural,36620,"Ontario, OR-ID Micro Area",M2
OR_ROSEBURG-RGNL-AP,726904,43.234,-123.358,152,-8,Csb,Marine,41019090000,rural,40700,"Roseburg, OR Micro Area",M2
OR_SALEM-MCNARY-FIELD,726940,44.905,-123.001,63,-8,Csb,Marine,41047001000,lower density urban,41420,"Salem, OR Metro Area",M1
OR_SCAPPOOSE-INDUSTRIA,726836,45.769,-122.864,15,-8,Csb,Marine,41009970900,rural,38900,"Portland-Vancouver-Hillsboro, OR-WA Metro Area",M1
OR_SEXTON-SUMMIT,725975,42.6,-123.364,1168,-8,Csb,Marine,41033360400,rural,24420,"Grants Pass, OR Micro Area",M2
OR_SUNRIVER,726887,43.876,-121.453,126,-8,,Cold & Very Cold,41017000402,rural,13460,"Bend, OR Metro Area",M1
OR_TILLAMOOK-AP,720202,45.417,-123.817,11,-8,Csb,Marine,41057960400,rural,,,
PA_ALLENTOWN-LEHIGH-VALLEY-IA,725170,40.65,-75.448,117,-5,Dfa,Cold & Very Cold,42077005902,lower density urban,10900,"Allentown-Bethlehem-Easton, PA-NJ Metro Area",M1
PA_ALTOONA-BLAIR-CO-AP,725126,40.3,-78.317,446,-5,Cfb,Cold & Very Cold,42013011300,rural,11020,"Altoona, PA Metro Area",M1
PA_ARNOLD-PALMER-RGNL-AP,725207,40.283,-79.4,365,-5,Cfa,Cold & Very Cold,42129807200,suburban/small town,38300,"Pittsburgh, PA Metro Area",M1
PA_BEAVER-FALLS-AP,725204,40.767,-80.4,381,-5,Dfb,Cold & Very Cold,42007600700,suburban/small town,38300,"Pittsburgh, PA Metro Area",M1
PA_BRADFORD-RGNL-AP,725266,41.798,-78.635,642,-5,Dfb,Cold & Very Cold,42083421000,rural,14620,"Bradford, PA Micro Area",M2
PA_BUTLER-CO-AP,725124,40.777,-79.95,380,-5,Dfb,Cold & Very Cold,42019911600,rural,38300,"Pittsburgh, PA Metro Area",M1
PA_CHESTER-CO-CARLSON-AP,720408,39.983,-75.867,201,-5,Cfa,Mixed-Humid,42029305300,suburban/small town,37980,"Philadelphia-Camden-Wilmington, PA-NJ-DE-MD Metro Area",M1
PA_CLEARFIELD-LAWRENCE,725119,41.046,-78.411,459,-5,Dfb,Cold & Very Cold,42033330600,rural,20180,"DuBois, PA Micro Area",M2
PA_DOYLESTOWN,725113,40.33,-75.123,120,-5,Cfa,Mixed-Humid,42017104503,lower density urban,37980,"Philadelphia-Camden-Wilmington, PA-NJ-DE-MD Metro Area",M1
PA_DUBOIS-FAA-AP,725125,41.179,-78.893,550,-5,Dfb,Cold & Very Cold,42065950300,rural,,,
PA_ERIE-IAP,725260,42.08,-80.182,222,-5,Dfb,Cold & Very Cold,42049010400,lower density urban,21500,"Erie, PA Metro Area",M1
PA_FRANKLIN,725267,41.383,-79.867,469,-5,Dfb,Cold & Very Cold,42121200200,rural,36340,"Oil City, PA Micro Area",M2
PA_HARRISBURG-IAP,723990,40.196,-76.772,91,-5,Cfa,Cold & Very Cold,42043023602,suburban/small town,25420,"Harrisburg-Carlisle, PA Metro Area",M1
PA_INDIANA-CO-AP,725175,40.633,-79.1,428,-5,Dfb,Cold & Very Cold,42063960900,rural,26860,"Indiana, PA Micro Area",M2
PA_JOHNSTOWN-CAMBRIA-CO-AP,725127,40.315,-78.831,693,-5,Cfb,Cold & Very Cold,42021010700,suburban/small town,27780,"Johnstown, PA Metro Area",M1
PA_LANCASTER,725116,40.121,-76.294,121,-5,Cfa,Cold & Very Cold,42071011902,suburban/small town,29540,"Lancaster, PA Metro Area",M1
PA_MEADVILLE,725104,41.626,-80.212,427,-5,Dfb,Cold & Very Cold,42039111800,rural,32740,"Meadville, PA Micro Area",M2
PA_MIFFLIN-CO,725203,40.677,-77.627,249,-5,Dfb,Cold & Very Cold,42087960200,rural,30380,"Lewistown, PA Micro Area",M2
PA_MT-POCONO-MUNI,725434,41.137,-75.377,574,-5,Dfb,Cold & Very Cold,42089300301,rural,20700,"East Stroudsburg, PA Micro Area",M2
PA_MUIR-AAF,725144,40.433,-76.567,148,-5,Cfa,Cold & Very Cold,42075002000,rural,30140,"Lebanon, PA Metro Area",M1
PA_NEW-CASTLE-MUNI-AP,720378,41.033,-80.417,327,-5,Dfb,Cold & Very Cold,42073010600,rural,35260,"New Castle, PA Micro Area",M2
PA_PHILADELPHIA-NE-PHILLY,724085,40.079,-75.013,32,-5,Cfa,Mixed-Humid,42101980300,lower density urban,37980,"Philadelphia-Camden-Wilmington, PA-NJ-DE-MD Metro Area",M1
PA_PHILADELPHIA,720304,40.1,-75.267,92,-5,Cfa,Mixed-Humid,42091203103,lower density urban,37980,"Philadelphia-Camden-Wilmington, PA-NJ-DE-MD Metro Area",M1
PA_PITTSBURGH-IAP,725200,40.485,-80.214,341,-5,Dfb,Cold & Very Cold,42003451300,suburban/small town,38300,"Pittsburgh, PA Metro Area",M1
PA_POTTSTOWN-LIMERICK,725109,40.238,-75.555,87,-5,Cfa,Mixed-Humid,42091208603,suburban/small town,37980,"Philadelphia-Camden-Wilmington, PA-NJ-DE-MD Metro Area",M1
PA_QUAKERTOWN,720324,40.435,-75.382,160,-5,Cfa,Mixed-Humid,42017106402,suburban/small town,37980,"Philadelphia-Camden-Wilmington, PA-NJ-DE-MD Metro Area",M1
PA_READING-SPAATZ-FIELD,725103,40.373,-75.959,101,-5,Cfa,Cold & Very Cold,42011010304,suburban/small town,39740,"Reading, PA Metro Area",M1
PA_SELINSGROVE,725105,40.819,-76.866,135,-5,Dfa,Cold & Very Cold,42109070100,rural,42780,"Selinsgrove, PA Micro Area",M2
PA_STATE-COLLEGE,725128,40.85,-77.85,377,-5,Dfb,Cold & Very Cold,42027011201,rural,44300,"State College, PA Metro Area",M1
PA_WASHINGTON(AWOS),725117,40.133,-80.283,361,-5,Cfa,Cold & Very Cold,42125732000,rural,38300,"Pittsburgh, PA Metro Area",M1
PA_WILKES-BARRE-SCRANTON-IAP,725130,41.333,-75.723,289,-5,Dfb,Cold & Very Cold,42079210100,suburban/small town,42540,"Scranton--Wilkes-Barre, PA Metro Area",M1
PA_WILLIAMSPORT-RGNL-AP,725140,41.243,-76.922,159,-5,Dfb,Cold & Very Cold,42081011000,suburban/small town,48700,"Williamsport, PA Metro Area",M1
PA_YORK-AP,725114,39.919,-76.877,141,-5,Cfa,Mixed-Humid,42133020522,rural,49620,"York-Hanover, PA Metro Area",M1
RI_BLOCK-ISLAND-STATE-AP,725058,41.168,-71.578,32,-5,Cfb,Cold & Very Cold,44009041500,rural,39300,"Providence-New Bedford-Fall River, RI-MA Metro Area",M1
RI_NEWPORT,725079,41.53,-71.283,45,-5,Cfa,Cold & Very Cold,44005040304,lower density urban,39300,"Providence-New Bedford-Fall River, RI-MA Metro Area",M1
RI_QUONSET-STATE,725074,41.597,-71.412,5,-5,Cfa,Cold & Very Cold,44009050103,suburban/small town,39300,"Providence-New Bedford-Fall River, RI-MA Metro Area",M1
RI_WESTERLY,722151,41.351,-71.806,19,-5,Cfb,Cold & Very Cold,44009050902,suburban/small town,39300,"Providence-New Bedford-Fall River, RI-MA Metro Area",M1
SC_AIKEN-MUNI-AP,720601,33.65,-81.683,161,-5,Cfa,Mixed-Humid,45003020200,rural,12260,"Augusta-Richmond County, GA-SC Metro Area",M1
SC_ANDERSON-RGNL-AP,723190,34.498,-82.709,233,-5,Cfa,Mixed-Humid,45007012002,suburban/small town,11340,"Anderson, SC Metro Area",M1
SC_BARNWELL-RGNL-AP,720602,33.25,-81.383,75,-5,Cfa,Hot-Humid,45011970300,rural,,,
SC_BEAUFORT-MCAS,722085,32.483,-80.717,11,-5,Cfa,Hot-Humid,45013000400,rural,25940,"Hilton Head Island-Beaufort, SC Micro Area",M2
SC_BERKELEY-CO-AP,720598,33.183,-80.033,22,-5,Cfa,Hot-Humid,45015020504,suburban/small town,16700,"Charleston-North Charleston-Summerville, SC Metro Area",M1
SC_CAMDEN-WOODWARD-FLD-AP,720603,34.283,-80.567,92,-5,Cfa,Mixed-Humid,45055970601,rural,17900,"Columbia, SC Metro Area",M1
SC_CHARLESTON-IAP,722080,32.899,-80.041,11,-5,Cfa,Hot-Humid,45019003200,lower density urban,16700,"Charleston-North Charleston-Summerville, SC Metro Area",M1
SC_CHERAW-MUNI-LYNCH-BELLIN,720605,34.717,-79.95,73,-5,Cfa,Mixed-Humid,45025950501,rural,,,
SC_CHESTER-CATAWBA-RGNL-AP,720599,34.783,-81.2,200,-5,Cfa,Mixed-Humid,45023020400,rural,16900,"Chester, SC Micro Area",M2
SC_CLEMSON-OCONEE-CO-A,723118,34.672,-82.881,270,-5,Cfa,Mixed-Humid,45073030702,rural,42860,"Seneca, SC Micro Area",M2
SC_COLUMBIA-METRO-AP,723100,33.942,-81.118,68,-5,Cfa,Mixed-Humid,45063980100,lower density urban,17900,"Columbia, SC Metro Area",M1
SC_CONWAY-HORRY-CO-AP,720613,33.828,-79.122,10,-5,Cfa,Hot-Humid,45051070601,rural,34820,"Myrtle Beach-North Myrtle Beach-Conway, SC Metro Area",M1
SC_DARLINGTON,723116,34.466,-79.89,58,-5,Cfa,Mixed-Humid,45031010100,rural,22500,"Florence, SC Metro Area",M1
SC_FAIRFIELD-CO-AP,720634,34.315,-81.109,176,-5,Cfa,Mixed-Humid,45039960500,rural,17900,"Columbia, SC Metro Area",M1
SC_FLORENCE-RGNL-AP,723106,34.188,-79.731,43,-5,Cfa,Mixed-Humid,45041980100,lower density urban,22500,"Florence, SC Metro Area",M1
SC_GEORGETOWN-CO-AP,747918,33.317,-79.317,12,-5,Cfa,Hot-Humid,45043920700,rural,23860,"Georgetown, SC Micro Area",M2
SC_GREENVILLE-DOWNTOWN-AP,723119,34.849,-82.35,309,-5,Cfa,Mixed-Humid,45045004400,lower density urban,24860,"Greenville-Mauldin-Easley, SC Metro Area",M1
SC_GREENVILLE-SPARTANBRG-AP,723120,34.906,-82.213,294,-5,Cfa,Mixed-Humid,45083023202,suburban/small town,43900,"Spartanburg, SC Metro Area",M1
SC_GREENVILLE,723122,34.758,-82.376,291,-5,Cfa,Mixed-Humid,45045003401,suburban/small town,24860,"Greenville-Mauldin-Easley, SC Metro Area",M1
SC_GREENWOOD-CO,723124,34.254,-82.153,188,-5,Cfa,Mixed-Humid,45047970201,rural,24940,"Greenwood, SC Micro Area",M2
SC_HARTSVILLE-RGNL-AP,720633,34.4,-80.117,111,-5,Cfa,Mixed-Humid,45031010200,rural,22500,"Florence, SC Metro Area",M1
SC_HILTON-HEAD(AWS),720120,32.217,-80.7,7,-5,Cfa,Hot-Humid,45013010800,lower density urban,25940,"Hilton Head Island-Beaufort, SC Micro Area",M2
SC_LANCASTER-CO-MC-WHIR,720607,34.717,-80.85,148,-5,Cfa,Mixed-Humid,45057011100,rural,29580,"Lancaster, SC Micro Area",M2
SC_LAURENS-CO-AP,720597,34.5,-81.95,212,-5,Cfa,Mixed-Humid,45059920302,rural,24860,"Greenville-Mauldin-Easley, SC Metro Area",M1
SC_LOWCOUNTRY-RGNL-AP,720609,32.917,-80.633,31,-5,Cfa,Hot-Humid,45029970600,rural,47500,"Walterboro, SC Micro Area",M2
SC_MARION-CO-AP,720608,34.181,-79.335,28,-5,Cfa,Mixed-Humid,45067950600,rural,,,
SC_MARLBORO-CO-JETPT-AVENT-FL,720631,34.617,-79.733,45,-5,Cfa,Mixed-Humid,45069960200,rural,13500,"Bennettsville, SC Micro Area",M2
SC_MCENTIRE-ANG-BASE,723105,33.967,-80.8,77,-5,Cfa,Mixed-Humid,45079011902,rural,17900,"Columbia, SC Metro Area",M1
SC_MT-PLEASANT-RGNL-AP,747917,32.9,-79.783,4,-5,Cfa,Hot-Humid,45019004608,suburban/small town,16700,"Charleston-North Charleston-Summerville, SC Metro Area",M1
SC_MYRTLE-BEACH-AFB,747910,33.683,-78.933,7,-5,Cfa,Hot-Humid,45051980100,lower density urban,34820,"Myrtle Beach-North Myrtle Beach-Conway, SC Metro Area",M1
SC_N-MYRTLE-BEACH-GRAND-STRA,747915,33.816,-78.72,8,-5,Cfa,Hot-Humid,45051040500,suburban/small town,34820,"Myrtle Beach-North Myrtle Beach-Conway, SC Metro Area",M1
SC_NEWBERRY-CO-AP,720596,34.3,-81.633,173,-5,Cfa,Mixed-Humid,45071950502,rural,35140,"Newberry, SC Micro Area",M2
SC_NORTH-AF-AUX-FIELD,722216,33.615,-81.084,97,-5,Cfa,Mixed-Humid,45075012000,rural,36700,"Orangeburg, SC Micro Area",M2
SC_ORANGEBURG,723115,33.464,-80.853,59,-5,Cfa,Mixed-Humid,45075010600,rural,36700,"Orangeburg, SC Micro Area",M2
SC_PICKENS-CO-AP,720744,34.817,-82.7,309,-5,Cfa,Mixed-Humid,45077011001,suburban/small town,24860,"Greenville-Mauldin-Easley, SC Metro Area",M1
SC_ROCK-HILL-YORK-COUN,723117,34.984,-81.056,197,-5,Cfa,Mixed-Humid,45091060906,suburban/small town,16740,"Charlotte-Gastonia-Rock Hill, NC-SC Metro Area",M1
SC_SANTEE-COOPER-RGNL-AP,723107,33.587,-80.209,31,-5,Cfa,Mixed-Humid,45027960703,rural,,,
SC_SPARTANBURG-DOWNTOWN-MEM,723126,34.916,-81.957,244,-5,Cfa,Mixed-Humid,45083020702,suburban/small town,43900,"Spartanburg, SC Metro Area",M1
SC_SUMMERVILLE-AP,720632,33.063,-80.279,17,-5,Cfa,Hot-Humid,45035010501,suburban/small town,16700,"Charleston-North Charleston-Summerville, SC Metro Area",M1
SC_SUMTER-AP,720611,34.0,-80.367,55,-5,Cfa,Mixed-Humid,45085000400,suburban/small town,44940,"Sumter, SC Metro Area",M1
SC_SUMTER-SHAW-AFB,747900,33.967,-80.467,73,-5,Cfa,Mixed-Humid,45085000300,suburban/small town,44940,"Sumter, SC Metro Area",M1
SC_WILLIAMSBURG-KINGSTREE-AP,720604,33.717,-79.85,20,-5,Cfa,Mixed-Humid,45089970600,rural,,,
SD_ABERDEEN-RGNL-AP,726590,45.444,-98.414,395,-6,Dfa,Cold & Very Cold,46013951800,rural,10100,"Aberdeen, SD Micro Area",M2
SD_BRITTON-MUNI,720511,45.815,-97.743,401,-6,Cfa,Cold & Very Cold,46091950800,rural,,,
SD_BROOKINGS(AWOS),726515,44.3,-96.8,502,-6,Dfa,Cold & Very Cold,46011958802,rural,15100,"Brookings, SD Micro Area",M2
SD_BUFFALO(AMOS),726627,45.604,-103.547,922,-7,BSk,Cold & Very Cold,46063968700,rural,,,
SD_CHAMBERLAIN(AMOS),726530,43.767,-99.318,519,-6,Dfa,Cold & Very Cold,46015973200,rural,,,
SD_CHAN-GURNEY-MUNI,726525,42.879,-97.364,357,-6,Dfa,Cold & Very Cold,46135966200,rural,49460,"Yankton, SD Micro Area",M2
SD_CUSTER(RAMOS),726514,43.733,-103.615,1695,-7,Dfb,Cold & Very Cold,46033965200,rural,,,
SD_FAITH,726539,45.033,-102.02,784,-7,BSk,Cold & Very Cold,46093020500,rural,39660,"Rapid City, SD Metro Area",M1
SD_HURON-RGNL-AP,726540,44.379,-98.223,390,-6,Dfa,Cold & Very Cold,46005956800,rural,26700,"Huron, SD Micro Area",M2
SD_MADISON-MUNI-AP,720624,44.016,-97.086,523,-6,Dfa,Cold & Very Cold,46079960200,rural,,,
SD_MITCHELL-MUNI,726545,43.774,-98.038,396,-6,Dfa,Cold & Very Cold,46035962700,rural,33580,"Mitchell, SD Micro Area",M2
SD_MOBRIDGE-MUNI,726685,45.55,-100.409,521,-7,Dfa,Cold & Very Cold,46129965200,rural,,,
SD_PHILIP-AP,726516,44.051,-101.601,672,-7,BSk,Cold & Very Cold,46055960100,rural,,,
SD_PINE-RIDGE,726517,43.026,-102.52,1002,-7,BSk,Cold & Very Cold,46113940500,rural,,,
SD_RAPID-CITY-RGNL-AP,726620,44.046,-103.054,963,-7,Dfa,Cold & Very Cold,46103011600,rural,39660,"Rapid City, SD Metro Area",M1
SD_SISSETON-MUNI-AP,726519,45.669,-96.992,353,-6,Dfb,Cold & Very Cold,46109940400,rural,,,
SD_SPEARFISH-CLYDE-ICE,726605,44.483,-103.783,1198,-7,Dfb,Cold & Very Cold,46081966100,rural,43940,"Spearfish, SD Micro Area",M2
SD_WATERTOWN-MUNI-AP,726546,44.905,-97.15,530,-6,Dfa,Cold & Very Cold,46029954502,rural,47980,"Watertown, SD Micro Area",M2
SD_WINNER,726518,43.389,-99.843,615,-6,Dfa,Cold & Very Cold,46123971700,rural,,,
TN_CAMPBELL-CO,720907,36.335,-84.162,359,-6,Cfa,Mixed-Humid,47013951100,rural,29220,"La Follette, TN Micro Area",M2
TN_CHATTANOOGA-LOVELL-FIELD-A,723240,35.034,-85.2,204,-5,Cfa,Mixed-Humid,47065980100,lower density urban,16860,"Chattanooga, TN-GA Metro Area",M1
TN_COVINGTON-MUNI,720168,35.583,-89.587,85,-6,Cfa,Mixed-Humid,47167040602,rural,32820,"Memphis, TN-MS-AR Metro Area",M1
TN_CROSSVILLE-MEM-WHITSON,723250,35.951,-85.081,568,-6,Cfa,Mixed-Humid,47035970601,rural,18900,"Crossville, TN Micro Area",M2
TN_DYERSBURG-MUNI-AP,723347,36.0,-89.409,91,-6,Cfa,Mixed-Humid,47045964400,rural,20540,"Dyersburg, TN Micro Area",M2
TN_ELLINGTON,720775,35.507,-86.804,218,-6,Cfa,Mixed-Humid,47117955100,rural,30280,"Lewisburg, TN Micro Area",M2
TN_HENRY-CO,722781,36.338,-88.383,176,-6,Cfa,Mixed-Humid,47079969600,rural,37540,"Paris, TN Micro Area",M2
TN_JACKSON-MCKELLAR-RGNL-AP,723346,35.593,-88.917,129,-6,Cfa,Mixed-Humid,47113001401,rural,27180,"Jackson, TN Metro Area",M1
TN_KNOXVILLE-DOWNTOWN,723264,35.964,-83.874,253,-5,Cfa,Mixed-Humid,47093002200,lower density urban,28940,"Knoxville, TN Metro Area",M1
TN_KNOXVILLE-MCGHEE-TYSON-AP,723260,35.818,-83.986,295,-5,Cfa,Mixed-Humid,47009980100,lower density urban,28940,"Knoxville, TN Metro Area",M1
TN_MAURY-CO,723249,35.554,-87.179,207,-6,Cfa,Mixed-Humid,47119011002,rural,17940,"Columbia, TN Micro Area",M2
TN_MILLINGTON-MUNI-AP,723284,35.35,-89.867,97,-6,Cfa,Mixed-Humid,47157020400,suburban/small town,32820,"Memphis, TN-MS-AR Metro Area",M1
TN_NASHVILLE-IAP,723270,36.111,-86.688,179,-6,Cfa,Mixed-Humid,47037980100,lower density urban,34980,"Nashville-Davidson--Murfreesboro--Franklin, TN Metro Area",M1
TN_OAK-RIDGE,724270,36.023,-84.234,274,-5,Cfa,Mixed-Humid,47001020202,lower density urban,28940,"Knoxville, TN Metro Area",M1
TN_OUTLAW-FIELD-AP,723280,36.617,-87.412,167,-6,Cfa,Mixed-Humid,47125101304,lower density urban,17300,"Clarksville, TN-KY Metro Area",M1
TN_SABRE-ARMY-AIRFIELD,746720,36.568,-87.481,181,-6,Cfa,Mixed-Humid,47125980100,suburban/small town,17300,"Clarksville, TN-KY Metro Area",M1
TN_SMYRNA,723273,36.009,-86.52,165,-6,Cfa,Mixed-Humid,47149042200,suburban/small town,34980,"Nashville-Davidson--Murfreesboro--Franklin, TN Metro Area",M1
TN_TRI-CITIES-RGNL-AP,723350,36.48,-82.399,455,-5,Cfb,Mixed-Humid,47163043500,rural,28700,"Kingsport-Bristol-Bristol, TN-VA Metro Area",M1
TN_TULLAHOMA-RGNL-WM-NO,721031,35.38,-86.246,330,-6,Cfa,Mixed-Humid,47031971000,rural,46100,"Tullahoma, TN Micro Area",M2
TN_UPPER-CUMBERLAND-RGNL-AP,723274,36.056,-85.531,312,-6,Cfa,Mixed-Humid,47185935100,rural,,,
TN_WILLIAM-L-WHITEHURST-FLD,720171,35.214,-89.043,152,-6,Cfa,Mixed-Humid,47069950400,rural,,,
TN_WINCHESTER-MUNI,720974,35.178,-86.066,298,-6,Cfa,Mixed-Humid,47051960600,rural,46100,"Tullahoma, TN Micro Area",M2
TX_ABILENE-RGNL-AP,722660,32.411,-99.682,544,-6,Cfa,Hot-Dry & Mixed Dry,48441980000,rural,10180,"Abilene, TX Metro Area",M1
TX_ALICE-IAP,722517,27.741,-98.025,52,-6,Cfa,Hot-Humid,48249950200,rural,10860,"Alice, TX Micro Area",M2
TX_ALPINE-CASPARIS-MUNI,720151,30.383,-103.683,1375,-6,BSk,Hot-Dry & Mixed Dry,48043950500,rural,,,
TX_AMARILLO-IAP,723630,35.22,-101.717,1099,-6,BSk,Hot-Dry & Mixed Dry,48375980000,rural,11100,"Amarillo, TX Metro Area",M1
TX_ANGLETON-LAKE-JACKS,722527,29.115,-95.463,7,-6,Cfa,Hot-Humid,48039663100,suburban/small town,26420,"Houston-Sugar Land-Baytown, TX Metro Area",M1
TX_ARLINGTON,722479,32.658,-97.095,179,-6,Cfa,Hot-Humid,48439111540,lower density urban,19100,"Dallas-Fort Worth-Arlington, TX Metro Area",M1
TX_ATHENS-MUNI,721043,32.164,-95.828,135,-6,Cfa,Hot-Humid,48213950300,rural,11980,"Athens, TX Micro Area",M2
TX_AUSTIN-EXEC-AP,720648,30.395,-97.567,188,-6,Cfa,Hot-Humid,48453001856,suburban/small town,12420,"Austin-Round Rock-San Marcos, TX Metro Area",M1
TX_AUSTIN-MUELLER-MUNI,722540,30.183,-97.68,146,-6,Cfa,Hot-Humid,48453980000,rural,12420,"Austin-Round Rock-San Marcos, TX Metro Area",M1
TX_BAY-CITY,720273,28.973,-95.863,13,-6,Cfa,Hot-Humid,48321730202,rural,13060,"Bay City, TX Micro Area",M2
TX_BEAUMONT-MUNI,720926,30.071,-94.216,10,-6,Cfa,Hot-Humid,48245011400,rural,13140,"Beaumont-Port Arthur, TX Metro Area",M1
TX_BEEVILLE-MUNI-AP,720391,28.35,-97.717,82,-6,Cfa,Hot-Humid,48025950201,rural,13300,"Beeville, TX Micro Area",M2
TX_BIG-SPRING,720271,32.213,-101.521,784,-6,BSk,Hot-Dry & Mixed Dry,48227950802,rural,13700,"Big Spring, TX Micro Area",M2
TX_BIGGS-AAF,722704,31.85,-106.38,1203,-7,BWk,Hot-Dry & Mixed Dry,48141010101,suburban/small town,21340,"El Paso, TX Metro Area",M1
TX_BORGER-HUTCHINSON,723635,35.695,-101.396,926,-6,BSk,Hot-Dry & Mixed Dry,48233951000,rural,14420,"Borger, TX Micro Area",M2
TX_BRADY-CURTIS-FIELD,723628,31.178,-99.324,556,-6,Cfa,Hot-Dry & Mixed Dry,48307950400,rural,,,
TX_BRIDGEPORT-MUNI,720261,33.175,-97.828,259,-6,Cfa,Mixed-Humid,48497150402,rural,19100,"Dallas-Fort Worth-Arlington, TX Metro Area",M1
TX_BROWNSVILLE-S-PADRE-ISL-IA,722500,25.915,-97.423,5,-6,Cfa,Hot-Humid,48061980100,lower density urban,15180,"Brownsville-Harlingen, TX Metro Area",M1
TX_BROWNWOOD-MUNI-AP,722666,31.8,-98.95,419,-6,Cfa,Hot-Humid,48049951200,rural,15220,"Brownwood, TX Micro Area",M2
TX_BURNET-MUNI,722542,30.741,-98.235,386,-6,Cfa,Hot-Humid,48053960300,rural,31920,"Marble Falls, TX Micro Area",M2
TX_CALDWELL-AP,723761,30.516,-96.704,119,-6,Cfa,Hot-Humid,48051970300,rural,17780,"College Station-Bryan, TX Metro Area",M1
TX_CAMERON-MUNI-AIRPARK,721034,30.879,-96.971,123,-6,Cfa,Hot-Humid,48331950401,rural,,,
TX_CANADIAN-HEMPHILL,722637,35.9,-100.4,730,-6,BSk,Hot-Dry & Mixed Dry,48211950300,rural,,,
TX_CELBURNE,720320,32.354,-97.434,260,-6,Cfa,Hot-Humid,48251130302,rural,19100,"Dallas-Fort Worth-Arlington, TX Metro Area",M1
TX_CHILDRESS-MUNI-AP,723660,34.427,-100.284,593,-6,BSk,Hot-Dry & Mixed Dry,48075950100,rural,,,
TX_COLEMAN-MUNI-AP,720771,31.841,-99.404,517,-6,Cfa,Hot-Dry & Mixed Dry,48083950300,rural,,,
TX_COMANCHE-CO-CITY,747355,31.917,-98.6,423,-6,Cfa,Hot-Humid,48093950200,rural,,,
TX_CORPUS-CHRISTI-IAP,722510,27.773,-97.513,12,-6,Cfa,Hot-Humid,48355980000,rural,18580,"Corpus Christi, TX Metro Area",M1
TX_CORPUS-CHRISTI-NAS,722515,27.688,-97.292,4,-6,Cfa,Hot-Humid,48355002900,suburban/small town,18580,"Corpus Christi, TX Metro Area",M1
TX_CORSICANA,722469,32.032,-96.399,135,-6,Cfa,Hot-Humid,48349970700,rural,18620,"Corsicana, TX Micro Area",M2
TX_COTULLA-FAA-AP,722526,28.459,-99.223,144,-6,BSh,Hot-Humid,48283950300,rural,,,
TX_COX-FLD,722587,33.633,-95.45,166,-6,Cfa,Hot-Humid,48277000900,rural,37580,"Paris, TX Micro Area",M2
TX_CROCKETT-HOUSTON-CO-AP,724462,31.307,-95.404,106,-6,Cfa,Hot-Humid,48225950500,rural,,,
TX_DALHART-MUNI-AP,747360,36.025,-102.549,1215,-6,BSk,Hot-Dry & Mixed Dry,48205950200,rural,,,
TX_DALLAS-ADDISON-AP,722598,32.969,-96.836,196,-6,Cfa,Hot-Humid,48113013727,lower density urban,19100,"Dallas-Fort Worth-Arlington, TX Metro Area",M1
TX_DALLAS-FORT-WORTH-IAP,722590,32.897,-97.022,165,-6,Cfa,Hot-Humid,48113980000,lower density urban,19100,"Dallas-Fort Worth-Arlington, TX Metro Area",M1
TX_DALLAS-REDBIRD-AP,722599,32.678,-96.868,200,-6,Cfa,Hot-Humid,48113010904,lower density urban,19100,"Dallas-Fort Worth-Arlington, TX Metro Area",M1
TX_DECATUR,720305,33.254,-97.581,319,-6,Cfa,Mixed-Humid,48497150200,rural,19100,"Dallas-Fort Worth-Arlington, TX Metro Area",M1
TX_DEL-RIO-IAP,722610,29.378,-100.927,305,-6,BSh,Hot-Humid,48465980000,suburban/small town,19620,"Del Rio, TX Micro Area",M2
TX_DEL-RIO-LAUGHLIN-AFB,722615,29.367,-100.783,329,-6,BSh,Hot-Humid,48465950500,rural,19620,"Del Rio, TX Micro Area",M2
TX_DENTON-MUNI,722589,33.209,-97.199,194,-6,Cfa,Hot-Humid,48121020800,suburban/small town,19100,"Dallas-Fort Worth-Arlington, TX Metro Area",M1
TX_DFW-NEXRAD,722593,32.565,-97.308,213,-6,Cfa,Hot-Humid,48439111204,suburban/small town,19100,"Dallas-Fort Worth-Arlington, TX Metro Area",M1
TX_DRAUGHON-MILLER-CEN,722577,31.15,-97.417,207,-6,Cfa,Hot-Humid,48027020300,suburban/small town,28660,"Killeen-Temple-Fort Hood, TX Metro Area",M1
TX_DYESS-AFB-ABILENE,720965,32.433,-99.85,545,-6,Cfa,Hot-Dry & Mixed Dry,48441013000,rural,10180,"Abilene, TX Metro Area",M1
TX_EASTERWOOD-FLD-AP,747460,30.591,-96.363,96,-6,Cfa,Hot-Humid,48041980000,rural,17780,"College Station-Bryan, TX Metro Area",M1
TX_EDINBURG-IAP,720276,26.442,-98.129,24,-6,BSh,Hot-Humid,48215023512,suburban/small town,32580,"McAllen-Edinburg-Mission, TX Metro Area",M1
TX_EDWARDS-CO,722363,29.947,-100.173,723,-6,Cfa,Hot-Humid,48137950300,rural,,,
TX_EL-PASO-IAP,722700,31.812,-106.377,1202,-7,BWk,Hot-Dry & Mixed Dry,48141980000,rural,21340,"El Paso, TX Metro Area",M1
TX_FAITH-RANCH-AP,720742,28.209,-100.019,236,-6,BSh,Hot-Humid,48127950200,rural,,,
TX_FALFURIAS,720269,27.207,-98.121,34,-6,Cfa,Hot-Humid,48047950100,rural,,,
TX_FORT-HOOD,722570,31.133,-97.717,281,-6,Cfa,Hot-Humid,48027023204,suburban/small town,28660,"Killeen-Temple-Fort Hood, TX Metro Area",M1
TX_FORT-STOCKTON-PECOS-CO-AP,722618,30.912,-102.917,917,-6,BSh,Hot-Dry & Mixed Dry,48371950500,rural,,,
TX_FORT-WORTH-ALLIANCE,722594,32.994,-97.32,215,-6,Cfa,Hot-Humid,48121020308,suburban/small town,19100,"Dallas-Fort Worth-Arlington, TX Metro Area",M1
TX_FORT-WORTH-NAS,722595,32.767,-97.45,185,-6,Cfa,Hot-Humid,48439100602,lower density urban,19100,"Dallas-Fort Worth-Arlington, TX Metro Area",M1
TX_FOX-STEPHENS-FLD,722112,32.699,-94.949,126,-6,Cfa,Hot-Humid,48459950300,rural,30980,"Longview, TX Metro Area",M1
TX_FREDRICKSBURG,720323,30.243,-98.91,516,-6,Cfa,Hot-Humid,48171950500,rural,23240,"Fredericksburg, TX Micro Area",M2
TX_FT-WORTH-MEACHAM-IAP,747390,32.825,-97.364,213,-6,Cfa,Hot-Humid,48439100300,lower density urban,19100,"Dallas-Fort Worth-Arlington, TX Metro Area",M1
TX_GAINES-CO-AP,722107,32.675,-102.654,1010,-6,BSk,Hot-Dry & Mixed Dry,48165950200,rural,,,
TX_GAINESVILLE-MUNI-AP,722552,33.651,-97.197,255,-6,Cfa,Mixed-Humid,48097000400,rural,23620,"Gainesville, TX Micro Area",M2
TX_GALVESTON-SCHOLES,722420,29.27,-94.864,1,-6,Cfa,Hot-Humid,48167725900,rural,26420,"Houston-Sugar Land-Baytown, TX Metro Area",M1
TX_GARNER-FLD,722202,29.211,-99.744,287,-6,Cfa,Hot-Humid,48463950200,rural,46620,"Uvalde, TX Micro Area",M2
TX_GATESVILLE,722323,31.417,-97.8,276,-6,Cfa,Hot-Humid,48099010300,rural,28660,"Killeen-Temple-Fort Hood, TX Metro Area",M1
TX_GEORGETOWN(AWOS),722547,30.679,-97.679,239,-6,Cfa,Hot-Humid,48491020108,suburban/small town,12420,"Austin-Round Rock-San Marcos, TX Metro Area",M1
TX_GIDDINGS-LEE-CO-AP,722113,30.169,-96.98,147,-6,Cfa,Hot-Humid,48287000300,rural,,,
TX_GRAHAM-MUNI,720318,33.11,-98.555,342,-6,Cfa,Mixed-Humid,48503950600,suburban/small town,,,
TX_GRANBURY,720286,32.444,-97.817,237,-6,Cfa,Hot-Humid,48221160100,rural,24180,"Granbury, TX Micro Area",M2
TX_GRAND-PRAIRIE,722094,32.699,-97.047,179,-6,Cfa,Hot-Humid,48439111536,lower density urban,19100,"Dallas-Fort Worth-Arlington, TX Metro Area",M1
TX_GREENVILLE-MAJORS,722588,33.068,-96.065,163,-6,Cfa,Hot-Humid,48231961100,rural,19100,"Dallas-Fort Worth-Arlington, TX Metro Area",M1
TX_HAMILTON-MUNI-AP,722231,31.666,-98.149,396,-6,Cfa,Hot-Humid,48193950200,rural,,,
TX_HARLINGEN-RIO-GRANDE-VALLY,722505,26.23,-97.656,9,-6,Cfa,Hot-Humid,48061980001,rural,15180,"Brownsville-Harlingen, TX Metro Area",M1
TX_HARRISON-CO,720943,32.521,-94.308,108,-6,Cfa,Hot-Humid,48203020301,suburban/small town,32220,"Marshall, TX Micro Area",M2
TX_HEARNE,720303,30.872,-96.622,86,-6,Cfa,Hot-Humid,48395960500,rural,17780,"College Station-Bryan, TX Metro Area",M1
TX_HEBBRONVILLE,722338,27.349,-98.737,202,-6,BSh,Hot-Humid,48247950200,rural,,,
TX_HENDERSON-RUSK-CO-AP,720577,32.15,-94.85,135,-6,Cfa,Hot-Humid,48401950501,rural,30980,"Longview, TX Metro Area",M1
TX_HEREFORD-MUNI-AP,720393,34.85,-102.333,1153,-6,BSk,Hot-Dry & Mixed Dry,48117950600,rural,25820,"Hereford, TX Micro Area",M2
TX_HILLSBORO,720295,32.084,-97.097,208,-6,Cfa,Hot-Humid,48217961100,rural,,,
TX_HONDO-MUNI-AP,722533,29.36,-99.174,281,-6,Cfa,Hot-Humid,48325000300,rural,41700,"San Antonio-New Braunfels, TX Metro Area",M1
TX_HORSESHOE-BAY-RESORT-AP,720639,30.533,-98.367,333,-6,Cfa,Hot-Humid,48299970400,rural,,,
TX_HOUSTON-BUSH-INTERCONTNL,722430,29.984,-95.361,27,-6,Cfa,Hot-Humid,48201980100,lower density urban,26420,"Houston-Sugar Land-Baytown, TX Metro Area",M1
TX_HOUSTON-D-W-HOOKS,722429,30.068,-95.556,46,-6,Cfa,Hot-Humid,48201554802,suburban/small town,26420,"Houston-Sugar Land-Baytown, TX Metro Area",M1
TX_HOUSTON-ELLINGTON-AFB,722436,29.617,-95.167,9,-6,Cfa,Hot-Humid,48201340201,suburban/small town,26420,"Houston-Sugar Land-Baytown, TX Metro Area",M1
TX_HOUSTON-EXEC-AP,720617,29.8,-95.9,51,-6,Cfa,Hot-Humid,48473680200,rural,26420,"Houston-Sugar Land-Baytown, TX Metro Area",M1
TX_HOUSTON-SOUTHWEST-AP,720637,29.5,-95.477,21,-6,Cfa,Hot-Humid,48157674502,suburban/small town,26420,"Houston-Sugar Land-Baytown, TX Metro Area",M1
TX_HOUSTON-SUGAR-LAND,722543,29.62,-95.657,23,-6,Cfa,Hot-Humid,48157672800,lower density urban,26420,"Houston-Sugar Land-Baytown, TX Metro Area",M1
TX_HUNTSVILLE,722447,30.744,-95.587,105,-6,Cfa,Hot-Humid,48471790400,rural,26660,"Huntsville, TX Micro Area",M2
TX_JACKSONVILLE,720298,31.869,-95.218,206,-6,Cfa,Hot-Humid,48073950802,rural,27380,"Jacksonville, TX Micro Area",M2
TX_JASPER-CO-BELL-FLD,720296,30.886,-94.035,64,-6,Cfa,Hot-Humid,48241950400,rural,,,
TX_JUNCTION-KIMBLE-CO-AP,747400,30.51,-99.766,521,-6,Cfa,Hot-Dry & Mixed Dry,48267950100,rural,,,
TX_KERRVILLE-MUNI-AP,722537,29.983,-99.083,492,-6,Cfa,Hot-Dry & Mixed Dry,48265960100,rural,28500,"Kerrville, TX Micro Area",M2
TX_KICKAPOO-DOWNTOWN-AP,720404,33.85,-98.483,304,-6,Cfa,Mixed-Humid,48485011500,suburban/small town,48660,"Wichita Falls, TX Metro Area",M1
TX_KILLEEN-MUNI(AWOS),722575,31.083,-97.683,256,-6,Cfa,Hot-Humid,48027022300,lower density urban,28660,"Killeen-Temple-Fort Hood, TX Metro Area",M1
TX_KINGSVILLE,722516,27.509,-97.804,13,-6,Cfa,Hot-Humid,48273020100,rural,28780,"Kingsville, TX Micro Area",M2
TX_LAGO-VISTA-R-ALLEN-AP,720542,30.5,-97.967,375,-6,Cfa,Hot-Humid,48453001766,rural,12420,"Austin-Round Rock-San Marcos, TX Metro Area",M1
TX_LAJITAS-INTL-ARPT,720579,29.278,-103.687,802,-6,Cfa,Hot-Dry & Mixed Dry,48043950500,rural,,,
TX_LAMPASAS-AP,720647,31.106,-98.196,370,-6,Cfa,Hot-Humid,48281950302,rural,28660,"Killeen-Temple-Fort Hood, TX Metro Area",M1
TX_LANCASTER,722143,32.579,-96.719,152,-6,Cfa,Hot-Humid,48113016903,suburban/small town,19100,"Dallas-Fort Worth-Arlington, TX Metro Area",M1
TX_LAREDO-IAP,722520,27.533,-99.467,150,-6,BSh,Hot-Humid,48479980000,lower density urban,29700,"Laredo, TX Metro Area",M1
TX_LLANO-MUNI-AP,720110,30.784,-98.662,335,-6,Cfa,Hot-Humid,48299970100,rural,,,
TX_LONGVIEW-GREGG-CO-AP,722470,32.391,-94.714,107,-6,Cfa,Hot-Humid,48183980000,suburban/small town,30980,"Longview, TX Metro Area",M1
TX_LUBBOCK-IAP,722670,33.666,-101.823,993,-6,BSk,Hot-Dry & Mixed Dry,48303980000,rural,31180,"Lubbock, TX Metro Area",M1
TX_LUFKIN-ANGELINA-CO,722446,31.236,-94.755,87,-6,Cfa,Hot-Humid,48005001002,rural,31260,"Lufkin, TX Micro Area",M2
TX_MARFA-AP,722640,30.371,-104.017,1478,-7,BSk,Hot-Dry & Mixed Dry,48377950100,rural,,,
TX_MC-GREGOR(AWOS),722563,31.485,-97.316,180,-6,Cfa,Hot-Humid,48309003900,rural,47380,"Waco, TX Metro Area",M1
TX_MCALLEN-MILLER-IAP,722506,26.179,-98.245,30,-6,BSh,Hot-Humid,48215980000,higher density urban,32580,"McAllen-Edinburg-Mission, TX Metro Area",M1
TX_MCKINNEY-MUNI-AP,722541,33.183,-96.59,173,-6,Cfa,Hot-Humid,48085030900,suburban/small town,19100,"Dallas-Fort Worth-Arlington, TX Metro Area",M1
TX_MESQUITE,720291,32.747,-96.531,136,-6,Cfa,Hot-Humid,48113017305,suburban/small town,19100,"Dallas-Fort Worth-Arlington, TX Metro Area",M1
TX_MEXIA-LIMESTONE-CO,720779,31.641,-96.514,16,-6,,Hot-Humid,48293970200,rural,,,
TX_MIDLAND-AIRPARK,722324,32.036,-102.101,854,-6,BSk,Hot-Dry & Mixed Dry,48329000200,lower density urban,33260,"Midland, TX Metro Area",M1
TX_MIDLAND-IAP,722650,31.948,-102.209,872,-6,BSk,Hot-Dry & Mixed Dry,48329980000,rural,33260,"Midland, TX Metro Area",M1
TX_MIDLOTHIAN-WAXAHATC,720299,32.456,-96.913,228,-6,Cfa,Hot-Humid,48139060211,suburban/small town,19100,"Dallas-Fort Worth-Arlington, TX Metro Area",M1
TX_MINERAL-WELLS-MUNI-AP,722597,32.782,-98.06,287,-6,Cfa,Hot-Humid,48367140601,rural,19100,"Dallas-Fort Worth-Arlington, TX Metro Area",M1
TX_MONTGOMERY-CO,722444,30.361,-95.418,69,-6,Cfa,Hot-Humid,48339693900,suburban/small town,26420,"Houston-Sugar Land-Baytown, TX Metro Area",M1
TX_MOORE-CO,722214,35.858,-102.013,1129,-6,BSk,Hot-Dry & Mixed Dry,48341950200,rural,20300,"Dumas, TX Micro Area",M2
TX_MT-PLEASANT,720311,33.096,-94.961,110,-6,Cfa,Hot-Humid,48449950300,rural,34420,"Mount Pleasant, TX Micro Area",M2
TX_NACOGDOCHES(AWOS),722499,31.578,-94.709,108,-6,Cfa,Hot-Humid,48347950301,rural,34860,"Nacogdoches, TX Micro Area",M2
TX_NAVAL-AUXILIARY-LANDING-FD,722518,27.895,-98.043,71,-6,Cfa,Hot-Humid,48249950100,rural,10860,"Alice, TX Micro Area",M2
TX_NEW-BRAUNFELS,722416,29.709,-98.046,197,-6,Cfa,Hot-Humid,48187210508,rural,41700,"San Antonio-New Braunfels, TX Metro Area",M1
TX_ODESSA-SCHLEMEYER-FIELD,722648,31.925,-102.387,909,-6,BSk,Hot-Dry & Mixed Dry,48135002501,suburban/small town,36220,"Odessa, TX Metro Area",M1
TX_ORANGE-CO-AP,723629,30.069,-93.804,4,-6,Cfa,Hot-Humid,48361020300,suburban/small town,13140,"Beaumont-Port Arthur, TX Metro Area",M1
TX_OZONA-MUNI,720659,30.735,-101.203,726,-6,BSh,Hot-Dry & Mixed Dry,48105950100,rural,,,
TX_PALACIOS-MUNI-AP,722555,28.725,-96.254,3,-6,Cfa,Hot-Humid,48321730600,rural,13060,"Bay City, TX Micro Area",M2
TX_PALESTINE,720314,31.78,-95.706,128,-6,Cfa,Hot-Humid,48001950901,rural,37300,"Palestine, TX Micro Area",M2
TX_PAMPA-MESA-VISTA-AP,720626,35.883,-101.033,845,-6,BSk,Hot-Dry & Mixed Dry,48393950100,rural,37420,"Pampa, TX Micro Area",M2
TX_PANOLA-CO-SHARPE-FLD,720806,32.176,-94.299,75,-6,Cfa,Hot-Humid,48365950300,rural,,,
TX_PEARLAND-RGNL-AP,722427,29.519,-95.242,11,-6,Cfa,Hot-Humid,48039660200,suburban/small town,26420,"Houston-Sugar Land-Baytown, TX Metro Area",M1
TX_PECOS-MUNI-AIR,722169,31.383,-103.511,796,-6,BWh,Hot-Dry & Mixed Dry,48389950100,rural,37780,"Pecos, TX Micro Area",M2
TX_PERRYTON,720315,36.414,-100.75,889,-6,BSk,Hot-Dry & Mixed Dry,48357950100,rural,,,
TX_PINE-SPRINGS-GUADALUPE-MTN,722620,31.833,-104.809,1655,-7,BWk,Hot-Dry & Mixed Dry,48109950300,rural,,,
TX_PLAINVIEW-HALE-CO,722174,34.167,-101.717,1028,-6,BSk,Hot-Dry & Mixed Dry,48189950500,suburban/small town,38380,"Plainview, TX Micro Area",M2
TX_PLEASANTON-MUNI-AP,720395,28.95,-98.517,131,-6,Cfa,Hot-Humid,48013960402,rural,41700,"San Antonio-New Braunfels, TX Metro Area",M1
TX_PORT-ARANSAS,722008,27.812,-97.089,1,-6,Cfa,Hot-Humid,48355005102,rural,18580,"Corpus Christi, TX Metro Area",M1
TX_PORT-ARTHUR-JEFFERSON-CO,722410,29.952,-94.026,3,-6,Cfa,Hot-Humid,48245980000,lower density urban,13140,"Beaumont-Port Arthur, TX Metro Area",M1
TX_PORT-ISABEL-CAMERON-CO-AP,722508,26.16,-97.338,5,-6,Cfa,Hot-Humid,48061012301,rural,15180,"Brownsville-Harlingen, TX Metro Area",M1
TX_PORT-LAVACA-CALHOUN,722209,28.654,-96.681,9,-6,Cfa,Hot-Humid,48057000400,rural,47020,"Victoria, TX Metro Area",M1
TX_PRESIDIO-LELY-IAP,721048,29.634,-104.361,896,-6,BWh,Hot-Dry & Mixed Dry,48377950200,rural,,,
TX_RANDOLPH-AFB,722536,29.533,-98.262,221,-6,Cfa,Hot-Humid,48029131700,suburban/small town,41700,"San Antonio-New Braunfels, TX Metro Area",M1
TX_ROBERT-GRAY-AAF,722576,31.067,-97.833,309,-6,Cfa,Hot-Humid,48027980002,rural,28660,"Killeen-Temple-Fort Hood, TX Metro Area",M1
TX_ROBSTON,720316,27.779,-97.691,24,-6,Cfa,Hot-Humid,48355005900,rural,18580,"Corpus Christi, TX Metro Area",M1
TX_ROCKPORT-ARANSAS-CO,722524,28.084,-97.047,7,-6,Cfa,Hot-Humid,48007950100,rural,18580,"Corpus Christi, TX Metro Area",M1
TX_ROCKWALL-MUNI,721044,32.931,-96.435,175,-6,Cfa,Hot-Humid,48397040302,suburban/small town,19100,"Dallas-Fort Worth-Arlington, TX Metro Area",M1
TX_SAN-ANGELO-MATHIS-FIELD,722630,31.352,-100.495,582,-6,Cfa,Hot-Dry & Mixed Dry,48451980000,suburban/small town,41660,"San Angelo, TX Metro Area",M1
TX_SAN-ANTONIO-IAP,722530,29.544,-98.484,243,-6,Cfa,Hot-Humid,48029980004,lower density urban,41700,"San Antonio-New Braunfels, TX Metro Area",M1
TX_SAN-ANTONIO-KELLY-FLD-AFB,722535,29.383,-98.583,210,-6,Cfa,Hot-Humid,48029980100,lower density urban,41700,"San Antonio-New Braunfels, TX Metro Area",M1
TX_SAN-ANTONIO-STINSON,722523,29.339,-98.472,173,-6,Cfa,Hot-Humid,48029192200,lower density urban,41700,"San Antonio-New Braunfels, TX Metro Area",M1
TX_SAN-MARCOS-MUNI,722539,29.891,-97.864,182,-6,Cfa,Hot-Humid,48055960500,suburban/small town,12420,"Austin-Round Rock-San Marcos, TX Metro Area",M1
TX_SHERMAN-DENNISON,720287,33.714,-96.674,228,-6,Cfa,Mixed-Humid,48181001101,suburban/small town,43300,"Sherman-Denison, TX Metro Area",M1
TX_SNYDER-AP,722122,32.693,-100.951,740,-6,BSk,Hot-Dry & Mixed Dry,48415950300,rural,43660,"Snyder, TX Micro Area",M2
TX_SONORA,747335,30.586,-100.649,652,-6,BSh,Hot-Dry & Mixed Dry,48435950300,rural,,,
TX_STEPHENS-CO-AP,720578,32.717,-98.892,391,-6,Cfa,Mixed-Humid,48429950500,rural,,,
TX_STEPHENVILLE-CLARK-FIELD,722600,32.215,-98.178,402,-6,Cfa,Hot-Humid,48143950600,rural,44500,"Stephenville, TX Micro Area",M2
TX_SUPLHUR-SPRINGS,722362,33.167,-95.617,149,-6,Cfa,Hot-Humid,48223950300,rural,44860,"Sulphur Springs, TX Micro Area",M2
TX_SWEETWATER-AP,722192,32.473,-100.466,725,-6,BSk,Hot-Dry & Mixed Dry,48353950100,rural,45020,"Sweetwater, TX Micro Area",M2
TX_T-P-MC-CAMPBELL-AP,722369,27.917,-97.2,5,-6,Cfa,Hot-Humid,48409010301,rural,18580,"Corpus Christi, TX Metro Area",M1
TX_TERRELL-CO,722616,30.048,-102.213,701,-6,BSh,Hot-Dry & Mixed Dry,48443950100,rural,,,
TX_TERRELL,722489,32.713,-96.269,143,-6,Cfa,Hot-Humid,48257050500,suburban/small town,19100,"Dallas-Fort Worth-Arlington, TX Metro Area",M1
TX_TSTC-WACO,722561,31.638,-97.074,143,-6,Cfa,Hot-Humid,48309003300,suburban/small town,47380,"Waco, TX Metro Area",M1
TX_TYLER-POUNDS-FLD,722448,32.359,-95.404,159,-6,Cfa,Hot-Humid,48423980000,lower density urban,46340,"Tyler, TX Metro Area",M1
TX_VICTORIA-RGNL-AP,722550,28.862,-96.93,33,-6,Cfa,Hot-Humid,48469980000,lower density urban,47020,"Victoria, TX Metro Area",M1
TX_WACO-RGNL-AP,722560,31.618,-97.228,151,-6,Cfa,Hot-Humid,48309980000,rural,47380,"Waco, TX Metro Area",M1
TX_WESLACO-MID-VALLEY,722159,26.178,-97.973,21,-6,Cfa,Hot-Humid,48215022502,lower density urban,32580,"McAllen-Edinburg-Mission, TX Metro Area",M1
TX_WHARTON-RGNL-AP,722351,29.266,-96.008,30,-6,Cfa,Hot-Humid,48481740600,rural,20900,"El Campo, TX Micro Area",M2
TX_WICHITA-FALLS-MUNI-AP,723510,33.979,-98.493,308,-6,Cfa,Mixed-Humid,48485980000,rural,48660,"Wichita Falls, TX Metro Area",M1
TX_WILLIAM-P-HOBBY-AP,722440,29.646,-95.282,13,-6,Cfa,Hot-Humid,48201980000,lower density urban,26420,"Houston-Sugar Land-Baytown, TX Metro Area",M1
TX_WINK-WINKLER-CO-AP,722656,31.78,-103.202,858,-6,BWh,Hot-Dry & Mixed Dry,48495950400,rural,,,
TX_WOOD-CO,722042,32.742,-95.496,132,-6,Cfa,Hot-Humid,48499950700,rural,,,
TX_ZAPATA-CO-AP,720584,26.967,-99.25,129,-6,BSh,Hot-Humid,48505950400,rural,,,
UT_BOLINDER-FIELD-TOOELE-VALL,720572,40.612,-112.351,1316,-7,Dfa,Cold & Very Cold,49045130702,rural,41620,"Salt Lake City, UT Metro Area",M1
UT_BRIGHAM-CITY-AP,720567,41.552,-112.062,1288,-7,Dfa,Cold & Very Cold,49003960200,rural,14940,"Brigham City, UT Micro Area",M2
UT_BRYCE-CNYN-FAA-AP,724756,37.701,-112.149,2309,-7,Cfb,Cold & Very Cold,49017000400,rural,,,
UT_CEDAR-CITY-MUNI-AP,724755,37.707,-113.097,1703,-7,Csb,Cold & Very Cold,49021110701,rural,16260,"Cedar City, UT Micro Area",M2
UT_DUGWAY-PROVING-GROU,740030,40.183,-112.933,1325,-7,BSk,Cold & Very Cold,49045130600,rural,41620,"Salt Lake City, UT Metro Area",M1
UT_HANKSVILLE,724733,38.417,-110.7,135,-7,,Cold & Very Cold,49055979100,rural,,,
UT_HEBER-CITY-MUNI-RUSS,720565,40.482,-111.429,171,-7,,Cold & Very Cold,49051940500,rural,25720,"Heber, UT Micro Area",M2
UT_KANAB-MUNI,720569,37.011,-112.531,1483,-7,Dfa,Cold & Very Cold,49025130200,rural,,,
UT_LOGAN-CACHE-AP,724796,41.787,-111.852,1355,-7,Dfb,Cold & Very Cold,49005000403,suburban/small town,30860,"Logan, UT-ID Metro Area",M1
UT_MILFORD-MUNI-AP,724750,38.423,-113.011,1533,-7,BSk,Cold & Very Cold,49001100200,rural,,,
UT_MILFORD-MUNI-AP,724797,38.417,-113.017,1534,-7,BSk,Cold & Very Cold,49001100200,rural,,,
UT_MOAB-CANYONLANDS,724776,38.75,-109.763,1387,-7,BSk,Cold & Very Cold,49019000300,rural,,,
UT_OGDEN-HILL-AFB,725755,41.117,-111.967,1459,-7,Dfb,Cold & Very Cold,49011125200,suburban/small town,36260,"Ogden-Clearfield, UT Metro Area",M1
UT_OGDEN-HINKLEY-AP,725750,41.194,-112.017,1356,-7,Csa,Cold & Very Cold,49057201900,lower density urban,36260,"Ogden-Clearfield, UT Metro Area",M1
UT_PRICE-CARBON-CO,724700,39.609,-110.755,1777,-7,Dfb,Cold & Very Cold,49007000100,rural,39220,"Price, UT Micro Area",M2
UT_PROVO-MUNI(AWOS),725724,40.219,-111.723,1370,-7,Dfa,Cold & Very Cold,49049002207,suburban/small town,39340,"Provo-Orem, UT Metro Area",M1
UT_ST-GEORGE-MUNI-AP,724754,37.1,-113.6,894,-7,BSk,Hot-Dry & Mixed Dry,49053271500,suburban/small town,41100,"St. George, UT Metro Area",M1
UT_VERNAL-AP,725705,40.443,-109.513,1604,-7,BSk,Cold & Very Cold,49047968402,rural,46860,"Vernal, UT Micro Area",M2
UT_WENDOVER-USAF-AUX-FIELD,725810,40.721,-114.036,1291,-7,BSk,Cold & Very Cold,49045130600,rural,41620,"Salt Lake City, UT Metro Area",M1
VA_ABINGTON,724058,36.683,-82.033,630,-5,Cfa,Mixed-Humid,51191010401,suburban/small town,28700,"Kingsport-Bristol-Bristol, TN-VA Metro Area",M1
VA_ACCOMACK-CO,724026,37.647,-75.761,14,-5,Cfa,Mixed-Humid,51001090700,rural,,,
VA_CHARLOTTESVILLE-FAA,724016,38.137,-78.455,192,-5,Cfa,Mixed-Humid,51003010201,rural,16820,"Charlottesville, VA Metro Area",M1
VA_CHESAPEAKE-MUNI-AP,724006,36.666,-76.321,6,-5,Cfa,Mixed-Humid,51550021200,rural,47260,"Virginia Beach-Norfolk-Newport News, VA-NC Metro Area",M1
VA_NORFOLK-NAS,723085,36.937,-76.289,5,-5,Cfa,Mixed-Humid,51710000902,lower density urban,47260,"Virginia Beach-Norfolk-Newport News, VA-NC Metro Area",M1
VT_BURLINGTON-IAP,726170,44.468,-73.15,101,-5,Dfb,Cold & Very Cold,50007980000,lower density urban,15540,"Burlington-South Burlington, VT Metro Area",M1
WA_FELTS-FLD,727856,47.686,-117.321,594,-8,Csb,Cold & Very Cold,53063012200,suburban/small town,44060,"Spokane, WA Metro Area",M1
WA_SEATTLE-BOEING-FIELD,727935,47.546,-122.315,7,-8,Csb,Marine,53033010900,lower density urban,42660,"Seattle-Tacoma-Bellevue, WA Metro Area",M1
WI_GREEN-BAY-AUSTIN-IAP,726450,44.48,-88.137,208,-6,Dfb,Cold & Very Cold,55009940001,suburban/small town,24580,"Green Bay, WI Metro Area",M1
WI_MADISON-DANE-CO-RGNL-AP,726410,43.141,-89.345,261,-6,Dfb,Cold & Very Cold,55025002500,suburban/small town,31540,"Madison, WI Metro Area",M1
WI_MILWAUKEE-MITCHELL-IAP,726400,42.955,-87.905,203,-6,Dfb,Cold & Very Cold,55079021700,lower density urban,33340,"Milwaukee-Waukesha-West Allis, WI Metro Area",M1
WI_SOUTHERN-WISC-RGNL-AP,726415,42.617,-89.033,246,-6,Dfb,Cold & Very Cold,55105001400,suburban/small town,27500,"Janesville, WI Metro Area",M1
WV_CHARLESTON-YEAGER-AP,724140,38.38,-81.591,278,-5,Cfa,Mixed-Humid,54039011301,rural,16620,"Charleston, WV Metro Area",M1
WY_CHEYENNE-MUNI-AP,725640,41.158,-104.808,1864,-7,BSk,Cold & Very Cold,56021980801,lower density urban,16940,"Cheyenne, WY Metro Area",M1
VA_CHESTERFIELD-CO-AP,720498,37.4,-77.517,72,-5,Cfa,Mixed-Humid,51041100820,suburban/small town,40060,"Richmond, VA Metro Area",M1
VA_CULPEPER,723098,38.527,-77.859,96,-5,Cfa,Mixed-Humid,51047930400,rural,19020,"Culpeper, VA Micro Area",M2
VA_DANVILLE-FAA-AP,724106,36.573,-79.335,168,-5,Cfa,Mixed-Humid,51143010802,rural,19260,"Danville, VA Metro Area",M1
VA_DAVISON-AAF,724037,38.717,-77.183,22,-5,Cfa,Mixed-Humid,51059421900,suburban/small town,47900,"Washington-Arlington-Alexandria, DC-VA-MD-WV Metro Area",M1
VA_DENTRESS-NAVAL-AUX-FLD,725172,36.701,-76.129,3,-5,Cfa,Mixed-Humid,51550021102,rural,47260,"Virginia Beach-Norfolk-Newport News, VA-NC Metro Area",M1
VA_DINWIDDIE-CO,724014,37.183,-77.5,58,-5,Cfa,Mixed-Humid,51053840500,rural,40060,"Richmond, VA Metro Area",M1
VA_EMPORIA-GREENSVILLE,720278,36.687,-77.483,38,-5,Cfa,Mixed-Humid,51081880101,rural,,,
VA_FARMVILLE,724017,37.358,-78.438,127,-5,Cfa,Mixed-Humid,51049930200,rural,40060,"Richmond, VA Metro Area",M1
VA_FRANKLIN-NAAS,723083,36.698,-76.903,12,-5,Cfa,Mixed-Humid,51093280400,rural,47260,"Virginia Beach-Norfolk-Newport News, VA-NC Metro Area",M1
VA_FT-EUSTIS-FELKER-AAF,723087,37.133,-76.6,3,-5,Cfa,Mixed-Humid,51700032300,suburban/small town,47260,"Virginia Beach-Norfolk-Newport News, VA-NC Metro Area",M1
VA_FT-PICKETT-BLACKSTO,724015,37.074,-77.958,133,-5,Cfa,Mixed-Humid,51135980100,rural,,,
VA_HAMPTON-ROADS-EXEC,720499,36.783,-76.45,7,-5,Cfa,Mixed-Humid,51550021501,suburban/small town,47260,"Virginia Beach-Norfolk-Newport News, VA-NC Metro Area",M1
VA_HANOVER-CO-MUNI-AP,723084,37.709,-77.435,61,-5,Cfa,Mixed-Humid,51085320801,suburban/small town,40060,"Richmond, VA Metro Area",M1
VA_HILLSVILLE,724107,36.766,-80.823,820,-5,Cfb,Mixed-Humid,51035080200,rural,,,
VA_HOT-SPRINGS-INGALLS,724115,37.95,-79.817,1156,-5,Cfa,Mixed-Humid,51017920100,rural,,,
VA_LANGLEY-AFB,745980,37.083,-76.36,3,-5,Cfa,Mixed-Humid,51650010200,lower density urban,47260,"Virginia Beach-Norfolk-Newport News, VA-NC Metro Area",M1
VA_LAWRENCEVILLE-BRUNSWICK-MU,720777,36.773,-77.794,100,-5,Cfa,Mixed-Humid,51025930203,rural,,,
VA_LEE-CO,720768,36.654,-83.218,43,-5,,Mixed-Humid,51105950400,rural,,,
VA_LEESBURG-EXECUTIVE,724055,39.078,-77.558,118,-5,Cfa,Mixed-Humid,51107610604,suburban/small town,47900,"Washington-Arlington-Alexandria, DC-VA-MD-WV Metro Area",M1
VA_LOUISA,723114,38.01,-77.97,150,-5,Cfa,Mixed-Humid,51109950201,rural,40060,"Richmond, VA Metro Area",M1
VA_LYNCHBURG-RGNL-AP,724100,37.321,-79.206,274,-5,Cfa,Mixed-Humid,51031020200,suburban/small town,31340,"Lynchburg, VA Metro Area",M1
VA_MANASSAS-MUNI(AWOS),724036,38.721,-77.515,58,-5,Cfa,Mixed-Humid,51683910402,suburban/small town,47900,"Washington-Arlington-Alexandria, DC-VA-MD-WV Metro Area",M1
VA_MARTINSVILLE,745985,36.631,-80.018,286,-5,Cfa,Mixed-Humid,51089010900,rural,32300,"Martinsville, VA Micro Area",M2
VA_MECKLENBURG-BRUNS,724118,36.688,-78.054,134,-5,Cfa,Mixed-Humid,51117930101,rural,,,
VA_MOUNTAIN-EMPIRE,724056,36.895,-81.35,780,-5,Cfb,Mixed-Humid,51173030400,rural,,,
VA_NORFOLK(NEXRAD),724019,36.983,-77.001,32,-5,Cfa,Mixed-Humid,51183870400,rural,40060,"Richmond, VA Metro Area",M1
VA_NORFOLK-IAP,723080,36.904,-76.193,3,-5,Cfa,Mixed-Humid,51710980300,lower density urban,47260,"Virginia Beach-Norfolk-Newport News, VA-NC Metro Area",M1
VA_NWPT-NEWS-WIMBURG-IAP,723086,37.132,-76.494,10,-5,Cfa,Mixed-Humid,51700032113,lower density urban,47260,"Virginia Beach-Norfolk-Newport News, VA-NC Metro Area",M1
VA_OCEANA-NAS,723075,36.817,-76.033,7,-5,Cfa,Mixed-Humid,51810045000,suburban/small town,47260,"Virginia Beach-Norfolk-Newport News, VA-NC Metro Area",M1
VA_ORANGE,722167,38.247,-78.046,143,-5,Cfa,Mixed-Humid,51137110102,rural,,,
VA_PULASKI,724116,37.133,-80.683,641,-5,Cfb,Mixed-Humid,51155210100,suburban/small town,13980,"Blacksburg-Christiansburg-Radford, VA Metro Area",M1
VA_QUANTICO-MCAS,724035,38.504,-77.305,3,-5,Cfa,Mixed-Humid,51179010201,suburban/small town,47900,"Washington-Arlington-Alexandria, DC-VA-MD-WV Metro Area",M1
VA_ROANOKE-RGNL-AP,724110,37.317,-79.974,346,-5,Cfa,Mixed-Humid,51770000300,lower density urban,40220,"Roanoke, VA Metro Area",M1
VA_SHANNON-AP,724033,38.267,-77.449,25,-5,Cfa,Mixed-Humid,51177020201,suburban/small town,47900,"Washington-Arlington-Alexandria, DC-VA-MD-WV Metro Area",M1
VA_STAFFORD,720317,38.398,-77.456,64,-5,Cfa,Mixed-Humid,51179010204,suburban/small town,47900,"Washington-Arlington-Alexandria, DC-VA-MD-WV Metro Area",M1
VA_STAUNTON-SHENANDOAH,724105,38.264,-78.896,366,-5,Cfa,Mixed-Humid,51015070300,rural,44420,"Staunton-Waynesboro, VA Micro Area",M2
VA_SUFFOLK,724007,36.682,-76.602,22,-5,Cfa,Mixed-Humid,51800075701,suburban/small town,47260,"Virginia Beach-Norfolk-Newport News, VA-NC Metro Area",M1
VA_TAPPAHANNOCK-ESSEX-C,720501,37.85,-76.883,41,-5,Cfa,Mixed-Humid,51057950800,rural,,,
VA_VIRGINIA-TECH-AP,724113,37.208,-80.408,649,-5,Cfa,Mixed-Humid,51121020700,suburban/small town,13980,"Blacksburg-Christiansburg-Radford, VA Metro Area",M1
VA_WALLOPS-ISLAND-UAU,724020,37.937,-75.466,9,-5,Cfa,Mixed-Humid,51001980200,rural,,,
VA_WARRENTON-FAUQUIER-AP,722692,38.586,-77.711,103,-5,Cfa,Mixed-Humid,51061930705,rural,47900,"Washington-Arlington-Alexandria, DC-VA-MD-WV Metro Area",M1
VA_WASHINGTON-DC-DULLES-IAP,724030,38.935,-77.447,89,-5,Cfa,Mixed-Humid,51059980200,rural,47900,"Washington-Arlington-Alexandria, DC-VA-MD-WV Metro Area",M1
VA_WASHINGTON-DC-REAGAN-AP,724050,38.847,-77.035,4,-5,Cfa,Mixed-Humid,51013980200,lower density urban,47900,"Washington-Arlington-Alexandria, DC-VA-MD-WV Metro Area",M1
VA_WEST-POINT,720285,37.521,-76.765,7,-5,Cfa,Mixed-Humid,51097950500,rural,40060,"Richmond, VA Metro Area",M1
VA_WINCHESTER-RGNL-AP,724053,39.143,-78.144,221,-5,Cfa,Mixed-Humid,51069050900,suburban/small town,49020,"Winchester, VA-WV Metro Area",M1
VA_WISE-LONESOME-PINE,724117,36.988,-82.53,818,-5,Cfa,Mixed-Humid,51195931400,rural,,,
VT_CALEDONIA-COUNTY-AP,720492,44.567,-72.017,362,-5,Cfa,Cold & Very Cold,50005957300,rural,,,
VT_FRANKLIN-CO-STATE-AP,720494,44.933,-73.1,70,-5,Dfb,Cold & Very Cold,50011010100,rural,15540,"Burlington-South Burlington, VT Metro Area",M1
VT_MIDDLEBURY-ST-AP,721028,43.985,-73.095,149,-5,Dfb,Cold & Very Cold,50001960700,rural,,,
VT_MONTPELIER-AP,726145,44.205,-72.565,336,-5,Dfb,Cold & Very Cold,50023954500,rural,12740,"Barre, VT Micro Area",M2
VT_MORRISVILLE-STONE,726114,44.533,-72.615,224,-5,Dfb,Cold & Very Cold,50015953500,rural,,,
VT_NEWPORT-STATE,720493,44.883,-72.233,278,-5,Dfb,Cold & Very Cold,50019951900,rural,,,
VT_RUTLAND-STATE,725165,43.533,-72.95,239,-5,Dfb,Cold & Very Cold,50021963400,rural,40860,"Rutland, VT Micro Area",M2
VT_SPRINGFIELD-HARTNES,726115,43.342,-72.521,173,-5,Dfb,Cold & Very Cold,50027966700,rural,30100,"Lebanon, NH-VT Micro Area",M2
VT_W-H-MORSE-STATE,726166,42.891,-73.247,251,-5,Dfb,Cold & Very Cold,50003971000,rural,13540,"Bennington, VT Micro Area",M2
WA_ARLINGTON-MUNI-AP,727945,48.161,-122.159,41,-8,Csb,Marine,53061053509,lower density urban,42660,"Seattle-Tacoma-Bellevue, WA Metro Area",M1
WA_BELLINGHAM-IAP,727976,48.799,-122.541,45,-8,Csb,Marine,53073000200,suburban/small town,13380,"Bellingham, WA Metro Area",M1
WA_BREMERTON-NATIONAL,727928,47.483,-122.767,135,-8,Csb,Marine,53035092100,suburban/small town,14740,"Bremerton-Silverdale, WA Metro Area",M1
WA_CHEHALIS-CENTRALIA-AP,720254,46.683,-122.983,54,-8,Csb,Marine,53041970800,rural,16500,"Centralia, WA Micro Area",M2
WA_COLVILLE-MUNICIPAL,727873,48.544,-117.884,575,-8,Dfb,Cold & Very Cold,53065950500,suburban/small town,,,
WA_DEER-PARK-AP,727870,47.974,-117.429,672,-8,Csb,Cold & Very Cold,53063010304,rural,44060,"Spokane, WA Metro Area",M1
WA_EASTSOUND-ORCAS-ISLA,722208,48.708,-122.911,9,-8,Csb,Marine,53055960100,rural,,,
WA_ELLENSBURG-BOWERS-FIELD,727883,47.034,-120.531,532,-8,Csb,Cold & Very Cold,53037975300,rural,21260,"Ellensburg, WA Micro Area",M2
WA_EPHRATA-MUNI-AP,727900,47.308,-119.516,382,-8,BSk,Cold & Very Cold,53025010400,rural,34180,"Moses Lake, WA Micro Area",M2
WA_FAIRCHILD-AFB,727855,47.633,-117.65,750,-8,Dsb,Cold & Very Cold,53063013800,suburban/small town,44060,"Spokane, WA Metro Area",M1
WA_FRIDAY-HARBOR,727985,48.52,-123.026,34,-8,Csb,Marine,53055960400,rural,,,
WA_GRAY-AFF-AP,742071,47.083,-122.583,91,-8,Csb,Marine,53053072906,suburban/small town,42660,"Seattle-Tacoma-Bellevue, WA Metro Area",M1
WA_HOQUIAM-AP,727923,46.973,-123.931,4,-8,Csb,Marine,53027001500,rural,10140,"Aberdeen, WA Micro Area",M2
WA_KELSO-WB-AP,727924,46.117,-122.894,6,-8,Csb,Marine,53015001100,lower density urban,31020,"Longview, WA Metro Area",M1
WA_MOSES-LAKE-GRANT-CO-AP,727827,47.193,-119.315,356,-8,BSk,Cold & Very Cold,53025010800,suburban/small town,34180,"Moses Lake, WA Micro Area",M2
WA_OLYMPIA-AP,727920,46.974,-122.905,60,-8,Csb,Marine,53067010800,suburban/small town,36500,"Olympia, WA Metro Area",M1
WA_OMAK,727890,48.461,-119.521,397,-8,Dsb,Cold & Very Cold,53047970500,rural,,,
WA_PANGBORN-MEM,727825,47.397,-120.201,377,-8,Csb,Cold & Very Cold,53017950300,suburban/small town,48300,"Wenatchee-East Wenatchee, WA Metro Area",M1
WA_PASCO,727845,46.27,-119.118,122,-8,BSk,Cold & Very Cold,53021980100,lower density urban,28420,"Kennewick-Pasco-Richland, WA Metro Area",M1
WA_PEARSON-FLD,727918,45.621,-122.654,6,-8,Csb,Marine,53011042600,lower density urban,38900,"Portland-Vancouver-Hillsboro, OR-WA Metro Area",M1
WA_PIERCE-CO-AP-THUN-FLD,720388,47.104,-122.287,164,-8,Csb,Marine,53053073122,lower density urban,42660,"Seattle-Tacoma-Bellevue, WA Metro Area",M1
WA_PORT-ANGELES-CGAS,742010,48.141,-123.414,4,-8,Csb,Marine,53009000700,suburban/small town,38820,"Port Angeles, WA Micro Area",M2
WA_PULLMAN-MOSCOW-RGNL-AP,727857,46.744,-117.116,775,-8,Csb,Cold & Very Cold,53075000600,rural,39420,"Pullman, WA Micro Area",M2
WA_QUILLAYUTE-STATE-AP,727970,47.937,-124.558,56,-8,Cfb,Marine,53009000400,rural,38820,"Port Angeles, WA Micro Area",M2
WA_RENTON-MUNI,727934,47.495,-122.214,5,-8,Csb,Marine,53033025302,lower density urban,42660,"Seattle-Tacoma-Bellevue, WA Metro Area",M1
WA_RICHLAND,727884,46.306,-119.304,120,-8,BSk,Cold & Very Cold,53005010201,suburban/small town,28420,"Kennewick-Pasco-Richland, WA Metro Area",M1
WA_SEATTLE-TACOMA-IAP,727930,47.445,-122.314,112,-8,Csb,Marine,53033028402,lower density urban,42660,"Seattle-Tacoma-Bellevue, WA Metro Area",M1
WA_SHELTON-SANDERSON,727925,47.238,-123.141,84,-8,Csb,Marine,53045960600,rural,43220,"Shelton, WA Micro Area",M2
WA_SKAGIT-RGNL-AP,720272,48.467,-122.417,42,-8,Csb,Marine,53057951900,suburban/small town,34580,"Mount Vernon-Anacortes, WA Metro Area",M1
WA_SNOHOMISH-CO,727937,47.923,-122.283,167,-8,Csb,Marine,53061041901,lower density urban,42660,"Seattle-Tacoma-Bellevue, WA Metro Area",M1
WA_SPOKANE-IAP,727850,47.622,-117.528,717,-8,Dsb,Cold & Very Cold,53063013700,suburban/small town,44060,"Spokane, WA Metro Area",M1
WA_STAMPEDE-PASS,727815,47.277,-121.337,1206,-8,Csb,Cold & Very Cold,53037975100,rural,21260,"Ellensburg, WA Micro Area",M2
WA_TACOMA-MCCHORD-AFB,742060,47.15,-122.483,98,-8,Csb,Marine,53053072901,suburban/small town,42660,"Seattle-Tacoma-Bellevue, WA Metro Area",M1
WA_TACOMA-NARROWS,727938,47.267,-122.576,88,-8,Csb,Marine,53053072408,lower density urban,42660,"Seattle-Tacoma-Bellevue, WA Metro Area",M1
WA_THE-DALLES-MUNI-AP,726988,45.619,-121.166,71,-8,Csb,Cold & Very Cold,53039950200,rural,,,
WA_WALLA-WALLA-CITY-CO-AP,727846,46.095,-118.286,356,-8,Csa,Cold & Very Cold,53071920200,suburban/small town,47460,"Walla Walla, WA Micro Area",M2
WA_WHIDBEY-ISLAND-NAS,720749,48.35,-122.667,14,-8,Csb,Marine,53029970200,suburban/small town,36020,"Oak Harbor, WA Micro Area",M2
WA_WILLIAM-R-FAIRCHILD,727885,48.122,-123.507,83,-8,Csb,Marine,53009000700,suburban/small town,38820,"Port Angeles, WA Micro Area",M2
WA_YAKIMA-AIR-TERMINAL,727810,46.564,-120.535,321,-8,Csb,Cold & Very Cold,53077001100,suburban/small town,49420,"Yakima, WA Metro Area",M1
WI_ANTIGO-LANG(AWOS),726626,45.154,-89.111,463,-6,Dfb,Cold & Very Cold,55067960300,rural,,,
WI_APPLETON-OUTAGAMIE,726457,44.267,-88.517,279,-6,Dfb,Cold & Very Cold,55087012601,suburban/small town,11540,"Appleton, WI Metro Area",M1
WI_ASHLAND-KENNEDY-ME,726419,46.547,-90.918,250,-6,Dfb,Cold & Very Cold,55003950500,rural,,,
WI_BARABOO-WISC-DELLS,726503,43.522,-89.774,297,-6,Dfb,Cold & Very Cold,55111000100,rural,12660,"Baraboo, WI Micro Area",M2
WI_BLACK-RIVER-FALLS-AP,720859,44.251,-90.855,255,-6,Dfb,Cold & Very Cold,55053960100,rural,,,
WI_BOSCOBEL-AP,726438,43.156,-90.678,203,-6,Dfb,Cold & Very Cold,55043960200,rural,38420,"Platteville, WI Micro Area",M2
WI_BURLINGTON-AP,722059,42.69,-88.304,237,-6,Dfb,Cold & Very Cold,55101002401,rural,39540,"Racine, WI Metro Area",M1
WI_CLINTONVILLE-MUNI,726502,44.614,-88.731,250,-6,Dfb,Cold & Very Cold,55135101100,rural,,,
WI_CUMBERLAND-MUNI,720929,45.506,-91.981,378,-6,Dfb,Cold & Very Cold,55005000300,rural,,,
WI_EAGLE-RIVER-UNION,726504,45.932,-89.269,500,-6,Dfb,Cold & Very Cold,55125950500,rural,,,
WI_EAU-CLAIRE-CO-AP,726435,44.867,-91.488,269,-6,Dfb,Cold & Very Cold,55017010100,lower density urban,20740,"Eau Claire, WI Metro Area",M1
WI_FOND-DU-LAC-CO,726506,43.77,-88.491,242,-6,Dfb,Cold & Very Cold,55039040700,suburban/small town,22540,"Fond du Lac, WI Metro Area",M1
WI_HAYWARD-MUNI-AP,726508,46.03,-91.443,368,-6,Dfb,Cold & Very Cold,55113100500,rural,,,
WI_JUNEAU-DODGE-CO,726509,43.426,-88.703,285,-6,Dfa,Cold & Very Cold,55027961100,rural,13180,"Beaver Dam, WI Micro Area",M2
WI_KENOSHA-RGNL-AP,726505,42.595,-87.938,223,-6,Dfb,Cold & Very Cold,55059000601,suburban/small town,16980,"Chicago-Joliet-Naperville, IL-IN-WI Metro Area",M1
WI_LA-CROSSE-MUNI-AP,726430,43.879,-91.253,198,-6,Dfa,Cold & Very Cold,55063010300,suburban/small town,29100,"La Crosse, WI-MN Metro Area",M1
WI_LADYSMITH,723758,45.497,-91.001,377,-6,Dfb,Cold & Very Cold,55107960100,rural,,,
WI_LAND-O-LAKES,723123,46.15,-89.217,519,-6,Dfb,Cold & Very Cold,55125950200,rural,,,
WI_LONE-ROCK-FAA-AP,726416,43.211,-90.187,218,-6,Dfb,Cold & Very Cold,55111000800,rural,12660,"Baraboo, WI Micro Area",M2
WI_MADELINE-ISLAND,720835,46.789,-90.759,19,-6,,Cold & Very Cold,55003950800,rural,,,
WI_MANITOWAC-MUNI(AWOS),726455,44.133,-87.667,198,-6,Dfb,Cold & Very Cold,55071000100,rural,31820,"Manitowoc, WI Micro Area",M2
WI_MANITOWISH-WATERS,720887,46.117,-89.883,491,-6,Dfb,Cold & Very Cold,55125950600,rural,,,
WI_MARSHFIELD-MUNI,726574,44.638,-90.188,381,-6,Dfb,Cold & Very Cold,55141010500,suburban/small town,32270,"Marshfield-Wisconsin Rapids, WI Micro Area",M2
WI_MCCOY(USA-AF),726437,43.967,-90.733,252,-6,Dfb,Cold & Very Cold,55081950200,rural,,,
WI_MENOMONIE-AFLD,720327,44.892,-91.868,272,-6,Dfb,Cold & Very Cold,55033970500,rural,32860,"Menomonie, WI Micro Area",M2
WI_MERRILL-MUNI-AP,726449,45.199,-89.711,401,-6,Dfb,Cold & Very Cold,55069960700,rural,32980,"Merrill, WI Micro Area",M2
WI_MILWAUKEE-TIMMERMAN,726405,43.109,-88.031,223,-6,Dfb,Cold & Very Cold,55079000501,lower density urban,33340,"Milwaukee-Waukesha-West Allis, WI Metro Area",M1
WI_MINERAL-POINT,726507,42.887,-90.236,356,-6,Dfb,Cold & Very Cold,55049950300,rural,31540,"Madison, WI Metro Area",M1
WI_MINOCQUA-WOODRUFF,726404,45.928,-89.731,496,-6,Dfb,Cold & Very Cold,55125950700,rural,,,
WI_MONROE-MUNI,726414,42.615,-89.591,330,-6,Dfb,Cold & Very Cold,55045960300,rural,33820,"Monroe, WI Micro Area",M2
WI_MOSINEE-CENTRAL-WI,726465,44.783,-89.667,389,-6,Dfb,Cold & Very Cold,55073001201,suburban/small town,48140,"Wausau, WI Metro Area",M1
WI_NEW-RICHMOND,722179,45.15,-92.533,303,-6,Dfb,Cold & Very Cold,55109120501,rural,33460,"Minneapolis-St. Paul-Bloomington, MN-WI Metro Area",M1
WI_OSCEOLA,726418,45.308,-92.69,275,-6,Dfb,Cold & Very Cold,55095960800,rural,,,
WI_PHILLIPS-PRICE-CO,726468,45.709,-90.402,456,-6,Dfb,Cold & Very Cold,55099970500,rural,,,
WI_PLATTEVILLE-MUNI,720586,42.683,-90.45,312,-6,Dfb,Cold & Very Cold,55043960800,rural,38420,"Platteville, WI Micro Area",M2
WI_PRAIRIE-DU-CHIEN,726444,43.019,-91.124,201,-6,Dfa,Cold & Very Cold,55023960400,rural,,,
WI_RACINE-J-H-BATTEN,726424,42.759,-87.818,203,-6,Dfb,Cold & Very Cold,55101001201,lower density urban,39540,"Racine, WI Metro Area",M1
WI_RHINELANDER-ONEIDA,727415,45.631,-89.482,502,-6,Dfb,Cold & Very Cold,55085970500,rural,,,
WI_RICE-LAKE-MUNI-AP,726467,45.419,-91.773,336,-6,Dfb,Cold & Very Cold,55005000800,rural,,,
WI_SHAWANO-MUNI-AP,720589,44.783,-88.55,248,-6,Dfb,Cold & Very Cold,55115100400,suburban/small town,,,
WI_SHEBOYGAN,726425,43.775,-87.849,228,-6,Dfb,Cold & Very Cold,55117010602,suburban/small town,43100,"Sheboygan, WI Metro Area",M1
WI_SIREN,722183,45.823,-92.373,301,-6,Dfb,Cold & Very Cold,55013970700,rural,,,
WI_STEVENS-POINT,726426,44.55,-89.533,338,-6,Dfb,Cold & Very Cold,55097960500,rural,44620,"Stevens Point, WI Micro Area",M2
WI_STURGEON-BAY,726458,44.85,-87.417,220,-6,Dfb,Cold & Very Cold,55029100800,rural,,,
WI_SUPERIOR,726427,46.689,-92.094,205,-6,Dfb,Cold & Very Cold,55031020800,suburban/small town,20260,"Duluth, MN-WI Metro Area",M1
WI_TAYLOR-CO,726417,45.101,-90.303,448,-6,Dfb,Cold & Very Cold,55119960600,rural,,,
WI_TOMAHAWK,722332,45.469,-89.806,452,-6,Dfb,Cold & Very Cold,55069960300,rural,32980,"Merrill, WI Micro Area",M2
WI_VOLK-FLD-ANG,726436,43.933,-90.267,278,-6,Dfb,Cold & Very Cold,55057100200,rural,,,
WI_WATERTOWN,726464,43.167,-88.717,249,-6,Dfa,Cold & Very Cold,55055100100,rural,48020,"Watertown-Fort Atkinson, WI Micro Area",M2
WI_WAUKESHA-CO-AP,726409,43.041,-88.237,277,-6,Dfb,Cold & Very Cold,55133203000,lower density urban,33340,"Milwaukee-Waukesha-West Allis, WI Metro Area",M1
WI_WAUPACA-MUNI-AP,720343,44.333,-89.02,251,-6,Dfb,Cold & Very Cold,55135100700,rural,,,
WI_WAUSAU-MUNI-AP,726463,44.927,-89.625,366,-6,Dfb,Cold & Very Cold,55073000800,lower density urban,48140,"Wausau, WI Metro Area",M1
WI_WEST-BEND-MUNI,726413,43.417,-88.133,269,-6,Dfb,Cold & Very Cold,55131400104,suburban/small town,33340,"Milwaukee-Waukesha-West Allis, WI Metro Area",M1
WI_WISCONSIN-RAPIDS,726452,44.359,-89.837,309,-6,Dfb,Cold & Very Cold,55141011300,rural,32270,"Marshfield-Wisconsin Rapids, WI Micro Area",M2
WI_WITTMAN-RGNL-AP,726456,43.987,-88.556,239,-6,Dfb,Cold & Very Cold,55139001400,lower density urban,36780,"Oshkosh-Neenah, WI Metro Area",M1
WV_BECKLEY-RALEIGH-CO-MEM-AP,724120,37.784,-81.123,760,-5,Cfb,Cold & Very Cold,54081000802,suburban/small town,13220,"Beckley, WV Micro Area",M2
WV_BLUEFIELD-MERCER-CO,724125,37.298,-81.204,870,-5,Cfb,Mixed-Humid,54055001700,rural,14140,"Bluefield, WV-VA Micro Area",M2
WV_BUCKHANNON,720328,39.0,-80.274,498,-5,Cfa,Cold & Very Cold,54097966600,rural,,,
WV_ELKINS-ELKINS-RANDOLPH-CO-,724170,38.89,-79.855,595,-5,Dfb,Cold & Very Cold,54083966400,rural,,,
WV_GREENBRIER-VALLEY,724127,37.867,-80.4,701,-5,Cfa,Cold & Very Cold,54025950400,rural,,,
WV_HARRISON-MARION-RGN,724175,39.302,-80.224,367,-5,Cfa,Cold & Very Cold,54033032101,suburban/small town,17220,"Clarksburg, WV Micro Area",M2
WV_HUNTINGTON-TRI-STATE-AP,724250,38.365,-82.555,251,-5,Cfa,Mixed-Humid,54099020400,suburban/small town,26580,"Huntington-Ashland, WV-KY-OH Metro Area",M1
WV_MARTINSBURG-E-WV-RGNL-AP,724177,39.404,-77.975,165,-5,Cfa,Mixed-Humid,54003972000,suburban/small town,25180,"Hagerstown-Martinsburg, MD-WV Metro Area",M1
WV_MORGANTOWN-HART-FIELD,724176,39.65,-79.921,373,-5,Cfb,Cold & Very Cold,54061010600,lower density urban,34060,"Morgantown, WV Metro Area",M1
WV_PARKERSBURG-WOOD-CO-AP,724273,39.339,-81.444,245,-5,Cfa,Mixed-Humid,54107010601,rural,37620,"Parkersburg-Marietta-Vienna, WV-OH Metro Area",M1
WV_WHEELING-OHIO-CO-AP,724275,40.17,-80.644,364,-5,Cfa,Cold & Very Cold,54069002000,suburban/small town,48540,"Wheeling, WV-OH Metro Area",M1
WY_AFTON-MUNI,720516,42.711,-110.942,1896,-7,Cfa,Cold & Very Cold,56023978100,rural,,,
WY_ALPHA-BURNS,720977,41.333,-104.267,1667,-7,BSk,Cold & Very Cold,56021002000,rural,16940,"Cheyenne, WY Metro Area",M1
WY_BIG-PINEY(AMOS),726710,42.578,-110.11,2118,-7,Dfb,Cold & Very Cold,56035000101,rural,,,
WY_BOYSEN,721036,43.467,-108.389,2225,-7,BSk,Cold & Very Cold,56013940201,rural,40180,"Riverton, WY Micro Area",M2
WY_BRAVO-PINE-BLUFFS,720978,41.517,-104.0,1607,-7,BSk,Cold & Very Cold,31007954000,rural,42420,"Scottsbluff, NE Micro Area",M2
WY_CASPER-NATRONA-CO-IAP,725690,42.898,-106.474,1621,-7,BSk,Cold & Very Cold,56025001800,rural,16220,"Casper, WY Metro Area",M1
WY_CODY-MUNI(AWOS),726700,44.517,-109.017,1552,-7,BSk,Cold & Very Cold,56029965300,rural,,,
WY_CONVERSE-CO,725686,42.796,-105.38,1503,-7,BSk,Cold & Very Cold,56009956400,rural,,,
WY_DIXON-AP,722221,41.037,-107.493,1996,-7,Dfb,Cold & Very Cold,56007967600,rural,,,
WY_DUBOIS-MUNI,720522,43.548,-109.69,2224,-7,Dfc,Cold & Very Cold,56013000400,rural,40180,"Riverton, WY Micro Area",M2
WY_ELK-MOUNTAIN,720747,41.733,-106.467,2225,-7,Dfb,Cold & Very Cold,56007968100,rural,,,
WY_EVANSTON-BURNS-FLD,725775,41.273,-111.031,2175,-7,Dfb,Cold & Very Cold,56041975400,rural,21740,"Evanston, WY Micro Area",M2
WY_F-E-WARREN-AFB-HELIP,720619,41.133,-104.867,1877,-7,BSk,Cold & Very Cold,56021001100,suburban/small town,16940,"Cheyenne, WY Metro Area",M1
WY_FORT-BRIDGER-AP,720518,41.393,-110.406,2145,-7,Cfa,Cold & Very Cold,56041975200,rural,21740,"Evanston, WY Micro Area",M2
WY_GILLETTE-GILLETTE-C,726650,44.34,-105.542,1330,-7,BSk,Cold & Very Cold,56005000700,rural,23940,"Gillette, WY Micro Area",M2
WY_JACKSON-HOLE,725776,43.6,-110.733,1956,-7,Dfc,Cold & Very Cold,56039967600,rural,27220,"Jackson, WY-ID Micro Area",M2
WY_JOHNSON-CO-AP,726654,44.381,-106.72,1503,-7,BSk,Cold & Very Cold,56019955200,rural,,,
WY_KEMMERER-MUNICIPAL-AP,720517,41.824,-110.557,2220,-7,Cfa,Cold & Very Cold,56023978400,rural,,,
WY_LANDER-HUNT-FIELD,725760,42.815,-108.726,1698,-7,BSk,Cold & Very Cold,56013000300,rural,40180,"Riverton, WY Micro Area",M2
WY_LARAMIE-GENERAL-BREES-FIEL,725645,41.317,-105.673,2216,-7,Dfb,Cold & Very Cold,56001962700,rural,29660,"Laramie, WY Micro Area",M2
WY_PHIFER-AFLD,720684,42.05,-104.933,1455,-7,BSk,Cold & Very Cold,56031959400,rural,,,
WY_PINEDALE,720345,42.796,-109.807,2159,-7,Dfb,Cold & Very Cold,56035000101,rural,,,
WY_POWELL-MUNI,720519,44.867,-108.793,1552,-7,Cfa,Cold & Very Cold,56029965100,rural,,,
WY_RAWLINS-MUNI-HARVEY-FLD,726690,41.806,-107.195,2063,-7,Dfb,Cold & Very Cold,56007967700,rural,,,
WY_RIVERTON-RGNL-AP,726720,43.062,-108.447,1660,-7,BSk,Cold & Very Cold,56013940201,rural,40180,"Riverton, WY Micro Area",M2
WY_ROCK-SPRINGS-AP,725744,41.595,-109.053,2060,-7,BSk,Cold & Very Cold,56037971600,rural,40540,"Rock Springs, WY Micro Area",M2
WY_SHERIDAN-CO-AP,726660,44.76,-106.974,1210,-7,BSk,Cold & Very Cold,56033000600,rural,43260,"Sheridan, WY Micro Area",M2
WY_SHIVELY-FLD,720521,41.444,-106.828,2138,-7,Dfb,Cold & Very Cold,56007968000,rural,,,
WY_SOUTH-BIG-HORN-CO,726667,44.517,-108.075,1190,-7,BWk,Cold & Very Cold,56003962700,rural,,,
WY_SOUTH-PASS,720971,42.517,-108.783,2588,-7,BSk,Cold & Very Cold,56013000300,rural,40180,"Riverton, WY Micro Area",M2
WY_TORRINGTON-MUNI-AP,725763,42.061,-104.158,1278,-7,BSk,Cold & Very Cold,56015957900,rural,,,
WY_WORLAND-MUNI,726665,43.965,-107.95,1278,-7,BWk,Cold & Very Cold,56043000200,rural,,,
WY_YELLOWSTONE-LAKE-RAMOS,726664,44.545,-110.422,2372,-7,Dfc,Cold & Very Cold,56039967600,rural,27220,"Jackson, WY-ID Micro Area",M2
