climate_region,urbanicity,urbanicity_short,catchment_type,catchment_code,catchment_label,population_2010,housing_units_2010,population_density_sqmi,housing_unit_density_sqmi,housing_unit_coverage_percentile,population_density_percentile,population_coverage_percentile,location_score,selection_rank,selected,station_distance_miles,selected_station_name,selected_station_number,selected_station_lat,selected_station_lon,centroid_lat,centroid_lon
Cold & Very Cold,higher density urban,HDU,CBSA,10000,Cold & Very Cold HDU catchment 1 (demo),2180000,891000,8500.0,3570.0,0.9,0.9,0.9,0.9,1,True,29.5,Cold HDU Climate Station 5 (demo),730000,44.09,-93.33,43.91,-93.11
Cold & Very Cold,higher density urban,HDU,CBSA,10001,Cold & Very Cold HDU catchment 2 (demo),1508000,616600,5980.0,2511.6,0.62,0.62,0.62,0.62,142,False,41.0,Cold HDU Climate Station 6 (demo),730001,44.12,-93.36,43.94,-93.14
Cold & Very Cold,higher density urban,HDU,CBSA,10002,Cold & Very Cold HDU catchment 3 (demo),1532000,626400,6070.0,2549.4,0.63,0.63,0.63,0.63,135,False,52.5,Cold HDU Climate Station 7 (demo),730002,44.15,-93.39,43.97,-93.17
Cold & Very Cold,higher density urban,HDU,CBSA,10003,Cold & Very Cold HDU catchment 4 (demo),1556000,636200,6160.0,2587.2,0.64,0.64,0.64,0.64,128,False,64.0,Cold HDU Climate Station 1 (demo),730003,44.18,-93.42,44.0,-93.2
Cold & Very Cold,higher density urban,HDU,CBSA,10004,Cold & Very Cold HDU catchment 5 (demo),1580000,646000,6250.0,2625.0,0.65,0.65,0.65,0.65,121,False,75.5,Cold HDU Climate Station 2 (demo),730004,44.21,-93.45,44.03,-93.23
Cold & Very Cold,higher density urban,HDU,CBSA,10005,Cold & Very Cold HDU catchment 6 (demo),1604000,655800,6340.0,2662.8,0.66,0.66,0.66,0.66,114,False,87.0,Cold HDU Climate Station 3 (demo),730005,44.24,-93.48,44.06,-93.26
Cold & Very Cold,higher density urban,HDU,CBSA,10006,Cold & Very Cold HDU catchment 7 (demo),1628000,665600,6430.0,2700.6,0.67,0.67,0.67,0.67,107,False,98.5,Cold HDU Climate Station 4 (demo),730006,44.27,-93.51,44.09,-93.29
Cold & Very Cold,higher density urban,HDU,CBSA,10007,Cold & Very Cold HDU catchment 8 (demo),1651999,675399,6520.0,2738.4,0.68,0.68,0.68,0.68,100,False,110.0,Cold HDU Climate Station 5 (demo),730007,44.3,-93.54,44.12,-93.32
Cold & Very Cold,higher density urban,HDU,CBSA,10008,Cold & Very Cold HDU catchment 9 (demo),1675999,685200,6610.0,2776.2,0.69,0.69,0.69,0.69,93,False,18.0,Cold HDU Climate Station 6 (demo),730008,44.33,-93.57,44.15,-93.35
Cold & Very Cold,higher density urban,HDU,CBSA,10009,Cold & Very Cold HDU catchment 10 (demo),1700000,695000,6700.0,2814.0,0.7,0.7,0.7,0.7,86,False,29.5,Cold HDU Climate Station 7 (demo),730009,44.36,-93.6,44.18,-93.38
Cold & Very Cold,higher density urban,HDU,CBSA,10010,Cold & Very Cold HDU catchment 11 (demo),1724000,704800,6790.0,2851.8,0.71,0.71,0.71,0.71,79,False,41.0,Cold HDU Climate Station 1 (demo),730010,44.0,-93.24,43.82,-93.02
Cold & Very Cold,higher density urban,HDU,CBSA,10011,Cold & Very Cold HDU catchment 12 (demo),1748000,714600,6880.0,2889.6,0.72,0.72,0.72,0.72,72,False,52.5,Cold HDU Climate Station 2 (demo),730011,44.03,-93.27,43.85,-93.05
Cold & Very Cold,higher density urban,HDU,CBSA,10012,Cold & Very Cold HDU catchment 13 (demo),1772000,724400,6970.0,2927.4,0.73,0.73,0.73,0.73,65,False,64.0,Cold HDU Climate Station 3 (demo),730012,44.06,-93.3,43.88,-93.08
Cold & Very Cold,higher density urban,HDU,CBSA,10013,Cold & Very Cold HDU catchment 14 (demo),1796000,734200,7060.0,2965.2,0.74,0.74,0.74,0.74,58,False,75.5,Cold HDU Climate Station 4 (demo),730013,44.09,-93.33,43.91,-93.11
Cold & Very Cold,higher density urban,HDU,CBSA,10014,Cold & Very Cold HDU catchment 15 (demo),1820000,744000,7150.0,3003.0,0.75,0.75,0.75,0.75,51,False,87.0,Cold HDU Climate Station 5 (demo),730014,44.12,-93.36,43.94,-93.14
Cold & Very Cold,higher density urban,HDU,CBSA,10015,Cold & Very Cold HDU catchment 16 (demo),1844000,753800,7240.0,3040.8,0.76,0.76,0.76,0.76,44,False,98.5,Cold HDU Climate Station 6 (demo),730015,44.15,-93.39,43.97,-93.17
Cold & Very Cold,higher density urban,HDU,CBSA,10016,Cold & Very Cold HDU catchment 17 (demo),1868000,763600,7330.0,3078.6,0.77,0.77,0.77,0.77,38,False,110.0,Cold HDU Climate Station 7 (demo),730016,44.18,-93.42,44.0,-93.2
Cold & Very Cold,higher density urban,HDU,CBSA,10017,Cold & Very Cold HDU catchment 18 (demo),1892000,773400,7420.0,3116.4,0.78,0.78,0.78,0.78,32,False,18.0,Cold HDU Climate Station 1 (demo),730017,44.21,-93.45,44.03,-93.23
Cold & Very Cold,higher density urban,HDU,CBSA,10018,Cold & Very Cold HDU catchment 19 (demo),1916000,783200,7510.0,3154.2,0.79,0.79,0.79,0.79,26,False,29.5,Cold HDU Climate Station 2 (demo),730018,44.24,-93.48,44.06,-93.26
Cold & Very Cold,higher density urban,HDU,CBSA,10019,Cold & Very Cold HDU catchment 20 (demo),1940000,793000,7600.0,3192.0,0.8,0.8,0.8,0.8,20,False,41.0,Cold HDU Climate Station 3 (demo),730019,44.27,-93.51,44.09,-93.29
Cold & Very Cold,higher density urban,HDU,CBSA,10020,Cold & Very Cold HDU catchment 21 (demo),1964000,802800,7690.0,3229.8,0.81,0.81,0.81,0.81,14,False,52.5,Cold HDU Climate Station 4 (demo),730020,44.3,-93.54,44.12,-93.32
Cold & Very Cold,higher density urban,HDU,CBSA,10021,Cold & Very Cold HDU catchment 22 (demo),1988000,812600,7780.0,3267.6,0.82,0.82,0.82,0.82,8,False,64.0,Cold HDU Climate Station 5 (demo),730021,44.33,-93.57,44.15,-93.35
Cold & Very Cold,higher density urban,HDU,CBSA,10022,Cold & Very Cold HDU catchment 23 (demo),2012000,822400,7870.0,3305.4,0.83,0.83,0.83,0.83,2,False,75.5,Cold HDU Climate Station 6 (demo),730022,44.36,-93.6,44.18,-93.38
Cold & Very Cold,higher density urban,HDU,CBSA,10023,Cold & Very Cold HDU catchment 24 (demo),1508000,616600,5980.0,2511.6,0.62,0.62,0.62,0.62,143,False,87.0,Cold HDU Climate Station 7 (demo),730023,44.0,-93.24,43.82,-93.02
Cold & Very Cold,higher density urban,HDU,CBSA,10024,Cold & Very Cold HDU catchment 25 (demo),1532000,626400,6070.0,2549.4,0.63,0.63,0.63,0.63,136,False,98.5,Cold HDU Climate Station 1 (demo),730024,44.03,-93.27,43.85,-93.05
Cold & Very Cold,higher density urban,HDU,CBSA,10025,Cold & Very Cold HDU catchment 26 (demo),1556000,636200,6160.0,2587.2,0.64,0.64,0.64,0.64,129,False,110.0,Cold HDU Climate Station 2 (demo),730025,44.06,-93.3,43.88,-93.08
Cold & Very Cold,higher density urban,HDU,CBSA,10026,Cold & Very Cold HDU catchment 27 (demo),1580000,646000,6250.0,2625.0,0.65,0.65,0.65,0.65,122,False,18.0,Cold HDU Climate Station 3 (demo),730026,44.09,-93.33,43.91,-93.11
Cold & Very Cold,higher density urban,HDU,CBSA,10027,Cold & Very Cold HDU catchment 28 (demo),1604000,655800,6340.0,2662.8,0.66,0.66,0.66,0.66,115,False,29.5,Cold HDU Climate Station 4 (demo),730027,44.12,-93.36,43.94,-93.14
Cold & Very Cold,higher density urban,HDU,CBSA,10028,Cold & Very Cold HDU catchment 29 (demo),1628000,665600,6430.0,2700.6,0.67,0.67,0.67,0.67,108,False,41.0,Cold HDU Climate Station 5 (demo),730028,44.15,-93.39,43.97,-93.17
Cold & Very Cold,higher density urban,HDU,CBSA,10029,Cold & Very Cold HDU catchment 30 (demo),1651999,675399,6520.0,2738.4,0.68,0.68,0.68,0.68,101,False,52.5,Cold HDU Climate Station 6 (demo),730029,44.18,-93.42,44.0,-93.2
Cold & Very Cold,higher density urban,HDU,CBSA,10030,Cold & Very Cold HDU catchment 31 (demo),1675999,685200,6610.0,2776.2,0.69,0.69,0.69,0.69,94,False,64.0,Cold HDU Climate Station 7 (demo),730030,44.21,-93.45,44.03,-93.23
Cold & Very Cold,higher density urban,HDU,CBSA,10031,Cold & Very Cold HDU catchment 32 (demo),1700000,695000,6700.0,2814.0,0.7,0.7,0.7,0.7,87,False,75.5,Cold HDU Climate Station 1 (demo),730031,44.24,-93.48,44.06,-93.26
Cold & Very Cold,higher density urban,HDU,CBSA,10032,Cold & Very Cold HDU catchment 33 (demo),1724000,704800,6790.0,2851.8,0.71,0.71,0.71,0.71,80,False,87.0,Cold HDU Climate Station 2 (demo),730032,44.27,-93.51,44.09,-93.29
Cold & Very Cold,higher density urban,HDU,CBSA,10033,Cold & Very Cold HDU catchment 34 (demo),1748000,714600,6880.0,2889.6,0.72,0.72,0.72,0.72,73,False,98.5,Cold HDU Climate Station 3 (demo),730033,44.3,-93.54,44.12,-93.32
Cold & Very Cold,higher density urban,HDU,CBSA,10034,Cold & Very Cold HDU catchment 35 (demo),1772000,724400,6970.0,2927.4,0.73,0.73,0.73,0.73,66,False,110.0,Cold HDU Climate Station 4 (demo),730034,44.33,-93.57,44.15,-93.35
Cold & Very Cold,higher density urban,HDU,CBSA,10035,Cold & Very Cold HDU catchment 36 (demo),1796000,734200,7060.0,2965.2,0.74,0.74,0.74,0.74,59,False,18.0,Cold HDU Climate Station 5 (demo),730035,44.36,-93.6,44.18,-93.38
Cold & Very Cold,higher density urban,HDU,CBSA,10036,Cold & Very Cold HDU catchment 37 (demo),1820000,744000,7150.0,3003.0,0.75,0.75,0.75,0.75,52,False,29.5,Cold HDU Climate Station 6 (demo),730036,44.0,-93.24,43.82,-93.02
Cold & Very Cold,higher density urban,HDU,CBSA,10037,Cold & Very Cold HDU catchment 38 (demo),1844000,753800,7240.0,3040.8,0.76,0.76,0.76,0.76,45,False,41.0,Cold HDU Climate Station 7 (demo),730037,44.03,-93.27,43.85,-93.05
Cold & Very Cold,higher density urban,HDU,CBSA,10038,Cold & Very Cold HDU catchment 39 (demo),1868000,763600,7330.0,3078.6,0.77,0.77,0.77,0.77,39,False,52.5,Cold HDU Climate Station 1 (demo),730038,44.06,-93.3,43.88,-93.08
Cold & Very Cold,higher density urban,HDU,CBSA,10039,Cold & Very Cold HDU catchment 40 (demo),1892000,773400,7420.0,3116.4,0.78,0.78,0.78,0.78,33,False,64.0,Cold HDU Climate Station 2 (demo),730039,44.09,-93.33,43.91,-93.11
Cold & Very Cold,higher density urban,HDU,CBSA,10040,Cold & Very Cold HDU catchment 41 (demo),1916000,783200,7510.0,3154.2,0.79,0.79,0.79,0.79,27,False,75.5,Cold HDU Climate Station 3 (demo),730040,44.12,-93.36,43.94,-93.14
Cold & Very Cold,higher density urban,HDU,CBSA,10041,Cold & Very Cold HDU catchment 42 (demo),1940000,793000,7600.0,3192.0,0.8,0.8,0.8,0.8,21,False,87.0,Cold HDU Climate Station 4 (demo),730041,44.15,-93.39,43.97,-93.17
Cold & Very Cold,higher density urban,HDU,CBSA,10042,Cold & Very Cold HDU catchment 43 (demo),1964000,802800,7690.0,3229.8,0.81,0.81,0.81,0.81,15,False,98.5,Cold HDU Climate Station 5 (demo),730042,44.18,-93.42,44.0,-93.2
Cold & Very Cold,higher density urban,HDU,CBSA,10043,Cold & Very Cold HDU catchment 44 (demo),1988000,812600,7780.0,3267.6,0.82,0.82,0.82,0.82,9,False,110.0,Cold HDU Climate Station 6 (demo),730043,44.21,-93.45,44.03,-93.23
Cold & Very Cold,higher density urban,HDU,CBSA,10044,Cold & Very Cold HDU catchment 45 (demo),2012000,822400,7870.0,3305.4,0.83,0.83,0.83,0.83,3,False,18.0,Cold HDU Climate Station 7 (demo),730044,44.24,-93.48,44.06,-93.26
Cold & Very Cold,higher density urban,HDU,CBSA,10045,Cold & Very Cold HDU catchment 46 (demo),1508000,616600,5980.0,2511.6,0.62,0.62,0.62,0.62,144,False,29.5,Cold HDU Climate Station 1 (demo),730045,44.27,-93.51,44.09,-93.29
Cold & Very Cold,higher density urban,HDU,CBSA,10046,Cold & Very Cold HDU catchment 47 (demo),1532000,626400,6070.0,2549.4,0.63,0.63,0.63,0.63,137,False,41.0,Cold HDU Climate Station 2 (demo),730046,44.3,-93.54,44.12,-93.32
Cold & Very Cold,higher density urban,HDU,CBSA,10047,Cold & Very Cold HDU catchment 48 (demo),1556000,636200,6160.0,2587.2,0.64,0.64,0.64,0.64,130,False,52.5,Cold HDU Climate Station 3 (demo),730047,44.33,-93.57,44.15,-93.35
Cold & Very Cold,higher density urban,HDU,CBSA,10048,Cold & Very Cold HDU catchment 49 (demo),1580000,646000,6250.0,2625.0,0.65,0.65,0.65,0.65,123,False,64.0,Cold HDU Climate Station 4 (demo),730048,44.36,-93.6,44.18,-93.38
Cold & Very Cold,higher density urban,HDU,CBSA,10049,Cold & Very Cold HDU catchment 50 (demo),1604000,655800,6340.0,2662.8,0.66,0.66,0.66,0.66,116,False,75.5,Cold HDU Climate Station 5 (demo),730049,44.0,-93.24,43.82,-93.02
Cold & Very Cold,higher density urban,HDU,CBSA,10050,Cold & Very Cold HDU catchment 51 (demo),1628000,665600,6430.0,2700.6,0.67,0.67,0.67,0.67,109,False,87.0,Cold HDU Climate Station 6 (demo),730050,44.03,-93.27,43.85,-93.05
Cold & Very Cold,higher density urban,HDU,CBSA,10051,Cold & Very Cold HDU catchment 52 (demo),1651999,675399,6520.0,2738.4,0.68,0.68,0.68,0.68,102,False,98.5,Cold HDU Climate Station 7 (demo),730051,44.06,-93.3,43.88,-93.08
Cold & Very Cold,higher density urban,HDU,CBSA,10052,Cold & Very Cold HDU catchment 53 (demo),1675999,685200,6610.0,2776.2,0.69,0.69,0.69,0.69,95,False,110.0,Cold HDU Climate Station 1 (demo),730052,44.09,-93.33,43.91,-93.11
Cold & Very Cold,higher density urban,HDU,CBSA,10053,Cold & Very Cold HDU catchment 54 (demo),1700000,695000,6700.0,2814.0,0.7,0.7,0.7,0.7,88,False,18.0,Cold HDU Climate Station 2 (demo),730053,44.12,-93.36,43.94,-93.14
Cold & Very Cold,higher density urban,HDU,CBSA,10054,Cold & Very Cold HDU catchment 55 (demo),1724000,704800,6790.0,2851.8,0.71,0.71,0.71,0.71,81,False,29.5,Cold HDU Climate Station 3 (demo),730054,44.15,-93.39,43.97,-93.17
Cold & Very Cold,higher density urban,HDU,CBSA,10055,Cold & Very Cold HDU catchment 56 (demo),1748000,714600,6880.0,2889.6,0.72,0.72,0.72,0.72,74,False,41.0,Cold HDU Climate Station 4 (demo),730055,44.18,-93.42,44.0,-93.2
Cold & Very Cold,higher density urban,HDU,CBSA,10056,Cold & Very Cold HDU catchment 57 (demo),1772000,724400,6970.0,2927.4,0.73,0.73,0.73,0.73,67,False,52.5,Cold HDU Climate Station 5 (demo),730056,44.21,-93.45,44.03,-93.23
Cold & Very Cold,higher density urban,HDU,CBSA,10057,Cold & Very Cold HDU catchment 58 (demo),1796000,734200,7060.0,2965.2,0.74,0.74,0.74,0.74,60,False,64.0,Cold HDU Climate Station 6 (demo),730057,44.24,-93.48,44.06,-93.26
Cold & Very Cold,higher density urban,HDU,CBSA,10058,Cold & Very Cold HDU catchment 59 (demo),1820000,744000,7150.0,3003.0,0.75,0.75,0.75,0.75,53,False,75.5,Cold HDU Climate Station 7 (demo),730058,44.27,-93.51,44.09,-93.29
Cold & Very Cold,higher density urban,HDU,CBSA,10059,Cold & Very Cold HDU catchment 60 (demo),1844000,753800,7240.0,3040.8,0.76,0.76,0.76,0.76,46,False,87.0,Cold HDU Climate Station 1 (demo),730059,44.3,-93.54,44.12,-93.32
Cold & Very Cold,higher density urban,HDU,CBSA,10060,Cold & Very Cold HDU catchment 61 (demo),1868000,763600,7330.0,3078.6,0.77,0.77,0.77,0.77,40,False,98.5,Cold HDU Climate Station 2 (demo),730060,44.33,-93.57,44.15,-93.35
Cold & Very Cold,higher density urban,HDU,CBSA,10061,Cold & Very Cold HDU catchment 62 (demo),1892000,773400,7420.0,3116.4,0.78,0.78,0.78,0.78,34,False,110.0,Cold HDU Climate Station 3 (demo),730061,44.36,-93.6,44.18,-93.38
Cold & Very Cold,higher density urban,HDU,CBSA,10062,Cold & Very Cold HDU catchment 63 (demo),1916000,783200,7510.0,3154.2,0.79,0.79,0.79,0.79,28,False,18.0,Cold HDU Climate Station 4 (demo),730062,44.0,-93.24,43.82,-93.02
Cold & Very Cold,higher density urban,HDU,CBSA,10063,Cold & Very Cold HDU catchment 64 (demo),1940000,793000,7600.0,3192.0,0.8,0.8,0.8,0.8,22,False,29.5,Cold HDU Climate Station 5 (demo),730063,44.03,-93.27,43.85,-93.05
Cold & Very Cold,higher density urban,HDU,CBSA,10064,Cold & Very Cold HDU catchment 65 (demo),1964000,802800,7690.0,3229.8,0.81,0.81,0.81,0.81,16,False,41.0,Cold HDU Climate Station 6 (demo),730064,44.06,-93.3,43.88,-93.08
Cold & Very Cold,higher density urban,HDU,CBSA,10065,Cold & Very Cold HDU catchment 66 (demo),1988000,812600,7780.0,3267.6,0.82,0.82,0.82,0.82,10,False,52.5,Cold HDU Climate Station 7 (demo),730065,44.09,-93.33,43.91,-93.11
Cold & Very Cold,higher density urban,HDU,CBSA,10066,Cold & Very Cold HDU catchment 67 (demo),2012000,822400,7870.0,3305.4,0.83,0.83,0.83,0.83,4,False,64.0,Cold HDU Climate Station 1 (demo),730066,44.12,-93.36,43.94,-93.14
Cold & Very Cold,higher density urban,HDU,CBSA,10067,Cold & Very Cold HDU catchment 68 (demo),1508000,616600,5980.0,2511.6,0.62,0.62,0.62,0.62,145,False,75.5,Cold HDU Climate Station 2 (demo),730067,44.15,-93.39,43.97,-93.17
Cold & Very Cold,higher density urban,HDU,CBSA,10068,Cold & Very Cold HDU catchment 69 (demo),1532000,626400,6070.0,2549.4,0.63,0.63,0.63,0.63,138,False,87.0,Cold HDU Climate Station 3 (demo),730068,44.18,-93.42,44.0,-93.2
Cold & Very Cold,higher density urban,HDU,CBSA,10069,Cold & Very Cold HDU catchment 70 (demo),1556000,636200,6160.0,2587.2,0.64,0.64,0.64,0.64,131,False,98.5,Cold HDU Climate Station 4 (demo),730069,44.21,-93.45,44.03,-93.23
Cold & Very Cold,higher density urban,HDU,CBSA,10070,Cold & Very Cold HDU catchment 71 (demo),1580000,646000,6250.0,2625.0,0.65,0.65,0.65,0.65,124,False,110.0,Cold HDU Climate Station 5 (demo),730070,44.24,-93.48,44.06,-93.26
Cold & Very Cold,higher density urban,HDU,CBSA,10071,Cold & Very Cold HDU catchment 72 (demo),1604000,655800,6340.0,2662.8,0.66,0.66,0.66,0.66,117,False,18.0,Cold HDU Climate Station 6 (demo),730071,44.27,-93.51,44.09,-93.29
Cold & Very Cold,higher density urban,HDU,CBSA,10072,Cold & Very Cold HDU catchment 73 (demo),1628000,665600,6430.0,2700.6,0.67,0.67,0.67,0.67,110,False,29.5,Cold HDU Climate Station 7 (demo),730072,44.3,-93.54,44.12,-93.32
Cold & Very Cold,higher density urban,HDU,CBSA,10073,Cold & Very Cold HDU catchment 74 (demo),1651999,675399,6520.0,2738.4,0.68,0.68,0.68,0.68,103,False,41.0,Cold HDU Climate Station 1 (demo),730073,44.33,-93.57,44.15,-93.35
Cold & Very Cold,higher density urban,HDU,CBSA,10074,Cold & Very Cold HDU catchment 75 (demo),1675999,685200,6610.0,2776.2,0.69,0.69,0.69,0.69,96,False,52.5,Cold HDU Climate Station 2 (demo),730074,44.36,-93.6,44.18,-93.38
Cold & Very Cold,higher density urban,HDU,CBSA,10075,Cold & Very Cold HDU catchment 76 (demo),1700000,695000,6700.0,2814.0,0.7,0.7,0.7,0.7,89,False,64.0,Cold HDU Climate Station 3 (demo),730075,44.0,-93.24,43.82,-93.02
Cold & Very Cold,higher density urban,HDU,CBSA,10076,Cold & Very Cold HDU catchment 77 (demo),1724000,704800,6790.0,2851.8,0.71,0.71,0.71,0.71,82,False,75.5,Cold HDU Climate Station 4 (demo),730076,44.03,-93.27,43.85,-93.05
Cold & Very Cold,higher density urban,HDU,CBSA,10077,Cold & Very Cold HDU catchment 78 (demo),1748000,714600,6880.0,2889.6,0.72,0.72,0.72,0.72,75,False,87.0,Cold HDU Climate Station 5 (demo),730077,44.06,-93.3,43.88,-93.08
Cold & Very Cold,higher density urban,HDU,CBSA,10078,Cold & Very Cold HDU catchment 79 (demo),1772000,724400,6970.0,2927.4,0.73,0.73,0.73,0.73,68,False,98.5,Cold HDU Climate Station 6 (demo),730078,44.09,-93.33,43.91,-93.11
Cold & Very Cold,higher density urban,HDU,CBSA,10079,Cold & Very Cold HDU catchment 80 (demo),1796000,734200,7060.0,2965.2,0.74,0.74,0.74,0.74,61,False,110.0,Cold HDU Climate Station 7 (demo),730079,44.12,-93.36,43.94,-93.14
Cold & Very Cold,higher density urban,HDU,CBSA,10080,Cold & Very Cold HDU catchment 81 (demo),1820000,744000,7150.0,3003.0,0.75,0.75,0.75,0.75,54,False,18.0,Cold HDU Climate Station 1 (demo),730080,44.15,-93.39,43.97,-93.17
Cold & Very Cold,higher density urban,HDU,CBSA,10081,Cold & Very Cold HDU catchment 82 (demo),1844000,753800,7240.0,3040.8,0.76,0.76,0.76,0.76,47,False,29.5,Cold HDU Climate Station 2 (demo),730081,44.18,-93.42,44.0,-93.2
Cold & Very Cold,higher density urban,HDU,CBSA,10082,Cold & Very Cold HDU catchment 83 (demo),1868000,763600,7330.0,3078.6,0.77,0.77,0.77,0.77,41,False,41.0,Cold HDU Climate Station 3 (demo),730082,44.21,-93.45,44.03,-93.23
Cold & Very Cold,higher density urban,HDU,CBSA,10083,Cold & Very Cold HDU catchment 84 (demo),1892000,773400,7420.0,3116.4,0.78,0.78,0.78,0.78,35,False,52.5,Cold HDU Climate Station 4 (demo),730083,44.24,-93.48,44.06,-93.26
Cold & Very Cold,higher density urban,HDU,CBSA,10084,Cold & Very Cold HDU catchment 85 (demo),1916000,783200,7510.0,3154.2,0.79,0.79,0.79,0.79,29,False,64.0,Cold HDU Climate Station 5 (demo),730084,44.27,-93.51,44.09,-93.29
Cold & Very Cold,higher density urban,HDU,CBSA,10085,Cold & Very Cold HDU catchment 86 (demo),1940000,793000,7600.0,3192.0,0.8,0.8,0.8,0.8,23,False,75.5,Cold HDU Climate Station 6 (demo),730085,44.3,-93.54,44.12,-93.32
Cold & Very Cold,higher density urban,HDU,CBSA,10086,Cold & Very Cold HDU catchment 87 (demo),1964000,802800,7690.0,3229.8,0.81,0.81,0.81,0.81,17,False,87.0,Cold HDU Climate Station 7 (demo),730086,44.33,-93.57,44.15,-93.35
Cold & Very Cold,higher density urban,HDU,CBSA,10087,Cold & Very Cold HDU catchment 88 (demo),1988000,812600,7780.0,3267.6,0.82,0.82,0.82,0.82,11,False,98.5,Cold HDU Climate Station 1 (demo),730087,44.36,-93.6,44.18,-93.38
Cold & Very Cold,higher density urban,HDU,CBSA,10088,Cold & Very Cold HDU catchment 89 (demo),2012000,822400,7870.0,3305.4,0.83,0.83,0.83,0.83,5,False,110.0,Cold HDU Climate Station 2 (demo),730088,44.0,-93.24,43.82,-93.02
Cold & Very Cold,higher density urban,HDU,CBSA,10089,Cold & Very Cold HDU catchment 90 (demo),1508000,616600,5980.0,2511.6,0.62,0.62,0.62,0.62,146,False,18.0,Cold HDU Climate Station 3 (demo),730089,44.03,-93.27,43.85,-93.05
Cold & Very Cold,higher density urban,HDU,CBSA,10090,Cold & Very Cold HDU catchment 91 (demo),1532000,626400,6070.0,2549.4,0.63,0.63,0.63,0.63,139,False,29.5,Cold HDU Climate Station 4 (demo),730090,44.06,-93.3,43.88,-93.08
Cold & Very Cold,higher density urban,HDU,CBSA,10091,Cold & Very Cold HDU catchment 92 (demo),1556000,636200,6160.0,2587.2,0.64,0.64,0.64,0.64,132,False,41.0,Cold HDU Climate Station 5 (demo),730091,44.09,-93.33,43.91,-93.11
Cold & Very Cold,higher density urban,HDU,CBSA,10092,Cold & Very Cold HDU catchment 93 (demo),1580000,646000,6250.0,2625.0,0.65,0.65,0.65,0.65,125,False,52.5,Cold HDU Climate Station 6 (demo),730092,44.12,-93.36,43.94,-93.14
Cold & Very Cold,higher density urban,HDU,CBSA,10093,Cold & Very Cold HDU catchment 94 (demo),1604000,655800,6340.0,2662.8,0.66,0.66,0.66,0.66,118,False,64.0,Cold HDU Climate Station 7 (demo),730093,44.15,-93.39,43.97,-93.17
Cold & Very Cold,higher density urban,HDU,CBSA,10094,Cold & Very Cold HDU catchment 95 (demo),1628000,665600,6430.0,2700.6,0.67,0.67,0.67,0.67,111,False,75.5,Cold HDU Climate Station 1 (demo),730094,44.18,-93.42,44.0,-93.2
Cold & Very Cold,higher density urban,HDU,CBSA,10095,Cold & Very Cold HDU catchment 96 (demo),1651999,675399,6520.0,2738.4,0.68,0.68,0.68,0.68,104,False,87.0,Cold HDU Climate Station 2 (demo),730095,44.21,-93.45,44.03,-93.23
Cold & Very Cold,higher density urban,HDU,CBSA,10096,Cold & Very Cold HDU catchment 97 (demo),1675999,685200,6610.0,2776.2,0.69,0.69,0.69,0.69,97,False,98.5,Cold HDU Climate Station 3 (demo),730096,44.24,-93.48,44.06,-93.26
Cold & Very Cold,higher density urban,HDU,CBSA,10097,Cold & Very Cold HDU catchment 98 (demo),1700000,695000,6700.0,2814.0,0.7,0.7,0.7,0.7,90,False,110.0,Cold HDU Climate Station 4 (demo),730097,44.27,-93.51,44.09,-93.29
Cold & Very Cold,higher density urban,HDU,CBSA,10098,Cold & Very Cold HDU catchment 99 (demo),1724000,704800,6790.0,2851.8,0.71,0.71,0.71,0.71,83,False,18.0,Cold HDU Climate Station 5 (demo),730098,44.3,-93.54,44.12,-93.32
Cold & Very Cold,higher density urban,HDU,CBSA,10099,Cold & Very Cold HDU catchment 100 (demo),1748000,714600,6880.0,2889.6,0.72,0.72,0.72,0.72,76,False,29.5,Cold HDU Climate Station 6 (demo),730099,44.33,-93.57,44.15,-93.35
Cold & Very Cold,higher density urban,HDU,CBSA,10100,Cold & Very Cold HDU catchment 101 (demo),1772000,724400,6970.0,2927.4,0.73,0.73,0.73,0.73,69,False,41.0,Cold HDU Climate Station 7 (demo),730100,44.36,-93.6,44.18,-93.38
Cold & Very Cold,higher density urban,HDU,CBSA,10101,Cold & Very Cold HDU catchment 102 (demo),1796000,734200,7060.0,2965.2,0.74,0.74,0.74,0.74,62,False,52.5,Cold HDU Climate Station 1 (demo),730101,44.0,-93.24,43.82,-93.02
Cold & Very Cold,higher density urban,HDU,CBSA,10102,Cold & Very Cold HDU catchment 103 (demo),1820000,744000,7150.0,3003.0,0.75,0.75,0.75,0.75,55,False,64.0,Cold HDU Climate Station 2 (demo),730102,44.03,-93.27,43.85,-93.05
Cold & Very Cold,higher density urban,HDU,CBSA,10103,Cold & Very Cold HDU catchment 104 (demo),1844000,753800,7240.0,3040.8,0.76,0.76,0.76,0.76,48,False,75.5,Cold HDU Climate Station 3 (demo),730103,44.06,-93.3,43.88,-93.08
Cold & Very Cold,higher density urban,HDU,CBSA,10104,Cold & Very Cold HDU catchment 105 (demo),1868000,763600,7330.0,3078.6,0.77,0.77,0.77,0.77,42,False,87.0,Cold HDU Climate Station 4 (demo),730104,44.09,-93.33,43.91,-93.11
Cold & Very Cold,higher density urban,HDU,CBSA,10105,Cold & Very Cold HDU catchment 106 (demo),1892000,773400,7420.0,3116.4,0.78,0.78,0.78,0.78,36,False,98.5,Cold HDU Climate Station 5 (demo),730105,44.12,-93.36,43.94,-93.14
Cold & Very Cold,higher density urban,HDU,CBSA,10106,Cold & Very Cold HDU catchment 107 (demo),1916000,783200,7510.0,3154.2,0.79,0.79,0.79,0.79,30,False,110.0,Cold HDU Climate Station 6 (demo),730106,44.15,-93.39,43.97,-93.17
Cold & Very Cold,higher density urban,HDU,CBSA,10107,Cold & Very Cold HDU catchment 108 (demo),1940000,793000,7600.0,3192.0,0.8,0.8,0.8,0.8,24,False,18.0,Cold HDU Climate Station 7 (demo),730107,44.18,-93.42,44.0,-93.2
Cold & Very Cold,higher density urban,HDU,CBSA,10108,Cold & Very Cold HDU catchment 109 (demo),1964000,802800,7690.0,3229.8,0.81,0.81,0.81,0.81,18,False,29.5,Cold HDU Climate Station 1 (demo),730108,44.21,-93.45,44.03,-93.23
Cold & Very Cold,higher density urban,HDU,CBSA,10109,Cold & Very Cold HDU catchment 110 (demo),1988000,812600,7780.0,3267.6,0.82,0.82,0.82,0.82,12,False,41.0,Cold HDU Climate Station 2 (demo),730109,44.24,-93.48,44.06,-93.26
Cold & Very Cold,higher density urban,HDU,CBSA,10110,Cold & Very Cold HDU catchment 111 (demo),2012000,822400,7870.0,3305.4,0.83,0.83,0.83,0.83,6,False,52.5,Cold HDU Climate Station 3 (demo),730110,44.27,-93.51,44.09,-93.29
Cold & Very Cold,higher density urban,HDU,CBSA,10111,Cold & Very Cold HDU catchment 112 (demo),1508000,616600,5980.0,2511.6,0.62,0.62,0.62,0.62,147,False,64.0,Cold HDU Climate Station 4 (demo),730111,44.3,-93.54,44.12,-93.32
Cold & Very Cold,higher density urban,HDU,CBSA,10112,Cold & Very Cold HDU catchment 113 (demo),1532000,626400,6070.0,2549.4,0.63,0.63,0.63,0.63,140,False,75.5,Cold HDU Climate Station 5 (demo),730112,44.33,-93.57,44.15,-93.35
Cold & Very Cold,higher density urban,HDU,CBSA,10113,Cold & Very Cold HDU catchment 114 (demo),1556000,636200,6160.0,2587.2,0.64,0.64,0.64,0.64,133,False,87.0,Cold HDU Climate Station 6 (demo),730113,44.36,-93.6,44.18,-93.38
Cold & Very Cold,higher density urban,HDU,CBSA,10114,Cold & Very Cold HDU catchment 115 (demo),1580000,646000,6250.0,2625.0,0.65,0.65,0.65,0.65,126,False,98.5,Cold HDU Climate Station 7 (demo),730114,44.0,-93.24,43.82,-93.02
Cold & Very Cold,higher density urban,HDU,CBSA,10115,Cold & Very Cold HDU catchment 116 (demo),1604000,655800,6340.0,2662.8,0.66,0.66,0.66,0.66,119,False,110.0,Cold HDU Climate Station 1 (demo),730115,44.03,-93.27,43.85,-93.05
Cold & Very Cold,higher density urban,HDU,CBSA,10116,Cold & Very Cold HDU catchment 117 (demo),1628000,665600,6430.0,2700.6,0.67,0.67,0.67,0.67,112,False,18.0,Cold HDU Climate Station 2 (demo),730116,44.06,-93.3,43.88,-93.08
Cold & Very Cold,higher density urban,HDU,CBSA,10117,Cold & Very Cold HDU catchment 118 (demo),1651999,675399,6520.0,2738.4,0.68,0.68,0.68,0.68,105,False,29.5,Cold HDU Climate Station 3 (demo),730117,44.09,-93.33,43.91,-93.11
Cold & Very Cold,higher density urban,HDU,CBSA,10118,Cold & Very Cold HDU catchment 119 (demo),1675999,685200,6610.0,2776.2,0.69,0.69,0.69,0.69,98,False,41.0,Cold HDU Climate Station 4 (demo),730118,44.12,-93.36,43.94,-93.14
Cold & Very Cold,higher density urban,HDU,CBSA,10119,Cold & Very Cold HDU catchment 120 (demo),1700000,695000,6700.0,2814.0,0.7,0.7,0.7,0.7,91,False,52.5,Cold HDU Climate Station 5 (demo),730119,44.15,-93.39,43.97,-93.17
Cold & Very Cold,higher density urban,HDU,CBSA,10120,Cold & Very Cold HDU catchment 121 (demo),1724000,704800,6790.0,2851.8,0.71,0.71,0.71,0.71,84,False,64.0,Cold HDU Climate Station 6 (demo),730120,44.18,-93.42,44.0,-93.2
Cold & Very Cold,higher density urban,HDU,CBSA,10121,Cold & Very Cold HDU catchment 122 (demo),1748000,714600,6880.0,2889.6,0.72,0.72,0.72,0.72,77,False,75.5,Cold HDU Climate Station 7 (demo),730121,44.21,-93.45,44.03,-93.23
Cold & Very Cold,higher density urban,HDU,CBSA,10122,Cold & Very Cold HDU catchment 123 (demo),1772000,724400,6970.0,2927.4,0.73,0.73,0.73,0.73,70,False,87.0,Cold HDU Climate Station 1 (demo),730122,44.24,-93.48,44.06,-93.26
Cold & Very Cold,higher density urban,HDU,CBSA,10123,Cold & Very Cold HDU catchment 124 (demo),1796000,734200,7060.0,2965.2,0.74,0.74,0.74,0.74,63,False,98.5,Cold HDU Climate Station 2 (demo),730123,44.27,-93.51,44.09,-93.29
Cold & Very Cold,higher density urban,HDU,CBSA,10124,Cold & Very Cold HDU catchment 125 (demo),1820000,744000,7150.0,3003.0,0.75,0.75,0.75,0.75,56,False,110.0,Cold HDU Climate Station 3 (demo),730124,44.3,-93.54,44.12,-93.32
Cold & Very Cold,higher density urban,HDU,CBSA,10125,Cold & Very Cold HDU catchment 126 (demo),1844000,753800,7240.0,3040.8,0.76,0.76,0.76,0.76,49,False,18.0,Cold HDU Climate Station 4 (demo),730125,44.33,-93.57,44.15,-93.35
Cold & Very Cold,higher density urban,HDU,CBSA,10126,Cold & Very Cold HDU catchment 127 (demo),1868000,763600,7330.0,3078.6,0.77,0.77,0.77,0.77,43,False,29.5,Cold HDU Climate Station 5 (demo),730126,44.36,-93.6,44.18,-93.38
Cold & Very Cold,higher density urban,HDU,CBSA,10127,Cold & Very Cold HDU catchment 128 (demo),1892000,773400,7420.0,3116.4,0.78,0.78,0.78,0.78,37,False,41.0,Cold HDU Climate Station 6 (demo),730127,44.0,-93.24,43.82,-93.02
Cold & Very Cold,higher density urban,HDU,CBSA,10128,Cold & Very Cold HDU catchment 129 (demo),1916000,783200,7510.0,3154.2,0.79,0.79,0.79,0.79,31,False,52.5,Cold HDU Climate Station 7 (demo),730128,44.03,-93.27,43.85,-93.05
Cold & Very Cold,higher density urban,HDU,CBSA,10129,Cold & Very Cold HDU catchment 130 (demo),1940000,793000,7600.0,3192.0,0.8,0.8,0.8,0.8,25,False,64.0,Cold HDU Climate Station 1 (demo),730129,44.06,-93.3,43.88,-93.08
Cold & Very Cold,higher density urban,HDU,CBSA,10130,Cold & Very Cold HDU catchment 131 (demo),1964000,802800,7690.0,3229.8,0.81,0.81,0.81,0.81,19,False,75.5,Cold HDU Climate Station 2 (demo),730130,44.09,-93.33,43.91,-93.11
Cold & Very Cold,higher density urban,HDU,CBSA,10131,Cold & Very Cold HDU catchment 132 (demo),1988000,812600,7780.0,3267.6,0.82,0.82,0.82,0.82,13,False,87.0,Cold HDU Climate Station 3 (demo),730131,44.12,-93.36,43.94,-93.14
Cold & Very Cold,higher density urban,HDU,CBSA,10132,Cold & Very Cold HDU catchment 133 (demo),2012000,822400,7870.0,3305.4,0.83,0.83,0.83,0.83,7,False,98.5,Cold HDU Climate Station 4 (demo),730132,44.15,-93.39,43.97,-93.17
Cold & Very Cold,higher density urban,HDU,CBSA,10133,Cold & Very Cold HDU catchment 134 (demo),1508000,616600,5980.0,2511.6,0.62,0.62,0.62,0.62,148,False,110.0,Cold HDU Climate Station 5 (demo),730133,44.18,-93.42,44.0,-93.2
Cold & Very Cold,higher density urban,HDU,CBSA,10134,Cold & Very Cold HDU catchment 135 (demo),1532000,626400,6070.0,2549.4,0.63,0.63,0.63,0.63,141,False,18.0,Cold HDU Climate Station 6 (demo),730134,44.21,-93.45,44.03,-93.23
Cold & Very Cold,higher density urban,HDU,CBSA,10135,Cold & Very Cold HDU catchment 136 (demo),1556000,636200,6160.0,2587.2,0.64,0.64,0.64,0.64,134,False,29.5,Cold HDU Climate Station 7 (demo),730135,44.24,-93.48,44.06,-93.26
Cold & Very Cold,higher density urban,HDU,CBSA,10136,Cold & Very Cold HDU catchment 137 (demo),1580000,646000,6250.0,2625.0,0.65,0.65,0.65,0.65,127,False,41.0,Cold HDU Climate Station 1 (demo),730136,44.27,-93.51,44.09,-93.29
Cold & Very Cold,higher density urban,HDU,CBSA,10137,Cold & Very Cold HDU catchment 138 (demo),1604000,655800,6340.0,2662.8,0.66,0.66,0.66,0.66,120,False,52.5,Cold HDU Climate Station 2 (demo),730137,44.3,-93.54,44.12,-93.32
Cold & Very Cold,higher density urban,HDU,CBSA,10138,Cold & Very Cold HDU catchment 139 (demo),1628000,665600,6430.0,2700.6,0.67,0.67,0.67,0.67,113,False,64.0,Cold HDU Climate Station 3 (demo),730138,44.33,-93.57,44.15,-93.35
Cold & Very Cold,higher density urban,HDU,CBSA,10139,Cold & Very Cold HDU catchment 140 (demo),1651999,675399,6520.0,2738.4,0.68,0.68,0.68,0.68,106,False,75.5,Cold HDU Climate Station 4 (demo),730139,44.36,-93.6,44.18,-93.38
Cold & Very Cold,higher density urban,HDU,CBSA,10140,Cold & Very Cold HDU catchment 141 (demo),1675999,685200,6610.0,2776.2,0.69,0.69,0.69,0.69,99,False,87.0,Cold HDU Climate Station 5 (demo),730140,44.0,-93.24,43.82,-93.02
Cold & Very Cold,higher density urban,HDU,CBSA,10141,Cold & Very Cold HDU catchment 142 (demo),1700000,695000,6700.0,2814.0,0.7,0.7,0.7,0.7,92,False,98.5,Cold HDU Climate Station 6 (demo),730141,44.03,-93.27,43.85,-93.05
Cold & Very Cold,higher density urban,HDU,CBSA,10142,Cold & Very Cold HDU catchment 143 (demo),1724000,704800,6790.0,2851.8,0.71,0.71,0.71,0.71,85,False,110.0,Cold HDU Climate Station 7 (demo),730142,44.06,-93.3,43.88,-93.08
Cold & Very Cold,higher density urban,HDU,CBSA,10143,Cold & Very Cold HDU catchment 144 (demo),1748000,714600,6880.0,2889.6,0.72,0.72,0.72,0.72,78,False,18.0,Cold HDU Climate Station 1 (demo),730143,44.09,-93.33,43.91,-93.11
Cold & Very Cold,higher density urban,HDU,CBSA,10144,Cold & Very Cold HDU catchment 145 (demo),1772000,724400,6970.0,2927.4,0.73,0.73,0.73,0.73,71,False,29.5,Cold HDU Climate Station 2 (demo),730144,44.12,-93.36,43.94,-93.14
Cold & Very Cold,higher density urban,HDU,CBSA,10145,Cold & Very Cold HDU catchment 146 (demo),1796000,734200,7060.0,2965.2,0.74,0.74,0.74,0.74,64,False,41.0,Cold HDU Climate Station 3 (demo),730145,44.15,-93.39,43.97,-93.17
Cold & Very Cold,higher density urban,HDU,CBSA,10146,Cold & Very Cold HDU catchment 147 (demo),1820000,744000,7150.0,3003.0,0.75,0.75,0.75,0.75,57,False,52.5,Cold HDU Climate Station 4 (demo),730146,44.18,-93.42,44.0,-93.2
Cold & Very Cold,higher density urban,HDU,CBSA,10147,Cold & Very Cold HDU catchment 148 (demo),1844000,753800,7240.0,3040.8,0.76,0.76,0.76,0.76,50,False,64.0,Cold HDU Climate Station 5 (demo),730147,44.21,-93.45,44.03,-93.23
Cold & Very Cold,lower density urban,LDU,CBSA,10148,Cold & Very Cold LDU catchment 1 (demo),2180000,891000,8500.0,3570.0,0.9,0.9,0.9,0.9,1,True,75.5,Cold LDU Climate Station 6 (demo),730148,44.84,-93.08,44.66,-92.86
Cold & Very Cold,lower density urban,LDU,CBSA,10149,Cold & Very Cold LDU catchment 2 (demo),1508000,616600,5980.0,2511.6,0.62,0.62,0.62,0.62,142,False,87.0,Cold LDU Climate Station 7 (demo),730149,44.87,-93.11,44.69,-92.89
Cold & Very Cold,lower density urban,LDU,CBSA,10150,Cold & Very Cold LDU catchment 3 (demo),1532000,626400,6070.0,2549.4,0.63,0.63,0.63,0.63,135,False,98.5,Cold LDU Climate Station 1 (demo),730150,44.9,-93.14,44.72,-92.92
Cold & Very Cold,lower density urban,LDU,CBSA,10151,Cold & Very Cold LDU catchment 4 (demo),1556000,636200,6160.0,2587.2,0.64,0.64,0.64,0.64,128,False,110.0,Cold LDU Climate Station 2 (demo),730151,44.93,-93.17,44.75,-92.95
Cold & Very Cold,lower density urban,LDU,CBSA,10152,Cold & Very Cold LDU catchment 5 (demo),1580000,646000,6250.0,2625.0,0.65,0.65,0.65,0.65,121,False,18.0,Cold LDU Climate Station 3 (demo),730152,44.96,-93.2,44.78,-92.98
Cold & Very Cold,lower density urban,LDU,CBSA,10153,Cold & Very Cold LDU catchment 6 (demo),1604000,655800,6340.0,2662.8,0.66,0.66,0.66,0.66,114,False,29.5,Cold LDU Climate Station 4 (demo),730153,44.6,-92.84,44.42,-92.62
Cold & Very Cold,lower density urban,LDU,CBSA,10154,Cold & Very Cold LDU catchment 7 (demo),1628000,665600,6430.0,2700.6,0.67,0.67,0.67,0.67,107,False,41.0,Cold LDU Climate Station 5 (demo),730154,44.63,-92.87,44.45,-92.65
Cold & Very Cold,lower density urban,LDU,CBSA,10155,Cold & Very Cold LDU catchment 8 (demo),1651999,675399,6520.0,2738.4,0.68,0.68,0.68,0.68,100,False,52.5,Cold LDU Climate Station 6 (demo),730155,44.66,-92.9,44.48,-92.68
Cold & Very Cold,lower density urban,LDU,CBSA,10156,Cold & Very Cold LDU catchment 9 (demo),1675999,685200,6610.0,2776.2,0.69,0.69,0.69,0.69,93,False,64.0,Cold LDU Climate Station 7 (demo),730156,44.69,-92.93,44.51,-92.71
Cold & Very Cold,lower density urban,LDU,CBSA,10157,Cold & Very Cold LDU catchment 10 (demo),1700000,695000,6700.0,2814.0,0.7,0.7,0.7,0.7,86,False,75.5,Cold LDU Climate Station 1 (demo),730157,44.72,-92.96,44.54,-92.74
Cold & Very Cold,lower density urban,LDU,CBSA,10158,Cold & Very Cold LDU catchment 11 (demo),1724000,704800,6790.0,2851.8,0.71,0.71,0.71,0.71,79,False,87.0,Cold LDU Climate Station 2 (demo),730158,44.75,-92.99,44.57,-92.77
Cold & Very Cold,lower density urban,LDU,CBSA,10159,Cold & Very Cold LDU catchment 12 (demo),1748000,714600,6880.0,2889.6,0.72,0.72,0.72,0.72,72,False,98.5,Cold LDU Climate Station 3 (demo),730159,44.78,-93.02,44.6,-92.8
Cold & Very Cold,lower density urban,LDU,CBSA,10160,Cold & Very Cold LDU catchment 13 (demo),1772000,724400,6970.0,2927.4,0.73,0.73,0.73,0.73,65,False,110.0,Cold LDU Climate Station 4 (demo),730160,44.81,-93.05,44.63,-92.83
Cold & Very Cold,lower density urban,LDU,CBSA,10161,Cold & Very Cold LDU catchment 14 (demo),1796000,734200,7060.0,2965.2,0.74,0.74,0.74,0.74,58,False,18.0,Cold LDU Climate Station 5 (demo),730161,44.84,-93.08,44.66,-92.86
Cold & Very Cold,lower density urban,LDU,CBSA,10162,Cold & Very Cold LDU catchment 15 (demo),1820000,744000,7150.0,3003.0,0.75,0.75,0.75,0.75,51,False,29.5,Cold LDU Climate Station 6 (demo),730162,44.87,-93.11,44.69,-92.89
Cold & Very Cold,lower density urban,LDU,CBSA,10163,Cold & Very Cold LDU catchment 16 (demo),1844000,753800,7240.0,3040.8,0.76,0.76,0.76,0.76,44,False,41.0,Cold LDU Climate Station 7 (demo),730163,44.9,-93.14,44.72,-92.92
Cold & Very Cold,lower density urban,LDU,CBSA,10164,Cold & Very Cold LDU catchment 17 (demo),1868000,763600,7330.0,3078.6,0.77,0.77,0.77,0.77,38,False,52.5,Cold LDU Climate Station 1 (demo),730164,44.93,-93.17,44.75,-92.95
Cold & Very Cold,lower density urban,LDU,CBSA,10165,Cold & Very Cold LDU catchment 18 (demo),1892000,773400,7420.0,3116.4,0.78,0.78,0.78,0.78,32,False,64.0,Cold LDU Climate Station 2 (demo),730165,44.96,-93.2,44.78,-92.98
Cold & Very Cold,lower density urban,LDU,CBSA,10166,Cold & Very Cold LDU catchment 19 (demo),1916000,783200,7510.0,3154.2,0.79,0.79,0.79,0.79,26,False,75.5,Cold LDU Climate Station 3 (demo),730166,44.6,-92.84,44.42,-92.62
Cold & Very Cold,lower density urban,LDU,CBSA,10167,Cold & Very Cold LDU catchment 20 (demo),1940000,793000,7600.0,3192.0,0.8,0.8,0.8,0.8,20,False,87.0,Cold LDU Climate Station 4 (demo),730167,44.63,-92.87,44.45,-92.65
Cold & Very Cold,lower density urban,LDU,CBSA,10168,Cold & Very Cold LDU catchment 21 (demo),1964000,802800,7690.0,3229.8,0.81,0.81,0.81,0.81,14,False,98.5,Cold LDU Climate Station 5 (demo),730168,44.66,-92.9,44.48,-92.68
Cold & Very Cold,lower density urban,LDU,CBSA,10169,Cold & Very Cold LDU catchment 22 (demo),1988000,812600,7780.0,3267.6,0.82,0.82,0.82,0.82,8,False,110.0,Cold LDU Climate Station 6 (demo),730169,44.69,-92.93,44.51,-92.71
Cold & Very Cold,lower density urban,LDU,CBSA,10170,Cold & Very Cold LDU catchment 23 (demo),2012000,822400,7870.0,3305.4,0.83,0.83,0.83,0.83,2,False,18.0,Cold LDU Climate Station 7 (demo),730170,44.72,-92.96,44.54,-92.74
Cold & Very Cold,lower density urban,LDU,CBSA,10171,Cold & Very Cold LDU catchment 24 (demo),1508000,616600,5980.0,2511.6,0.62,0.62,0.62,0.62,143,False,29.5,Cold LDU Climate Station 1 (demo),730171,44.75,-92.99,44.57,-92.77
Cold & Very Cold,lower density urban,LDU,CBSA,10172,Cold & Very Cold LDU catchment 25 (demo),1532000,626400,6070.0,2549.4,0.63,0.63,0.63,0.63,136,False,41.0,Cold LDU Climate Station 2 (demo),730172,44.78,-93.02,44.6,-92.8
Cold & Very Cold,lower density urban,LDU,CBSA,10173,Cold & Very Cold LDU catchment 26 (demo),1556000,636200,6160.0,2587.2,0.64,0.64,0.64,0.64,129,False,52.5,Cold LDU Climate Station 3 (demo),730173,44.81,-93.05,44.63,-92.83
Cold & Very Cold,lower density urban,LDU,CBSA,10174,Cold & Very Cold LDU catchment 27 (demo),1580000,646000,6250.0,2625.0,0.65,0.65,0.65,0.65,122,False,64.0,Cold LDU Climate Station 4 (demo),730174,44.84,-93.08,44.66,-92.86
Cold & Very Cold,lower density urban,LDU,CBSA,10175,Cold & Very Cold LDU catchment 28 (demo),1604000,655800,6340.0,2662.8,0.66,0.66,0.66,0.66,115,False,75.5,Cold LDU Climate Station 5 (demo),730175,44.87,-93.11,44.69,-92.89
Cold & Very Cold,lower density urban,LDU,CBSA,10176,Cold & Very Cold LDU catchment 29 (demo),1628000,665600,6430.0,2700.6,0.67,0.67,0.67,0.67,108,False,87.0,Cold LDU Climate Station 6 (demo),730176,44.9,-93.14,44.72,-92.92
Cold & Very Cold,lower density urban,LDU,CBSA,10177,Cold & Very Cold LDU catchment 30 (demo),1651999,675399,6520.0,2738.4,0.68,0.68,0.68,0.68,101,False,98.5,Cold LDU Climate Station 7 (demo),730177,44.93,-93.17,44.75,-92.95
Cold & Very Cold,lower density urban,LDU,CBSA,10178,Cold & Very Cold LDU catchment 31 (demo),1675999,685200,6610.0,2776.2,0.69,0.69,0.69,0.69,94,False,110.0,Cold LDU Climate Station 1 (demo),730178,44.96,-93.2,44.78,-92.98
Cold & Very Cold,lower density urban,LDU,CBSA,10179,Cold & Very Cold LDU catchment 32 (demo),1700000,695000,6700.0,2814.0,0.7,0.7,0.7,0.7,87,False,18.0,Cold LDU Climate Station 2 (demo),730179,44.6,-92.84,44.42,-92.62
Cold & Very Cold,lower density urban,LDU,CBSA,10180,Cold & Very Cold LDU catchment 33 (demo),1724000,704800,6790.0,2851.8,0.71,0.71,0.71,0.71,80,False,29.5,Cold LDU Climate Station 3 (demo),730180,44.63,-92.87,44.45,-92.65
Cold & Very Cold,lower density urban,LDU,CBSA,10181,Cold & Very Cold LDU catchment 34 (demo),1748000,714600,6880.0,2889.6,0.72,0.72,0.72,0.72,73,False,41.0,Cold LDU Climate Station 4 (demo),730181,44.66,-92.9,44.48,-92.68
Cold & Very Cold,lower density urban,LDU,CBSA,10182,Cold & Very Cold LDU catchment 35 (demo),1772000,724400,6970.0,2927.4,0.73,0.73,0.73,0.73,66,False,52.5,Cold LDU Climate Station 5 (demo),730182,44.69,-92.93,44.51,-92.71
Cold & Very Cold,lower density urban,LDU,CBSA,10183,Cold & Very Cold LDU catchment 36 (demo),1796000,734200,7060.0,2965.2,0.74,0.74,0.74,0.74,59,False,64.0,Cold LDU Climate Station 6 (demo),730183,44.72,-92.96,44.54,-92.74
Cold & Very Cold,lower density urban,LDU,CBSA,10184,Cold & Very Cold LDU catchment 37 (demo),1820000,744000,7150.0,3003.0,0.75,0.75,0.75,0.75,52,False,75.5,Cold LDU Climate Station 7 (demo),730184,44.75,-92.99,44.57,-92.77
Cold & Very Cold,lower density urban,LDU,CBSA,10185,Cold & Very Cold LDU catchment 38 (demo),1844000,753800,7240.0,3040.8,0.76,0.76,0.76,0.76,45,False,87.0,Cold LDU Climate Station 1 (demo),730185,44.78,-93.02,44.6,-92.8
Cold & Very Cold,lower density urban,LDU,CBSA,10186,Cold & Very Cold LDU catchment 39 (demo),1868000,763600,7330.0,3078.6,0.77,0.77,0.77,0.77,39,False,98.5,Cold LDU Climate Station 2 (demo),730186,44.81,-93.05,44.63,-92.83
Cold & Very Cold,lower density urban,LDU,CBSA,10187,Cold & Very Cold LDU catchment 40 (demo),1892000,773400,7420.0,3116.4,0.78,0.78,0.78,0.78,33,False,110.0,Cold LDU Climate Station 3 (demo),730187,44.84,-93.08,44.66,-92.86
Cold & Very Cold,lower density urban,LDU,CBSA,10188,Cold & Very Cold LDU catchment 41 (demo),1916000,783200,7510.0,3154.2,0.79,0.79,0.79,0.79,27,False,18.0,Cold LDU Climate Station 4 (demo),730188,44.87,-93.11,44.69,-92.89
Cold & Very Cold,lower density urban,LDU,CBSA,10189,Cold & Very Cold LDU catchment 42 (demo),1940000,793000,7600.0,3192.0,0.8,0.8,0.8,0.8,21,False,29.5,Cold LDU Climate Station 5 (demo),730189,44.9,-93.14,44.72,-92.92
Cold & Very Cold,lower density urban,LDU,CBSA,10190,Cold & Very Cold LDU catchment 43 (demo),1964000,802800,7690.0,3229.8,0.81,0.81,0.81,0.81,15,False,41.0,Cold LDU Climate Station 6 (demo),730190,44.93,-93.17,44.75,-92.95
Cold & Very Cold,lower density urban,LDU,CBSA,10191,Cold & Very Cold LDU catchment 44 (demo),1988000,812600,7780.0,3267.6,0.82,0.82,0.82,0.82,9,False,52.5,Cold LDU Climate Station 7 (demo),730191,44.96,-93.2,44.78,-92.98
Cold & Very Cold,lower density urban,LDU,CBSA,10192,Cold & Very Cold LDU catchment 45 (demo),2012000,822400,7870.0,3305.4,0.83,0.83,0.83,0.83,3,False,64.0,Cold LDU Climate Station 1 (demo),730192,44.6,-92.84,44.42,-92.62
Cold & Very Cold,lower density urban,LDU,CBSA,10193,Cold & Very Cold LDU catchment 46 (demo),1508000,616600,5980.0,2511.6,0.62,0.62,0.62,0.62,144,False,75.5,Cold LDU Climate Station 2 (demo),730193,44.63,-92.87,44.45,-92.65
Cold & Very Cold,lower density urban,LDU,CBSA,10194,Cold & Very Cold LDU catchment 47 (demo),1532000,626400,6070.0,2549.4,0.63,0.63,0.63,0.63,137,False,87.0,Cold LDU Climate Station 3 (demo),730194,44.66,-92.9,44.48,-92.68
Cold & Very Cold,lower density urban,LDU,CBSA,10195,Cold & Very Cold LDU catchment 48 (demo),1556000,636200,6160.0,2587.2,0.64,0.64,0.64,0.64,130,False,98.5,Cold LDU Climate Station 4 (demo),730195,44.69,-92.93,44.51,-92.71
Cold & Very Cold,lower density urban,LDU,CBSA,10196,Cold & Very Cold LDU catchment 49 (demo),1580000,646000,6250.0,2625.0,0.65,0.65,0.65,0.65,123,False,110.0,Cold LDU Climate Station 5 (demo),730196,44.72,-92.96,44.54,-92.74
Cold & Very Cold,lower density urban,LDU,CBSA,10197,Cold & Very Cold LDU catchment 50 (demo),1604000,655800,6340.0,2662.8,0.66,0.66,0.66,0.66,116,False,18.0,Cold LDU Climate Station 6 (demo),730197,44.75,-92.99,44.57,-92.77
Cold & Very Cold,lower density urban,LDU,CBSA,10198,Cold & Very Cold LDU catchment 51 (demo),1628000,665600,6430.0,2700.6,0.67,0.67,0.67,0.67,109,False,29.5,Cold LDU Climate Station 7 (demo),730198,44.78,-93.02,44.6,-92.8
Cold & Very Cold,lower density urban,LDU,CBSA,10199,Cold & Very Cold LDU catchment 52 (demo),1651999,675399,6520.0,2738.4,0.68,0.68,0.68,0.68,102,False,41.0,Cold LDU Climate Station 1 (demo),730199,44.81,-93.05,44.63,-92.83
Cold & Very Cold,lower density urban,LDU,CBSA,10200,Cold & Very Cold LDU catchment 53 (demo),1675999,685200,6610.0,2776.2,0.69,0.69,0.69,0.69,95,False,52.5,Cold LDU Climate Station 2 (demo),730200,44.84,-93.08,44.66,-92.86
Cold & Very Cold,lower density urban,LDU,CBSA,10201,Cold & Very Cold LDU catchment 54 (demo),1700000,695000,6700.0,2814.0,0.7,0.7,0.7,0.7,88,False,64.0,Cold LDU Climate Station 3 (demo),730201,44.87,-93.11,44.69,-92.89
Cold & Very Cold,lower density urban,LDU,CBSA,10202,Cold & Very Cold LDU catchment 55 (demo),1724000,704800,6790.0,2851.8,0.71,0.71,0.71,0.71,81,False,75.5,Cold LDU Climate Station 4 (demo),730202,44.9,-93.14,44.72,-92.92
Cold & Very Cold,lower density urban,LDU,CBSA,10203,Cold & Very Cold LDU catchment 56 (demo),1748000,714600,6880.0,2889.6,0.72,0.72,0.72,0.72,74,False,87.0,Cold LDU Climate Station 5 (demo),730203,44.93,-93.17,44.75,-92.95
Cold & Very Cold,lower density urban,LDU,CBSA,10204,Cold & Very Cold LDU catchment 57 (demo),1772000,724400,6970.0,2927.4,0.73,0.73,0.73,0.73,67,False,98.5,Cold LDU Climate Station 6 (demo),730204,44.96,-93.2,44.78,-92.98
Cold & Very Cold,lower density urban,LDU,CBSA,10205,Cold & Very Cold LDU catchment 58 (demo),1796000,734200,7060.0,2965.2,0.74,0.74,0.74,0.74,60,False,110.0,Cold LDU Climate Station 7 (demo),730205,44.6,-92.84,44.42,-92.62
Cold & Very Cold,lower density urban,LDU,CBSA,10206,Cold & Very Cold LDU catchment 59 (demo),1820000,744000,7150.0,3003.0,0.75,0.75,0.75,0.75,53,False,18.0,Cold LDU Climate Station 1 (demo),730206,44.63,-92.87,44.45,-92.65
Cold & Very Cold,lower density urban,LDU,CBSA,10207,Cold & Very Cold LDU catchment 60 (demo),1844000,753800,7240.0,3040.8,0.76,0.76,0.76,0.76,46,False,29.5,Cold LDU Climate Station 2 (demo),730207,44.66,-92.9,44.48,-92.68
Cold & Very Cold,lower density urban,LDU,CBSA,10208,Cold & Very Cold LDU catchment 61 (demo),1868000,763600,7330.0,3078.6,0.77,0.77,0.77,0.77,40,False,41.0,Cold LDU Climate Station 3 (demo),730208,44.69,-92.93,44.51,-92.71
Cold & Very Cold,lower density urban,LDU,CBSA,10209,Cold & Very Cold LDU catchment 62 (demo),1892000,773400,7420.0,3116.4,0.78,0.78,0.78,0.78,34,False,52.5,Cold LDU Climate Station 4 (demo),730209,44.72,-92.96,44.54,-92.74
Cold & Very Cold,lower density urban,LDU,CBSA,10210,Cold & Very Cold LDU catchment 63 (demo),1916000,783200,7510.0,3154.2,0.79,0.79,0.79,0.79,28,False,64.0,Cold LDU Climate Station 5 (demo),730210,44.75,-92.99,44.57,-92.77
Cold & Very Cold,lower density urban,LDU,CBSA,10211,Cold & Very Cold LDU catchment 64 (demo),1940000,793000,7600.0,3192.0,0.8,0.8,0.8,0.8,22,False,75.5,Cold LDU Climate Station 6 (demo),730211,44.78,-93.02,44.6,-92.8
Cold & Very Cold,lower density urban,LDU,CBSA,10212,Cold & Very Cold LDU catchment 65 (demo),1964000,802800,7690.0,3229.8,0.81,0.81,0.81,0.81,16,False,87.0,Cold LDU Climate Station 7 (demo),730212,44.81,-93.05,44.63,-92.83
Cold & Very Cold,lower density urban,LDU,CBSA,10213,Cold & Very Cold LDU catchment 66 (demo),1988000,812600,7780.0,3267.6,0.82,0.82,0.82,0.82,10,False,98.5,Cold LDU Climate Station 1 (demo),730213,44.84,-93.08,44.66,-92.86
Cold & Very Cold,lower density urban,LDU,CBSA,10214,Cold & Very Cold LDU catchment 67 (demo),2012000,822400,7870.0,3305.4,0.83,0.83,0.83,0.83,4,False,110.0,Cold LDU Climate Station 2 (demo),730214,44.87,-93.11,44.69,-92.89
Cold & Very Cold,lower density urban,LDU,CBSA,10215,Cold & Very Cold LDU catchment 68 (demo),1508000,616600,5980.0,2511.6,0.62,0.62,0.62,0.62,145,False,18.0,Cold LDU Climate Station 3 (demo),730215,44.9,-93.14,44.72,-92.92
Cold & Very Cold,lower density urban,LDU,CBSA,10216,Cold & Very Cold LDU catchment 69 (demo),1532000,626400,6070.0,2549.4,0.63,0.63,0.63,0.63,138,False,29.5,Cold LDU Climate Station 4 (demo),730216,44.93,-93.17,44.75,-92.95
Cold & Very Cold,lower density urban,LDU,CBSA,10217,Cold & Very Cold LDU catchment 70 (demo),1556000,636200,6160.0,2587.2,0.64,0.64,0.64,0.64,131,False,41.0,Cold LDU Climate Station 5 (demo),730217,44.96,-93.2,44.78,-92.98
Cold & Very Cold,lower density urban,LDU,CBSA,10218,Cold & Very Cold LDU catchment 71 (demo),1580000,646000,6250.0,2625.0,0.65,0.65,0.65,0.65,124,False,52.5,Cold LDU Climate Station 6 (demo),730218,44.6,-92.84,44.42,-92.62
Cold & Very Cold,lower density urban,LDU,CBSA,10219,Cold & Very Cold LDU catchment 72 (demo),1604000,655800,6340.0,2662.8,0.66,0.66,0.66,0.66,117,False,64.0,Cold LDU Climate Station 7 (demo),730219,44.63,-92.87,44.45,-92.65
Cold & Very Cold,lower density urban,LDU,CBSA,10220,Cold & Very Cold LDU catchment 73 (demo),1628000,665600,6430.0,2700.6,0.67,0.67,0.67,0.67,110,False,75.5,Cold LDU Climate Station 1 (demo),730220,44.66,-92.9,44.48,-92.68
Cold & Very Cold,lower density urban,LDU,CBSA,10221,Cold & Very Cold LDU catchment 74 (demo),1651999,675399,6520.0,2738.4,0.68,0.68,0.68,0.68,103,False,87.0,Cold LDU Climate Station 2 (demo),730221,44.69,-92.93,44.51,-92.71
Cold & Very Cold,lower density urban,LDU,CBSA,10222,Cold & Very Cold LDU catchment 75 (demo),1675999,685200,6610.0,2776.2,0.69,0.69,0.69,0.69,96,False,98.5,Cold LDU Climate Station 3 (demo),730222,44.72,-92.96,44.54,-92.74
Cold & Very Cold,lower density urban,LDU,CBSA,10223,Cold & Very Cold LDU catchment 76 (demo),1700000,695000,6700.0,2814.0,0.7,0.7,0.7,0.7,89,False,110.0,Cold LDU Climate Station 4 (demo),730223,44.75,-92.99,44.57,-92.77
Cold & Very Cold,lower density urban,LDU,CBSA,10224,Cold & Very Cold LDU catchment 77 (demo),1724000,704800,6790.0,2851.8,0.71,0.71,0.71,0.71,82,False,18.0,Cold LDU Climate Station 5 (demo),730224,44.78,-93.02,44.6,-92.8
Cold & Very Cold,lower density urban,LDU,CBSA,10225,Cold & Very Cold LDU catchment 78 (demo),1748000,714600,6880.0,2889.6,0.72,0.72,0.72,0.72,75,False,29.5,Cold LDU Climate Station 6 (demo),730225,44.81,-93.05,44.63,-92.83
Cold & Very Cold,lower density urban,LDU,CBSA,10226,Cold & Very Cold LDU catchment 79 (demo),1772000,724400,6970.0,2927.4,0.73,0.73,0.73,0.73,68,False,41.0,Cold LDU Climate Station 7 (demo),730226,44.84,-93.08,44.66,-92.86
Cold & Very Cold,lower density urban,LDU,CBSA,10227,Cold & Very Cold LDU catchment 80 (demo),1796000,734200,7060.0,2965.2,0.74,0.74,0.74,0.74,61,False,52.5,Cold LDU Climate Station 1 (demo),730227,44.87,-93.11,44.69,-92.89
Cold & Very Cold,lower density urban,LDU,CBSA,10228,Cold & Very Cold LDU catchment 81 (demo),1820000,744000,7150.0,3003.0,0.75,0.75,0.75,0.75,54,False,64.0,Cold LDU Climate Station 2 (demo),730228,44.9,-93.14,44.72,-92.92
Cold & Very Cold,lower density urban,LDU,CBSA,10229,Cold & Very Cold LDU catchment 82 (demo),1844000,753800,7240.0,3040.8,0.76,0.76,0.76,0.76,47,False,75.5,Cold LDU Climate Station 3 (demo),730229,44.93,-93.17,44.75,-92.95
Cold & Very Cold,lower density urban,LDU,CBSA,10230,Cold & Very Cold LDU catchment 83 (demo),1868000,763600,7330.0,3078.6,0.77,0.77,0.77,0.77,41,False,87.0,Cold LDU Climate Station 4 (demo),730230,44.96,-93.2,44.78,-92.98
Cold & Very Cold,lower density urban,LDU,CBSA,10231,Cold & Very Cold LDU catchment 84 (demo),1892000,773400,7420.0,3116.4,0.78,0.78,0.78,0.78,35,False,98.5,Cold LDU Climate Station 5 (demo),730231,44.6,-92.84,44.42,-92.62
Cold & Very Cold,lower density urban,LDU,CBSA,10232,Cold & Very Cold LDU catchment 85 (demo),1916000,783200,7510.0,3154.2,0.79,0.79,0.79,0.79,29,False,110.0,Cold LDU Climate Station 6 (demo),730232,44.63,-92.87,44.45,-92.65
Cold & Very Cold,lower density urban,LDU,CBSA,10233,Cold & Very Cold LDU catchment 86 (demo),1940000,793000,7600.0,3192.0,0.8,0.8,0.8,0.8,23,False,18.0,Cold LDU Climate Station 7 (demo),730233,44.66,-92.9,44.48,-92.68
Cold & Very Cold,lower density urban,LDU,CBSA,10234,Cold & Very Cold LDU catchment 87 (demo),1964000,802800,7690.0,3229.8,0.81,0.81,0.81,0.81,17,False,29.5,Cold LDU Climate Station 1 (demo),730234,44.69,-92.93,44.51,-92.71
Cold & Very Cold,lower density urban,LDU,CBSA,10235,Cold & Very Cold LDU catchment 88 (demo),1988000,812600,7780.0,3267.6,0.82,0.82,0.82,0.82,11,False,41.0,Cold LDU Climate Station 2 (demo),730235,44.72,-92.96,44.54,-92.74
Cold & Very Cold,lower density urban,LDU,CBSA,10236,Cold & Very Cold LDU catchment 89 (demo),2012000,822400,7870.0,3305.4,0.83,0.83,0.83,0.83,5,False,52.5,Cold LDU Climate Station 3 (demo),730236,44.75,-92.99,44.57,-92.77
Cold & Very Cold,lower density urban,LDU,CBSA,10237,Cold & Very Cold LDU catchment 90 (demo),1508000,616600,5980.0,2511.6,0.62,0.62,0.62,0.62,146,False,64.0,Cold LDU Climate Station 4 (demo),730237,44.78,-93.02,44.6,-92.8
Cold & Very Cold,lower density urban,LDU,CBSA,10238,Cold & Very Cold LDU catchment 91 (demo),1532000,626400,6070.0,2549.4,0.63,0.63,0.63,0.63,139,False,75.5,Cold LDU Climate Station 5 (demo),730238,44.81,-93.05,44.63,-92.83
Cold & Very Cold,lower density urban,LDU,CBSA,10239,Cold & Very Cold LDU catchment 92 (demo),1556000,636200,6160.0,2587.2,0.64,0.64,0.64,0.64,132,False,87.0,Cold LDU Climate Station 6 (demo),730239,44.84,-93.08,44.66,-92.86
Cold & Very Cold,lower density urban,LDU,CBSA,10240,Cold & Very Cold LDU catchment 93 (demo),1580000,646000,6250.0,2625.0,0.65,0.65,0.65,0.65,125,False,98.5,Cold LDU Climate Station 7 (demo),730240,44.87,-93.11,44.69,-92.89
Cold & Very Cold,lower density urban,LDU,CBSA,10241,Cold & Very Cold LDU catchment 94 (demo),1604000,655800,6340.0,2662.8,0.66,0.66,0.66,0.66,118,False,110.0,Cold LDU Climate Station 1 (demo),730241,44.9,-93.14,44.72,-92.92
Cold & Very Cold,lower density urban,LDU,CBSA,10242,Cold & Very Cold LDU catchment 95 (demo),1628000,665600,6430.0,2700.6,0.67,0.67,0.67,0.67,111,False,18.0,Cold LDU Climate Station 2 (demo),730242,44.93,-93.17,44.75,-92.95
Cold & Very Cold,lower density urban,LDU,CBSA,10243,Cold & Very Cold LDU catchment 96 (demo),1651999,675399,6520.0,2738.4,0.68,0.68,0.68,0.68,104,False,29.5,Cold LDU Climate Station 3 (demo),730243,44.96,-93.2,44.78,-92.98
Cold & Very Cold,lower density urban,LDU,CBSA,10244,Cold & Very Cold LDU catchment 97 (demo),1675999,685200,6610.0,2776.2,0.69,0.69,0.69,0.69,97,False,41.0,Cold LDU Climate Station 4 (demo),730244,44.6,-92.84,44.42,-92.62
Cold & Very Cold,lower density urban,LDU,CBSA,10245,Cold & Very Cold LDU catchment 98 (demo),1700000,695000,6700.0,2814.0,0.7,0.7,0.7,0.7,90,False,52.5,Cold LDU Climate Station 5 (demo),730245,44.63,-92.87,44.45,-92.65
Cold & Very Cold,lower density urban,LDU,CBSA,10246,Cold & Very Cold LDU catchment 99 (demo),1724000,704800,6790.0,2851.8,0.71,0.71,0.71,0.71,83,False,64.0,Cold LDU Climate Station 6 (demo),730246,44.66,-92.9,44.48,-92.68
Cold & Very Cold,lower density urban,LDU,CBSA,10247,Cold & Very Cold LDU catchment 100 (demo),1748000,714600,6880.0,2889.6,0.72,0.72,0.72,0.72,76,False,75.5,Cold LDU Climate Station 7 (demo),730247,44.69,-92.93,44.51,-92.71
Cold & Very Cold,lower density urban,LDU,CBSA,10248,Cold & Very Cold LDU catchment 101 (demo),1772000,724400,6970.0,2927.4,0.73,0.73,0.73,0.73,69,False,87.0,Cold LDU Climate Station 1 (demo),730248,44.72,-92.96,44.54,-92.74
Cold & Very Cold,lower density urban,LDU,CBSA,10249,Cold & Very Cold LDU catchment 102 (demo),1796000,734200,7060.0,2965.2,0.74,0.74,0.74,0.74,62,False,98.5,Cold LDU Climate Station 2 (demo),730249,44.75,-92.99,44.57,-92.77
Cold & Very Cold,lower density urban,LDU,CBSA,10250,Cold & Very Cold LDU catchment 103 (demo),1820000,744000,7150.0,3003.0,0.75,0.75,0.75,0.75,55,False,110.0,Cold LDU Climate Station 3 (demo),730250,44.78,-93.02,44.6,-92.8
Cold & Very Cold,lower density urban,LDU,CBSA,10251,Cold & Very Cold LDU catchment 104 (demo),1844000,753800,7240.0,3040.8,0.76,0.76,0.76,0.76,48,False,18.0,Cold LDU Climate Station 4 (demo),730251,44.81,-93.05,44.63,-92.83
Cold & Very Cold,lower density urban,LDU,CBSA,10252,Cold & Very Cold LDU catchment 105 (demo),1868000,763600,7330.0,3078.6,0.77,0.77,0.77,0.77,42,False,29.5,Cold LDU Climate Station 5 (demo),730252,44.84,-93.08,44.66,-92.86
Cold & Very Cold,lower density urban,LDU,CBSA,10253,Cold & Very Cold LDU catchment 106 (demo),1892000,773400,7420.0,3116.4,0.78,0.78,0.78,0.78,36,False,41.0,Cold LDU Climate Station 6 (demo),730253,44.87,-93.11,44.69,-92.89
Cold & Very Cold,lower density urban,LDU,CBSA,10254,Cold & Very Cold LDU catchment 107 (demo),1916000,783200,7510.0,3154.2,0.79,0.79,0.79,0.79,30,False,52.5,Cold LDU Climate Station 7 (demo),730254,44.9,-93.14,44.72,-92.92
Cold & Very Cold,lower density urban,LDU,CBSA,10255,Cold & Very Cold LDU catchment 108 (demo),1940000,793000,7600.0,3192.0,0.8,0.8,0.8,0.8,24,False,64.0,Cold LDU Climate Station 1 (demo),730255,44.93,-93.17,44.75,-92.95
Cold & Very Cold,lower density urban,LDU,CBSA,10256,Cold & Very Cold LDU catchment 109 (demo),1964000,802800,7690.0,3229.8,0.81,0.81,0.81,0.81,18,False,75.5,Cold LDU Climate Station 2 (demo),730256,44.96,-93.2,44.78,-92.98
Cold & Very Cold,lower density urban,LDU,CBSA,10257,Cold & Very Cold LDU catchment 110 (demo),1988000,812600,7780.0,3267.6,0.82,0.82,0.82,0.82,12,False,87.0,Cold LDU Climate Station 3 (demo),730257,44.6,-92.84,44.42,-92.62
Cold & Very Cold,lower density urban,LDU,CBSA,10258,Cold & Very Cold LDU catchment 111 (demo),2012000,822400,7870.0,3305.4,0.83,0.83,0.83,0.83,6,False,98.5,Cold LDU Climate Station 4 (demo),730258,44.63,-92.87,44.45,-92.65
Cold & Very Cold,lower density urban,LDU,CBSA,10259,Cold & Very Cold LDU catchment 112 (demo),1508000,616600,5980.0,2511.6,0.62,0.62,0.62,0.62,147,False,110.0,Cold LDU Climate Station 5 (demo),730259,44.66,-92.9,44.48,-92.68
Cold & Very Cold,lower density urban,LDU,CBSA,10260,Cold & Very Cold LDU catchment 113 (demo),1532000,626400,6070.0,2549.4,0.63,0.63,0.63,0.63,140,False,18.0,Cold LDU Climate Station 6 (demo),730260,44.69,-92.93,44.51,-92.71
Cold & Very Cold,lower density urban,LDU,CBSA,10261,Cold & Very Cold LDU catchment 114 (demo),1556000,636200,6160.0,2587.2,0.64,0.64,0.64,0.64,133,False,29.5,Cold LDU Climate Station 7 (demo),730261,44.72,-92.96,44.54,-92.74
Cold & Very Cold,lower density urban,LDU,CBSA,10262,Cold & Very Cold LDU catchment 115 (demo),1580000,646000,6250.0,2625.0,0.65,0.65,0.65,0.65,126,False,41.0,Cold LDU Climate Station 1 (demo),730262,44.75,-92.99,44.57,-92.77
Cold & Very Cold,lower density urban,LDU,CBSA,10263,Cold & Very Cold LDU catchment 116 (demo),1604000,655800,6340.0,2662.8,0.66,0.66,0.66,0.66,119,False,52.5,Cold LDU Climate Station 2 (demo),730263,44.78,-93.02,44.6,-92.8
Cold & Very Cold,lower density urban,LDU,CBSA,10264,Cold & Very Cold LDU catchment 117 (demo),1628000,665600,6430.0,2700.6,0.67,0.67,0.67,0.67,112,False,64.0,Cold LDU Climate Station 3 (demo),730264,44.81,-93.05,44.63,-92.83
Cold & Very Cold,lower density urban,LDU,CBSA,10265,Cold & Very Cold LDU catchment 118 (demo),1651999,675399,6520.0,2738.4,0.68,0.68,0.68,0.68,105,False,75.5,Cold LDU Climate Station 4 (demo),730265,44.84,-93.08,44.66,-92.86
Cold & Very Cold,lower density urban,LDU,CBSA,10266,Cold & Very Cold LDU catchment 119 (demo),1675999,685200,6610.0,2776.2,0.69,0.69,0.69,0.69,98,False,87.0,Cold LDU Climate Station 5 (demo),730266,44.87,-93.11,44.69,-92.89
Cold & Very Cold,lower density urban,LDU,CBSA,10267,Cold & Very Cold LDU catchment 120 (demo),1700000,695000,6700.0,2814.0,0.7,0.7,0.7,0.7,91,False,98.5,Cold LDU Climate Station 6 (demo),730267,44.9,-93.14,44.72,-92.92
Cold & Very Cold,lower density urban,LDU,CBSA,10268,Cold & Very Cold LDU catchment 121 (demo),1724000,704800,6790.0,2851.8,0.71,0.71,0.71,0.71,84,False,110.0,Cold LDU Climate Station 7 (demo),730268,44.93,-93.17,44.75,-92.95
Cold & Very Cold,lower density urban,LDU,CBSA,10269,Cold & Very Cold LDU catchment 122 (demo),1748000,714600,6880.0,2889.6,0.72,0.72,0.72,0.72,77,False,18.0,Cold LDU Climate Station 1 (demo),730269,44.96,-93.2,44.78,-92.98
Cold & Very Cold,lower density urban,LDU,CBSA,10270,Cold & Very Cold LDU catchment 123 (demo),1772000,724400,6970.0,2927.4,0.73,0.73,0.73,0.73,70,False,29.5,Cold LDU Climate Station 2 (demo),730270,44.6,-92.84,44.42,-92.62
Cold & Very Cold,lower density urban,LDU,CBSA,10271,Cold & Very Cold LDU catchment 124 (demo),1796000,734200,7060.0,2965.2,0.74,0.74,0.74,0.74,63,False,41.0,Cold LDU Climate Station 3 (demo),730271,44.63,-92.87,44.45,-92.65
Cold & Very Cold,lower density urban,LDU,CBSA,10272,Cold & Very Cold LDU catchment 125 (demo),1820000,744000,7150.0,3003.0,0.75,0.75,0.75,0.75,56,False,52.5,Cold LDU Climate Station 4 (demo),730272,44.66,-92.9,44.48,-92.68
Cold & Very Cold,lower density urban,LDU,CBSA,10273,Cold & Very Cold LDU catchment 126 (demo),1844000,753800,7240.0,3040.8,0.76,0.76,0.76,0.76,49,False,64.0,Cold LDU Climate Station 5 (demo),730273,44.69,-92.93,44.51,-92.71
Cold & Very Cold,lower density urban,LDU,CBSA,10274,Cold & Very Cold LDU catchment 127 (demo),1868000,763600,7330.0,3078.6,0.77,0.77,0.77,0.77,43,False,75.5,Cold LDU Climate Station 6 (demo),730274,44.72,-92.96,44.54,-92.74
Cold & Very Cold,lower density urban,LDU,CBSA,10275,Cold & Very Cold LDU catchment 128 (demo),1892000,773400,7420.0,3116.4,0.78,0.78,0.78,0.78,37,False,87.0,Cold LDU Climate Station 7 (demo),730275,44.75,-92.99,44.57,-92.77
Cold & Very Cold,lower density urban,LDU,CBSA,10276,Cold & Very Cold LDU catchment 129 (demo),1916000,783200,7510.0,3154.2,0.79,0.79,0.79,0.79,31,False,98.5,Cold LDU Climate Station 1 (demo),730276,44.78,-93.02,44.6,-92.8
Cold & Very Cold,lower density urban,LDU,CBSA,10277,Cold & Very Cold LDU catchment 130 (demo),1940000,793000,7600.0,3192.0,0.8,0.8,0.8,0.8,25,False,110.0,Cold LDU Climate Station 2 (demo),730277,44.81,-93.05,44.63,-92.83
Cold & Very Cold,lower density urban,LDU,CBSA,10278,Cold & Very Cold LDU catchment 131 (demo),1964000,802800,7690.0,3229.8,0.81,0.81,0.81,0.81,19,False,18.0,Cold LDU Climate Station 3 (demo),730278,44.84,-93.08,44.66,-92.86
Cold & Very Cold,lower density urban,LDU,CBSA,10279,Cold & Very Cold LDU catchment 132 (demo),1988000,812600,7780.0,3267.6,0.82,0.82,0.82,0.82,13,False,29.5,Cold LDU Climate Station 4 (demo),730279,44.87,-93.11,44.69,-92.89
Cold & Very Cold,lower density urban,LDU,CBSA,10280,Cold & Very Cold LDU catchment 133 (demo),2012000,822400,7870.0,3305.4,0.83,0.83,0.83,0.83,7,False,41.0,Cold LDU Climate Station 5 (demo),730280,44.9,-93.14,44.72,-92.92
Cold & Very Cold,lower density urban,LDU,CBSA,10281,Cold & Very Cold LDU catchment 134 (demo),1508000,616600,5980.0,2511.6,0.62,0.62,0.62,0.62,148,False,52.5,Cold LDU Climate Station 6 (demo),730281,44.93,-93.17,44.75,-92.95
Cold & Very Cold,lower density urban,LDU,CBSA,10282,Cold & Very Cold LDU catchment 135 (demo),1532000,626400,6070.0,2549.4,0.63,0.63,0.63,0.63,141,False,64.0,Cold LDU Climate Station 7 (demo),730282,44.96,-93.2,44.78,-92.98
Cold & Very Cold,lower density urban,LDU,CBSA,10283,Cold & Very Cold LDU catchment 136 (demo),1556000,636200,6160.0,2587.2,0.64,0.64,0.64,0.64,134,False,75.5,Cold LDU Climate Station 1 (demo),730283,44.6,-92.84,44.42,-92.62
Cold & Very Cold,lower density urban,LDU,CBSA,10284,Cold & Very Cold LDU catchment 137 (demo),1580000,646000,6250.0,2625.0,0.65,0.65,0.65,0.65,127,False,87.0,Cold LDU Climate Station 2 (demo),730284,44.63,-92.87,44.45,-92.65
Cold & Very Cold,lower density urban,LDU,CBSA,10285,Cold & Very Cold LDU catchment 138 (demo),1604000,655800,6340.0,2662.8,0.66,0.66,0.66,0.66,120,False,98.5,Cold LDU Climate Station 3 (demo),730285,44.66,-92.9,44.48,-92.68
Cold & Very Cold,lower density urban,LDU,CBSA,10286,Cold & Very Cold LDU catchment 139 (demo),1628000,665600,6430.0,2700.6,0.67,0.67,0.67,0.67,113,False,110.0,Cold LDU Climate Station 4 (demo),730286,44.69,-92.93,44.51,-92.71
Cold & Very Cold,lower density urban,LDU,CBSA,10287,Cold & Very Cold LDU catchment 140 (demo),1651999,675399,6520.0,2738.4,0.68,0.68,0.68,0.68,106,False,18.0,Cold LDU Climate Station 5 (demo),730287,44.72,-92.96,44.54,-92.74
Cold & Very Cold,lower density urban,LDU,CBSA,10288,Cold & Very Cold LDU catchment 141 (demo),1675999,685200,6610.0,2776.2,0.69,0.69,0.69,0.69,99,False,29.5,Cold LDU Climate Station 6 (demo),730288,44.75,-92.99,44.57,-92.77
Cold & Very Cold,lower density urban,LDU,CBSA,10289,Cold & Very Cold LDU catchment 142 (demo),1700000,695000,6700.0,2814.0,0.7,0.7,0.7,0.7,92,False,41.0,Cold LDU Climate Station 7 (demo),730289,44.78,-93.02,44.6,-92.8
Cold & Very Cold,lower density urban,LDU,CBSA,10290,Cold & Very Cold LDU catchment 143 (demo),1724000,704800,6790.0,2851.8,0.71,0.71,0.71,0.71,85,False,52.5,Cold LDU Climate Station 1 (demo),730290,44.81,-93.05,44.63,-92.83
Cold & Very Cold,lower density urban,LDU,CBSA,10291,Cold & Very Cold LDU catchment 144 (demo),1748000,714600,6880.0,2889.6,0.72,0.72,0.72,0.72,78,False,64.0,Cold LDU Climate Station 2 (demo),730291,44.84,-93.08,44.66,-92.86
Cold & Very Cold,lower density urban,LDU,CBSA,10292,Cold & Very Cold LDU catchment 145 (demo),1772000,724400,6970.0,2927.4,0.73,0.73,0.73,0.73,71,False,75.5,Cold LDU Climate Station 3 (demo),730292,44.87,-93.11,44.69,-92.89
Cold & Very Cold,lower density urban,LDU,CBSA,10293,Cold & Very Cold LDU catchment 146 (demo),1796000,734200,7060.0,2965.2,0.74,0.74,0.74,0.74,64,False,87.0,Cold LDU Climate Station 4 (demo),730293,44.9,-93.14,44.72,-92.92
Cold & Very Cold,lower density urban,LDU,CBSA,10294,Cold & Very Cold LDU catchment 147 (demo),1820000,744000,7150.0,3003.0,0.75,0.75,0.75,0.75,57,False,98.5,Cold LDU Climate Station 5 (demo),730294,44.93,-93.17,44.75,-92.95
Cold & Very Cold,lower density urban,LDU,CBSA,10295,Cold & Very Cold LDU catchment 148 (demo),1844000,753800,7240.0,3040.8,0.76,0.76,0.76,0.76,50,False,110.0,Cold LDU Climate Station 6 (demo),730295,44.96,-93.2,44.78,-92.98
Cold & Very Cold,suburban/small town,Suburban,CBSA,10296,Cold & Very Cold Suburban catchment 1 (demo),2180000,891000,8500.0,3570.0,0.9,0.9,0.9,0.9,1,True,18.0,Cold Suburban Climate Station 7 (demo),730296,43.5,-92.54,43.32,-92.32
Cold & Very Cold,suburban/small town,Suburban,CBSA,10297,Cold & Very Cold Suburban catchment 2 (demo),1508000,616600,5980.0,2511.6,0.62,0.62,0.62,0.62,142,False,29.5,Cold Suburban Climate Station 1 (demo),730297,43.53,-92.57,43.35,-92.35
Cold & Very Cold,suburban/small town,Suburban,CBSA,10298,Cold & Very Cold Suburban catchment 3 (demo),1532000,626400,6070.0,2549.4,0.63,0.63,0.63,0.63,135,False,41.0,Cold Suburban Climate Station 2 (demo),730298,43.56,-92.6,43.38,-92.38
Cold & Very Cold,suburban/small town,Suburban,CBSA,10299,Cold & Very Cold Suburban catchment 4 (demo),1556000,636200,6160.0,2587.2,0.64,0.64,0.64,0.64,128,False,52.5,Cold Suburban Climate Station 3 (demo),730299,43.59,-92.63,43.41,-92.41
Cold & Very Cold,suburban/small town,Suburban,CBSA,10300,Cold & Very Cold Suburban catchment 5 (demo),1580000,646000,6250.0,2625.0,0.65,0.65,0.65,0.65,121,False,64.0,Cold Suburban Climate Station 4 (demo),730300,43.62,-92.66,43.44,-92.44
Cold & Very Cold,suburban/small town,Suburban,CBSA,10301,Cold & Very Cold Suburban catchment 6 (demo),1604000,655800,6340.0,2662.8,0.66,0.66,0.66,0.66,114,False,75.5,Cold Suburban Climate Station 5 (demo),730301,43.65,-92.69,43.47,-92.47
Cold & Very Cold,suburban/small town,Suburban,CBSA,10302,Cold & Very Cold Suburban catchment 7 (demo),1628000,665600,6430.0,2700.6,0.67,0.67,0.67,0.67,107,False,87.0,Cold Suburban Climate Station 6 (demo),730302,43.68,-92.72,43.5,-92.5
Cold & Very Cold,suburban/small town,Suburban,CBSA,10303,Cold & Very Cold Suburban catchment 8 (demo),1651999,675399,6520.0,2738.4,0.68,0.68,0.68,0.68,100,False,98.5,Cold Suburban Climate Station 7 (demo),730303,43.71,-92.75,43.53,-92.53
Cold & Very Cold,suburban/small town,Suburban,CBSA,10304,Cold & Very Cold Suburban catchment 9 (demo),1675999,685200,6610.0,2776.2,0.69,0.69,0.69,0.69,93,False,110.0,Cold Suburban Climate Station 1 (demo),730304,43.74,-92.78,43.56,-92.56
Cold & Very Cold,suburban/small town,Suburban,CBSA,10305,Cold & Very Cold Suburban catchment 10 (demo),1700000,695000,6700.0,2814.0,0.7,0.7,0.7,0.7,86,False,18.0,Cold Suburban Climate Station 2 (demo),730305,43.77,-92.81,43.59,-92.59
Cold & Very Cold,suburban/small town,Suburban,CBSA,10306,Cold & Very Cold Suburban catchment 11 (demo),1724000,704800,6790.0,2851.8,0.71,0.71,0.71,0.71,79,False,29.5,Cold Suburban Climate Station 3 (demo),730306,43.8,-92.84,43.62,-92.62
Cold & Very Cold,suburban/small town,Suburban,CBSA,10307,Cold & Very Cold Suburban catchment 12 (demo),1748000,714600,6880.0,2889.6,0.72,0.72,0.72,0.72,72,False,41.0,Cold Suburban Climate Station 4 (demo),730307,43.83,-92.87,43.65,-92.65
Cold & Very Cold,suburban/small town,Suburban,CBSA,10308,Cold & Very Cold Suburban catchment 13 (demo),1772000,724400,6970.0,2927.4,0.73,0.73,0.73,0.73,65,False,52.5,Cold Suburban Climate Station 5 (demo),730308,43.86,-92.9,43.68,-92.68
Cold & Very Cold,suburban/small town,Suburban,CBSA,10309,Cold & Very Cold Suburban catchment 14 (demo),1796000,734200,7060.0,2965.2,0.74,0.74,0.74,0.74,58,False,64.0,Cold Suburban Climate Station 6 (demo),730309,43.5,-92.54,43.32,-92.32
Cold & Very Cold,suburban/small town,Suburban,CBSA,10310,Cold & Very Cold Suburban catchment 15 (demo),1820000,744000,7150.0,3003.0,0.75,0.75,0.75,0.75,51,False,75.5,Cold Suburban Climate Station 7 (demo),730310,43.53,-92.57,43.35,-92.35
Cold & Very Cold,suburban/small town,Suburban,CBSA,10311,Cold & Very Cold Suburban catchment 16 (demo),1844000,753800,7240.0,3040.8,0.76,0.76,0.76,0.76,44,False,87.0,Cold Suburban Climate Station 1 (demo),730311,43.56,-92.6,43.38,-92.38
Cold & Very Cold,suburban/small town,Suburban,CBSA,10312,Cold & Very Cold Suburban catchment 17 (demo),1868000,763600,7330.0,3078.6,0.77,0.77,0.77,0.77,38,False,98.5,Cold Suburban Climate Station 2 (demo),730312,43.59,-92.63,43.41,-92.41
Cold & Very Cold,suburban/small town,Suburban,CBSA,10313,Cold & Very Cold Suburban catchment 18 (demo),1892000,773400,7420.0,3116.4,0.78,0.78,0.78,0.78,32,False,110.0,Cold Suburban Climate Station 3 (demo),730313,43.62,-92.66,43.44,-92.44
Cold & Very Cold,suburban/small town,Suburban,CBSA,10314,Cold & Very Cold Suburban catchment 19 (demo),1916000,783200,7510.0,3154.2,0.79,0.79,0.79,0.79,26,False,18.0,Cold Suburban Climate Station 4 (demo),730314,43.65,-92.69,43.47,-92.47
Cold & Very Cold,suburban/small town,Suburban,CBSA,10315,Cold & Very Cold Suburban catchment 20 (demo),1940000,793000,7600.0,3192.0,0.8,0.8,0.8,0.8,20,False,29.5,Cold Suburban Climate Station 5 (demo),730315,43.68,-92.72,43.5,-92.5
Cold & Very Cold,suburban/small town,Suburban,CBSA,10316,Cold & Very Cold Suburban catchment 21 (demo),1964000,802800,7690.0,3229.8,0.81,0.81,0.81,0.81,14,False,41.0,Cold Suburban Climate Station 6 (demo),730316,43.71,-92.75,43.53,-92.53
Cold & Very Cold,suburban/small town,Suburban,CBSA,10317,Cold & Very Cold Suburban catchment 22 (demo),1988000,812600,7780.0,3267.6,0.82,0.82,0.82,0.82,8,False,52.5,Cold Suburban Climate Station 7 (demo),730317,43.74,-92.78,43.56,-92.56
Cold & Very Cold,suburban/small town,Suburban,CBSA,10318,Cold & Very Cold Suburban catchment 23 (demo),2012000,822400,7870.0,3305.4,0.83,0.83,0.83,0.83,2,False,64.0,Cold Suburban Climate Station 1 (demo),730318,43.77,-92.81,43.59,-92.59
Cold & Very Cold,suburban/small town,Suburban,CBSA,10319,Cold & Very Cold Suburban catchment 24 (demo),1508000,616600,5980.0,2511.6,0.62,0.62,0.62,0.62,143,False,75.5,Cold Suburban Climate Station 2 (demo),730319,43.8,-92.84,43.62,-92.62
Cold & Very Cold,suburban/small town,Suburban,CBSA,10320,Cold & Very Cold Suburban catchment 25 (demo),1532000,626400,6070.0,2549.4,0.63,0.63,0.63,0.63,136,False,87.0,Cold Suburban Climate Station 3 (demo),730320,43.83,-92.87,43.65,-92.65
Cold & Very Cold,suburban/small town,Suburban,CBSA,10321,Cold & Very Cold Suburban catchment 26 (demo),1556000,636200,6160.0,2587.2,0.64,0.64,0.64,0.64,129,False,98.5,Cold Suburban Climate Station 4 (demo),730321,43.86,-92.9,43.68,-92.68
Cold & Very Cold,suburban/small town,Suburban,CBSA,10322,Cold & Very Cold Suburban catchment 27 (demo),1580000,646000,6250.0,2625.0,0.65,0.65,0.65,0.65,122,False,110.0,Cold Suburban Climate Station 5 (demo),730322,43.5,-92.54,43.32,-92.32
Cold & Very Cold,suburban/small town,Suburban,CBSA,10323,Cold & Very Cold Suburban catchment 28 (demo),1604000,655800,6340.0,2662.8,0.66,0.66,0.66,0.66,115,False,18.0,Cold Suburban Climate Station 6 (demo),730323,43.53,-92.57,43.35,-92.35
Cold & Very Cold,suburban/small town,Suburban,CBSA,10324,Cold & Very Cold Suburban catchment 29 (demo),1628000,665600,6430.0,2700.6,0.67,0.67,0.67,0.67,108,False,29.5,Cold Suburban Climate Station 7 (demo),730324,43.56,-92.6,43.38,-92.38
Cold & Very Cold,suburban/small town,Suburban,CBSA,10325,Cold & Very Cold Suburban catchment 30 (demo),1651999,675399,6520.0,2738.4,0.68,0.68,0.68,0.68,101,False,41.0,Cold Suburban Climate Station 1 (demo),730325,43.59,-92.63,43.41,-92.41
Cold & Very Cold,suburban/small town,Suburban,CBSA,10326,Cold & Very Cold Suburban catchment 31 (demo),1675999,685200,6610.0,2776.2,0.69,0.69,0.69,0.69,94,False,52.5,Cold Suburban Climate Station 2 (demo),730326,43.62,-92.66,43.44,-92.44
Cold & Very Cold,suburban/small town,Suburban,CBSA,10327,Cold & Very Cold Suburban catchment 32 (demo),1700000,695000,6700.0,2814.0,0.7,0.7,0.7,0.7,87,False,64.0,Cold Suburban Climate Station 3 (demo),730327,43.65,-92.69,43.47,-92.47
Cold & Very Cold,suburban/small town,Suburban,CBSA,10328,Cold & Very Cold Suburban catchment 33 (demo),1724000,704800,6790.0,2851.8,0.71,0.71,0.71,0.71,80,False,75.5,Cold Suburban Climate Station 4 (demo),730328,43.68,-92.72,43.5,-92.5
Cold & Very Cold,suburban/small town,Suburban,CBSA,10329,Cold & Very Cold Suburban catchment 34 (demo),1748000,714600,6880.0,2889.6,0.72,0.72,0.72,0.72,73,False,87.0,Cold Suburban Climate Station 5 (demo),730329,43.71,-92.75,43.53,-92.53
Cold & Very Cold,suburban/small town,Suburban,CBSA,10330,Cold & Very Cold Suburban catchment 35 (demo),1772000,724400,6970.0,2927.4,0.73,0.73,0.73,0.73,66,False,98.5,Cold Suburban Climate Station 6 (demo),730330,43.74,-92.78,43.56,-92.56
Cold & Very Cold,suburban/small town,Suburban,CBSA,10331,Cold & Very Cold Suburban catchment 36 (demo),1796000,734200,7060.0,2965.2,0.74,0.74,0.74,0.74,59,False,110.0,Cold Suburban Climate Station 7 (demo),730331,43.77,-92.81,43.59,-92.59
Cold & Very Cold,suburban/small town,Suburban,CBSA,10332,Cold & Very Cold Suburban catchment 37 (demo),1820000,744000,7150.0,3003.0,0.75,0.75,0.75,0.75,52,False,18.0,Cold Suburban Climate Station 1 (demo),730332,43.8,-92.84,43.62,-92.62
Cold & Very Cold,suburban/small town,Suburban,CBSA,10333,Cold & Very Cold Suburban catchment 38 (demo),1844000,753800,7240.0,3040.8,0.76,0.76,0.76,0.76,45,False,29.5,Cold Suburban Climate Station 2 (demo),730333,43.83,-92.87,43.65,-92.65
Cold & Very Cold,suburban/small town,Suburban,CBSA,10334,Cold & Very Cold Suburban catchment 39 (demo),1868000,763600,7330.0,3078.6,0.77,0.77,0.77,0.77,39,False,41.0,Cold Suburban Climate Station 3 (demo),730334,43.86,-92.9,43.68,-92.68
Cold & Very Cold,suburban/small town,Suburban,CBSA,10335,Cold & Very Cold Suburban catchment 40 (demo),1892000,773400,7420.0,3116.4,0.78,0.78,0.78,0.78,33,False,52.5,Cold Suburban Climate Station 4 (demo),730335,43.5,-92.54,43.32,-92.32
Cold & Very Cold,suburban/small town,Suburban,CBSA,10336,Cold & Very Cold Suburban catchment 41 (demo),1916000,783200,7510.0,3154.2,0.79,0.79,0.79,0.79,27,False,64.0,Cold Suburban Climate Station 5 (demo),730336,43.53,-92.57,43.35,-92.35
Cold & Very Cold,suburban/small town,Suburban,CBSA,10337,Cold & Very Cold Suburban catchment 42 (demo),1940000,793000,7600.0,3192.0,0.8,0.8,0.8,0.8,21,False,75.5,Cold Suburban Climate Station 6 (demo),730337,43.56,-92.6,43.38,-92.38
Cold & Very Cold,suburban/small town,Suburban,CBSA,10338,Cold & Very Cold Suburban catchment 43 (demo),1964000,802800,7690.0,3229.8,0.81,0.81,0.81,0.81,15,False,87.0,Cold Suburban Climate Station 7 (demo),730338,43.59,-92.63,43.41,-92.41
Cold & Very Cold,suburban/small town,Suburban,CBSA,10339,Cold & Very Cold Suburban catchment 44 (demo),1988000,812600,7780.0,3267.6,0.82,0.82,0.82,0.82,9,False,98.5,Cold Suburban Climate Station 1 (demo),730339,43.62,-92.66,43.44,-92.44
Cold & Very Cold,suburban/small town,Suburban,CBSA,10340,Cold & Very Cold Suburban catchment 45 (demo),2012000,822400,7870.0,3305.4,0.83,0.83,0.83,0.83,3,False,110.0,Cold Suburban Climate Station 2 (demo),730340,43.65,-92.69,43.47,-92.47
Cold & Very Cold,suburban/small town,Suburban,CBSA,10341,Cold & Very Cold Suburban catchment 46 (demo),1508000,616600,5980.0,2511.6,0.62,0.62,0.62,0.62,144,False,18.0,Cold Suburban Climate Station 3 (demo),730341,43.68,-92.72,43.5,-92.5
Cold & Very Cold,suburban/small town,Suburban,CBSA,10342,Cold & Very Cold Suburban catchment 47 (demo),1532000,626400,6070.0,2549.4,0.63,0.63,0.63,0.63,137,False,29.5,Cold Suburban Climate Station 4 (demo),730342,43.71,-92.75,43.53,-92.53
Cold & Very Cold,suburban/small town,Suburban,CBSA,10343,Cold & Very Cold Suburban catchment 48 (demo),1556000,636200,6160.0,2587.2,0.64,0.64,0.64,0.64,130,False,41.0,Cold Suburban Climate Station 5 (demo),730343,43.74,-92.78,43.56,-92.56
Cold & Very Cold,suburban/small town,Suburban,CBSA,10344,Cold & Very Cold Suburban catchment 49 (demo),1580000,646000,6250.0,2625.0,0.65,0.65,0.65,0.65,123,False,52.5,Cold Suburban Climate Station 6 (demo),730344,43.77,-92.81,43.59,-92.59
Cold & Very Cold,suburban/small town,Suburban,CBSA,10345,Cold & Very Cold Suburban catchment 50 (demo),1604000,655800,6340.0,2662.8,0.66,0.66,0.66,0.66,116,False,64.0,Cold Suburban Climate Station 7 (demo),730345,43.8,-92.84,43.62,-92.62
Cold & Very Cold,suburban/small town,Suburban,CBSA,10346,Cold & Very Cold Suburban catchment 51 (demo),1628000,665600,6430.0,2700.6,0.67,0.67,0.67,0.67,109,False,75.5,Cold Suburban Climate Station 1 (demo),730346,43.83,-92.87,43.65,-92.65
Cold & Very Cold,suburban/small town,Suburban,CBSA,10347,Cold & Very Cold Suburban catchment 52 (demo),1651999,675399,6520.0,2738.4,0.68,0.68,0.68,0.68,102,False,87.0,Cold Suburban Climate Station 2 (demo),730347,43.86,-92.9,43.68,-92.68
Cold & Very Cold,suburban/small town,Suburban,CBSA,10348,Cold & Very Cold Suburban catchment 53 (demo),1675999,685200,6610.0,2776.2,0.69,0.69,0.69,0.69,95,False,98.5,Cold Suburban Climate Station 3 (demo),730348,43.5,-92.54,43.32,-92.32
Cold & Very Cold,suburban/small town,Suburban,CBSA,10349,Cold & Very Cold Suburban catchment 54 (demo),1700000,695000,6700.0,2814.0,0.7,0.7,0.7,0.7,88,False,110.0,Cold Suburban Climate Station 4 (demo),730349,43.53,-92.57,43.35,-92.35
Cold & Very Cold,suburban/small town,Suburban,CBSA,10350,Cold & Very Cold Suburban catchment 55 (demo),1724000,704800,6790.0,2851.8,0.71,0.71,0.71,0.71,81,False,18.0,Cold Suburban Climate Station 5 (demo),730350,43.56,-92.6,43.38,-92.38
Cold & Very Cold,suburban/small town,Suburban,CBSA,10351,Cold & Very Cold Suburban catchment 56 (demo),1748000,714600,6880.0,2889.6,0.72,0.72,0.72,0.72,74,False,29.5,Cold Suburban Climate Station 6 (demo),730351,43.59,-92.63,43.41,-92.41
Cold & Very Cold,suburban/small town,Suburban,CBSA,10352,Cold & Very Cold Suburban catchment 57 (demo),1772000,724400,6970.0,2927.4,0.73,0.73,0.73,0.73,67,False,41.0,Cold Suburban Climate Station 7 (demo),730352,43.62,-92.66,43.44,-92.44
Cold & Very Cold,suburban/small town,Suburban,CBSA,10353,Cold & Very Cold Suburban catchment 58 (demo),1796000,734200,7060.0,2965.2,0.74,0.74,0.74,0.74,60,False,52.5,Cold Suburban Climate Station 1 (demo),730353,43.65,-92.69,43.47,-92.47
Cold & Very Cold,suburban/small town,Suburban,CBSA,10354,Cold & Very Cold Suburban catchment 59 (demo),1820000,744000,7150.0,3003.0,0.75,0.75,0.75,0.75,53,False,64.0,Cold Suburban Climate Station 2 (demo),730354,43.68,-92.72,43.5,-92.5
Cold & Very Cold,suburban/small town,Suburban,CBSA,10355,Cold & Very Cold Suburban catchment 60 (demo),1844000,753800,7240.0,3040.8,0.76,0.76,0.76,0.76,46,False,75.5,Cold Suburban Climate Station 3 (demo),730355,43.71,-92.75,43.53,-92.53
Cold & Very Cold,suburban/small town,Suburban,CBSA,10356,Cold & Very Cold Suburban catchment 61 (demo),1868000,763600,7330.0,3078.6,0.77,0.77,0.77,0.77,40,False,87.0,Cold Suburban Climate Station 4 (demo),730356,43.74,-92.78,43.56,-92.56
Cold & Very Cold,suburban/small town,Suburban,CBSA,10357,Cold & Very Cold Suburban catchment 62 (demo),1892000,773400,7420.0,3116.4,0.78,0.78,0.78,0.78,34,False,98.5,Cold Suburban Climate Station 5 (demo),730357,43.77,-92.81,43.59,-92.59
Cold & Very Cold,suburban/small town,Suburban,CBSA,10358,Cold & Very Cold Suburban catchment 63 (demo),1916000,783200,7510.0,3154.2,0.79,0.79,0.79,0.79,28,False,110.0,Cold Suburban Climate Station 6 (demo),730358,43.8,-92.84,43.62,-92.62
Cold & Very Cold,suburban/small town,Suburban,CBSA,10359,Cold & Very Cold Suburban catchment 64 (demo),1940000,793000,7600.0,3192.0,0.8,0.8,0.8,0.8,22,False,18.0,Cold Suburban Climate Station 7 (demo),730359,43.83,-92.87,43.65,-92.65
Cold & Very Cold,suburban/small town,Suburban,CBSA,10360,Cold & Very Cold Suburban catchment 65 (demo),1964000,802800,7690.0,3229.8,0.81,0.81,0.81,0.81,16,False,29.5,Cold Suburban Climate Station 1 (demo),730360,43.86,-92.9,43.68,-92.68
Cold & Very Cold,suburban/small town,Suburban,CBSA,10361,Cold & Very Cold Suburban catchment 66 (demo),1988000,812600,7780.0,3267.6,0.82,0.82,0.82,0.82,10,False,41.0,Cold Suburban Climate Station 2 (demo),730361,43.5,-92.54,43.32,-92.32
Cold & Very Cold,suburban/small town,Suburban,CBSA,10362,Cold & Very Cold Suburban catchment 67 (demo),2012000,822400,7870.0,3305.4,0.83,0.83,0.83,0.83,4,False,52.5,Cold Suburban Climate Station 3 (demo),730362,43.53,-92.57,43.35,-92.35
Cold & Very Cold,suburban/small town,Suburban,CBSA,10363,Cold & Very Cold Suburban catchment 68 (demo),1508000,616600,5980.0,2511.6,0.62,0.62,0.62,0.62,145,False,64.0,Cold Suburban Climate Station 4 (demo),730363,43.56,-92.6,43.38,-92.38
Cold & Very Cold,suburban/small town,Suburban,CBSA,10364,Cold & Very Cold Suburban catchment 69 (demo),1532000,626400,6070.0,2549.4,0.63,0.63,0.63,0.63,138,False,75.5,Cold Suburban Climate Station 5 (demo),730364,43.59,-92.63,43.41,-92.41
Cold & Very Cold,suburban/small town,Suburban,CBSA,10365,Cold & Very Cold Suburban catchment 70 (demo),1556000,636200,6160.0,2587.2,0.64,0.64,0.64,0.64,131,False,87.0,Cold Suburban Climate Station 6 (demo),730365,43.62,-92.66,43.44,-92.44
Cold & Very Cold,suburban/small town,Suburban,CBSA,10366,Cold & Very Cold Suburban catchment 71 (demo),1580000,646000,6250.0,2625.0,0.65,0.65,0.65,0.65,124,False,98.5,Cold Suburban Climate Station 7 (demo),730366,43.65,-92.69,43.47,-92.47
Cold & Very Cold,suburban/small town,Suburban,CBSA,10367,Cold & Very Cold Suburban catchment 72 (demo),1604000,655800,6340.0,2662.8,0.66,0.66,0.66,0.66,117,False,110.0,Cold Suburban Climate Station 1 (demo),730367,43.68,-92.72,43.5,-92.5
Cold & Very Cold,suburban/small town,Suburban,CBSA,10368,Cold & Very Cold Suburban catchment 73 (demo),1628000,665600,6430.0,2700.6,0.67,0.67,0.67,0.67,110,False,18.0,Cold Suburban Climate Station 2 (demo),730368,43.71,-92.75,43.53,-92.53
Cold & Very Cold,suburban/small town,Suburban,CBSA,10369,Cold & Very Cold Suburban catchment 74 (demo),1651999,675399,6520.0,2738.4,0.68,0.68,0.68,0.68,103,False,29.5,Cold Suburban Climate Station 3 (demo),730369,43.74,-92.78,43.56,-92.56
Cold & Very Cold,suburban/small town,Suburban,CBSA,10370,Cold & Very Cold Suburban catchment 75 (demo),1675999,685200,6610.0,2776.2,0.69,0.69,0.69,0.69,96,False,41.0,Cold Suburban Climate Station 4 (demo),730370,43.77,-92.81,43.59,-92.59
Cold & Very Cold,suburban/small town,Suburban,CBSA,10371,Cold & Very Cold Suburban catchment 76 (demo),1700000,695000,6700.0,2814.0,0.7,0.7,0.7,0.7,89,False,52.5,Cold Suburban Climate Station 5 (demo),730371,43.8,-92.84,43.62,-92.62
Cold & Very Cold,suburban/small town,Suburban,CBSA,10372,Cold & Very Cold Suburban catchment 77 (demo),1724000,704800,6790.0,2851.8,0.71,0.71,0.71,0.71,82,False,64.0,Cold Suburban Climate Station 6 (demo),730372,43.83,-92.87,43.65,-92.65
Cold & Very Cold,suburban/small town,Suburban,CBSA,10373,Cold & Very Cold Suburban catchment 78 (demo),1748000,714600,6880.0,2889.6,0.72,0.72,0.72,0.72,75,False,75.5,Cold Suburban Climate Station 7 (demo),730373,43.86,-92.9,43.68,-92.68
Cold & Very Cold,suburban/small town,Suburban,CBSA,10374,Cold & Very Cold Suburban catchment 79 (demo),1772000,724400,6970.0,2927.4,0.73,0.73,0.73,0.73,68,False,87.0,Cold Suburban Climate Station 1 (demo),730374,43.5,-92.54,43.32,-92.32
Cold & Very Cold,suburban/small town,Suburban,CBSA,10375,Cold & Very Cold Suburban catchment 80 (demo),1796000,734200,7060.0,2965.2,0.74,0.74,0.74,0.74,61,False,98.5,Cold Suburban Climate Station 2 (demo),730375,43.53,-92.57,43.35,-92.35
Cold & Very Cold,suburban/small town,Suburban,CBSA,10376,Cold & Very Cold Suburban catchment 81 (demo),1820000,744000,7150.0,3003.0,0.75,0.75,0.75,0.75,54,False,110.0,Cold Suburban Climate Station 3 (demo),730376,43.56,-92.6,43.38,-92.38
Cold & Very Cold,suburban/small town,Suburban,CBSA,10377,Cold & Very Cold Suburban catchment 82 (demo),1844000,753800,7240.0,3040.8,0.76,0.76,0.76,0.76,47,False,18.0,Cold Suburban Climate Station 4 (demo),730377,43.59,-92.63,43.41,-92.41
Cold & Very Cold,suburban/small town,Suburban,CBSA,10378,Cold & Very Cold Suburban catchment 83 (demo),1868000,763600,7330.0,3078.6,0.77,0.77,0.77,0.77,41,False,29.5,Cold Suburban Climate Station 5 (demo),730378,43.62,-92.66,43.44,-92.44
Cold & Very Cold,suburban/small town,Suburban,CBSA,10379,Cold & Very Cold Suburban catchment 84 (demo),1892000,773400,7420.0,3116.4,0.78,0.78,0.78,0.78,35,False,41.0,Cold Suburban Climate Station 6 (demo),730379,43.65,-92.69,43.47,-92.47
Cold & Very Cold,suburban/small town,Suburban,CBSA,10380,Cold & Very Cold Suburban catchment 85 (demo),1916000,783200,7510.0,3154.2,0.79,0.79,0.79,0.79,29,False,52.5,Cold Suburban Climate Station 7 (demo),730380,43.68,-92.72,43.5,-92.5
Cold & Very Cold,suburban/small town,Suburban,CBSA,10381,Cold & Very Cold Suburban catchment 86 (demo),1940000,793000,7600.0,3192.0,0.8,0.8,0.8,0.8,23,False,64.0,Cold Suburban Climate Station 1 (demo),730381,43.71,-92.75,43.53,-92.53
Cold & Very Cold,suburban/small town,Suburban,CBSA,10382,Cold & Very Cold Suburban catchment 87 (demo),1964000,802800,7690.0,3229.8,0.81,0.81,0.81,0.81,17,False,75.5,Cold Suburban Climate Station 2 (demo),730382,43.74,-92.78,43.56,-92.56
Cold & Very Cold,suburban/small town,Suburban,CBSA,10383,Cold & Very Cold Suburban catchment 88 (demo),1988000,812600,7780.0,3267.6,0.82,0.82,0.82,0.82,11,False,87.0,Cold Suburban Climate Station 3 (demo),730383,43.77,-92.81,43.59,-92.59
Cold & Very Cold,suburban/small town,Suburban,CBSA,10384,Cold & Very Cold Suburban catchment 89 (demo),2012000,822400,7870.0,3305.4,0.83,0.83,0.83,0.83,5,False,98.5,Cold Suburban Climate Station 4 (demo),730384,43.8,-92.84,43.62,-92.62
Cold & Very Cold,suburban/small town,Suburban,CBSA,10385,Cold & Very Cold Suburban catchment 90 (demo),1508000,616600,5980.0,2511.6,0.62,0.62,0.62,0.62,146,False,110.0,Cold Suburban Climate Station 5 (demo),730385,43.83,-92.87,43.65,-92.65
Cold & Very Cold,suburban/small town,Suburban,CBSA,10386,Cold & Very Cold Suburban catchment 91 (demo),1532000,626400,6070.0,2549.4,0.63,0.63,0.63,0.63,139,False,18.0,Cold Suburban Climate Station 6 (demo),730386,43.86,-92.9,43.68,-92.68
Cold & Very Cold,suburban/small town,Suburban,CBSA,10387,Cold & Very Cold Suburban catchment 92 (demo),1556000,636200,6160.0,2587.2,0.64,0.64,0.64,0.64,132,False,29.5,Cold Suburban Climate Station 7 (demo),730387,43.5,-92.54,43.32,-92.32
Cold & Very Cold,suburban/small town,Suburban,CBSA,10388,Cold & Very Cold Suburban catchment 93 (demo),1580000,646000,6250.0,2625.0,0.65,0.65,0.65,0.65,125,False,41.0,Cold Suburban Climate Station 1 (demo),730388,43.53,-92.57,43.35,-92.35
Cold & Very Cold,suburban/small town,Suburban,CBSA,10389,Cold & Very Cold Suburban catchment 94 (demo),1604000,655800,6340.0,2662.8,0.66,0.66,0.66,0.66,118,False,52.5,Cold Suburban Climate Station 2 (demo),730389,43.56,-92.6,43.38,-92.38
Cold & Very Cold,suburban/small town,Suburban,CBSA,10390,Cold & Very Cold Suburban catchment 95 (demo),1628000,665600,6430.0,2700.6,0.67,0.67,0.67,0.67,111,False,64.0,Cold Suburban Climate Station 3 (demo),730390,43.59,-92.63,43.41,-92.41
Cold & Very Cold,suburban/small town,Suburban,CBSA,10391,Cold & Very Cold Suburban catchment 96 (demo),1651999,675399,6520.0,2738.4,0.68,0.68,0.68,0.68,104,False,75.5,Cold Suburban Climate Station 4 (demo),730391,43.62,-92.66,43.44,-92.44
Cold & Very Cold,suburban/small town,Suburban,CBSA,10392,Cold & Very Cold Suburban catchment 97 (demo),1675999,685200,6610.0,2776.2,0.69,0.69,0.69,0.69,97,False,87.0,Cold Suburban Climate Station 5 (demo),730392,43.65,-92.69,43.47,-92.47
Cold & Very Cold,suburban/small town,Suburban,CBSA,10393,Cold & Very Cold Suburban catchment 98 (demo),1700000,695000,6700.0,2814.0,0.7,0.7,0.7,0.7,90,False,98.5,Cold Suburban Climate Station 6 (demo),730393,43.68,-92.72,43.5,-92.5
Cold & Very Cold,suburban/small town,Suburban,CBSA,10394,Cold & Very Cold Suburban catchment 99 (demo),1724000,704800,6790.0,2851.8,0.71,0.71,0.71,0.71,83,False,110.0,Cold Suburban Climate Station 7 (demo),730394,43.71,-92.75,43.53,-92.53
Cold & Very Cold,suburban/small town,Suburban,CBSA,10395,Cold & Very Cold Suburban catchment 100 (demo),1748000,714600,6880.0,2889.6,0.72,0.72,0.72,0.72,76,False,18.0,Cold Suburban Climate Station 1 (demo),730395,43.74,-92.78,43.56,-92.56
Cold & Very Cold,suburban/small town,Suburban,CBSA,10396,Cold & Very Cold Suburban catchment 101 (demo),1772000,724400,6970.0,2927.4,0.73,0.73,0.73,0.73,69,False,29.5,Cold Suburban Climate Station 2 (demo),730396,43.77,-92.81,43.59,-92.59
Cold & Very Cold,suburban/small town,Suburban,CBSA,10397,Cold & Very Cold Suburban catchment 102 (demo),1796000,734200,7060.0,2965.2,0.74,0.74,0.74,0.74,62,False,41.0,Cold Suburban Climate Station 3 (demo),730397,43.8,-92.84,43.62,-92.62
Cold & Very Cold,suburban/small town,Suburban,CBSA,10398,Cold & Very Cold Suburban catchment 103 (demo),1820000,744000,7150.0,3003.0,0.75,0.75,0.75,0.75,55,False,52.5,Cold Suburban Climate Station 4 (demo),730398,43.83,-92.87,43.65,-92.65
Cold & Very Cold,suburban/small town,Suburban,CBSA,10399,Cold & Very Cold Suburban catchment 104 (demo),1844000,753800,7240.0,3040.8,0.76,0.76,0.76,0.76,48,False,64.0,Cold Suburban Climate Station 5 (demo),730399,43.86,-92.9,43.68,-92.68
Cold & Very Cold,suburban/small town,Suburban,CBSA,10400,Cold & Very Cold Suburban catchment 105 (demo),1868000,763600,7330.0,3078.6,0.77,0.77,0.77,0.77,42,False,75.5,Cold Suburban Climate Station 6 (demo),730400,43.5,-92.54,43.32,-92.32
Cold & Very Cold,suburban/small town,Suburban,CBSA,10401,Cold & Very Cold Suburban catchment 106 (demo),1892000,773400,7420.0,3116.4,0.78,0.78,0.78,0.78,36,False,87.0,Cold Suburban Climate Station 7 (demo),730401,43.53,-92.57,43.35,-92.35
Cold & Very Cold,suburban/small town,Suburban,CBSA,10402,Cold & Very Cold Suburban catchment 107 (demo),1916000,783200,7510.0,3154.2,0.79,0.79,0.79,0.79,30,False,98.5,Cold Suburban Climate Station 1 (demo),730402,43.56,-92.6,43.38,-92.38
Cold & Very Cold,suburban/small town,Suburban,CBSA,10403,Cold & Very Cold Suburban catchment 108 (demo),1940000,793000,7600.0,3192.0,0.8,0.8,0.8,0.8,24,False,110.0,Cold Suburban Climate Station 2 (demo),730403,43.59,-92.63,43.41,-92.41
Cold & Very Cold,suburban/small town,Suburban,CBSA,10404,Cold & Very Cold Suburban catchment 109 (demo),1964000,802800,7690.0,3229.8,0.81,0.81,0.81,0.81,18,False,18.0,Cold Suburban Climate Station 3 (demo),730404,43.62,-92.66,43.44,-92.44
Cold & Very Cold,suburban/small town,Suburban,CBSA,10405,Cold & Very Cold Suburban catchment 110 (demo),1988000,812600,7780.0,3267.6,0.82,0.82,0.82,0.82,12,False,29.5,Cold Suburban Climate Station 4 (demo),730405,43.65,-92.69,43.47,-92.47
Cold & Very Cold,suburban/small town,Suburban,CBSA,10406,Cold & Very Cold Suburban catchment 111 (demo),2012000,822400,7870.0,3305.4,0.83,0.83,0.83,0.83,6,False,41.0,Cold Suburban Climate Station 5 (demo),730406,43.68,-92.72,43.5,-92.5
Cold & Very Cold,suburban/small town,Suburban,CBSA,10407,Cold & Very Cold Suburban catchment 112 (demo),1508000,616600,5980.0,2511.6,0.62,0.62,0.62,0.62,147,False,52.5,Cold Suburban Climate Station 6 (demo),730407,43.71,-92.75,43.53,-92.53
Cold & Very Cold,suburban/small town,Suburban,CBSA,10408,Cold & Very Cold Suburban catchment 113 (demo),1532000,626400,6070.0,2549.4,0.63,0.63,0.63,0.63,140,False,64.0,Cold Suburban Climate Station 7 (demo),730408,43.74,-92.78,43.56,-92.56
Cold & Very Cold,suburban/small town,Suburban,CBSA,10409,Cold & Very Cold Suburban catchment 114 (demo),1556000,636200,6160.0,2587.2,0.64,0.64,0.64,0.64,133,False,75.5,Cold Suburban Climate Station 1 (demo),730409,43.77,-92.81,43.59,-92.59
Cold & Very Cold,suburban/small town,Suburban,CBSA,10410,Cold & Very Cold Suburban catchment 115 (demo),1580000,646000,6250.0,2625.0,0.65,0.65,0.65,0.65,126,False,87.0,Cold Suburban Climate Station 2 (demo),730410,43.8,-92.84,43.62,-92.62
Cold & Very Cold,suburban/small town,Suburban,CBSA,10411,Cold & Very Cold Suburban catchment 116 (demo),1604000,655800,6340.0,2662.8,0.66,0.66,0.66,0.66,119,False,98.5,Cold Suburban Climate Station 3 (demo),730411,43.83,-92.87,43.65,-92.65
Cold & Very Cold,suburban/small town,Suburban,CBSA,10412,Cold & Very Cold Suburban catchment 117 (demo),1628000,665600,6430.0,2700.6,0.67,0.67,0.67,0.67,112,False,110.0,Cold Suburban Climate Station 4 (demo),730412,43.86,-92.9,43.68,-92.68
Cold & Very Cold,suburban/small town,Suburban,CBSA,10413,Cold & Very Cold Suburban catchment 118 (demo),1651999,675399,6520.0,2738.4,0.68,0.68,0.68,0.68,105,False,18.0,Cold Suburban Climate Station 5 (demo),730413,43.5,-92.54,43.32,-92.32
Cold & Very Cold,suburban/small town,Suburban,CBSA,10414,Cold & Very Cold Suburban catchment 119 (demo),1675999,685200,6610.0,2776.2,0.69,0.69,0.69,0.69,98,False,29.5,Cold Suburban Climate Station 6 (demo),730414,43.53,-92.57,43.35,-92.35
Cold & Very Cold,suburban/small town,Suburban,CBSA,10415,Cold & Very Cold Suburban catchment 120 (demo),1700000,695000,6700.0,2814.0,0.7,0.7,0.7,0.7,91,False,41.0,Cold Suburban Climate Station 7 (demo),730415,43.56,-92.6,43.38,-92.38
Cold & Very Cold,suburban/small town,Suburban,CBSA,10416,Cold & Very Cold Suburban catchment 121 (demo),1724000,704800,6790.0,2851.8,0.71,0.71,0.71,0.71,84,False,52.5,Cold Suburban Climate Station 1 (demo),730416,43.59,-92.63,43.41,-92.41
Cold & Very Cold,suburban/small town,Suburban,CBSA,10417,Cold & Very Cold Suburban catchment 122 (demo),1748000,714600,6880.0,2889.6,0.72,0.72,0.72,0.72,77,False,64.0,Cold Suburban Climate Station 2 (demo),730417,43.62,-92.66,43.44,-92.44
Cold & Very Cold,suburban/small town,Suburban,CBSA,10418,Cold & Very Cold Suburban catchment 123 (demo),1772000,724400,6970.0,2927.4,0.73,0.73,0.73,0.73,70,False,75.5,Cold Suburban Climate Station 3 (demo),730418,43.65,-92.69,43.47,-92.47
Cold & Very Cold,suburban/small town,Suburban,CBSA,10419,Cold & Very Cold Suburban catchment 124 (demo),1796000,734200,7060.0,2965.2,0.74,0.74,0.74,0.74,63,False,87.0,Cold Suburban Climate Station 4 (demo),730419,43.68,-92.72,43.5,-92.5
Cold & Very Cold,suburban/small town,Suburban,CBSA,10420,Cold & Very Cold Suburban catchment 125 (demo),1820000,744000,7150.0,3003.0,0.75,0.75,0.75,0.75,56,False,98.5,Cold Suburban Climate Station 5 (demo),730420,43.71,-92.75,43.53,-92.53
Cold & Very Cold,suburban/small town,Suburban,CBSA,10421,Cold & Very Cold Suburban catchment 126 (demo),1844000,753800,7240.0,3040.8,0.76,0.76,0.76,0.76,49,False,110.0,Cold Suburban Climate Station 6 (demo),730421,43.74,-92.78,43.56,-92.56
Cold & Very Cold,suburban/small town,Suburban,CBSA,10422,Cold & Very Cold Suburban catchment 127 (demo),1868000,763600,7330.0,3078.6,0.77,0.77,0.77,0.77,43,False,18.0,Cold Suburban Climate Station 7 (demo),730422,43.77,-92.81,43.59,-92.59
Cold & Very Cold,suburban/small town,Suburban,CBSA,10423,Cold & Very Cold Suburban catchment 128 (demo),1892000,773400,7420.0,3116.4,0.78,0.78,0.78,0.78,37,False,29.5,Cold Suburban Climate Station 1 (demo),730423,43.8,-92.84,43.62,-92.62
Cold & Very Cold,suburban/small town,Suburban,CBSA,10424,Cold & Very Cold Suburban catchment 129 (demo),1916000,783200,7510.0,3154.2,0.79,0.79,0.79,0.79,31,False,41.0,Cold Suburban Climate Station 2 (demo),730424,43.83,-92.87,43.65,-92.65
Cold & Very Cold,suburban/small town,Suburban,CBSA,10425,Cold & Very Cold Suburban catchment 130 (demo),1940000,793000,7600.0,3192.0,0.8,0.8,0.8,0.8,25,False,52.5,Cold Suburban Climate Station 3 (demo),730425,43.86,-92.9,43.68,-92.68
Cold & Very Cold,suburban/small town,Suburban,CBSA,10426,Cold & Very Cold Suburban catchment 131 (demo),1964000,802800,7690.0,3229.8,0.81,0.81,0.81,0.81,19,False,64.0,Cold Suburban Climate Station 4 (demo),730426,43.5,-92.54,43.32,-92.32
Cold & Very Cold,suburban/small town,Suburban,CBSA,10427,Cold & Very Cold Suburban catchment 132 (demo),1988000,812600,7780.0,3267.6,0.82,0.82,0.82,0.82,13,False,75.5,Cold Suburban Climate Station 5 (demo),730427,43.53,-92.57,43.35,-92.35
Cold & Very Cold,suburban/small town,Suburban,CBSA,10428,Cold & Very Cold Suburban catchment 133 (demo),2012000,822400,7870.0,3305.4,0.83,0.83,0.83,0.83,7,False,87.0,Cold Suburban Climate Station 6 (demo),730428,43.56,-92.6,43.38,-92.38
Cold & Very Cold,suburban/small town,Suburban,CBSA,10429,Cold & Very Cold Suburban catchment 134 (demo),1508000,616600,5980.0,2511.6,0.62,0.62,0.62,0.62,148,False,98.5,Cold Suburban Climate Station 7 (demo),730429,43.59,-92.63,43.41,-92.41
Cold & Very Cold,suburban/small town,Suburban,CBSA,10430,Cold & Very Cold Suburban catchment 135 (demo),1532000,626400,6070.0,2549.4,0.63,0.63,0.63,0.63,141,False,110.0,Cold Suburban Climate Station 1 (demo),730430,43.62,-92.66,43.44,-92.44
Cold & Very Cold,suburban/small town,Suburban,CBSA,10431,Cold & Very Cold Suburban catchment 136 (demo),1556000,636200,6160.0,2587.2,0.64,0.64,0.64,0.64,134,False,18.0,Cold Suburban Climate Station 2 (demo),730431,43.65,-92.69,43.47,-92.47
Cold & Very Cold,suburban/small town,Suburban,CBSA,10432,Cold & Very Cold Suburban catchment 137 (demo),1580000,646000,6250.0,2625.0,0.65,0.65,0.65,0.65,127,False,29.5,Cold Suburban Climate Station 3 (demo),730432,43.68,-92.72,43.5,-92.5
Cold & Very Cold,suburban/small town,Suburban,CBSA,10433,Cold & Very Cold Suburban catchment 138 (demo),1604000,655800,6340.0,2662.8,0.66,0.66,0.66,0.66,120,False,41.0,Cold Suburban Climate Station 4 (demo),730433,43.71,-92.75,43.53,-92.53
Cold & Very Cold,suburban/small town,Suburban,CBSA,10434,Cold & Very Cold Suburban catchment 139 (demo),1628000,665600,6430.0,2700.6,0.67,0.67,0.67,0.67,113,False,52.5,Cold Suburban Climate Station 5 (demo),730434,43.74,-92.78,43.56,-92.56
Cold & Very Cold,suburban/small town,Suburban,CBSA,10435,Cold & Very Cold Suburban catchment 140 (demo),1651999,675399,6520.0,2738.4,0.68,0.68,0.68,0.68,106,False,64.0,Cold Suburban Climate Station 6 (demo),730435,43.77,-92.81,43.59,-92.59
Cold & Very Cold,suburban/small town,Suburban,CBSA,10436,Cold & Very Cold Suburban catchment 141 (demo),1675999,685200,6610.0,2776.2,0.69,0.69,0.69,0.69,99,False,75.5,Cold Suburban Climate Station 7 (demo),730436,43.8,-92.84,43.62,-92.62
Cold & Very Cold,suburban/small town,Suburban,CBSA,10437,Cold & Very Cold Suburban catchment 142 (demo),1700000,695000,6700.0,2814.0,0.7,0.7,0.7,0.7,92,False,87.0,Cold Suburban Climate Station 1 (demo),730437,43.83,-92.87,43.65,-92.65
Cold & Very Cold,suburban/small town,Suburban,CBSA,10438,Cold & Very Cold Suburban catchment 143 (demo),1724000,704800,6790.0,2851.8,0.71,0.71,0.71,0.71,85,False,98.5,Cold Suburban Climate Station 2 (demo),730438,43.86,-92.9,43.68,-92.68
Cold & Very Cold,suburban/small town,Suburban,CBSA,10439,Cold & Very Cold Suburban catchment 144 (demo),1748000,714600,6880.0,2889.6,0.72,0.72,0.72,0.72,78,False,110.0,Cold Suburban Climate Station 3 (demo),730439,43.5,-92.54,43.32,-92.32
Cold & Very Cold,suburban/small town,Suburban,CBSA,10440,Cold & Very Cold Suburban catchment 145 (demo),1772000,724400,6970.0,2927.4,0.73,0.73,0.73,0.73,71,False,18.0,Cold Suburban Climate Station 4 (demo),730440,43.53,-92.57,43.35,-92.35
Cold & Very Cold,suburban/small town,Suburban,CBSA,10441,Cold & Very Cold Suburban catchment 146 (demo),1796000,734200,7060.0,2965.2,0.74,0.74,0.74,0.74,64,False,29.5,Cold Suburban Climate Station 5 (demo),730441,43.56,-92.6,43.38,-92.38
Cold & Very Cold,suburban/small town,Suburban,CBSA,10442,Cold & Very Cold Suburban catchment 147 (demo),1820000,744000,7150.0,3003.0,0.75,0.75,0.75,0.75,57,False,41.0,Cold Suburban Climate Station 6 (demo),730442,43.59,-92.63,43.41,-92.41
Cold & Very Cold,suburban/small town,Suburban,CBSA,10443,Cold & Very Cold Suburban catchment 148 (demo),1844000,753800,7240.0,3040.8,0.76,0.76,0.76,0.76,50,False,52.5,Cold Suburban Climate Station 7 (demo),730443,43.62,-92.66,43.44,-92.44
Cold & Very Cold,rural,Rural,County,10444,Cold & Very Cold Rural catchment 1 (demo),2180000,891000,8500.0,3570.0,0.9,0.9,0.9,0.9,1,True,64.0,Cold Rural Climate Station 1 (demo),730444,45.25,-94.29,45.07,-94.07
Cold & Very Cold,rural,Rural,County,10445,Cold & Very Cold Rural catchment 2 (demo),1508000,616600,5980.0,2511.6,0.62,0.62,0.62,0.62,142,False,75.5,Cold Rural Climate Station 2 (demo),730445,45.28,-94.32,45.1,-94.1
Cold & Very Cold,rural,Rural,County,10446,Cold & Very Cold Rural catchment 3 (demo),1532000,626400,6070.0,2549.4,0.63,0.63,0.63,0.63,135,False,87.0,Cold Rural Climate Station 3 (demo),730446,45.31,-94.35,45.13,-94.13
Cold & Very Cold,rural,Rural,County,10447,Cold & Very Cold Rural catchment 4 (demo),1556000,636200,6160.0,2587.2,0.64,0.64,0.64,0.64,128,False,98.5,Cold Rural Climate Station 4 (demo),730447,45.34,-94.38,45.16,-94.16
Cold & Very Cold,rural,Rural,County,10448,Cold & Very Cold Rural catchment 5 (demo),1580000,646000,6250.0,2625.0,0.65,0.65,0.65,0.65,121,False,110.0,Cold Rural Climate Station 5 (demo),730448,45.37,-94.41,45.19,-94.19
Cold & Very Cold,rural,Rural,County,10449,Cold & Very Cold Rural catchment 6 (demo),1604000,655800,6340.0,2662.8,0.66,0.66,0.66,0.66,114,False,18.0,Cold Rural Climate Station 6 (demo),730449,45.4,-94.44,45.22,-94.22
Cold & Very Cold,rural,Rural,County,10450,Cold & Very Cold Rural catchment 7 (demo),1628000,665600,6430.0,2700.6,0.67,0.67,0.67,0.67,107,False,29.5,Cold Rural Climate Station 7 (demo),730450,45.43,-94.47,45.25,-94.25
Cold & Very Cold,rural,Rural,County,10451,Cold & Very Cold Rural catchment 8 (demo),1651999,675399,6520.0,2738.4,0.68,0.68,0.68,0.68,100,False,41.0,Cold Rural Climate Station 1 (demo),730451,45.46,-94.5,45.28,-94.28
Cold & Very Cold,rural,Rural,County,10452,Cold & Very Cold Rural catchment 9 (demo),1675999,685200,6610.0,2776.2,0.69,0.69,0.69,0.69,93,False,52.5,Cold Rural Climate Station 2 (demo),730452,45.1,-94.14,44.92,-93.92
Cold & Very Cold,rural,Rural,County,10453,Cold & Very Cold Rural catchment 10 (demo),1700000,695000,6700.0,2814.0,0.7,0.7,0.7,0.7,86,False,64.0,Cold Rural Climate Station 3 (demo),730453,45.13,-94.17,44.95,-93.95
Cold & Very Cold,rural,Rural,County,10454,Cold & Very Cold Rural catchment 11 (demo),1724000,704800,6790.0,2851.8,0.71,0.71,0.71,0.71,79,False,75.5,Cold Rural Climate Station 4 (demo),730454,45.16,-94.2,44.98,-93.98
Cold & Very Cold,rural,Rural,County,10455,Cold & Very Cold Rural catchment 12 (demo),1748000,714600,6880.0,2889.6,0.72,0.72,0.72,0.72,72,False,87.0,Cold Rural Climate Station 5 (demo),730455,45.19,-94.23,45.01,-94.01
Cold & Very Cold,rural,Rural,County,10456,Cold & Very Cold Rural catchment 13 (demo),1772000,724400,6970.0,2927.4,0.73,0.73,0.73,0.73,65,False,98.5,Cold Rural Climate Station 6 (demo),730456,45.22,-94.26,45.04,-94.04
Cold & Very Cold,rural,Rural,County,10457,Cold & Very Cold Rural catchment 14 (demo),1796000,734200,7060.0,2965.2,0.74,0.74,0.74,0.74,58,False,110.0,Cold Rural Climate Station 7 (demo),730457,45.25,-94.29,45.07,-94.07
Cold & Very Cold,rural,Rural,County,10458,Cold & Very Cold Rural catchment 15 (demo),1820000,744000,7150.0,3003.0,0.75,0.75,0.75,0.75,51,False,18.0,Cold Rural Climate Station 1 (demo),730458,45.28,-94.32,45.1,-94.1
Cold & Very Cold,rural,Rural,County,10459,Cold & Very Cold Rural catchment 16 (demo),1844000,753800,7240.0,3040.8,0.76,0.76,0.76,0.76,44,False,29.5,Cold Rural Climate Station 2 (demo),730459,45.31,-94.35,45.13,-94.13
Cold & Very Cold,rural,Rural,County,10460,Cold & Very Cold Rural catchment 17 (demo),1868000,763600,7330.0,3078.6,0.77,0.77,0.77,0.77,38,False,41.0,Cold Rural Climate Station 3 (demo),730460,45.34,-94.38,45.16,-94.16
Cold & Very Cold,rural,Rural,County,10461,Cold & Very Cold Rural catchment 18 (demo),1892000,773400,7420.0,3116.4,0.78,0.78,0.78,0.78,32,False,52.5,Cold Rural Climate Station 4 (demo),730461,45.37,-94.41,45.19,-94.19
Cold & Very Cold,rural,Rural,County,10462,Cold & Very Cold Rural catchment 19 (demo),1916000,783200,7510.0,3154.2,0.79,0.79,0.79,0.79,26,False,64.0,Cold Rural Climate Station 5 (demo),730462,45.4,-94.44,45.22,-94.22
Cold & Very Cold,rural,Rural,County,10463,Cold & Very Cold Rural catchment 20 (demo),1940000,793000,7600.0,3192.0,0.8,0.8,0.8,0.8,20,False,75.5,Cold Rural Climate Station 6 (demo),730463,45.43,-94.47,45.25,-94.25
Cold & Very Cold,rural,Rural,County,10464,Cold & Very Cold Rural catchment 21 (demo),1964000,802800,7690.0,3229.8,0.81,0.81,0.81,0.81,14,False,87.0,Cold Rural Climate Station 7 (demo),730464,45.46,-94.5,45.28,-94.28
Cold & Very Cold,rural,Rural,County,10465,Cold & Very Cold Rural catchment 22 (demo),1988000,812600,7780.0,3267.6,0.82,0.82,0.82,0.82,8,False,98.5,Cold Rural Climate Station 1 (demo),730465,45.1,-94.14,44.92,-93.92
Cold & Very Cold,rural,Rural,County,10466,Cold & Very Cold Rural catchment 23 (demo),2012000,822400,7870.0,3305.4,0.83,0.83,0.83,0.83,2,False,110.0,Cold Rural Climate Station 2 (demo),730466,45.13,-94.17,44.95,-93.95
Cold & Very Cold,rural,Rural,County,10467,Cold & Very Cold Rural catchment 24 (demo),1508000,616600,5980.0,2511.6,0.62,0.62,0.62,0.62,143,False,18.0,Cold Rural Climate Station 3 (demo),730467,45.16,-94.2,44.98,-93.98
Cold & Very Cold,rural,Rural,County,10468,Cold & Very Cold Rural catchment 25 (demo),1532000,626400,6070.0,2549.4,0.63,0.63,0.63,0.63,136,False,29.5,Cold Rural Climate Station 4 (demo),730468,45.19,-94.23,45.01,-94.01
Cold & Very Cold,rural,Rural,County,10469,Cold & Very Cold Rural catchment 26 (demo),1556000,636200,6160.0,2587.2,0.64,0.64,0.64,0.64,129,False,41.0,Cold Rural Climate Station 5 (demo),730469,45.22,-94.26,45.04,-94.04
Cold & Very Cold,rural,Rural,County,10470,Cold & Very Cold Rural catchment 27 (demo),1580000,646000,6250.0,2625.0,0.65,0.65,0.65,0.65,122,False,52.5,Cold Rural Climate Station 6 (demo),730470,45.25,-94.29,45.07,-94.07
Cold & Very Cold,rural,Rural,County,10471,Cold & Very Cold Rural catchment 28 (demo),1604000,655800,6340.0,2662.8,0.66,0.66,0.66,0.66,115,False,64.0,Cold Rural Climate Station 7 (demo),730471,45.28,-94.32,45.1,-94.1
Cold & Very Cold,rural,Rural,County,10472,Cold & Very Cold Rural catchment 29 (demo),1628000,665600,6430.0,2700.6,0.67,0.67,0.67,0.67,108,False,75.5,Cold Rural Climate Station 1 (demo),730472,45.31,-94.35,45.13,-94.13
Cold & Very Cold,rural,Rural,County,10473,Cold & Very Cold Rural catchment 30 (demo),1651999,675399,6520.0,2738.4,0.68,0.68,0.68,0.68,101,False,87.0,Cold Rural Climate Station 2 (demo),730473,45.34,-94.38,45.16,-94.16
Cold & Very Cold,rural,Rural,County,10474,Cold & Very Cold Rural catchment 31 (demo),1675999,685200,6610.0,2776.2,0.69,0.69,0.69,0.69,94,False,98.5,Cold Rural Climate Station 3 (demo),730474,45.37,-94.41,45.19,-94.19
Cold & Very Cold,rural,Rural,County,10475,Cold & Very Cold Rural catchment 32 (demo),1700000,695000,6700.0,2814.0,0.7,0.7,0.7,0.7,87,False,110.0,Cold Rural Climate Station 4 (demo),730475,45.4,-94.44,45.22,-94.22
Cold & Very Cold,rural,Rural,County,10476,Cold & Very Cold Rural catchment 33 (demo),1724000,704800,6790.0,2851.8,0.71,0.71,0.71,0.71,80,False,18.0,Cold Rural Climate Station 5 (demo),730476,45.43,-94.47,45.25,-94.25
Cold & Very Cold,rural,Rural,County,10477,Cold & Very Cold Rural catchment 34 (demo),1748000,714600,6880.0,2889.6,0.72,0.72,0.72,0.72,73,False,29.5,Cold Rural Climate Station 6 (demo),730477,45.46,-94.5,45.28,-94.28
Cold & Very Cold,rural,Rural,County,10478,Cold & Very Cold Rural catchment 35 (demo),1772000,724400,6970.0,2927.4,0.73,0.73,0.73,0.73,66,False,41.0,Cold Rural Climate Station 7 (demo),730478,45.1,-94.14,44.92,-93.92
Cold & Very Cold,rural,Rural,County,10479,Cold & Very Cold Rural catchment 36 (demo),1796000,734200,7060.0,2965.2,0.74,0.74,0.74,0.74,59,False,52.5,Cold Rural Climate Station 1 (demo),730479,45.13,-94.17,44.95,-93.95
Cold & Very Cold,rural,Rural,County,10480,Cold & Very Cold Rural catchment 37 (demo),1820000,744000,7150.0,3003.0,0.75,0.75,0.75,0.75,52,False,64.0,Cold Rural Climate Station 2 (demo),730480,45.16,-94.2,44.98,-93.98
Cold & Very Cold,rural,Rural,County,10481,Cold & Very Cold Rural catchment 38 (demo),1844000,753800,7240.0,3040.8,0.76,0.76,0.76,0.76,45,False,75.5,Cold Rural Climate Station 3 (demo),730481,45.19,-94.23,45.01,-94.01
Cold & Very Cold,rural,Rural,County,10482,Cold & Very Cold Rural catchment 39 (demo),1868000,763600,7330.0,3078.6,0.77,0.77,0.77,0.77,39,False,87.0,Cold Rural Climate Station 4 (demo),730482,45.22,-94.26,45.04,-94.04
Cold & Very Cold,rural,Rural,County,10483,Cold & Very Cold Rural catchment 40 (demo),1892000,773400,7420.0,3116.4,0.78,0.78,0.78,0.78,33,False,98.5,Cold Rural Climate Station 5 (demo),730483,45.25,-94.29,45.07,-94.07
Cold & Very Cold,rural,Rural,County,10484,Cold & Very Cold Rural catchment 41 (demo),1916000,783200,7510.0,3154.2,0.79,0.79,0.79,0.79,27,False,110.0,Cold Rural Climate Station 6 (demo),730484,45.28,-94.32,45.1,-94.1
Cold & Very Cold,rural,Rural,County,10485,Cold & Very Cold Rural catchment 42 (demo),1940000,793000,7600.0,3192.0,0.8,0.8,0.8,0.8,21,False,18.0,Cold Rural Climate Station 7 (demo),730485,45.31,-94.35,45.13,-94.13
Cold & Very Cold,rural,Rural,County,10486,Cold & Very Cold Rural catchment 43 (demo),1964000,802800,7690.0,3229.8,0.81,0.81,0.81,0.81,15,False,29.5,Cold Rural Climate Station 1 (demo),730486,45.34,-94.38,45.16,-94.16
Cold & Very Cold,rural,Rural,County,10487,Cold & Very Cold Rural catchment 44 (demo),1988000,812600,7780.0,3267.6,0.82,0.82,0.82,0.82,9,False,41.0,Cold Rural Climate Station 2 (demo),730487,45.37,-94.41,45.19,-94.19
Cold & Very Cold,rural,Rural,County,10488,Cold & Very Cold Rural catchment 45 (demo),2012000,822400,7870.0,3305.4,0.83,0.83,0.83,0.83,3,False,52.5,Cold Rural Climate Station 3 (demo),730488,45.4,-94.44,45.22,-94.22
Cold & Very Cold,rural,Rural,County,10489,Cold & Very Cold Rural catchment 46 (demo),1508000,616600,5980.0,2511.6,0.62,0.62,0.62,0.62,144,False,64.0,Cold Rural Climate Station 4 (demo),730489,45.43,-94.47,45.25,-94.25
Cold & Very Cold,rural,Rural,County,10490,Cold & Very Cold Rural catchment 47 (demo),1532000,626400,6070.0,2549.4,0.63,0.63,0.63,0.63,137,False,75.5,Cold Rural Climate Station 5 (demo),730490,45.46,-94.5,45.28,-94.28
Cold & Very Cold,rural,Rural,County,10491,Cold & Very Cold Rural catchment 48 (demo),1556000,636200,6160.0,2587.2,0.64,0.64,0.64,0.64,130,False,87.0,Cold Rural Climate Station 6 (demo),730491,45.1,-94.14,44.92,-93.92
Cold & Very Cold,rural,Rural,County,10492,Cold & Very Cold Rural catchment 49 (demo),1580000,646000,6250.0,2625.0,0.65,0.65,0.65,0.65,123,False,98.5,Cold Rural Climate Station 7 (demo),730492,45.13,-94.17,44.95,-93.95
Cold & Very Cold,rural,Rural,County,10493,Cold & Very Cold Rural catchment 50 (demo),1604000,655800,6340.0,2662.8,0.66,0.66,0.66,0.66,116,False,110.0,Cold Rural Climate Station 1 (demo),730493,45.16,-94.2,44.98,-93.98
Cold & Very Cold,rural,Rural,County,10494,Cold & Very Cold Rural catchment 51 (demo),1628000,665600,6430.0,2700.6,0.67,0.67,0.67,0.67,109,False,18.0,Cold Rural Climate Station 2 (demo),730494,45.19,-94.23,45.01,-94.01
Cold & Very Cold,rural,Rural,County,10495,Cold & Very Cold Rural catchment 52 (demo),1651999,675399,6520.0,2738.4,0.68,0.68,0.68,0.68,102,False,29.5,Cold Rural Climate Station 3 (demo),730495,45.22,-94.26,45.04,-94.04
Cold & Very Cold,rural,Rural,County,10496,Cold & Very Cold Rural catchment 53 (demo),1675999,685200,6610.0,2776.2,0.69,0.69,0.69,0.69,95,False,41.0,Cold Rural Climate Station 4 (demo),730496,45.25,-94.29,45.07,-94.07
Cold & Very Cold,rural,Rural,County,10497,Cold & Very Cold Rural catchment 54 (demo),1700000,695000,6700.0,2814.0,0.7,0.7,0.7,0.7,88,False,52.5,Cold Rural Climate Station 5 (demo),730497,45.28,-94.32,45.1,-94.1
Cold & Very Cold,rural,Rural,County,10498,Cold & Very Cold Rural catchment 55 (demo),1724000,704800,6790.0,2851.8,0.71,0.71,0.71,0.71,81,False,64.0,Cold Rural Climate Station 6 (demo),730498,45.31,-94.35,45.13,-94.13
Cold & Very Cold,rural,Rural,County,10499,Cold & Very Cold Rural catchment 56 (demo),1748000,714600,6880.0,2889.6,0.72,0.72,0.72,0.72,74,False,75.5,Cold Rural Climate Station 7 (demo),730499,45.34,-94.38,45.16,-94.16
Cold & Very Cold,rural,Rural,County,10500,Cold & Very Cold Rural catchment 57 (demo),1772000,724400,6970.0,2927.4,0.73,0.73,0.73,0.73,67,False,87.0,Cold Rural Climate Station 1 (demo),730500,45.37,-94.41,45.19,-94.19
Cold & Very Cold,rural,Rural,County,10501,Cold & Very Cold Rural catchment 58 (demo),1796000,734200,7060.0,2965.2,0.74,0.74,0.74,0.74,60,False,98.5,Cold Rural Climate Station 2 (demo),730501,45.4,-94.44,45.22,-94.22
Cold & Very Cold,rural,Rural,County,10502,Cold & Very Cold Rural catchment 59 (demo),1820000,744000,7150.0,3003.0,0.75,0.75,0.75,0.75,53,False,110.0,Cold Rural Climate Station 3 (demo),730502,45.43,-94.47,45.25,-94.25
Cold & Very Cold,rural,Rural,County,10503,Cold & Very Cold Rural catchment 60 (demo),1844000,753800,7240.0,3040.8,0.76,0.76,0.76,0.76,46,False,18.0,Cold Rural Climate Station 4 (demo),730503,45.46,-94.5,45.28,-94.28
Cold & Very Cold,rural,Rural,County,10504,Cold & Very Cold Rural catchment 61 (demo),1868000,763600,7330.0,3078.6,0.77,0.77,0.77,0.77,40,False,29.5,Cold Rural Climate Station 5 (demo),730504,45.1,-94.14,44.92,-93.92
Cold & Very Cold,rural,Rural,County,10505,Cold & Very Cold Rural catchment 62 (demo),1892000,773400,7420.0,3116.4,0.78,0.78,0.78,0.78,34,False,41.0,Cold Rural Climate Station 6 (demo),730505,45.13,-94.17,44.95,-93.95
Cold & Very Cold,rural,Rural,County,10506,Cold & Very Cold Rural catchment 63 (demo),1916000,783200,7510.0,3154.2,0.79,0.79,0.79,0.79,28,False,52.5,Cold Rural Climate Station 7 (demo),730506,45.16,-94.2,44.98,-93.98
Cold & Very Cold,rural,Rural,County,10507,Cold & Very Cold Rural catchment 64 (demo),1940000,793000,7600.0,3192.0,0.8,0.8,0.8,0.8,22,False,64.0,Cold Rural Climate Station 1 (demo),730507,45.19,-94.23,45.01,-94.01
Cold & Very Cold,rural,Rural,County,10508,Cold & Very Cold Rural catchment 65 (demo),1964000,802800,7690.0,3229.8,0.81,0.81,0.81,0.81,16,False,75.5,Cold Rural Climate Station 2 (demo),730508,45.22,-94.26,45.04,-94.04
Cold & Very Cold,rural,Rural,County,10509,Cold & Very Cold Rural catchment 66 (demo),1988000,812600,7780.0,3267.6,0.82,0.82,0.82,0.82,10,False,87.0,Cold Rural Climate Station 3 (demo),730509,45.25,-94.29,45.07,-94.07
Cold & Very Cold,rural,Rural,County,10510,Cold & Very Cold Rural catchment 67 (demo),2012000,822400,7870.0,3305.4,0.83,0.83,0.83,0.83,4,False,98.5,Cold Rural Climate Station 4 (demo),730510,45.28,-94.32,45.1,-94.1
Cold & Very Cold,rural,Rural,County,10511,Cold & Very Cold Rural catchment 68 (demo),1508000,616600,5980.0,2511.6,0.62,0.62,0.62,0.62,145,False,110.0,Cold Rural Climate Station 5 (demo),730511,45.31,-94.35,45.13,-94.13
Cold & Very Cold,rural,Rural,County,10512,Cold & Very Cold Rural catchment 69 (demo),1532000,626400,6070.0,2549.4,0.63,0.63,0.63,0.63,138,False,18.0,Cold Rural Climate Station 6 (demo),730512,45.34,-94.38,45.16,-94.16
Cold & Very Cold,rural,Rural,County,10513,Cold & Very Cold Rural catchment 70 (demo),1556000,636200,6160.0,2587.2,0.64,0.64,0.64,0.64,131,False,29.5,Cold Rural Climate Station 7 (demo),730513,45.37,-94.41,45.19,-94.19
Cold & Very Cold,rural,Rural,County,10514,Cold & Very Cold Rural catchment 71 (demo),1580000,646000,6250.0,2625.0,0.65,0.65,0.65,0.65,124,False,41.0,Cold Rural Climate Station 1 (demo),730514,45.4,-94.44,45.22,-94.22
Cold & Very Cold,rural,Rural,County,10515,Cold & Very Cold Rural catchment 72 (demo),1604000,655800,6340.0,2662.8,0.66,0.66,0.66,0.66,117,False,52.5,Cold Rural Climate Station 2 (demo),730515,45.43,-94.47,45.25,-94.25
Cold & Very Cold,rural,Rural,County,10516,Cold & Very Cold Rural catchment 73 (demo),1628000,665600,6430.0,2700.6,0.67,0.67,0.67,0.67,110,False,64.0,Cold Rural Climate Station 3 (demo),730516,45.46,-94.5,45.28,-94.28
Cold & Very Cold,rural,Rural,County,10517,Cold & Very Cold Rural catchment 74 (demo),1651999,675399,6520.0,2738.4,0.68,0.68,0.68,0.68,103,False,75.5,Cold Rural Climate Station 4 (demo),730517,45.1,-94.14,44.92,-93.92
Cold & Very Cold,rural,Rural,County,10518,Cold & Very Cold Rural catchment 75 (demo),1675999,685200,6610.0,2776.2,0.69,0.69,0.69,0.69,96,False,87.0,Cold Rural Climate Station 5 (demo),730518,45.13,-94.17,44.95,-93.95
Cold & Very Cold,rural,Rural,County,10519,Cold & Very Cold Rural catchment 76 (demo),1700000,695000,6700.0,2814.0,0.7,0.7,0.7,0.7,89,False,98.5,Cold Rural Climate Station 6 (demo),730519,45.16,-94.2,44.98,-93.98
Cold & Very Cold,rural,Rural,County,10520,Cold & Very Cold Rural catchment 77 (demo),1724000,704800,6790.0,2851.8,0.71,0.71,0.71,0.71,82,False,110.0,Cold Rural Climate Station 7 (demo),730520,45.19,-94.23,45.01,-94.01
Cold & Very Cold,rural,Rural,County,10521,Cold & Very Cold Rural catchment 78 (demo),1748000,714600,6880.0,2889.6,0.72,0.72,0.72,0.72,75,False,18.0,Cold Rural Climate Station 1 (demo),730521,45.22,-94.26,45.04,-94.04
Cold & Very Cold,rural,Rural,County,10522,Cold & Very Cold Rural catchment 79 (demo),1772000,724400,6970.0,2927.4,0.73,0.73,0.73,0.73,68,False,29.5,Cold Rural Climate Station 2 (demo),730522,45.25,-94.29,45.07,-94.07
Cold & Very Cold,rural,Rural,County,10523,Cold & Very Cold Rural catchment 80 (demo),1796000,734200,7060.0,2965.2,0.74,0.74,0.74,0.74,61,False,41.0,Cold Rural Climate Station 3 (demo),730523,45.28,-94.32,45.1,-94.1
Cold & Very Cold,rural,Rural,County,10524,Cold & Very Cold Rural catchment 81 (demo),1820000,744000,7150.0,3003.0,0.75,0.75,0.75,0.75,54,False,52.5,Cold Rural Climate Station 4 (demo),730524,45.31,-94.35,45.13,-94.13
Cold & Very Cold,rural,Rural,County,10525,Cold & Very Cold Rural catchment 82 (demo),1844000,753800,7240.0,3040.8,0.76,0.76,0.76,0.76,47,False,64.0,Cold Rural Climate Station 5 (demo),730525,45.34,-94.38,45.16,-94.16
Cold & Very Cold,rural,Rural,County,10526,Cold & Very Cold Rural catchment 83 (demo),1868000,763600,7330.0,3078.6,0.77,0.77,0.77,0.77,41,False,75.5,Cold Rural Climate Station 6 (demo),730526,45.37,-94.41,45.19,-94.19
Cold & Very Cold,rural,Rural,County,10527,Cold & Very Cold Rural catchment 84 (demo),1892000,773400,7420.0,3116.4,0.78,0.78,0.78,0.78,35,False,87.0,Cold Rural Climate Station 7 (demo),730527,45.4,-94.44,45.22,-94.22
Cold & Very Cold,rural,Rural,County,10528,Cold & Very Cold Rural catchment 85 (demo),1916000,783200,7510.0,3154.2,0.79,0.79,0.79,0.79,29,False,98.5,Cold Rural Climate Station 1 (demo),730528,45.43,-94.47,45.25,-94.25
Cold & Very Cold,rural,Rural,County,10529,Cold & Very Cold Rural catchment 86 (demo),1940000,793000,7600.0,3192.0,0.8,0.8,0.8,0.8,23,False,110.0,Cold Rural Climate Station 2 (demo),730529,45.46,-94.5,45.28,-94.28
Cold & Very Cold,rural,Rural,County,10530,Cold & Very Cold Rural catchment 87 (demo),1964000,802800,7690.0,3229.8,0.81,0.81,0.81,0.81,17,False,18.0,Cold Rural Climate Station 3 (demo),730530,45.1,-94.14,44.92,-93.92
Cold & Very Cold,rural,Rural,County,10531,Cold & Very Cold Rural catchment 88 (demo),1988000,812600,7780.0,3267.6,0.82,0.82,0.82,0.82,11,False,29.5,Cold Rural Climate Station 4 (demo),730531,45.13,-94.17,44.95,-93.95
Cold & Very Cold,rural,Rural,County,10532,Cold & Very Cold Rural catchment 89 (demo),2012000,822400,7870.0,3305.4,0.83,0.83,0.83,0.83,5,False,41.0,Cold Rural Climate Station 5 (demo),730532,45.16,-94.2,44.98,-93.98
Cold & Very Cold,rural,Rural,County,10533,Cold & Very Cold Rural catchment 90 (demo),1508000,616600,5980.0,2511.6,0.62,0.62,0.62,0.62,146,False,52.5,Cold Rural Climate Station 6 (demo),730533,45.19,-94.23,45.01,-94.01
Cold & Very Cold,rural,Rural,County,10534,Cold & Very Cold Rural catchment 91 (demo),1532000,626400,6070.0,2549.4,0.63,0.63,0.63,0.63,139,False,64.0,Cold Rural Climate Station 7 (demo),730534,45.22,-94.26,45.04,-94.04
Cold & Very Cold,rural,Rural,County,10535,Cold & Very Cold Rural catchment 92 (demo),1556000,636200,6160.0,2587.2,0.64,0.64,0.64,0.64,132,False,75.5,Cold Rural Climate Station 1 (demo),730535,45.25,-94.29,45.07,-94.07
Cold & Very Cold,rural,Rural,County,10536,Cold & Very Cold Rural catchment 93 (demo),1580000,646000,6250.0,2625.0,0.65,0.65,0.65,0.65,125,False,87.0,Cold Rural Climate Station 2 (demo),730536,45.28,-94.32,45.1,-94.1
Cold & Very Cold,rural,Rural,County,10537,Cold & Very Cold Rural catchment 94 (demo),1604000,655800,6340.0,2662.8,0.66,0.66,0.66,0.66,118,False,98.5,Cold Rural Climate Station 3 (demo),730537,45.31,-94.35,45.13,-94.13
Cold & Very Cold,rural,Rural,County,10538,Cold & Very Cold Rural catchment 95 (demo),1628000,665600,6430.0,2700.6,0.67,0.67,0.67,0.67,111,False,110.0,Cold Rural Climate Station 4 (demo),730538,45.34,-94.38,45.16,-94.16
Cold & Very Cold,rural,Rural,County,10539,Cold & Very Cold Rural catchment 96 (demo),1651999,675399,6520.0,2738.4,0.68,0.68,0.68,0.68,104,False,18.0,Cold Rural Climate Station 5 (demo),730539,45.37,-94.41,45.19,-94.19
Cold & Very Cold,rural,Rural,County,10540,Cold & Very Cold Rural catchment 97 (demo),1675999,685200,6610.0,2776.2,0.69,0.69,0.69,0.69,97,False,29.5,Cold Rural Climate Station 6 (demo),730540,45.4,-94.44,45.22,-94.22
Cold & Very Cold,rural,Rural,County,10541,Cold & Very Cold Rural catchment 98 (demo),1700000,695000,6700.0,2814.0,0.7,0.7,0.7,0.7,90,False,41.0,Cold Rural Climate Station 7 (demo),730541,45.43,-94.47,45.25,-94.25
Cold & Very Cold,rural,Rural,County,10542,Cold & Very Cold Rural catchment 99 (demo),1724000,704800,6790.0,2851.8,0.71,0.71,0.71,0.71,83,False,52.5,Cold Rural Climate Station 1 (demo),730542,45.46,-94.5,45.28,-94.28
Cold & Very Cold,rural,Rural,County,10543,Cold & Very Cold Rural catchment 100 (demo),1748000,714600,6880.0,2889.6,0.72,0.72,0.72,0.72,76,False,64.0,Cold Rural Climate Station 2 (demo),730543,45.1,-94.14,44.92,-93.92
Cold & Very Cold,rural,Rural,County,10544,Cold & Very Cold Rural catchment 101 (demo),1772000,724400,6970.0,2927.4,0.73,0.73,0.73,0.73,69,False,75.5,Cold Rural Climate Station 3 (demo),730544,45.13,-94.17,44.95,-93.95
Cold & Very Cold,rural,Rural,County,10545,Cold & Very Cold Rural catchment 102 (demo),1796000,734200,7060.0,2965.2,0.74,0.74,0.74,0.74,62,False,87.0,Cold Rural Climate Station 4 (demo),730545,45.16,-94.2,44.98,-93.98
Cold & Very Cold,rural,Rural,County,10546,Cold & Very Cold Rural catchment 103 (demo),1820000,744000,7150.0,3003.0,0.75,0.75,0.75,0.75,55,False,98.5,Cold Rural Climate Station 5 (demo),730546,45.19,-94.23,45.01,-94.01
Cold & Very Cold,rural,Rural,County,10547,Cold & Very Cold Rural catchment 104 (demo),1844000,753800,7240.0,3040.8,0.76,0.76,0.76,0.76,48,False,110.0,Cold Rural Climate Station 6 (demo),730547,45.22,-94.26,45.04,-94.04
Cold & Very Cold,rural,Rural,County,10548,Cold & Very Cold Rural catchment 105 (demo),1868000,763600,7330.0,3078.6,0.77,0.77,0.77,0.77,42,False,18.0,Cold Rural Climate Station 7 (demo),730548,45.25,-94.29,45.07,-94.07
Cold & Very Cold,rural,Rural,County,10549,Cold & Very Cold Rural catchment 106 (demo),1892000,773400,7420.0,3116.4,0.78,0.78,0.78,0.78,36,False,29.5,Cold Rural Climate Station 1 (demo),730549,45.28,-94.32,45.1,-94.1
Cold & Very Cold,rural,Rural,County,10550,Cold & Very Cold Rural catchment 107 (demo),1916000,783200,7510.0,3154.2,0.79,0.79,0.79,0.79,30,False,41.0,Cold Rural Climate Station 2 (demo),730550,45.31,-94.35,45.13,-94.13
Cold & Very Cold,rural,Rural,County,10551,Cold & Very Cold Rural catchment 108 (demo),1940000,793000,7600.0,3192.0,0.8,0.8,0.8,0.8,24,False,52.5,Cold Rural Climate Station 3 (demo),730551,45.34,-94.38,45.16,-94.16
Cold & Very Cold,rural,Rural,County,10552,Cold & Very Cold Rural catchment 109 (demo),1964000,802800,7690.0,3229.8,0.81,0.81,0.81,0.81,18,False,64.0,Cold Rural Climate Station 4 (demo),730552,45.37,-94.41,45.19,-94.19
Cold & Very Cold,rural,Rural,County,10553,Cold & Very Cold Rural catchment 110 (demo),1988000,812600,7780.0,3267.6,0.82,0.82,0.82,0.82,12,False,75.5,Cold Rural Climate Station 5 (demo),730553,45.4,-94.44,45.22,-94.22
Cold & Very Cold,rural,Rural,County,10554,Cold & Very Cold Rural catchment 111 (demo),2012000,822400,7870.0,3305.4,0.83,0.83,0.83,0.83,6,False,87.0,Cold Rural Climate Station 6 (demo),730554,45.43,-94.47,45.25,-94.25
Cold & Very Cold,rural,Rural,County,10555,Cold & Very Cold Rural catchment 112 (demo),1508000,616600,5980.0,2511.6,0.62,0.62,0.62,0.62,147,False,98.5,Cold Rural Climate Station 7 (demo),730555,45.46,-94.5,45.28,-94.28
Cold & Very Cold,rural,Rural,County,10556,Cold & Very Cold Rural catchment 113 (demo),1532000,626400,6070.0,2549.4,0.63,0.63,0.63,0.63,140,False,110.0,Cold Rural Climate Station 1 (demo),730556,45.1,-94.14,44.92,-93.92
Cold & Very Cold,rural,Rural,County,10557,Cold & Very Cold Rural catchment 114 (demo),1556000,636200,6160.0,2587.2,0.64,0.64,0.64,0.64,133,False,18.0,Cold Rural Climate Station 2 (demo),730557,45.13,-94.17,44.95,-93.95
Cold & Very Cold,rural,Rural,County,10558,Cold & Very Cold Rural catchment 115 (demo),1580000,646000,6250.0,2625.0,0.65,0.65,0.65,0.65,126,False,29.5,Cold Rural Climate Station 3 (demo),730558,45.16,-94.2,44.98,-93.98
Cold & Very Cold,rural,Rural,County,10559,Cold & Very Cold Rural catchment 116 (demo),1604000,655800,6340.0,2662.8,0.66,0.66,0.66,0.66,119,False,41.0,Cold Rural Climate Station 4 (demo),730559,45.19,-94.23,45.01,-94.01
Cold & Very Cold,rural,Rural,County,10560,Cold & Very Cold Rural catchment 117 (demo),1628000,665600,6430.0,2700.6,0.67,0.67,0.67,0.67,112,False,52.5,Cold Rural Climate Station 5 (demo),730560,45.22,-94.26,45.04,-94.04
Cold & Very Cold,rural,Rural,County,10561,Cold & Very Cold Rural catchment 118 (demo),1651999,675399,6520.0,2738.4,0.68,0.68,0.68,0.68,105,False,64.0,Cold Rural Climate Station 6 (demo),730561,45.25,-94.29,45.07,-94.07
Cold & Very Cold,rural,Rural,County,10562,Cold & Very Cold Rural catchment 119 (demo),1675999,685200,6610.0,2776.2,0.69,0.69,0.69,0.69,98,False,75.5,Cold Rural Climate Station 7 (demo),730562,45.28,-94.32,45.1,-94.1
Cold & Very Cold,rural,Rural,County,10563,Cold & Very Cold Rural catchment 120 (demo),1700000,695000,6700.0,2814.0,0.7,0.7,0.7,0.7,91,False,87.0,Cold Rural Climate Station 1 (demo),730563,45.31,-94.35,45.13,-94.13
Cold & Very Cold,rural,Rural,County,10564,Cold & Very Cold Rural catchment 121 (demo),1724000,704800,6790.0,2851.8,0.71,0.71,0.71,0.71,84,False,98.5,Cold Rural Climate Station 2 (demo),730564,45.34,-94.38,45.16,-94.16
Cold & Very Cold,rural,Rural,County,10565,Cold & Very Cold Rural catchment 122 (demo),1748000,714600,6880.0,2889.6,0.72,0.72,0.72,0.72,77,False,110.0,Cold Rural Climate Station 3 (demo),730565,45.37,-94.41,45.19,-94.19
Cold & Very Cold,rural,Rural,County,10566,Cold & Very Cold Rural catchment 123 (demo),1772000,724400,6970.0,2927.4,0.73,0.73,0.73,0.73,70,False,18.0,Cold Rural Climate Station 4 (demo),730566,45.4,-94.44,45.22,-94.22
Cold & Very Cold,rural,Rural,County,10567,Cold & Very Cold Rural catchment 124 (demo),1796000,734200,7060.0,2965.2,0.74,0.74,0.74,0.74,63,False,29.5,Cold Rural Climate Station 5 (demo),730567,45.43,-94.47,45.25,-94.25
Cold & Very Cold,rural,Rural,County,10568,Cold & Very Cold Rural catchment 125 (demo),1820000,744000,7150.0,3003.0,0.75,0.75,0.75,0.75,56,False,41.0,Cold Rural Climate Station 6 (demo),730568,45.46,-94.5,45.28,-94.28
Cold & Very Cold,rural,Rural,County,10569,Cold & Very Cold Rural catchment 126 (demo),1844000,753800,7240.0,3040.8,0.76,0.76,0.76,0.76,49,False,52.5,Cold Rural Climate Station 7 (demo),730569,45.1,-94.14,44.92,-93.92
Cold & Very Cold,rural,Rural,County,10570,Cold & Very Cold Rural catchment 127 (demo),1868000,763600,7330.0,3078.6,0.77,0.77,0.77,0.77,43,False,64.0,Cold Rural Climate Station 1 (demo),730570,45.13,-94.17,44.95,-93.95
Cold & Very Cold,rural,Rural,County,10571,Cold & Very Cold Rural catchment 128 (demo),1892000,773400,7420.0,3116.4,0.78,0.78,0.78,0.78,37,False,75.5,Cold Rural Climate Station 2 (demo),730571,45.16,-94.2,44.98,-93.98
Cold & Very Cold,rural,Rural,County,10572,Cold & Very Cold Rural catchment 129 (demo),1916000,783200,7510.0,3154.2,0.79,0.79,0.79,0.79,31,False,87.0,Cold Rural Climate Station 3 (demo),730572,45.19,-94.23,45.01,-94.01
Cold & Very Cold,rural,Rural,County,10573,Cold & Very Cold Rural catchment 130 (demo),1940000,793000,7600.0,3192.0,0.8,0.8,0.8,0.8,25,False,98.5,Cold Rural Climate Station 4 (demo),730573,45.22,-94.26,45.04,-94.04
Cold & Very Cold,rural,Rural,County,10574,Cold & Very Cold Rural catchment 131 (demo),1964000,802800,7690.0,3229.8,0.81,0.81,0.81,0.81,19,False,110.0,Cold Rural Climate Station 5 (demo),730574,45.25,-94.29,45.07,-94.07
Cold & Very Cold,rural,Rural,County,10575,Cold & Very Cold Rural catchment 132 (demo),1988000,812600,7780.0,3267.6,0.82,0.82,0.82,0.82,13,False,18.0,Cold Rural Climate Station 6 (demo),730575,45.28,-94.32,45.1,-94.1
Cold & Very Cold,rural,Rural,County,10576,Cold & Very Cold Rural catchment 133 (demo),2012000,822400,7870.0,3305.4,0.83,0.83,0.83,0.83,7,False,29.5,Cold Rural Climate Station 7 (demo),730576,45.31,-94.35,45.13,-94.13
Cold & Very Cold,rural,Rural,County,10577,Cold & Very Cold Rural catchment 134 (demo),1508000,616600,5980.0,2511.6,0.62,0.62,0.62,0.62,148,False,41.0,Cold Rural Climate Station 1 (demo),730577,45.34,-94.38,45.16,-94.16
Cold & Very Cold,rural,Rural,County,10578,Cold & Very Cold Rural catchment 135 (demo),1532000,626400,6070.0,2549.4,0.63,0.63,0.63,0.63,141,False,52.5,Cold Rural Climate Station 2 (demo),730578,45.37,-94.41,45.19,-94.19
Cold & Very Cold,rural,Rural,County,10579,Cold & Very Cold Rural catchment 136 (demo),1556000,636200,6160.0,2587.2,0.64,0.64,0.64,0.64,134,False,64.0,Cold Rural Climate Station 3 (demo),730579,45.4,-94.44,45.22,-94.22
Cold & Very Cold,rural,Rural,County,10580,Cold & Very Cold Rural catchment 137 (demo),1580000,646000,6250.0,2625.0,0.65,0.65,0.65,0.65,127,False,75.5,Cold Rural Climate Station 4 (demo),730580,45.43,-94.47,45.25,-94.25
Cold & Very Cold,rural,Rural,County,10581,Cold & Very Cold Rural catchment 138 (demo),1604000,655800,6340.0,2662.8,0.66,0.66,0.66,0.66,120,False,87.0,Cold Rural Climate Station 5 (demo),730581,45.46,-94.5,45.28,-94.28
Cold & Very Cold,rural,Rural,County,10582,Cold & Very Cold Rural catchment 139 (demo),1628000,665600,6430.0,2700.6,0.67,0.67,0.67,0.67,113,False,98.5,Cold Rural Climate Station 6 (demo),730582,45.1,-94.14,44.92,-93.92
Cold & Very Cold,rural,Rural,County,10583,Cold & Very Cold Rural catchment 140 (demo),1651999,675399,6520.0,2738.4,0.68,0.68,0.68,0.68,106,False,110.0,Cold Rural Climate Station 7 (demo),730583,45.13,-94.17,44.95,-93.95
Cold & Very Cold,rural,Rural,County,10584,Cold & Very Cold Rural catchment 141 (demo),1675999,685200,6610.0,2776.2,0.69,0.69,0.69,0.69,99,False,18.0,Cold Rural Climate Station 1 (demo),730584,45.16,-94.2,44.98,-93.98
Cold & Very Cold,rural,Rural,County,10585,Cold & Very Cold Rural catchment 142 (demo),1700000,695000,6700.0,2814.0,0.7,0.7,0.7,0.7,92,False,29.5,Cold Rural Climate Station 2 (demo),730585,45.19,-94.23,45.01,-94.01
Cold & Very Cold,rural,Rural,County,10586,Cold & Very Cold Rural catchment 143 (demo),1724000,704800,6790.0,2851.8,0.71,0.71,0.71,0.71,85,False,41.0,Cold Rural Climate Station 3 (demo),730586,45.22,-94.26,45.04,-94.04
Cold & Very Cold,rural,Rural,County,10587,Cold & Very Cold Rural catchment 144 (demo),1748000,714600,6880.0,2889.6,0.72,0.72,0.72,0.72,78,False,52.5,Cold Rural Climate Station 4 (demo),730587,45.25,-94.29,45.07,-94.07
Cold & Very Cold,rural,Rural,County,10588,Cold & Very Cold Rural catchment 145 (demo),1772000,724400,6970.0,2927.4,0.73,0.73,0.73,0.73,71,False,64.0,Cold Rural Climate Station 5 (demo),730588,45.28,-94.32,45.1,-94.1
Cold & Very Cold,rural,Rural,County,10589,Cold & Very Cold Rural catchment 146 (demo),1796000,734200,7060.0,2965.2,0.74,0.74,0.74,0.74,64,False,75.5,Cold Rural Climate Station 6 (demo),730589,45.31,-94.35,45.13,-94.13
Cold & Very Cold,rural,Rural,County,10590,Cold & Very Cold Rural catchment 147 (demo),1820000,744000,7150.0,3003.0,0.75,0.75,0.75,0.75,57,False,87.0,Cold Rural Climate Station 7 (demo),730590,45.34,-94.38,45.16,-94.16
Cold & Very Cold,rural,Rural,County,10591,Cold & Very Cold Rural catchment 148 (demo),1844000,753800,7240.0,3040.8,0.76,0.76,0.76,0.76,50,False,98.5,Cold Rural Climate Station 1 (demo),730591,45.37,-94.41,45.19,-94.19
Hot-Dry & Mixed Dry,higher density urban,HDU,CBSA,10592,Hot-Dry & Mixed Dry HDU catchment 1 (demo),2180000,891000,8500.0,3570.0,0.9,0.9,0.9,0.9,1,True,110.0,Hot-Dry HDU Climate Station 2 (demo),730592,33.9,-112.34,33.72,-112.12
Hot-Dry & Mixed Dry,higher density urban,HDU,CBSA,10593,Hot-Dry & Mixed Dry HDU catchment 2 (demo),1508000,616600,5980.0,2511.6,0.62,0.62,0.62,0.62,142,False,18.0,Hot-Dry HDU Climate Station 3 (demo),730593,33.93,-112.37,33.75,-112.15
Hot-Dry & Mixed Dry,higher density urban,HDU,CBSA,10594,Hot-Dry & Mixed Dry HDU catchment 3 (demo),1532000,626400,6070.0,2549.4,0.63,0.63,0.63,0.63,135,False,29.5,Hot-Dry HDU Climate Station 4 (demo),730594,33.96,-112.4,33.78,-112.18
Hot-Dry & Mixed Dry,higher density urban,HDU,CBSA,10595,Hot-Dry & Mixed Dry HDU catchment 4 (demo),1556000,636200,6160.0,2587.2,0.64,0.64,0.64,0.64,128,False,41.0,Hot-Dry HDU Climate Station 5 (demo),730595,33.6,-112.04,33.42,-111.82
Hot-Dry & Mixed Dry,higher density urban,HDU,CBSA,10596,Hot-Dry & Mixed Dry HDU catchment 5 (demo),1580000,646000,6250.0,2625.0,0.65,0.65,0.65,0.65,121,False,52.5,Hot-Dry HDU Climate Station 6 (demo),730596,33.63,-112.07,33.45,-111.85
Hot-Dry & Mixed Dry,higher density urban,HDU,CBSA,10597,Hot-Dry & Mixed Dry HDU catchment 6 (demo),1604000,655800,6340.0,2662.8,0.66,0.66,0.66,0.66,114,False,64.0,Hot-Dry HDU Climate Station 7 (demo),730597,33.66,-112.1,33.48,-111.88
Hot-Dry & Mixed Dry,higher density urban,HDU,CBSA,10598,Hot-Dry & Mixed Dry HDU catchment 7 (demo),1628000,665600,6430.0,2700.6,0.67,0.67,0.67,0.67,107,False,75.5,Hot-Dry HDU Climate Station 1 (demo),730598,33.69,-112.13,33.51,-111.91
Hot-Dry & Mixed Dry,higher density urban,HDU,CBSA,10599,Hot-Dry & Mixed Dry HDU catchment 8 (demo),1651999,675399,6520.0,2738.4,0.68,0.68,0.68,0.68,100,False,87.0,Hot-Dry HDU Climate Station 2 (demo),730599,33.72,-112.16,33.54,-111.94
Hot-Dry & Mixed Dry,higher density urban,HDU,CBSA,10600,Hot-Dry & Mixed Dry HDU catchment 9 (demo),1675999,685200,6610.0,2776.2,0.69,0.69,0.69,0.69,93,False,98.5,Hot-Dry HDU Climate Station 3 (demo),730600,33.75,-112.19,33.57,-111.97
Hot-Dry & Mixed Dry,higher density urban,HDU,CBSA,10601,Hot-Dry & Mixed Dry HDU catchment 10 (demo),1700000,695000,6700.0,2814.0,0.7,0.7,0.7,0.7,86,False,110.0,Hot-Dry HDU Climate Station 4 (demo),730601,33.78,-112.22,33.6,-112.0
Hot-Dry & Mixed Dry,higher density urban,HDU,CBSA,10602,Hot-Dry & Mixed Dry HDU catchment 11 (demo),1724000,704800,6790.0,2851.8,0.71,0.71,0.71,0.71,79,False,18.0,Hot-Dry HDU Climate Station 5 (demo),730602,33.81,-112.25,33.63,-112.03
Hot-Dry & Mixed Dry,higher density urban,HDU,CBSA,10603,Hot-Dry & Mixed Dry HDU catchment 12 (demo),1748000,714600,6880.0,2889.6,0.72,0.72,0.72,0.72,72,False,29.5,Hot-Dry HDU Climate Station 6 (demo),730603,33.84,-112.28,33.66,-112.06
Hot-Dry & Mixed Dry,higher density urban,HDU,CBSA,10604,Hot-Dry & Mixed Dry HDU catchment 13 (demo),1772000,724400,6970.0,2927.4,0.73,0.73,0.73,0.73,65,False,41.0,Hot-Dry HDU Climate Station 7 (demo),730604,33.87,-112.31,33.69,-112.09
Hot-Dry & Mixed Dry,higher density urban,HDU,CBSA,10605,Hot-Dry & Mixed Dry HDU catchment 14 (demo),1796000,734200,7060.0,2965.2,0.74,0.74,0.74,0.74,58,False,52.5,Hot-Dry HDU Climate Station 1 (demo),730605,33.9,-112.34,33.72,-112.12
Hot-Dry & Mixed Dry,higher density urban,HDU,CBSA,10606,Hot-Dry & Mixed Dry HDU catchment 15 (demo),1820000,744000,7150.0,3003.0,0.75,0.75,0.75,0.75,51,False,64.0,Hot-Dry HDU Climate Station 2 (demo),730606,33.93,-112.37,33.75,-112.15
Hot-Dry & Mixed Dry,higher density urban,HDU,CBSA,10607,Hot-Dry & Mixed Dry HDU catchment 16 (demo),1844000,753800,7240.0,3040.8,0.76,0.76,0.76,0.76,44,False,75.5,Hot-Dry HDU Climate Station 3 (demo),730607,33.96,-112.4,33.78,-112.18
Hot-Dry & Mixed Dry,higher density urban,HDU,CBSA,10608,Hot-Dry & Mixed Dry HDU catchment 17 (demo),1868000,763600,7330.0,3078.6,0.77,0.77,0.77,0.77,38,False,87.0,Hot-Dry HDU Climate Station 4 (demo),730608,33.6,-112.04,33.42,-111.82
Hot-Dry & Mixed Dry,higher density urban,HDU,CBSA,10609,Hot-Dry & Mixed Dry HDU catchment 18 (demo),1892000,773400,7420.0,3116.4,0.78,0.78,0.78,0.78,32,False,98.5,Hot-Dry HDU Climate Station 5 (demo),730609,33.63,-112.07,33.45,-111.85
Hot-Dry & Mixed Dry,higher density urban,HDU,CBSA,10610,Hot-Dry & Mixed Dry HDU catchment 19 (demo),1916000,783200,7510.0,3154.2,0.79,0.79,0.79,0.79,26,False,110.0,Hot-Dry HDU Climate Station 6 (demo),730610,33.66,-112.1,33.48,-111.88
Hot-Dry & Mixed Dry,higher density urban,HDU,CBSA,10611,Hot-Dry & Mixed Dry HDU catchment 20 (demo),1940000,793000,7600.0,3192.0,0.8,0.8,0.8,0.8,20,False,18.0,Hot-Dry HDU Climate Station 7 (demo),730611,33.69,-112.13,33.51,-111.91
Hot-Dry & Mixed Dry,higher density urban,HDU,CBSA,10612,Hot-Dry & Mixed Dry HDU catchment 21 (demo),1964000,802800,7690.0,3229.8,0.81,0.81,0.81,0.81,14,False,29.5,Hot-Dry HDU Climate Station 1 (demo),730612,33.72,-112.16,33.54,-111.94
Hot-Dry & Mixed Dry,higher density urban,HDU,CBSA,10613,Hot-Dry & Mixed Dry HDU catchment 22 (demo),1988000,812600,7780.0,3267.6,0.82,0.82,0.82,0.82,8,False,41.0,Hot-Dry HDU Climate Station 2 (demo),730613,33.75,-112.19,33.57,-111.97
Hot-Dry & Mixed Dry,higher density urban,HDU,CBSA,10614,Hot-Dry & Mixed Dry HDU catchment 23 (demo),2012000,822400,7870.0,3305.4,0.83,0.83,0.83,0.83,2,False,52.5,Hot-Dry HDU Climate Station 3 (demo),730614,33.78,-112.22,33.6,-112.0
Hot-Dry & Mixed Dry,higher density urban,HDU,CBSA,10615,Hot-Dry & Mixed Dry HDU catchment 24 (demo),1508000,616600,5980.0,2511.6,0.62,0.62,0.62,0.62,143,False,64.0,Hot-Dry HDU Climate Station 4 (demo),730615,33.81,-112.25,33.63,-112.03
Hot-Dry & Mixed Dry,higher density urban,HDU,CBSA,10616,Hot-Dry & Mixed Dry HDU catchment 25 (demo),1532000,626400,6070.0,2549.4,0.63,0.63,0.63,0.63,136,False,75.5,Hot-Dry HDU Climate Station 5 (demo),730616,33.84,-112.28,33.66,-112.06
Hot-Dry & Mixed Dry,higher density urban,HDU,CBSA,10617,Hot-Dry & Mixed Dry HDU catchment 26 (demo),1556000,636200,6160.0,2587.2,0.64,0.64,0.64,0.64,129,False,87.0,Hot-Dry HDU Climate Station 6 (demo),730617,33.87,-112.31,33.69,-112.09
Hot-Dry & Mixed Dry,higher density urban,HDU,CBSA,10618,Hot-Dry & Mixed Dry HDU catchment 27 (demo),1580000,646000,6250.0,2625.0,0.65,0.65,0.65,0.65,122,False,98.5,Hot-Dry HDU Climate Station 7 (demo),730618,33.9,-112.34,33.72,-112.12
Hot-Dry & Mixed Dry,higher density urban,HDU,CBSA,10619,Hot-Dry & Mixed Dry HDU catchment 28 (demo),1604000,655800,6340.0,2662.8,0.66,0.66,0.66,0.66,115,False,110.0,Hot-Dry HDU Climate Station 1 (demo),730619,33.93,-112.37,33.75,-112.15
Hot-Dry & Mixed Dry,higher density urban,HDU,CBSA,10620,Hot-Dry & Mixed Dry HDU catchment 29 (demo),1628000,665600,6430.0,2700.6,0.67,0.67,0.67,0.67,108,False,18.0,Hot-Dry HDU Climate Station 2 (demo),730620,33.96,-112.4,33.78,-112.18
Hot-Dry & Mixed Dry,higher density urban,HDU,CBSA,10621,Hot-Dry & Mixed Dry HDU catchment 30 (demo),1651999,675399,6520.0,2738.4,0.68,0.68,0.68,0.68,101,False,29.5,Hot-Dry HDU Climate Station 3 (demo),730621,33.6,-112.04,33.42,-111.82
Hot-Dry & Mixed Dry,higher density urban,HDU,CBSA,10622,Hot-Dry & Mixed Dry HDU catchment 31 (demo),1675999,685200,6610.0,2776.2,0.69,0.69,0.69,0.69,94,False,41.0,Hot-Dry HDU Climate Station 4 (demo),730622,33.63,-112.07,33.45,-111.85
Hot-Dry & Mixed Dry,higher density urban,HDU,CBSA,10623,Hot-Dry & Mixed Dry HDU catchment 32 (demo),1700000,695000,6700.0,2814.0,0.7,0.7,0.7,0.7,87,False,52.5,Hot-Dry HDU Climate Station 5 (demo),730623,33.66,-112.1,33.48,-111.88
Hot-Dry & Mixed Dry,higher density urban,HDU,CBSA,10624,Hot-Dry & Mixed Dry HDU catchment 33 (demo),1724000,704800,6790.0,2851.8,0.71,0.71,0.71,0.71,80,False,64.0,Hot-Dry HDU Climate Station 6 (demo),730624,33.69,-112.13,33.51,-111.91
Hot-Dry & Mixed Dry,higher density urban,HDU,CBSA,10625,Hot-Dry & Mixed Dry HDU catchment 34 (demo),1748000,714600,6880.0,2889.6,0.72,0.72,0.72,0.72,73,False,75.5,Hot-Dry HDU Climate Station 7 (demo),730625,33.72,-112.16,33.54,-111.94
Hot-Dry & Mixed Dry,higher density urban,HDU,CBSA,10626,Hot-Dry & Mixed Dry HDU catchment 35 (demo),1772000,724400,6970.0,2927.4,0.73,0.73,0.73,0.73,66,False,87.0,Hot-Dry HDU Climate Station 1 (demo),730626,33.75,-112.19,33.57,-111.97
Hot-Dry & Mixed Dry,higher density urban,HDU,CBSA,10627,Hot-Dry & Mixed Dry HDU catchment 36 (demo),1796000,734200,7060.0,2965.2,0.74,0.74,0.74,0.74,59,False,98.5,Hot-Dry HDU Climate Station 2 (demo),730627,33.78,-112.22,33.6,-112.0
Hot-Dry & Mixed Dry,higher density urban,HDU,CBSA,10628,Hot-Dry & Mixed Dry HDU catchment 37 (demo),1820000,744000,7150.0,3003.0,0.75,0.75,0.75,0.75,52,False,110.0,Hot-Dry HDU Climate Station 3 (demo),730628,33.81,-112.25,33.63,-112.03
Hot-Dry & Mixed Dry,higher density urban,HDU,CBSA,10629,Hot-Dry & Mixed Dry HDU catchment 38 (demo),1844000,753800,7240.0,3040.8,0.76,0.76,0.76,0.76,45,False,18.0,Hot-Dry HDU Climate Station 4 (demo),730629,33.84,-112.28,33.66,-112.06
Hot-Dry & Mixed Dry,higher density urban,HDU,CBSA,10630,Hot-Dry & Mixed Dry HDU catchment 39 (demo),1868000,763600,7330.0,3078.6,0.77,0.77,0.77,0.77,39,False,29.5,Hot-Dry HDU Climate Station 5 (demo),730630,33.87,-112.31,33.69,-112.09
Hot-Dry & Mixed Dry,higher density urban,HDU,CBSA,10631,Hot-Dry & Mixed Dry HDU catchment 40 (demo),1892000,773400,7420.0,3116.4,0.78,0.78,0.78,0.78,33,False,41.0,Hot-Dry HDU Climate Station 6 (demo),730631,33.9,-112.34,33.72,-112.12
Hot-Dry & Mixed Dry,higher density urban,HDU,CBSA,10632,Hot-Dry & Mixed Dry HDU catchment 41 (demo),1916000,783200,7510.0,3154.2,0.79,0.79,0.79,0.79,27,False,52.5,Hot-Dry HDU Climate Station 7 (demo),730632,33.93,-112.37,33.75,-112.15
Hot-Dry & Mixed Dry,higher density urban,HDU,CBSA,10633,Hot-Dry & Mixed Dry HDU catchment 42 (demo),1940000,793000,7600.0,3192.0,0.8,0.8,0.8,0.8,21,False,64.0,Hot-Dry HDU Climate Station 1 (demo),730633,33.96,-112.4,33.78,-112.18
Hot-Dry & Mixed Dry,higher density urban,HDU,CBSA,10634,Hot-Dry & Mixed Dry HDU catchment 43 (demo),1964000,802800,7690.0,3229.8,0.81,0.81,0.81,0.81,15,False,75.5,Hot-Dry HDU Climate Station 2 (demo),730634,33.6,-112.04,33.42,-111.82
Hot-Dry & Mixed Dry,higher density urban,HDU,CBSA,10635,Hot-Dry & Mixed Dry HDU catchment 44 (demo),1988000,812600,7780.0,3267.6,0.82,0.82,0.82,0.82,9,False,87.0,Hot-Dry HDU Climate Station 3 (demo),730635,33.63,-112.07,33.45,-111.85
Hot-Dry & Mixed Dry,higher density urban,HDU,CBSA,10636,Hot-Dry & Mixed Dry HDU catchment 45 (demo),2012000,822400,7870.0,3305.4,0.83,0.83,0.83,0.83,3,False,98.5,Hot-Dry HDU Climate Station 4 (demo),730636,33.66,-112.1,33.48,-111.88
Hot-Dry & Mixed Dry,higher density urban,HDU,CBSA,10637,Hot-Dry & Mixed Dry HDU catchment 46 (demo),1508000,616600,5980.0,2511.6,0.62,0.62,0.62,0.62,144,False,110.0,Hot-Dry HDU Climate Station 5 (demo),730637,33.69,-112.13,33.51,-111.91
Hot-Dry & Mixed Dry,higher density urban,HDU,CBSA,10638,Hot-Dry & Mixed Dry HDU catchment 47 (demo),1532000,626400,6070.0,2549.4,0.63,0.63,0.63,0.63,137,False,18.0,Hot-Dry HDU Climate Station 6 (demo),730638,33.72,-112.16,33.54,-111.94
Hot-Dry & Mixed Dry,higher density urban,HDU,CBSA,10639,Hot-Dry & Mixed Dry HDU catchment 48 (demo),1556000,636200,6160.0,2587.2,0.64,0.64,0.64,0.64,130,False,29.5,Hot-Dry HDU Climate Station 7 (demo),730639,33.75,-112.19,33.57,-111.97
Hot-Dry & Mixed Dry,higher density urban,HDU,CBSA,10640,Hot-Dry & Mixed Dry HDU catchment 49 (demo),1580000,646000,6250.0,2625.0,0.65,0.65,0.65,0.65,123,False,41.0,Hot-Dry HDU Climate Station 1 (demo),730640,33.78,-112.22,33.6,-112.0
Hot-Dry & Mixed Dry,higher density urban,HDU,CBSA,10641,Hot-Dry & Mixed Dry HDU catchment 50 (demo),1604000,655800,6340.0,2662.8,0.66,0.66,0.66,0.66,116,False,52.5,Hot-Dry HDU Climate Station 2 (demo),730641,33.81,-112.25,33.63,-112.03
Hot-Dry & Mixed Dry,higher density urban,HDU,CBSA,10642,Hot-Dry & Mixed Dry HDU catchment 51 (demo),1628000,665600,6430.0,2700.6,0.67,0.67,0.67,0.67,109,False,64.0,Hot-Dry HDU Climate Station 3 (demo),730642,33.84,-112.28,33.66,-112.06
Hot-Dry & Mixed Dry,higher density urban,HDU,CBSA,10643,Hot-Dry & Mixed Dry HDU catchment 52 (demo),1651999,675399,6520.0,2738.4,0.68,0.68,0.68,0.68,102,False,75.5,Hot-Dry HDU Climate Station 4 (demo),730643,33.87,-112.31,33.69,-112.09
Hot-Dry & Mixed Dry,higher density urban,HDU,CBSA,10644,Hot-Dry & Mixed Dry HDU catchment 53 (demo),1675999,685200,6610.0,2776.2,0.69,0.69,0.69,0.69,95,False,87.0,Hot-Dry HDU Climate Station 5 (demo),730644,33.9,-112.34,33.72,-112.12
Hot-Dry & Mixed Dry,higher density urban,HDU,CBSA,10645,Hot-Dry & Mixed Dry HDU catchment 54 (demo),1700000,695000,6700.0,2814.0,0.7,0.7,0.7,0.7,88,False,98.5,Hot-Dry HDU Climate Station 6 (demo),730645,33.93,-112.37,33.75,-112.15
Hot-Dry & Mixed Dry,higher density urban,HDU,CBSA,10646,Hot-Dry & Mixed Dry HDU catchment 55 (demo),1724000,704800,6790.0,2851.8,0.71,0.71,0.71,0.71,81,False,110.0,Hot-Dry HDU Climate Station 7 (demo),730646,33.96,-112.4,33.78,-112.18
Hot-Dry & Mixed Dry,higher density urban,HDU,CBSA,10647,Hot-Dry & Mixed Dry HDU catchment 56 (demo),1748000,714600,6880.0,2889.6,0.72,0.72,0.72,0.72,74,False,18.0,Hot-Dry HDU Climate Station 1 (demo),730647,33.6,-112.04,33.42,-111.82
Hot-Dry & Mixed Dry,higher density urban,HDU,CBSA,10648,Hot-Dry & Mixed Dry HDU catchment 57 (demo),1772000,724400,6970.0,2927.4,0.73,0.73,0.73,0.73,67,False,29.5,Hot-Dry HDU Climate Station 2 (demo),730648,33.63,-112.07,33.45,-111.85
Hot-Dry & Mixed Dry,higher density urban,HDU,CBSA,10649,Hot-Dry & Mixed Dry HDU catchment 58 (demo),1796000,734200,7060.0,2965.2,0.74,0.74,0.74,0.74,60,False,41.0,Hot-Dry HDU Climate Station 3 (demo),730649,33.66,-112.1,33.48,-111.88
Hot-Dry & Mixed Dry,higher density urban,HDU,CBSA,10650,Hot-Dry & Mixed Dry HDU catchment 59 (demo),1820000,744000,7150.0,3003.0,0.75,0.75,0.75,0.75,53,False,52.5,Hot-Dry HDU Climate Station 4 (demo),730650,33.69,-112.13,33.51,-111.91
Hot-Dry & Mixed Dry,higher density urban,HDU,CBSA,10651,Hot-Dry & Mixed Dry HDU catchment 60 (demo),1844000,753800,7240.0,3040.8,0.76,0.76,0.76,0.76,46,False,64.0,Hot-Dry HDU Climate Station 5 (demo),730651,33.72,-112.16,33.54,-111.94
Hot-Dry & Mixed Dry,higher density urban,HDU,CBSA,10652,Hot-Dry & Mixed Dry HDU catchment 61 (demo),1868000,763600,7330.0,3078.6,0.77,0.77,0.77,0.77,40,False,75.5,Hot-Dry HDU Climate Station 6 (demo),730652,33.75,-112.19,33.57,-111.97
Hot-Dry & Mixed Dry,higher density urban,HDU,CBSA,10653,Hot-Dry & Mixed Dry HDU catchment 62 (demo),1892000,773400,7420.0,3116.4,0.78,0.78,0.78,0.78,34,False,87.0,Hot-Dry HDU Climate Station 7 (demo),730653,33.78,-112.22,33.6,-112.0
Hot-Dry & Mixed Dry,higher density urban,HDU,CBSA,10654,Hot-Dry & Mixed Dry HDU catchment 63 (demo),1916000,783200,7510.0,3154.2,0.79,0.79,0.79,0.79,28,False,98.5,Hot-Dry HDU Climate Station 1 (demo),730654,33.81,-112.25,33.63,-112.03
Hot-Dry & Mixed Dry,higher density urban,HDU,CBSA,10655,Hot-Dry & Mixed Dry HDU catchment 64 (demo),1940000,793000,7600.0,3192.0,0.8,0.8,0.8,0.8,22,False,110.0,Hot-Dry HDU Climate Station 2 (demo),730655,33.84,-112.28,33.66,-112.06
Hot-Dry & Mixed Dry,higher density urban,HDU,CBSA,10656,Hot-Dry & Mixed Dry HDU catchment 65 (demo),1964000,802800,7690.0,3229.8,0.81,0.81,0.81,0.81,16,False,18.0,Hot-Dry HDU Climate Station 3 (demo),730656,33.87,-112.31,33.69,-112.09
Hot-Dry & Mixed Dry,higher density urban,HDU,CBSA,10657,Hot-Dry & Mixed Dry HDU catchment 66 (demo),1988000,812600,7780.0,3267.6,0.82,0.82,0.82,0.82,10,False,29.5,Hot-Dry HDU Climate Station 4 (demo),730657,33.9,-112.34,33.72,-112.12
Hot-Dry & Mixed Dry,higher density urban,HDU,CBSA,10658,Hot-Dry & Mixed Dry HDU catchment 67 (demo),2012000,822400,7870.0,3305.4,0.83,0.83,0.83,0.83,4,False,41.0,Hot-Dry HDU Climate Station 5 (demo),730658,33.93,-112.37,33.75,-112.15
Hot-Dry & Mixed Dry,higher density urban,HDU,CBSA,10659,Hot-Dry & Mixed Dry HDU catchment 68 (demo),1508000,616600,5980.0,2511.6,0.62,0.62,0.62,0.62,145,False,52.5,Hot-Dry HDU Climate Station 6 (demo),730659,33.96,-112.4,33.78,-112.18
Hot-Dry & Mixed Dry,higher density urban,HDU,CBSA,10660,Hot-Dry & Mixed Dry HDU catchment 69 (demo),1532000,626400,6070.0,2549.4,0.63,0.63,0.63,0.63,138,False,64.0,Hot-Dry HDU Climate Station 7 (demo),730660,33.6,-112.04,33.42,-111.82
Hot-Dry & Mixed Dry,higher density urban,HDU,CBSA,10661,Hot-Dry & Mixed Dry HDU catchment 70 (demo),1556000,636200,6160.0,2587.2,0.64,0.64,0.64,0.64,131,False,75.5,Hot-Dry HDU Climate Station 1 (demo),730661,33.63,-112.07,33.45,-111.85
Hot-Dry & Mixed Dry,higher density urban,HDU,CBSA,10662,Hot-Dry & Mixed Dry HDU catchment 71 (demo),1580000,646000,6250.0,2625.0,0.65,0.65,0.65,0.65,124,False,87.0,Hot-Dry HDU Climate Station 2 (demo),730662,33.66,-112.1,33.48,-111.88
Hot-Dry & Mixed Dry,higher density urban,HDU,CBSA,10663,Hot-Dry & Mixed Dry HDU catchment 72 (demo),1604000,655800,6340.0,2662.8,0.66,0.66,0.66,0.66,117,False,98.5,Hot-Dry HDU Climate Station 3 (demo),730663,33.69,-112.13,33.51,-111.91
Hot-Dry & Mixed Dry,higher density urban,HDU,CBSA,10664,Hot-Dry & Mixed Dry HDU catchment 73 (demo),1628000,665600,6430.0,2700.6,0.67,0.67,0.67,0.67,110,False,110.0,Hot-Dry HDU Climate Station 4 (demo),730664,33.72,-112.16,33.54,-111.94
Hot-Dry & Mixed Dry,higher density urban,HDU,CBSA,10665,Hot-Dry & Mixed Dry HDU catchment 74 (demo),1651999,675399,6520.0,2738.4,0.68,0.68,0.68,0.68,103,False,18.0,Hot-Dry HDU Climate Station 5 (demo),730665,33.75,-112.19,33.57,-111.97
Hot-Dry & Mixed Dry,higher density urban,HDU,CBSA,10666,Hot-Dry & Mixed Dry HDU catchment 75 (demo),1675999,685200,6610.0,2776.2,0.69,0.69,0.69,0.69,96,False,29.5,Hot-Dry HDU Climate Station 6 (demo),730666,33.78,-112.22,33.6,-112.0
Hot-Dry & Mixed Dry,higher density urban,HDU,CBSA,10667,Hot-Dry & Mixed Dry HDU catchment 76 (demo),1700000,695000,6700.0,2814.0,0.7,0.7,0.7,0.7,89,False,41.0,Hot-Dry HDU Climate Station 7 (demo),730667,33.81,-112.25,33.63,-112.03
Hot-Dry & Mixed Dry,higher density urban,HDU,CBSA,10668,Hot-Dry & Mixed Dry HDU catchment 77 (demo),1724000,704800,6790.0,2851.8,0.71,0.71,0.71,0.71,82,False,52.5,Hot-Dry HDU Climate Station 1 (demo),730668,33.84,-112.28,33.66,-112.06
Hot-Dry & Mixed Dry,higher density urban,HDU,CBSA,10669,Hot-Dry & Mixed Dry HDU catchment 78 (demo),1748000,714600,6880.0,2889.6,0.72,0.72,0.72,0.72,75,False,64.0,Hot-Dry HDU Climate Station 2 (demo),730669,33.87,-112.31,33.69,-112.09
Hot-Dry & Mixed Dry,higher density urban,HDU,CBSA,10670,Hot-Dry & Mixed Dry HDU catchment 79 (demo),1772000,724400,6970.0,2927.4,0.73,0.73,0.73,0.73,68,False,75.5,Hot-Dry HDU Climate Station 3 (demo),730670,33.9,-112.34,33.72,-112.12
Hot-Dry & Mixed Dry,higher density urban,HDU,CBSA,10671,Hot-Dry & Mixed Dry HDU catchment 80 (demo),1796000,734200,7060.0,2965.2,0.74,0.74,0.74,0.74,61,False,87.0,Hot-Dry HDU Climate Station 4 (demo),730671,33.93,-112.37,33.75,-112.15
Hot-Dry & Mixed Dry,higher density urban,HDU,CBSA,10672,Hot-Dry & Mixed Dry HDU catchment 81 (demo),1820000,744000,7150.0,3003.0,0.75,0.75,0.75,0.75,54,False,98.5,Hot-Dry HDU Climate Station 5 (demo),730672,33.96,-112.4,33.78,-112.18
Hot-Dry & Mixed Dry,higher density urban,HDU,CBSA,10673,Hot-Dry & Mixed Dry HDU catchment 82 (demo),1844000,753800,7240.0,3040.8,0.76,0.76,0.76,0.76,47,False,110.0,Hot-Dry HDU Climate Station 6 (demo),730673,33.6,-112.04,33.42,-111.82
Hot-Dry & Mixed Dry,higher density urban,HDU,CBSA,10674,Hot-Dry & Mixed Dry HDU catchment 83 (demo),1868000,763600,7330.0,3078.6,0.77,0.77,0.77,0.77,41,False,18.0,Hot-Dry HDU Climate Station 7 (demo),730674,33.63,-112.07,33.45,-111.85
Hot-Dry & Mixed Dry,higher density urban,HDU,CBSA,10675,Hot-Dry & Mixed Dry HDU catchment 84 (demo),1892000,773400,7420.0,3116.4,0.78,0.78,0.78,0.78,35,False,29.5,Hot-Dry HDU Climate Station 1 (demo),730675,33.66,-112.1,33.48,-111.88
Hot-Dry & Mixed Dry,higher density urban,HDU,CBSA,10676,Hot-Dry & Mixed Dry HDU catchment 85 (demo),1916000,783200,7510.0,3154.2,0.79,0.79,0.79,0.79,29,False,41.0,Hot-Dry HDU Climate Station 2 (demo),730676,33.69,-112.13,33.51,-111.91
Hot-Dry & Mixed Dry,higher density urban,HDU,CBSA,10677,Hot-Dry & Mixed Dry HDU catchment 86 (demo),1940000,793000,7600.0,3192.0,0.8,0.8,0.8,0.8,23,False,52.5,Hot-Dry HDU Climate Station 3 (demo),730677,33.72,-112.16,33.54,-111.94
Hot-Dry & Mixed Dry,higher density urban,HDU,CBSA,10678,Hot-Dry & Mixed Dry HDU catchment 87 (demo),1964000,802800,7690.0,3229.8,0.81,0.81,0.81,0.81,17,False,64.0,Hot-Dry HDU Climate Station 4 (demo),730678,33.75,-112.19,33.57,-111.97
Hot-Dry & Mixed Dry,higher density urban,HDU,CBSA,10679,Hot-Dry & Mixed Dry HDU catchment 88 (demo),1988000,812600,7780.0,3267.6,0.82,0.82,0.82,0.82,11,False,75.5,Hot-Dry HDU Climate Station 5 (demo),730679,33.78,-112.22,33.6,-112.0
Hot-Dry & Mixed Dry,higher density urban,HDU,CBSA,10680,Hot-Dry & Mixed Dry HDU catchment 89 (demo),2012000,822400,7870.0,3305.4,0.83,0.83,0.83,0.83,5,False,87.0,Hot-Dry HDU Climate Station 6 (demo),730680,33.81,-112.25,33.63,-112.03
Hot-Dry & Mixed Dry,higher density urban,HDU,CBSA,10681,Hot-Dry & Mixed Dry HDU catchment 90 (demo),1508000,616600,5980.0,2511.6,0.62,0.62,0.62,0.62,146,False,98.5,Hot-Dry HDU Climate Station 7 (demo),730681,33.84,-112.28,33.66,-112.06
Hot-Dry & Mixed Dry,higher density urban,HDU,CBSA,10682,Hot-Dry & Mixed Dry HDU catchment 91 (demo),1532000,626400,6070.0,2549.4,0.63,0.63,0.63,0.63,139,False,110.0,Hot-Dry HDU Climate Station 1 (demo),730682,33.87,-112.31,33.69,-112.09
Hot-Dry & Mixed Dry,higher density urban,HDU,CBSA,10683,Hot-Dry & Mixed Dry HDU catchment 92 (demo),1556000,636200,6160.0,2587.2,0.64,0.64,0.64,0.64,132,False,18.0,Hot-Dry HDU Climate Station 2 (demo),730683,33.9,-112.34,33.72,-112.12
Hot-Dry & Mixed Dry,higher density urban,HDU,CBSA,10684,Hot-Dry & Mixed Dry HDU catchment 93 (demo),1580000,646000,6250.0,2625.0,0.65,0.65,0.65,0.65,125,False,29.5,Hot-Dry HDU Climate Station 3 (demo),730684,33.93,-112.37,33.75,-112.15
Hot-Dry & Mixed Dry,higher density urban,HDU,CBSA,10685,Hot-Dry & Mixed Dry HDU catchment 94 (demo),1604000,655800,6340.0,2662.8,0.66,0.66,0.66,0.66,118,False,41.0,Hot-Dry HDU Climate Station 4 (demo),730685,33.96,-112.4,33.78,-112.18
Hot-Dry & Mixed Dry,higher density urban,HDU,CBSA,10686,Hot-Dry & Mixed Dry HDU catchment 95 (demo),1628000,665600,6430.0,2700.6,0.67,0.67,0.67,0.67,111,False,52.5,Hot-Dry HDU Climate Station 5 (demo),730686,33.6,-112.04,33.42,-111.82
Hot-Dry & Mixed Dry,higher density urban,HDU,CBSA,10687,Hot-Dry & Mixed Dry HDU catchment 96 (demo),1651999,675399,6520.0,2738.4,0.68,0.68,0.68,0.68,104,False,64.0,Hot-Dry HDU Climate Station 6 (demo),730687,33.63,-112.07,33.45,-111.85
Hot-Dry & Mixed Dry,higher density urban,HDU,CBSA,10688,Hot-Dry & Mixed Dry HDU catchment 97 (demo),1675999,685200,6610.0,2776.2,0.69,0.69,0.69,0.69,97,False,75.5,Hot-Dry HDU Climate Station 7 (demo),730688,33.66,-112.1,33.48,-111.88
Hot-Dry & Mixed Dry,higher density urban,HDU,CBSA,10689,Hot-Dry & Mixed Dry HDU catchment 98 (demo),1700000,695000,6700.0,2814.0,0.7,0.7,0.7,0.7,90,False,87.0,Hot-Dry HDU Climate Station 1 (demo),730689,33.69,-112.13,33.51,-111.91
Hot-Dry & Mixed Dry,higher density urban,HDU,CBSA,10690,Hot-Dry & Mixed Dry HDU catchment 99 (demo),1724000,704800,6790.0,2851.8,0.71,0.71,0.71,0.71,83,False,98.5,Hot-Dry HDU Climate Station 2 (demo),730690,33.72,-112.16,33.54,-111.94
Hot-Dry & Mixed Dry,higher density urban,HDU,CBSA,10691,Hot-Dry & Mixed Dry HDU catchment 100 (demo),1748000,714600,6880.0,2889.6,0.72,0.72,0.72,0.72,76,False,110.0,Hot-Dry HDU Climate Station 3 (demo),730691,33.75,-112.19,33.57,-111.97
Hot-Dry & Mixed Dry,higher density urban,HDU,CBSA,10692,Hot-Dry & Mixed Dry HDU catchment 101 (demo),1772000,724400,6970.0,2927.4,0.73,0.73,0.73,0.73,69,False,18.0,Hot-Dry HDU Climate Station 4 (demo),730692,33.78,-112.22,33.6,-112.0
Hot-Dry & Mixed Dry,higher density urban,HDU,CBSA,10693,Hot-Dry & Mixed Dry HDU catchment 102 (demo),1796000,734200,7060.0,2965.2,0.74,0.74,0.74,0.74,62,False,29.5,Hot-Dry HDU Climate Station 5 (demo),730693,33.81,-112.25,33.63,-112.03
Hot-Dry & Mixed Dry,higher density urban,HDU,CBSA,10694,Hot-Dry & Mixed Dry HDU catchment 103 (demo),1820000,744000,7150.0,3003.0,0.75,0.75,0.75,0.75,55,False,41.0,Hot-Dry HDU Climate Station 6 (demo),730694,33.84,-112.28,33.66,-112.06
Hot-Dry & Mixed Dry,higher density urban,HDU,CBSA,10695,Hot-Dry & Mixed Dry HDU catchment 104 (demo),1844000,753800,7240.0,3040.8,0.76,0.76,0.76,0.76,48,False,52.5,Hot-Dry HDU Climate Station 7 (demo),730695,33.87,-112.31,33.69,-112.09
Hot-Dry & Mixed Dry,higher density urban,HDU,CBSA,10696,Hot-Dry & Mixed Dry HDU catchment 105 (demo),1868000,763600,7330.0,3078.6,0.77,0.77,0.77,0.77,42,False,64.0,Hot-Dry HDU Climate Station 1 (demo),730696,33.9,-112.34,33.72,-112.12
Hot-Dry & Mixed Dry,higher density urban,HDU,CBSA,10697,Hot-Dry & Mixed Dry HDU catchment 106 (demo),1892000,773400,7420.0,3116.4,0.78,0.78,0.78,0.78,36,False,75.5,Hot-Dry HDU Climate Station 2 (demo),730697,33.93,-112.37,33.75,-112.15
Hot-Dry & Mixed Dry,higher density urban,HDU,CBSA,10698,Hot-Dry & Mixed Dry HDU catchment 107 (demo),1916000,783200,7510.0,3154.2,0.79,0.79,0.79,0.79,30,False,87.0,Hot-Dry HDU Climate Station 3 (demo),730698,33.96,-112.4,33.78,-112.18
Hot-Dry & Mixed Dry,higher density urban,HDU,CBSA,10699,Hot-Dry & Mixed Dry HDU catchment 108 (demo),1940000,793000,7600.0,3192.0,0.8,0.8,0.8,0.8,24,False,98.5,Hot-Dry HDU Climate Station 4 (demo),730699,33.6,-112.04,33.42,-111.82
Hot-Dry & Mixed Dry,higher density urban,HDU,CBSA,10700,Hot-Dry & Mixed Dry HDU catchment 109 (demo),1964000,802800,7690.0,3229.8,0.81,0.81,0.81,0.81,18,False,110.0,Hot-Dry HDU Climate Station 5 (demo),730700,33.63,-112.07,33.45,-111.85
Hot-Dry & Mixed Dry,higher density urban,HDU,CBSA,10701,Hot-Dry & Mixed Dry HDU catchment 110 (demo),1988000,812600,7780.0,3267.6,0.82,0.82,0.82,0.82,12,False,18.0,Hot-Dry HDU Climate Station 6 (demo),730701,33.66,-112.1,33.48,-111.88
Hot-Dry & Mixed Dry,higher density urban,HDU,CBSA,10702,Hot-Dry & Mixed Dry HDU catchment 111 (demo),2012000,822400,7870.0,3305.4,0.83,0.83,0.83,0.83,6,False,29.5,Hot-Dry HDU Climate Station 7 (demo),730702,33.69,-112.13,33.51,-111.91
Hot-Dry & Mixed Dry,higher density urban,HDU,CBSA,10703,Hot-Dry & Mixed Dry HDU catchment 112 (demo),1508000,616600,5980.0,2511.6,0.62,0.62,0.62,0.62,147,False,41.0,Hot-Dry HDU Climate Station 1 (demo),730703,33.72,-112.16,33.54,-111.94
Hot-Dry & Mixed Dry,higher density urban,HDU,CBSA,10704,Hot-Dry & Mixed Dry HDU catchment 113 (demo),1532000,626400,6070.0,2549.4,0.63,0.63,0.63,0.63,140,False,52.5,Hot-Dry HDU Climate Station 2 (demo),730704,33.75,-112.19,33.57,-111.97
Hot-Dry & Mixed Dry,higher density urban,HDU,CBSA,10705,Hot-Dry & Mixed Dry HDU catchment 114 (demo),1556000,636200,6160.0,2587.2,0.64,0.64,0.64,0.64,133,False,64.0,Hot-Dry HDU Climate Station 3 (demo),730705,33.78,-112.22,33.6,-112.0
Hot-Dry & Mixed Dry,higher density urban,HDU,CBSA,10706,Hot-Dry & Mixed Dry HDU catchment 115 (demo),1580000,646000,6250.0,2625.0,0.65,0.65,0.65,0.65,126,False,75.5,Hot-Dry HDU Climate Station 4 (demo),730706,33.81,-112.25,33.63,-112.03
Hot-Dry & Mixed Dry,higher density urban,HDU,CBSA,10707,Hot-Dry & Mixed Dry HDU catchment 116 (demo),1604000,655800,6340.0,2662.8,0.66,0.66,0.66,0.66,119,False,87.0,Hot-Dry HDU Climate Station 5 (demo),730707,33.84,-112.28,33.66,-112.06
Hot-Dry & Mixed Dry,higher density urban,HDU,CBSA,10708,Hot-Dry & Mixed Dry HDU catchment 117 (demo),1628000,665600,6430.0,2700.6,0.67,0.67,0.67,0.67,112,False,98.5,Hot-Dry HDU Climate Station 6 (demo),730708,33.87,-112.31,33.69,-112.09
Hot-Dry & Mixed Dry,higher density urban,HDU,CBSA,10709,Hot-Dry & Mixed Dry HDU catchment 118 (demo),1651999,675399,6520.0,2738.4,0.68,0.68,0.68,0.68,105,False,110.0,Hot-Dry HDU Climate Station 7 (demo),730709,33.9,-112.34,33.72,-112.12
Hot-Dry & Mixed Dry,higher density urban,HDU,CBSA,10710,Hot-Dry & Mixed Dry HDU catchment 119 (demo),1675999,685200,6610.0,2776.2,0.69,0.69,0.69,0.69,98,False,18.0,Hot-Dry HDU Climate Station 1 (demo),730710,33.93,-112.37,33.75,-112.15
Hot-Dry & Mixed Dry,higher density urban,HDU,CBSA,10711,Hot-Dry & Mixed Dry HDU catchment 120 (demo),1700000,695000,6700.0,2814.0,0.7,0.7,0.7,0.7,91,False,29.5,Hot-Dry HDU Climate Station 2 (demo),730711,33.96,-112.4,33.78,-112.18
Hot-Dry & Mixed Dry,higher density urban,HDU,CBSA,10712,Hot-Dry & Mixed Dry HDU catchment 121 (demo),1724000,704800,6790.0,2851.8,0.71,0.71,0.71,0.71,84,False,41.0,Hot-Dry HDU Climate Station 3 (demo),730712,33.6,-112.04,33.42,-111.82
Hot-Dry & Mixed Dry,higher density urban,HDU,CBSA,10713,Hot-Dry & Mixed Dry HDU catchment 122 (demo),1748000,714600,6880.0,2889.6,0.72,0.72,0.72,0.72,77,False,52.5,Hot-Dry HDU Climate Station 4 (demo),730713,33.63,-112.07,33.45,-111.85
Hot-Dry & Mixed Dry,higher density urban,HDU,CBSA,10714,Hot-Dry & Mixed Dry HDU catchment 123 (demo),1772000,724400,6970.0,2927.4,0.73,0.73,0.73,0.73,70,False,64.0,Hot-Dry HDU Climate Station 5 (demo),730714,33.66,-112.1,33.48,-111.88
Hot-Dry & Mixed Dry,higher density urban,HDU,CBSA,10715,Hot-Dry & Mixed Dry HDU catchment 124 (demo),1796000,734200,7060.0,2965.2,0.74,0.74,0.74,0.74,63,False,75.5,Hot-Dry HDU Climate Station 6 (demo),730715,33.69,-112.13,33.51,-111.91
Hot-Dry & Mixed Dry,higher density urban,HDU,CBSA,10716,Hot-Dry & Mixed Dry HDU catchment 125 (demo),1820000,744000,7150.0,3003.0,0.75,0.75,0.75,0.75,56,False,87.0,Hot-Dry HDU Climate Station 7 (demo),730716,33.72,-112.16,33.54,-111.94
Hot-Dry & Mixed Dry,higher density urban,HDU,CBSA,10717,Hot-Dry & Mixed Dry HDU catchment 126 (demo),1844000,753800,7240.0,3040.8,0.76,0.76,0.76,0.76,49,False,98.5,Hot-Dry HDU Climate Station 1 (demo),730717,33.75,-112.19,33.57,-111.97
Hot-Dry & Mixed Dry,higher density urban,HDU,CBSA,10718,Hot-Dry & Mixed Dry HDU catchment 127 (demo),1868000,763600,7330.0,3078.6,0.77,0.77,0.77,0.77,43,False,110.0,Hot-Dry HDU Climate Station 2 (demo),730718,33.78,-112.22,33.6,-112.0
Hot-Dry & Mixed Dry,higher density urban,HDU,CBSA,10719,Hot-Dry & Mixed Dry HDU catchment 128 (demo),1892000,773400,7420.0,3116.4,0.78,0.78,0.78,0.78,37,False,18.0,Hot-Dry HDU Climate Station 3 (demo),730719,33.81,-112.25,33.63,-112.03
Hot-Dry & Mixed Dry,higher density urban,HDU,CBSA,10720,Hot-Dry & Mixed Dry HDU catchment 129 (demo),1916000,783200,7510.0,3154.2,0.79,0.79,0.79,0.79,31,False,29.5,Hot-Dry HDU Climate Station 4 (demo),730720,33.84,-112.28,33.66,-112.06
Hot-Dry & Mixed Dry,higher density urban,HDU,CBSA,10721,Hot-Dry & Mixed Dry HDU catchment 130 (demo),1940000,793000,7600.0,3192.0,0.8,0.8,0.8,0.8,25,False,41.0,Hot-Dry HDU Climate Station 5 (demo),730721,33.87,-112.31,33.69,-112.09
Hot-Dry & Mixed Dry,higher density urban,HDU,CBSA,10722,Hot-Dry & Mixed Dry HDU catchment 131 (demo),1964000,802800,7690.0,3229.8,0.81,0.81,0.81,0.81,19,False,52.5,Hot-Dry HDU Climate Station 6 (demo),730722,33.9,-112.34,33.72,-112.12
Hot-Dry & Mixed Dry,higher density urban,HDU,CBSA,10723,Hot-Dry & Mixed Dry HDU catchment 132 (demo),1988000,812600,7780.0,3267.6,0.82,0.82,0.82,0.82,13,False,64.0,Hot-Dry HDU Climate Station 7 (demo),730723,33.93,-112.37,33.75,-112.15
Hot-Dry & Mixed Dry,higher density urban,HDU,CBSA,10724,Hot-Dry & Mixed Dry HDU catchment 133 (demo),2012000,822400,7870.0,3305.4,0.83,0.83,0.83,0.83,7,False,75.5,Hot-Dry HDU Climate Station 1 (demo),730724,33.96,-112.4,33.78,-112.18
Hot-Dry & Mixed Dry,higher density urban,HDU,CBSA,10725,Hot-Dry & Mixed Dry HDU catchment 134 (demo),1508000,616600,5980.0,2511.6,0.62,0.62,0.62,0.62,148,False,87.0,Hot-Dry HDU Climate Station 2 (demo),730725,33.6,-112.04,33.42,-111.82
Hot-Dry & Mixed Dry,higher density urban,HDU,CBSA,10726,Hot-Dry & Mixed Dry HDU catchment 135 (demo),1532000,626400,6070.0,2549.4,0.63,0.63,0.63,0.63,141,False,98.5,Hot-Dry HDU Climate Station 3 (demo),730726,33.63,-112.07,33.45,-111.85
Hot-Dry & Mixed Dry,higher density urban,HDU,CBSA,10727,Hot-Dry & Mixed Dry HDU catchment 136 (demo),1556000,636200,6160.0,2587.2,0.64,0.64,0.64,0.64,134,False,110.0,Hot-Dry HDU Climate Station 4 (demo),730727,33.66,-112.1,33.48,-111.88
Hot-Dry & Mixed Dry,higher density urban,HDU,CBSA,10728,Hot-Dry & Mixed Dry HDU catchment 137 (demo),1580000,646000,6250.0,2625.0,0.65,0.65,0.65,0.65,127,False,18.0,Hot-Dry HDU Climate Station 5 (demo),730728,33.69,-112.13,33.51,-111.91
Hot-Dry & Mixed Dry,higher density urban,HDU,CBSA,10729,Hot-Dry & Mixed Dry HDU catchment 138 (demo),1604000,655800,6340.0,2662.8,0.66,0.66,0.66,0.66,120,False,29.5,Hot-Dry HDU Climate Station 6 (demo),730729,33.72,-112.16,33.54,-111.94
Hot-Dry & Mixed Dry,higher density urban,HDU,CBSA,10730,Hot-Dry & Mixed Dry HDU catchment 139 (demo),1628000,665600,6430.0,2700.6,0.67,0.67,0.67,0.67,113,False,41.0,Hot-Dry HDU Climate Station 7 (demo),730730,33.75,-112.19,33.57,-111.97
Hot-Dry & Mixed Dry,higher density urban,HDU,CBSA,10731,Hot-Dry & Mixed Dry HDU catchment 140 (demo),1651999,675399,6520.0,2738.4,0.68,0.68,0.68,0.68,106,False,52.5,Hot-Dry HDU Climate Station 1 (demo),730731,33.78,-112.22,33.6,-112.0
Hot-Dry & Mixed Dry,higher density urban,HDU,CBSA,10732,Hot-Dry & Mixed Dry HDU catchment 141 (demo),1675999,685200,6610.0,2776.2,0.69,0.69,0.69,0.69,99,False,64.0,Hot-Dry HDU Climate Station 2 (demo),730732,33.81,-112.25,33.63,-112.03
Hot-Dry & Mixed Dry,higher density urban,HDU,CBSA,10733,Hot-Dry & Mixed Dry HDU catchment 142 (demo),1700000,695000,6700.0,2814.0,0.7,0.7,0.7,0.7,92,False,75.5,Hot-Dry HDU Climate Station 3 (demo),730733,33.84,-112.28,33.66,-112.06
Hot-Dry & Mixed Dry,higher density urban,HDU,CBSA,10734,Hot-Dry & Mixed Dry HDU catchment 143 (demo),1724000,704800,6790.0,2851.8,0.71,0.71,0.71,0.71,85,False,87.0,Hot-Dry HDU Climate Station 4 (demo),730734,33.87,-112.31,33.69,-112.09
Hot-Dry & Mixed Dry,higher density urban,HDU,CBSA,10735,Hot-Dry & Mixed Dry HDU catchment 144 (demo),1748000,714600,6880.0,2889.6,0.72,0.72,0.72,0.72,78,False,98.5,Hot-Dry HDU Climate Station 5 (demo),730735,33.9,-112.34,33.72,-112.12
Hot-Dry & Mixed Dry,higher density urban,HDU,CBSA,10736,Hot-Dry & Mixed Dry HDU catchment 145 (demo),1772000,724400,6970.0,2927.4,0.73,0.73,0.73,0.73,71,False,110.0,Hot-Dry HDU Climate Station 6 (demo),730736,33.93,-112.37,33.75,-112.15
Hot-Dry & Mixed Dry,higher density urban,HDU,CBSA,10737,Hot-Dry & Mixed Dry HDU catchment 146 (demo),1796000,734200,7060.0,2965.2,0.74,0.74,0.74,0.74,64,False,18.0,Hot-Dry HDU Climate Station 7 (demo),730737,33.96,-112.4,33.78,-112.18
Hot-Dry & Mixed Dry,higher density urban,HDU,CBSA,10738,Hot-Dry & Mixed Dry HDU catchment 147 (demo),1820000,744000,7150.0,3003.0,0.75,0.75,0.75,0.75,57,False,29.5,Hot-Dry HDU Climate Station 1 (demo),730738,33.6,-112.04,33.42,-111.82
Hot-Dry & Mixed Dry,higher density urban,HDU,CBSA,10739,Hot-Dry & Mixed Dry HDU catchment 148 (demo),1844000,753800,7240.0,3040.8,0.76,0.76,0.76,0.76,50,False,41.0,Hot-Dry HDU Climate Station 2 (demo),730739,33.63,-112.07,33.45,-111.85
Hot-Dry & Mixed Dry,lower density urban,LDU,CBSA,10740,Hot-Dry & Mixed Dry LDU catchment 1 (demo),2180000,891000,8500.0,3570.0,0.9,0.9,0.9,0.9,1,True,52.5,Hot-Dry LDU Climate Station 3 (demo),730740,34.26,-111.7,34.08,-111.48
Hot-Dry & Mixed Dry,lower density urban,LDU,CBSA,10741,Hot-Dry & Mixed Dry LDU catchment 2 (demo),1508000,616600,5980.0,2511.6,0.62,0.62,0.62,0.62,142,False,64.0,Hot-Dry LDU Climate Station 4 (demo),730741,34.29,-111.73,34.11,-111.51
Hot-Dry & Mixed Dry,lower density urban,LDU,CBSA,10742,Hot-Dry & Mixed Dry LDU catchment 3 (demo),1532000,626400,6070.0,2549.4,0.63,0.63,0.63,0.63,135,False,75.5,Hot-Dry LDU Climate Station 5 (demo),730742,34.32,-111.76,34.14,-111.54
Hot-Dry & Mixed Dry,lower density urban,LDU,CBSA,10743,Hot-Dry & Mixed Dry LDU catchment 4 (demo),1556000,636200,6160.0,2587.2,0.64,0.64,0.64,0.64,128,False,87.0,Hot-Dry LDU Climate Station 6 (demo),730743,34.35,-111.79,34.17,-111.57
Hot-Dry & Mixed Dry,lower density urban,LDU,CBSA,10744,Hot-Dry & Mixed Dry LDU catchment 5 (demo),1580000,646000,6250.0,2625.0,0.65,0.65,0.65,0.65,121,False,98.5,Hot-Dry LDU Climate Station 7 (demo),730744,34.38,-111.82,34.2,-111.6
Hot-Dry & Mixed Dry,lower density urban,LDU,CBSA,10745,Hot-Dry & Mixed Dry LDU catchment 6 (demo),1604000,655800,6340.0,2662.8,0.66,0.66,0.66,0.66,114,False,110.0,Hot-Dry LDU Climate Station 1 (demo),730745,34.41,-111.85,34.23,-111.63
Hot-Dry & Mixed Dry,lower density urban,LDU,CBSA,10746,Hot-Dry & Mixed Dry LDU catchment 7 (demo),1628000,665600,6430.0,2700.6,0.67,0.67,0.67,0.67,107,False,18.0,Hot-Dry LDU Climate Station 2 (demo),730746,34.44,-111.88,34.26,-111.66
Hot-Dry & Mixed Dry,lower density urban,LDU,CBSA,10747,Hot-Dry & Mixed Dry LDU catchment 8 (demo),1651999,675399,6520.0,2738.4,0.68,0.68,0.68,0.68,100,False,29.5,Hot-Dry LDU Climate Station 3 (demo),730747,34.47,-111.91,34.29,-111.69
Hot-Dry & Mixed Dry,lower density urban,LDU,CBSA,10748,Hot-Dry & Mixed Dry LDU catchment 9 (demo),1675999,685200,6610.0,2776.2,0.69,0.69,0.69,0.69,93,False,41.0,Hot-Dry LDU Climate Station 4 (demo),730748,34.5,-111.94,34.32,-111.72
Hot-Dry & Mixed Dry,lower density urban,LDU,CBSA,10749,Hot-Dry & Mixed Dry LDU catchment 10 (demo),1700000,695000,6700.0,2814.0,0.7,0.7,0.7,0.7,86,False,52.5,Hot-Dry LDU Climate Station 5 (demo),730749,34.53,-111.97,34.35,-111.75
Hot-Dry & Mixed Dry,lower density urban,LDU,CBSA,10750,Hot-Dry & Mixed Dry LDU catchment 11 (demo),1724000,704800,6790.0,2851.8,0.71,0.71,0.71,0.71,79,False,64.0,Hot-Dry LDU Climate Station 6 (demo),730750,34.56,-112.0,34.38,-111.78
Hot-Dry & Mixed Dry,lower density urban,LDU,CBSA,10751,Hot-Dry & Mixed Dry LDU catchment 12 (demo),1748000,714600,6880.0,2889.6,0.72,0.72,0.72,0.72,72,False,75.5,Hot-Dry LDU Climate Station 7 (demo),730751,34.2,-111.64,34.02,-111.42
Hot-Dry & Mixed Dry,lower density urban,LDU,CBSA,10752,Hot-Dry & Mixed Dry LDU catchment 13 (demo),1772000,724400,6970.0,2927.4,0.73,0.73,0.73,0.73,65,False,87.0,Hot-Dry LDU Climate Station 1 (demo),730752,34.23,-111.67,34.05,-111.45
Hot-Dry & Mixed Dry,lower density urban,LDU,CBSA,10753,Hot-Dry & Mixed Dry LDU catchment 14 (demo),1796000,734200,7060.0,2965.2,0.74,0.74,0.74,0.74,58,False,98.5,Hot-Dry LDU Climate Station 2 (demo),730753,34.26,-111.7,34.08,-111.48
Hot-Dry & Mixed Dry,lower density urban,LDU,CBSA,10754,Hot-Dry & Mixed Dry LDU catchment 15 (demo),1820000,744000,7150.0,3003.0,0.75,0.75,0.75,0.75,51,False,110.0,Hot-Dry LDU Climate Station 3 (demo),730754,34.29,-111.73,34.11,-111.51
Hot-Dry & Mixed Dry,lower density urban,LDU,CBSA,10755,Hot-Dry & Mixed Dry LDU catchment 16 (demo),1844000,753800,7240.0,3040.8,0.76,0.76,0.76,0.76,44,False,18.0,Hot-Dry LDU Climate Station 4 (demo),730755,34.32,-111.76,34.14,-111.54
Hot-Dry & Mixed Dry,lower density urban,LDU,CBSA,10756,Hot-Dry & Mixed Dry LDU catchment 17 (demo),1868000,763600,7330.0,3078.6,0.77,0.77,0.77,0.77,38,False,29.5,Hot-Dry LDU Climate Station 5 (demo),730756,34.35,-111.79,34.17,-111.57
Hot-Dry & Mixed Dry,lower density urban,LDU,CBSA,10757,Hot-Dry & Mixed Dry LDU catchment 18 (demo),1892000,773400,7420.0,3116.4,0.78,0.78,0.78,0.78,32,False,41.0,Hot-Dry LDU Climate Station 6 (demo),730757,34.38,-111.82,34.2,-111.6
Hot-Dry & Mixed Dry,lower density urban,LDU,CBSA,10758,Hot-Dry & Mixed Dry LDU catchment 19 (demo),1916000,783200,7510.0,3154.2,0.79,0.79,0.79,0.79,26,False,52.5,Hot-Dry LDU Climate Station 7 (demo),730758,34.41,-111.85,34.23,-111.63
Hot-Dry & Mixed Dry,lower density urban,LDU,CBSA,10759,Hot-Dry & Mixed Dry LDU catchment 20 (demo),1940000,793000,7600.0,3192.0,0.8,0.8,0.8,0.8,20,False,64.0,Hot-Dry LDU Climate Station 1 (demo),730759,34.44,-111.88,34.26,-111.66
Hot-Dry & Mixed Dry,lower density urban,LDU,CBSA,10760,Hot-Dry & Mixed Dry LDU catchment 21 (demo),1964000,802800,7690.0,3229.8,0.81,0.81,0.81,0.81,14,False,75.5,Hot-Dry LDU Climate Station 2 (demo),730760,34.47,-111.91,34.29,-111.69
Hot-Dry & Mixed Dry,lower density urban,LDU,CBSA,10761,Hot-Dry & Mixed Dry LDU catchment 22 (demo),1988000,812600,7780.0,3267.6,0.82,0.82,0.82,0.82,8,False,87.0,Hot-Dry LDU Climate Station 3 (demo),730761,34.5,-111.94,34.32,-111.72
Hot-Dry & Mixed Dry,lower density urban,LDU,CBSA,10762,Hot-Dry & Mixed Dry LDU catchment 23 (demo),2012000,822400,7870.0,3305.4,0.83,0.83,0.83,0.83,2,False,98.5,Hot-Dry LDU Climate Station 4 (demo),730762,34.53,-111.97,34.35,-111.75
Hot-Dry & Mixed Dry,lower density urban,LDU,CBSA,10763,Hot-Dry & Mixed Dry LDU catchment 24 (demo),1508000,616600,5980.0,2511.6,0.62,0.62,0.62,0.62,143,False,110.0,Hot-Dry LDU Climate Station 5 (demo),730763,34.56,-112.0,34.38,-111.78
Hot-Dry & Mixed Dry,lower density urban,LDU,CBSA,10764,Hot-Dry & Mixed Dry LDU catchment 25 (demo),1532000,626400,6070.0,2549.4,0.63,0.63,0.63,0.63,136,False,18.0,Hot-Dry LDU Climate Station 6 (demo),730764,34.2,-111.64,34.02,-111.42
Hot-Dry & Mixed Dry,lower density urban,LDU,CBSA,10765,Hot-Dry & Mixed Dry LDU catchment 26 (demo),1556000,636200,6160.0,2587.2,0.64,0.64,0.64,0.64,129,False,29.5,Hot-Dry LDU Climate Station 7 (demo),730765,34.23,-111.67,34.05,-111.45
Hot-Dry & Mixed Dry,lower density urban,LDU,CBSA,10766,Hot-Dry & Mixed Dry LDU catchment 27 (demo),1580000,646000,6250.0,2625.0,0.65,0.65,0.65,0.65,122,False,41.0,Hot-Dry LDU Climate Station 1 (demo),730766,34.26,-111.7,34.08,-111.48
Hot-Dry & Mixed Dry,lower density urban,LDU,CBSA,10767,Hot-Dry & Mixed Dry LDU catchment 28 (demo),1604000,655800,6340.0,2662.8,0.66,0.66,0.66,0.66,115,False,52.5,Hot-Dry LDU Climate Station 2 (demo),730767,34.29,-111.73,34.11,-111.51
Hot-Dry & Mixed Dry,lower density urban,LDU,CBSA,10768,Hot-Dry & Mixed Dry LDU catchment 29 (demo),1628000,665600,6430.0,2700.6,0.67,0.67,0.67,0.67,108,False,64.0,Hot-Dry LDU Climate Station 3 (demo),730768,34.32,-111.76,34.14,-111.54
Hot-Dry & Mixed Dry,lower density urban,LDU,CBSA,10769,Hot-Dry & Mixed Dry LDU catchment 30 (demo),1651999,675399,6520.0,2738.4,0.68,0.68,0.68,0.68,101,False,75.5,Hot-Dry LDU Climate Station 4 (demo),730769,34.35,-111.79,34.17,-111.57
Hot-Dry & Mixed Dry,lower density urban,LDU,CBSA,10770,Hot-Dry & Mixed Dry LDU catchment 31 (demo),1675999,685200,6610.0,2776.2,0.69,0.69,0.69,0.69,94,False,87.0,Hot-Dry LDU Climate Station 5 (demo),730770,34.38,-111.82,34.2,-111.6
Hot-Dry & Mixed Dry,lower density urban,LDU,CBSA,10771,Hot-Dry & Mixed Dry LDU catchment 32 (demo),1700000,695000,6700.0,2814.0,0.7,0.7,0.7,0.7,87,False,98.5,Hot-Dry LDU Climate Station 6 (demo),730771,34.41,-111.85,34.23,-111.63
Hot-Dry & Mixed Dry,lower density urban,LDU,CBSA,10772,Hot-Dry & Mixed Dry LDU catchment 33 (demo),1724000,704800,6790.0,2851.8,0.71,0.71,0.71,0.71,80,False,110.0,Hot-Dry LDU Climate Station 7 (demo),730772,34.44,-111.88,34.26,-111.66
Hot-Dry & Mixed Dry,lower density urban,LDU,CBSA,10773,Hot-Dry & Mixed Dry LDU catchment 34 (demo),1748000,714600,6880.0,2889.6,0.72,0.72,0.72,0.72,73,False,18.0,Hot-Dry LDU Climate Station 1 (demo),730773,34.47,-111.91,34.29,-111.69
Hot-Dry & Mixed Dry,lower density urban,LDU,CBSA,10774,Hot-Dry & Mixed Dry LDU catchment 35 (demo),1772000,724400,6970.0,2927.4,0.73,0.73,0.73,0.73,66,False,29.5,Hot-Dry LDU Climate Station 2 (demo),730774,34.5,-111.94,34.32,-111.72
Hot-Dry & Mixed Dry,lower density urban,LDU,CBSA,10775,Hot-Dry & Mixed Dry LDU catchment 36 (demo),1796000,734200,7060.0,2965.2,0.74,0.74,0.74,0.74,59,False,41.0,Hot-Dry LDU Climate Station 3 (demo),730775,34.53,-111.97,34.35,-111.75
Hot-Dry & Mixed Dry,lower density urban,LDU,CBSA,10776,Hot-Dry & Mixed Dry LDU catchment 37 (demo),1820000,744000,7150.0,3003.0,0.75,0.75,0.75,0.75,52,False,52.5,Hot-Dry LDU Climate Station 4 (demo),730776,34.56,-112.0,34.38,-111.78
Hot-Dry & Mixed Dry,lower density urban,LDU,CBSA,10777,Hot-Dry & Mixed Dry LDU catchment 38 (demo),1844000,753800,7240.0,3040.8,0.76,0.76,0.76,0.76,45,False,64.0,Hot-Dry LDU Climate Station 5 (demo),730777,34.2,-111.64,34.02,-111.42
Hot-Dry & Mixed Dry,lower density urban,LDU,CBSA,10778,Hot-Dry & Mixed Dry LDU catchment 39 (demo),1868000,763600,7330.0,3078.6,0.77,0.77,0.77,0.77,39,False,75.5,Hot-Dry LDU Climate Station 6 (demo),730778,34.23,-111.67,34.05,-111.45
Hot-Dry & Mixed Dry,lower density urban,LDU,CBSA,10779,Hot-Dry & Mixed Dry LDU catchment 40 (demo),1892000,773400,7420.0,3116.4,0.78,0.78,0.78,0.78,33,False,87.0,Hot-Dry LDU Climate Station 7 (demo),730779,34.26,-111.7,34.08,-111.48
Hot-Dry & Mixed Dry,lower density urban,LDU,CBSA,10780,Hot-Dry & Mixed Dry LDU catchment 41 (demo),1916000,783200,7510.0,3154.2,0.79,0.79,0.79,0.79,27,False,98.5,Hot-Dry LDU Climate Station 1 (demo),730780,34.29,-111.73,34.11,-111.51
Hot-Dry & Mixed Dry,lower density urban,LDU,CBSA,10781,Hot-Dry & Mixed Dry LDU catchment 42 (demo),1940000,793000,7600.0,3192.0,0.8,0.8,0.8,0.8,21,False,110.0,Hot-Dry LDU Climate Station 2 (demo),730781,34.32,-111.76,34.14,-111.54
Hot-Dry & Mixed Dry,lower density urban,LDU,CBSA,10782,Hot-Dry & Mixed Dry LDU catchment 43 (demo),1964000,802800,7690.0,3229.8,0.81,0.81,0.81,0.81,15,False,18.0,Hot-Dry LDU Climate Station 3 (demo),730782,34.35,-111.79,34.17,-111.57
Hot-Dry & Mixed Dry,lower density urban,LDU,CBSA,10783,Hot-Dry & Mixed Dry LDU catchment 44 (demo),1988000,812600,7780.0,3267.6,0.82,0.82,0.82,0.82,9,False,29.5,Hot-Dry LDU Climate Station 4 (demo),730783,34.38,-111.82,34.2,-111.6
Hot-Dry & Mixed Dry,lower density urban,LDU,CBSA,10784,Hot-Dry & Mixed Dry LDU catchment 45 (demo),2012000,822400,7870.0,3305.4,0.83,0.83,0.83,0.83,3,False,41.0,Hot-Dry LDU Climate Station 5 (demo),730784,34.41,-111.85,34.23,-111.63
Hot-Dry & Mixed Dry,lower density urban,LDU,CBSA,10785,Hot-Dry & Mixed Dry LDU catchment 46 (demo),1508000,616600,5980.0,2511.6,0.62,0.62,0.62,0.62,144,False,52.5,Hot-Dry LDU Climate Station 6 (demo),730785,34.44,-111.88,34.26,-111.66
Hot-Dry & Mixed Dry,lower density urban,LDU,CBSA,10786,Hot-Dry & Mixed Dry LDU catchment 47 (demo),1532000,626400,6070.0,2549.4,0.63,0.63,0.63,0.63,137,False,64.0,Hot-Dry LDU Climate Station 7 (demo),730786,34.47,-111.91,34.29,-111.69
Hot-Dry & Mixed Dry,lower density urban,LDU,CBSA,10787,Hot-Dry & Mixed Dry LDU catchment 48 (demo),1556000,636200,6160.0,2587.2,0.64,0.64,0.64,0.64,130,False,75.5,Hot-Dry LDU Climate Station 1 (demo),730787,34.5,-111.94,34.32,-111.72
Hot-Dry & Mixed Dry,lower density urban,LDU,CBSA,10788,Hot-Dry & Mixed Dry LDU catchment 49 (demo),1580000,646000,6250.0,2625.0,0.65,0.65,0.65,0.65,123,False,87.0,Hot-Dry LDU Climate Station 2 (demo),730788,34.53,-111.97,34.35,-111.75
Hot-Dry & Mixed Dry,lower density urban,LDU,CBSA,10789,Hot-Dry & Mixed Dry LDU catchment 50 (demo),1604000,655800,6340.0,2662.8,0.66,0.66,0.66,0.66,116,False,98.5,Hot-Dry LDU Climate Station 3 (demo),730789,34.56,-112.0,34.38,-111.78
Hot-Dry & Mixed Dry,lower density urban,LDU,CBSA,10790,Hot-Dry & Mixed Dry LDU catchment 51 (demo),1628000,665600,6430.0,2700.6,0.67,0.67,0.67,0.67,109,False,110.0,Hot-Dry LDU Climate Station 4 (demo),730790,34.2,-111.64,34.02,-111.42
Hot-Dry & Mixed Dry,lower density urban,LDU,CBSA,10791,Hot-Dry & Mixed Dry LDU catchment 52 (demo),1651999,675399,6520.0,2738.4,0.68,0.68,0.68,0.68,102,False,18.0,Hot-Dry LDU Climate Station 5 (demo),730791,34.23,-111.67,34.05,-111.45
Hot-Dry & Mixed Dry,lower density urban,LDU,CBSA,10792,Hot-Dry & Mixed Dry LDU catchment 53 (demo),1675999,685200,6610.0,2776.2,0.69,0.69,0.69,0.69,95,False,29.5,Hot-Dry LDU Climate Station 6 (demo),730792,34.26,-111.7,34.08,-111.48
Hot-Dry & Mixed Dry,lower density urban,LDU,CBSA,10793,Hot-Dry & Mixed Dry LDU catchment 54 (demo),1700000,695000,6700.0,2814.0,0.7,0.7,0.7,0.7,88,False,41.0,Hot-Dry LDU Climate Station 7 (demo),730793,34.29,-111.73,34.11,-111.51
Hot-Dry & Mixed Dry,lower density urban,LDU,CBSA,10794,Hot-Dry & Mixed Dry LDU catchment 55 (demo),1724000,704800,6790.0,2851.8,0.71,0.71,0.71,0.71,81,False,52.5,Hot-Dry LDU Climate Station 1 (demo),730794,34.32,-111.76,34.14,-111.54
Hot-Dry & Mixed Dry,lower density urban,LDU,CBSA,10795,Hot-Dry & Mixed Dry LDU catchment 56 (demo),1748000,714600,6880.0,2889.6,0.72,0.72,0.72,0.72,74,False,64.0,Hot-Dry LDU Climate Station 2 (demo),730795,34.35,-111.79,34.17,-111.57
Hot-Dry & Mixed Dry,lower density urban,LDU,CBSA,10796,Hot-Dry & Mixed Dry LDU catchment 57 (demo),1772000,724400,6970.0,2927.4,0.73,0.73,0.73,0.73,67,False,75.5,Hot-Dry LDU Climate Station 3 (demo),730796,34.38,-111.82,34.2,-111.6
Hot-Dry & Mixed Dry,lower density urban,LDU,CBSA,10797,Hot-Dry & Mixed Dry LDU catchment 58 (demo),1796000,734200,7060.0,2965.2,0.74,0.74,0.74,0.74,60,False,87.0,Hot-Dry LDU Climate Station 4 (demo),730797,34.41,-111.85,34.23,-111.63
Hot-Dry & Mixed Dry,lower density urban,LDU,CBSA,10798,Hot-Dry & Mixed Dry LDU catchment 59 (demo),1820000,744000,7150.0,3003.0,0.75,0.75,0.75,0.75,53,False,98.5,Hot-Dry LDU Climate Station 5 (demo),730798,34.44,-111.88,34.26,-111.66
Hot-Dry & Mixed Dry,lower density urban,LDU,CBSA,10799,Hot-Dry & Mixed Dry LDU catchment 60 (demo),1844000,753800,7240.0,3040.8,0.76,0.76,0.76,0.76,46,False,110.0,Hot-Dry LDU Climate Station 6 (demo),730799,34.47,-111.91,34.29,-111.69
Hot-Dry & Mixed Dry,lower density urban,LDU,CBSA,10800,Hot-Dry & Mixed Dry LDU catchment 61 (demo),1868000,763600,7330.0,3078.6,0.77,0.77,0.77,0.77,40,False,18.0,Hot-Dry LDU Climate Station 7 (demo),730800,34.5,-111.94,34.32,-111.72
Hot-Dry & Mixed Dry,lower density urban,LDU,CBSA,10801,Hot-Dry & Mixed Dry LDU catchment 62 (demo),1892000,773400,7420.0,3116.4,0.78,0.78,0.78,0.78,34,False,29.5,Hot-Dry LDU Climate Station 1 (demo),730801,34.53,-111.97,34.35,-111.75
Hot-Dry & Mixed Dry,lower density urban,LDU,CBSA,10802,Hot-Dry & Mixed Dry LDU catchment 63 (demo),1916000,783200,7510.0,3154.2,0.79,0.79,0.79,0.79,28,False,41.0,Hot-Dry LDU Climate Station 2 (demo),730802,34.56,-112.0,34.38,-111.78
Hot-Dry & Mixed Dry,lower density urban,LDU,CBSA,10803,Hot-Dry & Mixed Dry LDU catchment 64 (demo),1940000,793000,7600.0,3192.0,0.8,0.8,0.8,0.8,22,False,52.5,Hot-Dry LDU Climate Station 3 (demo),730803,34.2,-111.64,34.02,-111.42
Hot-Dry & Mixed Dry,lower density urban,LDU,CBSA,10804,Hot-Dry & Mixed Dry LDU catchment 65 (demo),1964000,802800,7690.0,3229.8,0.81,0.81,0.81,0.81,16,False,64.0,Hot-Dry LDU Climate Station 4 (demo),730804,34.23,-111.67,34.05,-111.45
Hot-Dry & Mixed Dry,lower density urban,LDU,CBSA,10805,Hot-Dry & Mixed Dry LDU catchment 66 (demo),1988000,812600,7780.0,3267.6,0.82,0.82,0.82,0.82,10,False,75.5,Hot-Dry LDU Climate Station 5 (demo),730805,34.26,-111.7,34.08,-111.48
Hot-Dry & Mixed Dry,lower density urban,LDU,CBSA,10806,Hot-Dry & Mixed Dry LDU catchment 67 (demo),2012000,822400,7870.0,3305.4,0.83,0.83,0.83,0.83,4,False,87.0,Hot-Dry LDU Climate Station 6 (demo),730806,34.29,-111.73,34.11,-111.51
Hot-Dry & Mixed Dry,lower density urban,LDU,CBSA,10807,Hot-Dry & Mixed Dry LDU catchment 68 (demo),1508000,616600,5980.0,2511.6,0.62,0.62,0.62,0.62,145,False,98.5,Hot-Dry LDU Climate Station 7 (demo),730807,34.32,-111.76,34.14,-111.54
Hot-Dry & Mixed Dry,lower density urban,LDU,CBSA,10808,Hot-Dry & Mixed Dry LDU catchment 69 (demo),1532000,626400,6070.0,2549.4,0.63,0.63,0.63,0.63,138,False,110.0,Hot-Dry LDU Climate Station 1 (demo),730808,34.35,-111.79,34.17,-111.57
Hot-Dry & Mixed Dry,lower density urban,LDU,CBSA,10809,Hot-Dry & Mixed Dry LDU catchment 70 (demo),1556000,636200,6160.0,2587.2,0.64,0.64,0.64,0.64,131,False,18.0,Hot-Dry LDU Climate Station 2 (demo),730809,34.38,-111.82,34.2,-111.6
Hot-Dry & Mixed Dry,lower density urban,LDU,CBSA,10810,Hot-Dry & Mixed Dry LDU catchment 71 (demo),1580000,646000,6250.0,2625.0,0.65,0.65,0.65,0.65,124,False,29.5,Hot-Dry LDU Climate Station 3 (demo),730810,34.41,-111.85,34.23,-111.63
Hot-Dry & Mixed Dry,lower density urban,LDU,CBSA,10811,Hot-Dry & Mixed Dry LDU catchment 72 (demo),1604000,655800,6340.0,2662.8,0.66,0.66,0.66,0.66,117,False,41.0,Hot-Dry LDU Climate Station 4 (demo),730811,34.44,-111.88,34.26,-111.66
Hot-Dry & Mixed Dry,lower density urban,LDU,CBSA,10812,Hot-Dry & Mixed Dry LDU catchment 73 (demo),1628000,665600,6430.0,2700.6,0.67,0.67,0.67,0.67,110,False,52.5,Hot-Dry LDU Climate Station 5 (demo),730812,34.47,-111.91,34.29,-111.69
Hot-Dry & Mixed Dry,lower density urban,LDU,CBSA,10813,Hot-Dry & Mixed Dry LDU catchment 74 (demo),1651999,675399,6520.0,2738.4,0.68,0.68,0.68,0.68,103,False,64.0,Hot-Dry LDU Climate Station 6 (demo),730813,34.5,-111.94,34.32,-111.72
Hot-Dry & Mixed Dry,lower density urban,LDU,CBSA,10814,Hot-Dry & Mixed Dry LDU catchment 75 (demo),1675999,685200,6610.0,2776.2,0.69,0.69,0.69,0.69,96,False,75.5,Hot-Dry LDU Climate Station 7 (demo),730814,34.53,-111.97,34.35,-111.75
Hot-Dry & Mixed Dry,lower density urban,LDU,CBSA,10815,Hot-Dry & Mixed Dry LDU catchment 76 (demo),1700000,695000,6700.0,2814.0,0.7,0.7,0.7,0.7,89,False,87.0,Hot-Dry LDU Climate Station 1 (demo),730815,34.56,-112.0,34.38,-111.78
Hot-Dry & Mixed Dry,lower density urban,LDU,CBSA,10816,Hot-Dry & Mixed Dry LDU catchment 77 (demo),1724000,704800,6790.0,2851.8,0.71,0.71,0.71,0.71,82,False,98.5,Hot-Dry LDU Climate Station 2 (demo),730816,34.2,-111.64,34.02,-111.42
Hot-Dry & Mixed Dry,lower density urban,LDU,CBSA,10817,Hot-Dry & Mixed Dry LDU catchment 78 (demo),1748000,714600,6880.0,2889.6,0.72,0.72,0.72,0.72,75,False,110.0,Hot-Dry LDU Climate Station 3 (demo),730817,34.23,-111.67,34.05,-111.45
Hot-Dry & Mixed Dry,lower density urban,LDU,CBSA,10818,Hot-Dry & Mixed Dry LDU catchment 79 (demo),1772000,724400,6970.0,2927.4,0.73,0.73,0.73,0.73,68,False,18.0,Hot-Dry LDU Climate Station 4 (demo),730818,34.26,-111.7,34.08,-111.48
Hot-Dry & Mixed Dry,lower density urban,LDU,CBSA,10819,Hot-Dry & Mixed Dry LDU catchment 80 (demo),1796000,734200,7060.0,2965.2,0.74,0.74,0.74,0.74,61,False,29.5,Hot-Dry LDU Climate Station 5 (demo),730819,34.29,-111.73,34.11,-111.51
Hot-Dry & Mixed Dry,lower density urban,LDU,CBSA,10820,Hot-Dry & Mixed Dry LDU catchment 81 (demo),1820000,744000,7150.0,3003.0,0.75,0.75,0.75,0.75,54,False,41.0,Hot-Dry LDU Climate Station 6 (demo),730820,34.32,-111.76,34.14,-111.54
Hot-Dry & Mixed Dry,lower density urban,LDU,CBSA,10821,Hot-Dry & Mixed Dry LDU catchment 82 (demo),1844000,753800,7240.0,3040.8,0.76,0.76,0.76,0.76,47,False,52.5,Hot-Dry LDU Climate Station 7 (demo),730821,34.35,-111.79,34.17,-111.57
Hot-Dry & Mixed Dry,lower density urban,LDU,CBSA,10822,Hot-Dry & Mixed Dry LDU catchment 83 (demo),1868000,763600,7330.0,3078.6,0.77,0.77,0.77,0.77,41,False,64.0,Hot-Dry LDU Climate Station 1 (demo),730822,34.38,-111.82,34.2,-111.6
Hot-Dry & Mixed Dry,lower density urban,LDU,CBSA,10823,Hot-Dry & Mixed Dry LDU catchment 84 (demo),1892000,773400,7420.0,3116.4,0.78,0.78,0.78,0.78,35,False,75.5,Hot-Dry LDU Climate Station 2 (demo),730823,34.41,-111.85,34.23,-111.63
Hot-Dry & Mixed Dry,lower density urban,LDU,CBSA,10824,Hot-Dry & Mixed Dry LDU catchment 85 (demo),1916000,783200,7510.0,3154.2,0.79,0.79,0.79,0.79,29,False,87.0,Hot-Dry LDU Climate Station 3 (demo),730824,34.44,-111.88,34.26,-111.66
Hot-Dry & Mixed Dry,lower density urban,LDU,CBSA,10825,Hot-Dry & Mixed Dry LDU catchment 86 (demo),1940000,793000,7600.0,3192.0,0.8,0.8,0.8,0.8,23,False,98.5,Hot-Dry LDU Climate Station 4 (demo),730825,34.47,-111.91,34.29,-111.69
Hot-Dry & Mixed Dry,lower density urban,LDU,CBSA,10826,Hot-Dry & Mixed Dry LDU catchment 87 (demo),1964000,802800,7690.0,3229.8,0.81,0.81,0.81,0.81,17,False,110.0,Hot-Dry LDU Climate Station 5 (demo),730826,34.5,-111.94,34.32,-111.72
Hot-Dry & Mixed Dry,lower density urban,LDU,CBSA,10827,Hot-Dry & Mixed Dry LDU catchment 88 (demo),1988000,812600,7780.0,3267.6,0.82,0.82,0.82,0.82,11,False,18.0,Hot-Dry LDU Climate Station 6 (demo),730827,34.53,-111.97,34.35,-111.75
Hot-Dry & Mixed Dry,lower density urban,LDU,CBSA,10828,Hot-Dry & Mixed Dry LDU catchment 89 (demo),2012000,822400,7870.0,3305.4,0.83,0.83,0.83,0.83,5,False,29.5,Hot-Dry LDU Climate Station 7 (demo),730828,34.56,-112.0,34.38,-111.78
Hot-Dry & Mixed Dry,lower density urban,LDU,CBSA,10829,Hot-Dry & Mixed Dry LDU catchment 90 (demo),1508000,616600,5980.0,2511.6,0.62,0.62,0.62,0.62,146,False,41.0,Hot-Dry LDU Climate Station 1 (demo),730829,34.2,-111.64,34.02,-111.42
Hot-Dry & Mixed Dry,lower density urban,LDU,CBSA,10830,Hot-Dry & Mixed Dry LDU catchment 91 (demo),1532000,626400,6070.0,2549.4,0.63,0.63,0.63,0.63,139,False,52.5,Hot-Dry LDU Climate Station 2 (demo),730830,34.23,-111.67,34.05,-111.45
Hot-Dry & Mixed Dry,lower density urban,LDU,CBSA,10831,Hot-Dry & Mixed Dry LDU catchment 92 (demo),1556000,636200,6160.0,2587.2,0.64,0.64,0.64,0.64,132,False,64.0,Hot-Dry LDU Climate Station 3 (demo),730831,34.26,-111.7,34.08,-111.48
Hot-Dry & Mixed Dry,lower density urban,LDU,CBSA,10832,Hot-Dry & Mixed Dry LDU catchment 93 (demo),1580000,646000,6250.0,2625.0,0.65,0.65,0.65,0.65,125,False,75.5,Hot-Dry LDU Climate Station 4 (demo),730832,34.29,-111.73,34.11,-111.51
Hot-Dry & Mixed Dry,lower density urban,LDU,CBSA,10833,Hot-Dry & Mixed Dry LDU catchment 94 (demo),1604000,655800,6340.0,2662.8,0.66,0.66,0.66,0.66,118,False,87.0,Hot-Dry LDU Climate Station 5 (demo),730833,34.32,-111.76,34.14,-111.54
Hot-Dry & Mixed Dry,lower density urban,LDU,CBSA,10834,Hot-Dry & Mixed Dry LDU catchment 95 (demo),1628000,665600,6430.0,2700.6,0.67,0.67,0.67,0.67,111,False,98.5,Hot-Dry LDU Climate Station 6 (demo),730834,34.35,-111.79,34.17,-111.57
Hot-Dry & Mixed Dry,lower density urban,LDU,CBSA,10835,Hot-Dry & Mixed Dry LDU catchment 96 (demo),1651999,675399,6520.0,2738.4,0.68,0.68,0.68,0.68,104,False,110.0,Hot-Dry LDU Climate Station 7 (demo),730835,34.38,-111.82,34.2,-111.6
Hot-Dry & Mixed Dry,lower density urban,LDU,CBSA,10836,Hot-Dry & Mixed Dry LDU catchment 97 (demo),1675999,685200,6610.0,2776.2,0.69,0.69,0.69,0.69,97,False,18.0,Hot-Dry LDU Climate Station 1 (demo),730836,34.41,-111.85,34.23,-111.63
Hot-Dry & Mixed Dry,lower density urban,LDU,CBSA,10837,Hot-Dry & Mixed Dry LDU catchment 98 (demo),1700000,695000,6700.0,2814.0,0.7,0.7,0.7,0.7,90,False,29.5,Hot-Dry LDU Climate Station 2 (demo),730837,34.44,-111.88,34.26,-111.66
Hot-Dry & Mixed Dry,lower density urban,LDU,CBSA,10838,Hot-Dry & Mixed Dry LDU catchment 99 (demo),1724000,704800,6790.0,2851.8,0.71,0.71,0.71,0.71,83,False,41.0,Hot-Dry LDU Climate Station 3 (demo),730838,34.47,-111.91,34.29,-111.69
Hot-Dry & Mixed Dry,lower density urban,LDU,CBSA,10839,Hot-Dry & Mixed Dry LDU catchment 100 (demo),1748000,714600,6880.0,2889.6,0.72,0.72,0.72,0.72,76,False,52.5,Hot-Dry LDU Climate Station 4 (demo),730839,34.5,-111.94,34.32,-111.72
Hot-Dry & Mixed Dry,lower density urban,LDU,CBSA,10840,Hot-Dry & Mixed Dry LDU catchment 101 (demo),1772000,724400,6970.0,2927.4,0.73,0.73,0.73,0.73,69,False,64.0,Hot-Dry LDU Climate Station 5 (demo),730840,34.53,-111.97,34.35,-111.75
Hot-Dry & Mixed Dry,lower density urban,LDU,CBSA,10841,Hot-Dry & Mixed Dry LDU catchment 102 (demo),1796000,734200,7060.0,2965.2,0.74,0.74,0.74,0.74,62,False,75.5,Hot-Dry LDU Climate Station 6 (demo),730841,34.56,-112.0,34.38,-111.78
Hot-Dry & Mixed Dry,lower density urban,LDU,CBSA,10842,Hot-Dry & Mixed Dry LDU catchment 103 (demo),1820000,744000,7150.0,3003.0,0.75,0.75,0.75,0.75,55,False,87.0,Hot-Dry LDU Climate Station 7 (demo),730842,34.2,-111.64,34.02,-111.42
Hot-Dry & Mixed Dry,lower density urban,LDU,CBSA,10843,Hot-Dry & Mixed Dry LDU catchment 104 (demo),1844000,753800,7240.0,3040.8,0.76,0.76,0.76,0.76,48,False,98.5,Hot-Dry LDU Climate Station 1 (demo),730843,34.23,-111.67,34.05,-111.45
Hot-Dry & Mixed Dry,lower density urban,LDU,CBSA,10844,Hot-Dry & Mixed Dry LDU catchment 105 (demo),1868000,763600,7330.0,3078.6,0.77,0.77,0.77,0.77,42,False,110.0,Hot-Dry LDU Climate Station 2 (demo),730844,34.26,-111.7,34.08,-111.48
Hot-Dry & Mixed Dry,lower density urban,LDU,CBSA,10845,Hot-Dry & Mixed Dry LDU catchment 106 (demo),1892000,773400,7420.0,3116.4,0.78,0.78,0.78,0.78,36,False,18.0,Hot-Dry LDU Climate Station 3 (demo),730845,34.29,-111.73,34.11,-111.51
Hot-Dry & Mixed Dry,lower density urban,LDU,CBSA,10846,Hot-Dry & Mixed Dry LDU catchment 107 (demo),1916000,783200,7510.0,3154.2,0.79,0.79,0.79,0.79,30,False,29.5,Hot-Dry LDU Climate Station 4 (demo),730846,34.32,-111.76,34.14,-111.54
Hot-Dry & Mixed Dry,lower density urban,LDU,CBSA,10847,Hot-Dry & Mixed Dry LDU catchment 108 (demo),1940000,793000,7600.0,3192.0,0.8,0.8,0.8,0.8,24,False,41.0,Hot-Dry LDU Climate Station 5 (demo),730847,34.35,-111.79,34.17,-111.57
Hot-Dry & Mixed Dry,lower density urban,LDU,CBSA,10848,Hot-Dry & Mixed Dry LDU catchment 109 (demo),1964000,802800,7690.0,3229.8,0.81,0.81,0.81,0.81,18,False,52.5,Hot-Dry LDU Climate Station 6 (demo),730848,34.38,-111.82,34.2,-111.6
Hot-Dry & Mixed Dry,lower density urban,LDU,CBSA,10849,Hot-Dry & Mixed Dry LDU catchment 110 (demo),1988000,812600,7780.0,3267.6,0.82,0.82,0.82,0.82,12,False,64.0,Hot-Dry LDU Climate Station 7 (demo),730849,34.41,-111.85,34.23,-111.63
Hot-Dry & Mixed Dry,lower density urban,LDU,CBSA,10850,Hot-Dry & Mixed Dry LDU catchment 111 (demo),2012000,822400,7870.0,3305.4,0.83,0.83,0.83,0.83,6,False,75.5,Hot-Dry LDU Climate Station 1 (demo),730850,34.44,-111.88,34.26,-111.66
Hot-Dry & Mixed Dry,lower density urban,LDU,CBSA,10851,Hot-Dry & Mixed Dry LDU catchment 112 (demo),1508000,616600,5980.0,2511.6,0.62,0.62,0.62,0.62,147,False,87.0,Hot-Dry LDU Climate Station 2 (demo),730851,34.47,-111.91,34.29,-111.69
Hot-Dry & Mixed Dry,lower density urban,LDU,CBSA,10852,Hot-Dry & Mixed Dry LDU catchment 113 (demo),1532000,626400,6070.0,2549.4,0.63,0.63,0.63,0.63,140,False,98.5,Hot-Dry LDU Climate Station 3 (demo),730852,34.5,-111.94,34.32,-111.72
Hot-Dry & Mixed Dry,lower density urban,LDU,CBSA,10853,Hot-Dry & Mixed Dry LDU catchment 114 (demo),1556000,636200,6160.0,2587.2,0.64,0.64,0.64,0.64,133,False,110.0,Hot-Dry LDU Climate Station 4 (demo),730853,34.53,-111.97,34.35,-111.75
Hot-Dry & Mixed Dry,lower density urban,LDU,CBSA,10854,Hot-Dry & Mixed Dry LDU catchment 115 (demo),1580000,646000,6250.0,2625.0,0.65,0.65,0.65,0.65,126,False,18.0,Hot-Dry LDU Climate Station 5 (demo),730854,34.56,-112.0,34.38,-111.78
Hot-Dry & Mixed Dry,lower density urban,LDU,CBSA,10855,Hot-Dry & Mixed Dry LDU catchment 116 (demo),1604000,655800,6340.0,2662.8,0.66,0.66,0.66,0.66,119,False,29.5,Hot-Dry LDU Climate Station 6 (demo),730855,34.2,-111.64,34.02,-111.42
Hot-Dry & Mixed Dry,lower density urban,LDU,CBSA,10856,Hot-Dry & Mixed Dry LDU catchment 117 (demo),1628000,665600,6430.0,2700.6,0.67,0.67,0.67,0.67,112,False,41.0,Hot-Dry LDU Climate Station 7 (demo),730856,34.23,-111.67,34.05,-111.45
Hot-Dry & Mixed Dry,lower density urban,LDU,CBSA,10857,Hot-Dry & Mixed Dry LDU catchment 118 (demo),1651999,675399,6520.0,2738.4,0.68,0.68,0.68,0.68,105,False,52.5,Hot-Dry LDU Climate Station 1 (demo),730857,34.26,-111.7,34.08,-111.48
Hot-Dry & Mixed Dry,lower density urban,LDU,CBSA,10858,Hot-Dry & Mixed Dry LDU catchment 119 (demo),1675999,685200,6610.0,2776.2,0.69,0.69,0.69,0.69,98,False,64.0,Hot-Dry LDU Climate Station 2 (demo),730858,34.29,-111.73,34.11,-111.51
Hot-Dry & Mixed Dry,lower density urban,LDU,CBSA,10859,Hot-Dry & Mixed Dry LDU catchment 120 (demo),1700000,695000,6700.0,2814.0,0.7,0.7,0.7,0.7,91,False,75.5,Hot-Dry LDU Climate Station 3 (demo),730859,34.32,-111.76,34.14,-111.54
Hot-Dry & Mixed Dry,lower density urban,LDU,CBSA,10860,Hot-Dry & Mixed Dry LDU catchment 121 (demo),1724000,704800,6790.0,2851.8,0.71,0.71,0.71,0.71,84,False,87.0,Hot-Dry LDU Climate Station 4 (demo),730860,34.35,-111.79,34.17,-111.57
Hot-Dry & Mixed Dry,lower density urban,LDU,CBSA,10861,Hot-Dry & Mixed Dry LDU catchment 122 (demo),1748000,714600,6880.0,2889.6,0.72,0.72,0.72,0.72,77,False,98.5,Hot-Dry LDU Climate Station 5 (demo),730861,34.38,-111.82,34.2,-111.6
Hot-Dry & Mixed Dry,lower density urban,LDU,CBSA,10862,Hot-Dry & Mixed Dry LDU catchment 123 (demo),1772000,724400,6970.0,2927.4,0.73,0.73,0.73,0.73,70,False,110.0,Hot-Dry LDU Climate Station 6 (demo),730862,34.41,-111.85,34.23,-111.63
Hot-Dry & Mixed Dry,lower density urban,LDU,CBSA,10863,Hot-Dry & Mixed Dry LDU catchment 124 (demo),1796000,734200,7060.0,2965.2,0.74,0.74,0.74,0.74,63,False,18.0,Hot-Dry LDU Climate Station 7 (demo),730863,34.44,-111.88,34.26,-111.66
Hot-Dry & Mixed Dry,lower density urban,LDU,CBSA,10864,Hot-Dry & Mixed Dry LDU catchment 125 (demo),1820000,744000,7150.0,3003.0,0.75,0.75,0.75,0.75,56,False,29.5,Hot-Dry LDU Climate Station 1 (demo),730864,34.47,-111.91,34.29,-111.69
Hot-Dry & Mixed Dry,lower density urban,LDU,CBSA,10865,Hot-Dry & Mixed Dry LDU catchment 126 (demo),1844000,753800,7240.0,3040.8,0.76,0.76,0.76,0.76,49,False,41.0,Hot-Dry LDU Climate Station 2 (demo),730865,34.5,-111.94,34.32,-111.72
Hot-Dry & Mixed Dry,lower density urban,LDU,CBSA,10866,Hot-Dry & Mixed Dry LDU catchment 127 (demo),1868000,763600,7330.0,3078.6,0.77,0.77,0.77,0.77,43,False,52.5,Hot-Dry LDU Climate Station 3 (demo),730866,34.53,-111.97,34.35,-111.75
Hot-Dry & Mixed Dry,lower density urban,LDU,CBSA,10867,Hot-Dry & Mixed Dry LDU catchment 128 (demo),1892000,773400,7420.0,3116.4,0.78,0.78,0.78,0.78,37,False,64.0,Hot-Dry LDU Climate Station 4 (demo),730867,34.56,-112.0,34.38,-111.78
Hot-Dry & Mixed Dry,lower density urban,LDU,CBSA,10868,Hot-Dry & Mixed Dry LDU catchment 129 (demo),1916000,783200,7510.0,3154.2,0.79,0.79,0.79,0.79,31,False,75.5,Hot-Dry LDU Climate Station 5 (demo),730868,34.2,-111.64,34.02,-111.42
Hot-Dry & Mixed Dry,lower density urban,LDU,CBSA,10869,Hot-Dry & Mixed Dry LDU catchment 130 (demo),1940000,793000,7600.0,3192.0,0.8,0.8,0.8,0.8,25,False,87.0,Hot-Dry LDU Climate Station 6 (demo),730869,34.23,-111.67,34.05,-111.45
Hot-Dry & Mixed Dry,lower density urban,LDU,CBSA,10870,Hot-Dry & Mixed Dry LDU catchment 131 (demo),1964000,802800,7690.0,3229.8,0.81,0.81,0.81,0.81,19,False,98.5,Hot-Dry LDU Climate Station 7 (demo),730870,34.26,-111.7,34.08,-111.48
Hot-Dry & Mixed Dry,lower density urban,LDU,CBSA,10871,Hot-Dry & Mixed Dry LDU catchment 132 (demo),1988000,812600,7780.0,3267.6,0.82,0.82,0.82,0.82,13,False,110.0,Hot-Dry LDU Climate Station 1 (demo),730871,34.29,-111.73,34.11,-111.51
Hot-Dry & Mixed Dry,lower density urban,LDU,CBSA,10872,Hot-Dry & Mixed Dry LDU catchment 133 (demo),2012000,822400,7870.0,3305.4,0.83,0.83,0.83,0.83,7,False,18.0,Hot-Dry LDU Climate Station 2 (demo),730872,34.32,-111.76,34.14,-111.54
Hot-Dry & Mixed Dry,lower density urban,LDU,CBSA,10873,Hot-Dry & Mixed Dry LDU catchment 134 (demo),1508000,616600,5980.0,2511.6,0.62,0.62,0.62,0.62,148,False,29.5,Hot-Dry LDU Climate Station 3 (demo),730873,34.35,-111.79,34.17,-111.57
Hot-Dry & Mixed Dry,lower density urban,LDU,CBSA,10874,Hot-Dry & Mixed Dry LDU catchment 135 (demo),1532000,626400,6070.0,2549.4,0.63,0.63,0.63,0.63,141,False,41.0,Hot-Dry LDU Climate Station 4 (demo),730874,34.38,-111.82,34.2,-111.6
Hot-Dry & Mixed Dry,lower density urban,LDU,CBSA,10875,Hot-Dry & Mixed Dry LDU catchment 136 (demo),1556000,636200,6160.0,2587.2,0.64,0.64,0.64,0.64,134,False,52.5,Hot-Dry LDU Climate Station 5 (demo),730875,34.41,-111.85,34.23,-111.63
Hot-Dry & Mixed Dry,lower density urban,LDU,CBSA,10876,Hot-Dry & Mixed Dry LDU catchment 137 (demo),1580000,646000,6250.0,2625.0,0.65,0.65,0.65,0.65,127,False,64.0,Hot-Dry LDU Climate Station 6 (demo),730876,34.44,-111.88,34.26,-111.66
Hot-Dry & Mixed Dry,lower density urban,LDU,CBSA,10877,Hot-Dry & Mixed Dry LDU catchment 138 (demo),1604000,655800,6340.0,2662.8,0.66,0.66,0.66,0.66,120,False,75.5,Hot-Dry LDU Climate Station 7 (demo),730877,34.47,-111.91,34.29,-111.69
Hot-Dry & Mixed Dry,lower density urban,LDU,CBSA,10878,Hot-Dry & Mixed Dry LDU catchment 139 (demo),1628000,665600,6430.0,2700.6,0.67,0.67,0.67,0.67,113,False,87.0,Hot-Dry LDU Climate Station 1 (demo),730878,34.5,-111.94,34.32,-111.72
Hot-Dry & Mixed Dry,lower density urban,LDU,CBSA,10879,Hot-Dry & Mixed Dry LDU catchment 140 (demo),1651999,675399,6520.0,2738.4,0.68,0.68,0.68,0.68,106,False,98.5,Hot-Dry LDU Climate Station 2 (demo),730879,34.53,-111.97,34.35,-111.75
Hot-Dry & Mixed Dry,lower density urban,LDU,CBSA,10880,Hot-Dry & Mixed Dry LDU catchment 141 (demo),1675999,685200,6610.0,2776.2,0.69,0.69,0.69,0.69,99,False,110.0,Hot-Dry LDU Climate Station 3 (demo),730880,34.56,-112.0,34.38,-111.78
Hot-Dry & Mixed Dry,lower density urban,LDU,CBSA,10881,Hot-Dry & Mixed Dry LDU catchment 142 (demo),1700000,695000,6700.0,2814.0,0.7,0.7,0.7,0.7,92,False,18.0,Hot-Dry LDU Climate Station 4 (demo),730881,34.2,-111.64,34.02,-111.42
Hot-Dry & Mixed Dry,lower density urban,LDU,CBSA,10882,Hot-Dry & Mixed Dry LDU catchment 143 (demo),1724000,704800,6790.0,2851.8,0.71,0.71,0.71,0.71,85,False,29.5,Hot-Dry LDU Climate Station 5 (demo),730882,34.23,-111.67,34.05,-111.45
Hot-Dry & Mixed Dry,lower density urban,LDU,CBSA,10883,Hot-Dry & Mixed Dry LDU catchment 144 (demo),1748000,714600,6880.0,2889.6,0.72,0.72,0.72,0.72,78,False,41.0,Hot-Dry LDU Climate Station 6 (demo),730883,34.26,-111.7,34.08,-111.48
Hot-Dry & Mixed Dry,lower density urban,LDU,CBSA,10884,Hot-Dry & Mixed Dry LDU catchment 145 (demo),1772000,724400,6970.0,2927.4,0.73,0.73,0.73,0.73,71,False,52.5,Hot-Dry LDU Climate Station 7 (demo),730884,34.29,-111.73,34.11,-111.51
Hot-Dry & Mixed Dry,lower density urban,LDU,CBSA,10885,Hot-Dry & Mixed Dry LDU catchment 146 (demo),1796000,734200,7060.0,2965.2,0.74,0.74,0.74,0.74,64,False,64.0,Hot-Dry LDU Climate Station 1 (demo),730885,34.32,-111.76,34.14,-111.54
Hot-Dry & Mixed Dry,lower density urban,LDU,CBSA,10886,Hot-Dry & Mixed Dry LDU catchment 147 (demo),1820000,744000,7150.0,3003.0,0.75,0.75,0.75,0.75,57,False,75.5,Hot-Dry LDU Climate Station 2 (demo),730886,34.35,-111.79,34.17,-111.57
Hot-Dry & Mixed Dry,lower density urban,LDU,CBSA,10887,Hot-Dry & Mixed Dry LDU catchment 148 (demo),1844000,753800,7240.0,3040.8,0.76,0.76,0.76,0.76,50,False,87.0,Hot-Dry LDU Climate Station 3 (demo),730887,34.38,-111.82,34.2,-111.6
Hot-Dry & Mixed Dry,suburban/small town,Suburban,CBSA,10888,Hot-Dry & Mixed Dry Suburban catchment 1 (demo),2180000,891000,8500.0,3570.0,0.9,0.9,0.9,0.9,1,True,98.5,Hot-Dry Suburban Climate Station 4 (demo),730888,33.31,-111.55,33.13,-111.33
Hot-Dry & Mixed Dry,suburban/small town,Suburban,CBSA,10889,Hot-Dry & Mixed Dry Suburban catchment 2 (demo),1508000,616600,5980.0,2511.6,0.62,0.62,0.62,0.62,142,False,110.0,Hot-Dry Suburban Climate Station 5 (demo),730889,33.34,-111.58,33.16,-111.36
Hot-Dry & Mixed Dry,suburban/small town,Suburban,CBSA,10890,Hot-Dry & Mixed Dry Suburban catchment 3 (demo),1532000,626400,6070.0,2549.4,0.63,0.63,0.63,0.63,135,False,18.0,Hot-Dry Suburban Climate Station 6 (demo),730890,33.37,-111.61,33.19,-111.39
Hot-Dry & Mixed Dry,suburban/small town,Suburban,CBSA,10891,Hot-Dry & Mixed Dry Suburban catchment 4 (demo),1556000,636200,6160.0,2587.2,0.64,0.64,0.64,0.64,128,False,29.5,Hot-Dry Suburban Climate Station 7 (demo),730891,33.4,-111.64,33.22,-111.42
Hot-Dry & Mixed Dry,suburban/small town,Suburban,CBSA,10892,Hot-Dry & Mixed Dry Suburban catchment 5 (demo),1580000,646000,6250.0,2625.0,0.65,0.65,0.65,0.65,121,False,41.0,Hot-Dry Suburban Climate Station 1 (demo),730892,33.43,-111.67,33.25,-111.45
Hot-Dry & Mixed Dry,suburban/small town,Suburban,CBSA,10893,Hot-Dry & Mixed Dry Suburban catchment 6 (demo),1604000,655800,6340.0,2662.8,0.66,0.66,0.66,0.66,114,False,52.5,Hot-Dry Suburban Climate Station 2 (demo),730893,33.46,-111.7,33.28,-111.48
Hot-Dry & Mixed Dry,suburban/small town,Suburban,CBSA,10894,Hot-Dry & Mixed Dry Suburban catchment 7 (demo),1628000,665600,6430.0,2700.6,0.67,0.67,0.67,0.67,107,False,64.0,Hot-Dry Suburban Climate Station 3 (demo),730894,33.1,-111.34,32.92,-111.12
Hot-Dry & Mixed Dry,suburban/small town,Suburban,CBSA,10895,Hot-Dry & Mixed Dry Suburban catchment 8 (demo),1651999,675399,6520.0,2738.4,0.68,0.68,0.68,0.68,100,False,75.5,Hot-Dry Suburban Climate Station 4 (demo),730895,33.13,-111.37,32.95,-111.15
Hot-Dry & Mixed Dry,suburban/small town,Suburban,CBSA,10896,Hot-Dry & Mixed Dry Suburban catchment 9 (demo),1675999,685200,6610.0,2776.2,0.69,0.69,0.69,0.69,93,False,87.0,Hot-Dry Suburban Climate Station 5 (demo),730896,33.16,-111.4,32.98,-111.18
Hot-Dry & Mixed Dry,suburban/small town,Suburban,CBSA,10897,Hot-Dry & Mixed Dry Suburban catchment 10 (demo),1700000,695000,6700.0,2814.0,0.7,0.7,0.7,0.7,86,False,98.5,Hot-Dry Suburban Climate Station 6 (demo),730897,33.19,-111.43,33.01,-111.21
Hot-Dry & Mixed Dry,suburban/small town,Suburban,CBSA,10898,Hot-Dry & Mixed Dry Suburban catchment 11 (demo),1724000,704800,6790.0,2851.8,0.71,0.71,0.71,0.71,79,False,110.0,Hot-Dry Suburban Climate Station 7 (demo),730898,33.22,-111.46,33.04,-111.24
Hot-Dry & Mixed Dry,suburban/small town,Suburban,CBSA,10899,Hot-Dry & Mixed Dry Suburban catchment 12 (demo),1748000,714600,6880.0,2889.6,0.72,0.72,0.72,0.72,72,False,18.0,Hot-Dry Suburban Climate Station 1 (demo),730899,33.25,-111.49,33.07,-111.27
Hot-Dry & Mixed Dry,suburban/small town,Suburban,CBSA,10900,Hot-Dry & Mixed Dry Suburban catchment 13 (demo),1772000,724400,6970.0,2927.4,0.73,0.73,0.73,0.73,65,False,29.5,Hot-Dry Suburban Climate Station 2 (demo),730900,33.28,-111.52,33.1,-111.3
Hot-Dry & Mixed Dry,suburban/small town,Suburban,CBSA,10901,Hot-Dry & Mixed Dry Suburban catchment 14 (demo),1796000,734200,7060.0,2965.2,0.74,0.74,0.74,0.74,58,False,41.0,Hot-Dry Suburban Climate Station 3 (demo),730901,33.31,-111.55,33.13,-111.33
Hot-Dry & Mixed Dry,suburban/small town,Suburban,CBSA,10902,Hot-Dry & Mixed Dry Suburban catchment 15 (demo),1820000,744000,7150.0,3003.0,0.75,0.75,0.75,0.75,51,False,52.5,Hot-Dry Suburban Climate Station 4 (demo),730902,33.34,-111.58,33.16,-111.36
Hot-Dry & Mixed Dry,suburban/small town,Suburban,CBSA,10903,Hot-Dry & Mixed Dry Suburban catchment 16 (demo),1844000,753800,7240.0,3040.8,0.76,0.76,0.76,0.76,44,False,64.0,Hot-Dry Suburban Climate Station 5 (demo),730903,33.37,-111.61,33.19,-111.39
Hot-Dry & Mixed Dry,suburban/small town,Suburban,CBSA,10904,Hot-Dry & Mixed Dry Suburban catchment 17 (demo),1868000,763600,7330.0,3078.6,0.77,0.77,0.77,0.77,38,False,75.5,Hot-Dry Suburban Climate Station 6 (demo),730904,33.4,-111.64,33.22,-111.42
Hot-Dry & Mixed Dry,suburban/small town,Suburban,CBSA,10905,Hot-Dry & Mixed Dry Suburban catchment 18 (demo),1892000,773400,7420.0,3116.4,0.78,0.78,0.78,0.78,32,False,87.0,Hot-Dry Suburban Climate Station 7 (demo),730905,33.43,-111.67,33.25,-111.45
Hot-Dry & Mixed Dry,suburban/small town,Suburban,CBSA,10906,Hot-Dry & Mixed Dry Suburban catchment 19 (demo),1916000,783200,7510.0,3154.2,0.79,0.79,0.79,0.79,26,False,98.5,Hot-Dry Suburban Climate Station 1 (demo),730906,33.46,-111.7,33.28,-111.48
Hot-Dry & Mixed Dry,suburban/small town,Suburban,CBSA,10907,Hot-Dry & Mixed Dry Suburban catchment 20 (demo),1940000,793000,7600.0,3192.0,0.8,0.8,0.8,0.8,20,False,110.0,Hot-Dry Suburban Climate Station 2 (demo),730907,33.1,-111.34,32.92,-111.12
Hot-Dry & Mixed Dry,suburban/small town,Suburban,CBSA,10908,Hot-Dry & Mixed Dry Suburban catchment 21 (demo),1964000,802800,7690.0,3229.8,0.81,0.81,0.81,0.81,14,False,18.0,Hot-Dry Suburban Climate Station 3 (demo),730908,33.13,-111.37,32.95,-111.15
Hot-Dry & Mixed Dry,suburban/small town,Suburban,CBSA,10909,Hot-Dry & Mixed Dry Suburban catchment 22 (demo),1988000,812600,7780.0,3267.6,0.82,0.82,0.82,0.82,8,False,29.5,Hot-Dry Suburban Climate Station 4 (demo),730909,33.16,-111.4,32.98,-111.18
Hot-Dry & Mixed Dry,suburban/small town,Suburban,CBSA,10910,Hot-Dry & Mixed Dry Suburban catchment 23 (demo),2012000,822400,7870.0,3305.4,0.83,0.83,0.83,0.83,2,False,41.0,Hot-Dry Suburban Climate Station 5 (demo),730910,33.19,-111.43,33.01,-111.21
Hot-Dry & Mixed Dry,suburban/small town,Suburban,CBSA,10911,Hot-Dry & Mixed Dry Suburban catchment 24 (demo),1508000,616600,5980.0,2511.6,0.62,0.62,0.62,0.62,143,False,52.5,Hot-Dry Suburban Climate Station 6 (demo),730911,33.22,-111.46,33.04,-111.24
Hot-Dry & Mixed Dry,suburban/small town,Suburban,CBSA,10912,Hot-Dry & Mixed Dry Suburban catchment 25 (demo),1532000,626400,6070.0,2549.4,0.63,0.63,0.63,0.63,136,False,64.0,Hot-Dry Suburban Climate Station 7 (demo),730912,33.25,-111.49,33.07,-111.27
Hot-Dry & Mixed Dry,suburban/small town,Suburban,CBSA,10913,Hot-Dry & Mixed Dry Suburban catchment 26 (demo),1556000,636200,6160.0,2587.2,0.64,0.64,0.64,0.64,129,False,75.5,Hot-Dry Suburban Climate Station 1 (demo),730913,33.28,-111.52,33.1,-111.3
Hot-Dry & Mixed Dry,suburban/small town,Suburban,CBSA,10914,Hot-Dry & Mixed Dry Suburban catchment 27 (demo),1580000,646000,6250.0,2625.0,0.65,0.65,0.65,0.65,122,False,87.0,Hot-Dry Suburban Climate Station 2 (demo),730914,33.31,-111.55,33.13,-111.33
Hot-Dry & Mixed Dry,suburban/small town,Suburban,CBSA,10915,Hot-Dry & Mixed Dry Suburban catchment 28 (demo),1604000,655800,6340.0,2662.8,0.66,0.66,0.66,0.66,115,False,98.5,Hot-Dry Suburban Climate Station 3 (demo),730915,33.34,-111.58,33.16,-111.36
Hot-Dry & Mixed Dry,suburban/small town,Suburban,CBSA,10916,Hot-Dry & Mixed Dry Suburban catchment 29 (demo),1628000,665600,6430.0,2700.6,0.67,0.67,0.67,0.67,108,False,110.0,Hot-Dry Suburban Climate Station 4 (demo),730916,33.37,-111.61,33.19,-111.39
Hot-Dry & Mixed Dry,suburban/small town,Suburban,CBSA,10917,Hot-Dry & Mixed Dry Suburban catchment 30 (demo),1651999,675399,6520.0,2738.4,0.68,0.68,0.68,0.68,101,False,18.0,Hot-Dry Suburban Climate Station 5 (demo),730917,33.4,-111.64,33.22,-111.42
Hot-Dry & Mixed Dry,suburban/small town,Suburban,CBSA,10918,Hot-Dry & Mixed Dry Suburban catchment 31 (demo),1675999,685200,6610.0,2776.2,0.69,0.69,0.69,0.69,94,False,29.5,Hot-Dry Suburban Climate Station 6 (demo),730918,33.43,-111.67,33.25,-111.45
Hot-Dry & Mixed Dry,suburban/small town,Suburban,CBSA,10919,Hot-Dry & Mixed Dry Suburban catchment 32 (demo),1700000,695000,6700.0,2814.0,0.7,0.7,0.7,0.7,87,False,41.0,Hot-Dry Suburban Climate Station 7 (demo),730919,33.46,-111.7,33.28,-111.48
Hot-Dry & Mixed Dry,suburban/small town,Suburban,CBSA,10920,Hot-Dry & Mixed Dry Suburban catchment 33 (demo),1724000,704800,6790.0,2851.8,0.71,0.71,0.71,0.71,80,False,52.5,Hot-Dry Suburban Climate Station 1 (demo),730920,33.1,-111.34,32.92,-111.12
Hot-Dry & Mixed Dry,suburban/small town,Suburban,CBSA,10921,Hot-Dry & Mixed Dry Suburban catchment 34 (demo),1748000,714600,6880.0,2889.6,0.72,0.72,0.72,0.72,73,False,64.0,Hot-Dry Suburban Climate Station 2 (demo),730921,33.13,-111.37,32.95,-111.15
Hot-Dry & Mixed Dry,suburban/small town,Suburban,CBSA,10922,Hot-Dry & Mixed Dry Suburban catchment 35 (demo),1772000,724400,6970.0,2927.4,0.73,0.73,0.73,0.73,66,False,75.5,Hot-Dry Suburban Climate Station 3 (demo),730922,33.16,-111.4,32.98,-111.18
Hot-Dry & Mixed Dry,suburban/small town,Suburban,CBSA,10923,Hot-Dry & Mixed Dry Suburban catchment 36 (demo),1796000,734200,7060.0,2965.2,0.74,0.74,0.74,0.74,59,False,87.0,Hot-Dry Suburban Climate Station 4 (demo),730923,33.19,-111.43,33.01,-111.21
Hot-Dry & Mixed Dry,suburban/small town,Suburban,CBSA,10924,Hot-Dry & Mixed Dry Suburban catchment 37 (demo),1820000,744000,7150.0,3003.0,0.75,0.75,0.75,0.75,52,False,98.5,Hot-Dry Suburban Climate Station 5 (demo),730924,33.22,-111.46,33.04,-111.24
Hot-Dry & Mixed Dry,suburban/small town,Suburban,CBSA,10925,Hot-Dry & Mixed Dry Suburban catchment 38 (demo),1844000,753800,7240.0,3040.8,0.76,0.76,0.76,0.76,45,False,110.0,Hot-Dry Suburban Climate Station 6 (demo),730925,33.25,-111.49,33.07,-111.27
Hot-Dry & Mixed Dry,suburban/small town,Suburban,CBSA,10926,Hot-Dry & Mixed Dry Suburban catchment 39 (demo),1868000,763600,7330.0,3078.6,0.77,0.77,0.77,0.77,39,False,18.0,Hot-Dry Suburban Climate Station 7 (demo),730926,33.28,-111.52,33.1,-111.3
Hot-Dry & Mixed Dry,suburban/small town,Suburban,CBSA,10927,Hot-Dry & Mixed Dry Suburban catchment 40 (demo),1892000,773400,7420.0,3116.4,0.78,0.78,0.78,0.78,33,False,29.5,Hot-Dry Suburban Climate Station 1 (demo),730927,33.31,-111.55,33.13,-111.33
Hot-Dry & Mixed Dry,suburban/small town,Suburban,CBSA,10928,Hot-Dry & Mixed Dry Suburban catchment 41 (demo),1916000,783200,7510.0,3154.2,0.79,0.79,0.79,0.79,27,False,41.0,Hot-Dry Suburban Climate Station 2 (demo),730928,33.34,-111.58,33.16,-111.36
Hot-Dry & Mixed Dry,suburban/small town,Suburban,CBSA,10929,Hot-Dry & Mixed Dry Suburban catchment 42 (demo),1940000,793000,7600.0,3192.0,0.8,0.8,0.8,0.8,21,False,52.5,Hot-Dry Suburban Climate Station 3 (demo),730929,33.37,-111.61,33.19,-111.39
Hot-Dry & Mixed Dry,suburban/small town,Suburban,CBSA,10930,Hot-Dry & Mixed Dry Suburban catchment 43 (demo),1964000,802800,7690.0,3229.8,0.81,0.81,0.81,0.81,15,False,64.0,Hot-Dry Suburban Climate Station 4 (demo),730930,33.4,-111.64,33.22,-111.42
Hot-Dry & Mixed Dry,suburban/small town,Suburban,CBSA,10931,Hot-Dry & Mixed Dry Suburban catchment 44 (demo),1988000,812600,7780.0,3267.6,0.82,0.82,0.82,0.82,9,False,75.5,Hot-Dry Suburban Climate Station 5 (demo),730931,33.43,-111.67,33.25,-111.45
Hot-Dry & Mixed Dry,suburban/small town,Suburban,CBSA,10932,Hot-Dry & Mixed Dry Suburban catchment 45 (demo),2012000,822400,7870.0,3305.4,0.83,0.83,0.83,0.83,3,False,87.0,Hot-Dry Suburban Climate Station 6 (demo),730932,33.46,-111.7,33.28,-111.48
Hot-Dry & Mixed Dry,suburban/small town,Suburban,CBSA,10933,Hot-Dry & Mixed Dry Suburban catchment 46 (demo),1508000,616600,5980.0,2511.6,0.62,0.62,0.62,0.62,144,False,98.5,Hot-Dry Suburban Climate Station 7 (demo),730933,33.1,-111.34,32.92,-111.12
Hot-Dry & Mixed Dry,suburban/small town,Suburban,CBSA,10934,Hot-Dry & Mixed Dry Suburban catchment 47 (demo),1532000,626400,6070.0,2549.4,0.63,0.63,0.63,0.63,137,False,110.0,Hot-Dry Suburban Climate Station 1 (demo),730934,33.13,-111.37,32.95,-111.15
Hot-Dry & Mixed Dry,suburban/small town,Suburban,CBSA,10935,Hot-Dry & Mixed Dry Suburban catchment 48 (demo),1556000,636200,6160.0,2587.2,0.64,0.64,0.64,0.64,130,False,18.0,Hot-Dry Suburban Climate Station 2 (demo),730935,33.16,-111.4,32.98,-111.18
Hot-Dry & Mixed Dry,suburban/small town,Suburban,CBSA,10936,Hot-Dry & Mixed Dry Suburban catchment 49 (demo),1580000,646000,6250.0,2625.0,0.65,0.65,0.65,0.65,123,False,29.5,Hot-Dry Suburban Climate Station 3 (demo),730936,33.19,-111.43,33.01,-111.21
Hot-Dry & Mixed Dry,suburban/small town,Suburban,CBSA,10937,Hot-Dry & Mixed Dry Suburban catchment 50 (demo),1604000,655800,6340.0,2662.8,0.66,0.66,0.66,0.66,116,False,41.0,Hot-Dry Suburban Climate Station 4 (demo),730937,33.22,-111.46,33.04,-111.24
Hot-Dry & Mixed Dry,suburban/small town,Suburban,CBSA,10938,Hot-Dry & Mixed Dry Suburban catchment 51 (demo),1628000,665600,6430.0,2700.6,0.67,0.67,0.67,0.67,109,False,52.5,Hot-Dry Suburban Climate Station 5 (demo),730938,33.25,-111.49,33.07,-111.27
Hot-Dry & Mixed Dry,suburban/small town,Suburban,CBSA,10939,Hot-Dry & Mixed Dry Suburban catchment 52 (demo),1651999,675399,6520.0,2738.4,0.68,0.68,0.68,0.68,102,False,64.0,Hot-Dry Suburban Climate Station 6 (demo),730939,33.28,-111.52,33.1,-111.3
Hot-Dry & Mixed Dry,suburban/small town,Suburban,CBSA,10940,Hot-Dry & Mixed Dry Suburban catchment 53 (demo),1675999,685200,6610.0,2776.2,0.69,0.69,0.69,0.69,95,False,75.5,Hot-Dry Suburban Climate Station 7 (demo),730940,33.31,-111.55,33.13,-111.33
Hot-Dry & Mixed Dry,suburban/small town,Suburban,CBSA,10941,Hot-Dry & Mixed Dry Suburban catchment 54 (demo),1700000,695000,6700.0,2814.0,0.7,0.7,0.7,0.7,88,False,87.0,Hot-Dry Suburban Climate Station 1 (demo),730941,33.34,-111.58,33.16,-111.36
Hot-Dry & Mixed Dry,suburban/small town,Suburban,CBSA,10942,Hot-Dry & Mixed Dry Suburban catchment 55 (demo),1724000,704800,6790.0,2851.8,0.71,0.71,0.71,0.71,81,False,98.5,Hot-Dry Suburban Climate Station 2 (demo),730942,33.37,-111.61,33.19,-111.39
Hot-Dry & Mixed Dry,suburban/small town,Suburban,CBSA,10943,Hot-Dry & Mixed Dry Suburban catchment 56 (demo),1748000,714600,6880.0,2889.6,0.72,0.72,0.72,0.72,74,False,110.0,Hot-Dry Suburban Climate Station 3 (demo),730943,33.4,-111.64,33.22,-111.42
Hot-Dry & Mixed Dry,suburban/small town,Suburban,CBSA,10944,Hot-Dry & Mixed Dry Suburban catchment 57 (demo),1772000,724400,6970.0,2927.4,0.73,0.73,0.73,0.73,67,False,18.0,Hot-Dry Suburban Climate Station 4 (demo),730944,33.43,-111.67,33.25,-111.45
Hot-Dry & Mixed Dry,suburban/small town,Suburban,CBSA,10945,Hot-Dry & Mixed Dry Suburban catchment 58 (demo),1796000,734200,7060.0,2965.2,0.74,0.74,0.74,0.74,60,False,29.5,Hot-Dry Suburban Climate Station 5 (demo),730945,33.46,-111.7,33.28,-111.48
Hot-Dry & Mixed Dry,suburban/small town,Suburban,CBSA,10946,Hot-Dry & Mixed Dry Suburban catchment 59 (demo),1820000,744000,7150.0,3003.0,0.75,0.75,0.75,0.75,53,False,41.0,Hot-Dry Suburban Climate Station 6 (demo),730946,33.1,-111.34,32.92,-111.12
Hot-Dry & Mixed Dry,suburban/small town,Suburban,CBSA,10947,Hot-Dry & Mixed Dry Suburban catchment 60 (demo),1844000,753800,7240.0,3040.8,0.76,0.76,0.76,0.76,46,False,52.5,Hot-Dry Suburban Climate Station 7 (demo),730947,33.13,-111.37,32.95,-111.15
Hot-Dry & Mixed Dry,suburban/small town,Suburban,CBSA,10948,Hot-Dry & Mixed Dry Suburban catchment 61 (demo),1868000,763600,7330.0,3078.6,0.77,0.77,0.77,0.77,40,False,64.0,Hot-Dry Suburban Climate Station 1 (demo),730948,33.16,-111.4,32.98,-111.18
Hot-Dry & Mixed Dry,suburban/small town,Suburban,CBSA,10949,Hot-Dry & Mixed Dry Suburban catchment 62 (demo),1892000,773400,7420.0,3116.4,0.78,0.78,0.78,0.78,34,False,75.5,Hot-Dry Suburban Climate Station 2 (demo),730949,33.19,-111.43,33.01,-111.21
Hot-Dry & Mixed Dry,suburban/small town,Suburban,CBSA,10950,Hot-Dry & Mixed Dry Suburban catchment 63 (demo),1916000,783200,7510.0,3154.2,0.79,0.79,0.79,0.79,28,False,87.0,Hot-Dry Suburban Climate Station 3 (demo),730950,33.22,-111.46,33.04,-111.24
Hot-Dry & Mixed Dry,suburban/small town,Suburban,CBSA,10951,Hot-Dry & Mixed Dry Suburban catchment 64 (demo),1940000,793000,7600.0,3192.0,0.8,0.8,0.8,0.8,22,False,98.5,Hot-Dry Suburban Climate Station 4 (demo),730951,33.25,-111.49,33.07,-111.27
Hot-Dry & Mixed Dry,suburban/small town,Suburban,CBSA,10952,Hot-Dry & Mixed Dry Suburban catchment 65 (demo),1964000,802800,7690.0,3229.8,0.81,0.81,0.81,0.81,16,False,110.0,Hot-Dry Suburban Climate Station 5 (demo),730952,33.28,-111.52,33.1,-111.3
Hot-Dry & Mixed Dry,suburban/small town,Suburban,CBSA,10953,Hot-Dry & Mixed Dry Suburban catchment 66 (demo),1988000,812600,7780.0,3267.6,0.82,0.82,0.82,0.82,10,False,18.0,Hot-Dry Suburban Climate Station 6 (demo),730953,33.31,-111.55,33.13,-111.33
Hot-Dry & Mixed Dry,suburban/small town,Suburban,CBSA,10954,Hot-Dry & Mixed Dry Suburban catchment 67 (demo),2012000,822400,7870.0,3305.4,0.83,0.83,0.83,0.83,4,False,29.5,Hot-Dry Suburban Climate Station 7 (demo),730954,33.34,-111.58,33.16,-111.36
Hot-Dry & Mixed Dry,suburban/small town,Suburban,CBSA,10955,Hot-Dry & Mixed Dry Suburban catchment 68 (demo),1508000,616600,5980.0,2511.6,0.62,0.62,0.62,0.62,145,False,41.0,Hot-Dry Suburban Climate Station 1 (demo),730955,33.37,-111.61,33.19,-111.39
Hot-Dry & Mixed Dry,suburban/small town,Suburban,CBSA,10956,Hot-Dry & Mixed Dry Suburban catchment 69 (demo),1532000,626400,6070.0,2549.4,0.63,0.63,0.63,0.63,138,False,52.5,Hot-Dry Suburban Climate Station 2 (demo),730956,33.4,-111.64,33.22,-111.42
Hot-Dry & Mixed Dry,suburban/small town,Suburban,CBSA,10957,Hot-Dry & Mixed Dry Suburban catchment 70 (demo),1556000,636200,6160.0,2587.2,0.64,0.64,0.64,0.64,131,False,64.0,Hot-Dry Suburban Climate Station 3 (demo),730957,33.43,-111.67,33.25,-111.45
Hot-Dry & Mixed Dry,suburban/small town,Suburban,CBSA,10958,Hot-Dry & Mixed Dry Suburban catchment 71 (demo),1580000,646000,6250.0,2625.0,0.65,0.65,0.65,0.65,124,False,75.5,Hot-Dry Suburban Climate Station 4 (demo),730958,33.46,-111.7,33.28,-111.48
Hot-Dry & Mixed Dry,suburban/small town,Suburban,CBSA,10959,Hot-Dry & Mixed Dry Suburban catchment 72 (demo),1604000,655800,6340.0,2662.8,0.66,0.66,0.66,0.66,117,False,87.0,Hot-Dry Suburban Climate Station 5 (demo),730959,33.1,-111.34,32.92,-111.12
Hot-Dry & Mixed Dry,suburban/small town,Suburban,CBSA,10960,Hot-Dry & Mixed Dry Suburban catchment 73 (demo),1628000,665600,6430.0,2700.6,0.67,0.67,0.67,0.67,110,False,98.5,Hot-Dry Suburban Climate Station 6 (demo),730960,33.13,-111.37,32.95,-111.15
Hot-Dry & Mixed Dry,suburban/small town,Suburban,CBSA,10961,Hot-Dry & Mixed Dry Suburban catchment 74 (demo),1651999,675399,6520.0,2738.4,0.68,0.68,0.68,0.68,103,False,110.0,Hot-Dry Suburban Climate Station 7 (demo),730961,33.16,-111.4,32.98,-111.18
Hot-Dry & Mixed Dry,suburban/small town,Suburban,CBSA,10962,Hot-Dry & Mixed Dry Suburban catchment 75 (demo),1675999,685200,6610.0,2776.2,0.69,0.69,0.69,0.69,96,False,18.0,Hot-Dry Suburban Climate Station 1 (demo),730962,33.19,-111.43,33.01,-111.21
Hot-Dry & Mixed Dry,suburban/small town,Suburban,CBSA,10963,Hot-Dry & Mixed Dry Suburban catchment 76 (demo),1700000,695000,6700.0,2814.0,0.7,0.7,0.7,0.7,89,False,29.5,Hot-Dry Suburban Climate Station 2 (demo),730963,33.22,-111.46,33.04,-111.24
Hot-Dry & Mixed Dry,suburban/small town,Suburban,CBSA,10964,Hot-Dry & Mixed Dry Suburban catchment 77 (demo),1724000,704800,6790.0,2851.8,0.71,0.71,0.71,0.71,82,False,41.0,Hot-Dry Suburban Climate Station 3 (demo),730964,33.25,-111.49,33.07,-111.27
Hot-Dry & Mixed Dry,suburban/small town,Suburban,CBSA,10965,Hot-Dry & Mixed Dry Suburban catchment 78 (demo),1748000,714600,6880.0,2889.6,0.72,0.72,0.72,0.72,75,False,52.5,Hot-Dry Suburban Climate Station 4 (demo),730965,33.28,-111.52,33.1,-111.3
Hot-Dry & Mixed Dry,suburban/small town,Suburban,CBSA,10966,Hot-Dry & Mixed Dry Suburban catchment 79 (demo),1772000,724400,6970.0,2927.4,0.73,0.73,0.73,0.73,68,False,64.0,Hot-Dry Suburban Climate Station 5 (demo),730966,33.31,-111.55,33.13,-111.33
Hot-Dry & Mixed Dry,suburban/small town,Suburban,CBSA,10967,Hot-Dry & Mixed Dry Suburban catchment 80 (demo),1796000,734200,7060.0,2965.2,0.74,0.74,0.74,0.74,61,False,75.5,Hot-Dry Suburban Climate Station 6 (demo),730967,33.34,-111.58,33.16,-111.36
Hot-Dry & Mixed Dry,suburban/small town,Suburban,CBSA,10968,Hot-Dry & Mixed Dry Suburban catchment 81 (demo),1820000,744000,7150.0,3003.0,0.75,0.75,0.75,0.75,54,False,87.0,Hot-Dry Suburban Climate Station 7 (demo),730968,33.37,-111.61,33.19,-111.39
Hot-Dry & Mixed Dry,suburban/small town,Suburban,CBSA,10969,Hot-Dry & Mixed Dry Suburban catchment 82 (demo),1844000,753800,7240.0,3040.8,0.76,0.76,0.76,0.76,47,False,98.5,Hot-Dry Suburban Climate Station 1 (demo),730969,33.4,-111.64,33.22,-111.42
Hot-Dry & Mixed Dry,suburban/small town,Suburban,CBSA,10970,Hot-Dry & Mixed Dry Suburban catchment 83 (demo),1868000,763600,7330.0,3078.6,0.77,0.77,0.77,0.77,41,False,110.0,Hot-Dry Suburban Climate Station 2 (demo),730970,33.43,-111.67,33.25,-111.45
Hot-Dry & Mixed Dry,suburban/small town,Suburban,CBSA,10971,Hot-Dry & Mixed Dry Suburban catchment 84 (demo),1892000,773400,7420.0,3116.4,0.78,0.78,0.78,0.78,35,False,18.0,Hot-Dry Suburban Climate Station 3 (demo),730971,33.46,-111.7,33.28,-111.48
Hot-Dry & Mixed Dry,suburban/small town,Suburban,CBSA,10972,Hot-Dry & Mixed Dry Suburban catchment 85 (demo),1916000,783200,7510.0,3154.2,0.79,0.79,0.79,0.79,29,False,29.5,Hot-Dry Suburban Climate Station 4 (demo),730972,33.1,-111.34,32.92,-111.12
Hot-Dry & Mixed Dry,suburban/small town,Suburban,CBSA,10973,Hot-Dry & Mixed Dry Suburban catchment 86 (demo),1940000,793000,7600.0,3192.0,0.8,0.8,0.8,0.8,23,False,41.0,Hot-Dry Suburban Climate Station 5 (demo),730973,33.13,-111.37,32.95,-111.15
Hot-Dry & Mixed Dry,suburban/small town,Suburban,CBSA,10974,Hot-Dry & Mixed Dry Suburban catchment 87 (demo),1964000,802800,7690.0,3229.8,0.81,0.81,0.81,0.81,17,False,52.5,Hot-Dry Suburban Climate Station 6 (demo),730974,33.16,-111.4,32.98,-111.18
Hot-Dry & Mixed Dry,suburban/small town,Suburban,CBSA,10975,Hot-Dry & Mixed Dry Suburban catchment 88 (demo),1988000,812600,7780.0,3267.6,0.82,0.82,0.82,0.82,11,False,64.0,Hot-Dry Suburban Climate Station 7 (demo),730975,33.19,-111.43,33.01,-111.21
Hot-Dry & Mixed Dry,suburban/small town,Suburban,CBSA,10976,Hot-Dry & Mixed Dry Suburban catchment 89 (demo),2012000,822400,7870.0,3305.4,0.83,0.83,0.83,0.83,5,False,75.5,Hot-Dry Suburban Climate Station 1 (demo),730976,33.22,-111.46,33.04,-111.24
Hot-Dry & Mixed Dry,suburban/small town,Suburban,CBSA,10977,Hot-Dry & Mixed Dry Suburban catchment 90 (demo),1508000,616600,5980.0,2511.6,0.62,0.62,0.62,0.62,146,False,87.0,Hot-Dry Suburban Climate Station 2 (demo),730977,33.25,-111.49,33.07,-111.27
Hot-Dry & Mixed Dry,suburban/small town,Suburban,CBSA,10978,Hot-Dry & Mixed Dry Suburban catchment 91 (demo),1532000,626400,6070.0,2549.4,0.63,0.63,0.63,0.63,139,False,98.5,Hot-Dry Suburban Climate Station 3 (demo),730978,33.28,-111.52,33.1,-111.3
Hot-Dry & Mixed Dry,suburban/small town,Suburban,CBSA,10979,Hot-Dry & Mixed Dry Suburban catchment 92 (demo),1556000,636200,6160.0,2587.2,0.64,0.64,0.64,0.64,132,False,110.0,Hot-Dry Suburban Climate Station 4 (demo),730979,33.31,-111.55,33.13,-111.33
Hot-Dry & Mixed Dry,suburban/small town,Suburban,CBSA,10980,Hot-Dry & Mixed Dry Suburban catchment 93 (demo),1580000,646000,6250.0,2625.0,0.65,0.65,0.65,0.65,125,False,18.0,Hot-Dry Suburban Climate Station 5 (demo),730980,33.34,-111.58,33.16,-111.36
Hot-Dry & Mixed Dry,suburban/small town,Suburban,CBSA,10981,Hot-Dry & Mixed Dry Suburban catchment 94 (demo),1604000,655800,6340.0,2662.8,0.66,0.66,0.66,0.66,118,False,29.5,Hot-Dry Suburban Climate Station 6 (demo),730981,33.37,-111.61,33.19,-111.39
Hot-Dry & Mixed Dry,suburban/small town,Suburban,CBSA,10982,Hot-Dry & Mixed Dry Suburban catchment 95 (demo),1628000,665600,6430.0,2700.6,0.67,0.67,0.67,0.67,111,False,41.0,Hot-Dry Suburban Climate Station 7 (demo),730982,33.4,-111.64,33.22,-111.42
Hot-Dry & Mixed Dry,suburban/small town,Suburban,CBSA,10983,Hot-Dry & Mixed Dry Suburban catchment 96 (demo),1651999,675399,6520.0,2738.4,0.68,0.68,0.68,0.68,104,False,52.5,Hot-Dry Suburban Climate Station 1 (demo),730983,33.43,-111.67,33.25,-111.45
Hot-Dry & Mixed Dry,suburban/small town,Suburban,CBSA,10984,Hot-Dry & Mixed Dry Suburban catchment 97 (demo),1675999,685200,6610.0,2776.2,0.69,0.69,0.69,0.69,97,False,64.0,Hot-Dry Suburban Climate Station 2 (demo),730984,33.46,-111.7,33.28,-111.48
Hot-Dry & Mixed Dry,suburban/small town,Suburban,CBSA,10985,Hot-Dry & Mixed Dry Suburban catchment 98 (demo),1700000,695000,6700.0,2814.0,0.7,0.7,0.7,0.7,90,False,75.5,Hot-Dry Suburban Climate Station 3 (demo),730985,33.1,-111.34,32.92,-111.12
Hot-Dry & Mixed Dry,suburban/small town,Suburban,CBSA,10986,Hot-Dry & Mixed Dry Suburban catchment 99 (demo),1724000,704800,6790.0,2851.8,0.71,0.71,0.71,0.71,83,False,87.0,Hot-Dry Suburban Climate Station 4 (demo),730986,33.13,-111.37,32.95,-111.15
Hot-Dry & Mixed Dry,suburban/small town,Suburban,CBSA,10987,Hot-Dry & Mixed Dry Suburban catchment 100 (demo),1748000,714600,6880.0,2889.6,0.72,0.72,0.72,0.72,76,False,98.5,Hot-Dry Suburban Climate Station 5 (demo),730987,33.16,-111.4,32.98,-111.18
Hot-Dry & Mixed Dry,suburban/small town,Suburban,CBSA,10988,Hot-Dry & Mixed Dry Suburban catchment 101 (demo),1772000,724400,6970.0,2927.4,0.73,0.73,0.73,0.73,69,False,110.0,Hot-Dry Suburban Climate Station 6 (demo),730988,33.19,-111.43,33.01,-111.21
Hot-Dry & Mixed Dry,suburban/small town,Suburban,CBSA,10989,Hot-Dry & Mixed Dry Suburban catchment 102 (demo),1796000,734200,7060.0,2965.2,0.74,0.74,0.74,0.74,62,False,18.0,Hot-Dry Suburban Climate Station 7 (demo),730989,33.22,-111.46,33.04,-111.24
Hot-Dry & Mixed Dry,suburban/small town,Suburban,CBSA,10990,Hot-Dry & Mixed Dry Suburban catchment 103 (demo),1820000,744000,7150.0,3003.0,0.75,0.75,0.75,0.75,55,False,29.5,Hot-Dry Suburban Climate Station 1 (demo),730990,33.25,-111.49,33.07,-111.27
Hot-Dry & Mixed Dry,suburban/small town,Suburban,CBSA,10991,Hot-Dry & Mixed Dry Suburban catchment 104 (demo),1844000,753800,7240.0,3040.8,0.76,0.76,0.76,0.76,48,False,41.0,Hot-Dry Suburban Climate Station 2 (demo),730991,33.28,-111.52,33.1,-111.3
Hot-Dry & Mixed Dry,suburban/small town,Suburban,CBSA,10992,Hot-Dry & Mixed Dry Suburban catchment 105 (demo),1868000,763600,7330.0,3078.6,0.77,0.77,0.77,0.77,42,False,52.5,Hot-Dry Suburban Climate Station 3 (demo),730992,33.31,-111.55,33.13,-111.33
Hot-Dry & Mixed Dry,suburban/small town,Suburban,CBSA,10993,Hot-Dry & Mixed Dry Suburban catchment 106 (demo),1892000,773400,7420.0,3116.4,0.78,0.78,0.78,0.78,36,False,64.0,Hot-Dry Suburban Climate Station 4 (demo),730993,33.34,-111.58,33.16,-111.36
Hot-Dry & Mixed Dry,suburban/small town,Suburban,CBSA,10994,Hot-Dry & Mixed Dry Suburban catchment 107 (demo),1916000,783200,7510.0,3154.2,0.79,0.79,0.79,0.79,30,False,75.5,Hot-Dry Suburban Climate Station 5 (demo),730994,33.37,-111.61,33.19,-111.39
Hot-Dry & Mixed Dry,suburban/small town,Suburban,CBSA,10995,Hot-Dry & Mixed Dry Suburban catchment 108 (demo),1940000,793000,7600.0,3192.0,0.8,0.8,0.8,0.8,24,False,87.0,Hot-Dry Suburban Climate Station 6 (demo),730995,33.4,-111.64,33.22,-111.42
Hot-Dry & Mixed Dry,suburban/small town,Suburban,CBSA,10996,Hot-Dry & Mixed Dry Suburban catchment 109 (demo),1964000,802800,7690.0,3229.8,0.81,0.81,0.81,0.81,18,False,98.5,Hot-Dry Suburban Climate Station 7 (demo),730996,33.43,-111.67,33.25,-111.45
Hot-Dry & Mixed Dry,suburban/small town,Suburban,CBSA,10997,Hot-Dry & Mixed Dry Suburban catchment 110 (demo),1988000,812600,7780.0,3267.6,0.82,0.82,0.82,0.82,12,False,110.0,Hot-Dry Suburban Climate Station 1 (demo),730997,33.46,-111.7,33.28,-111.48
Hot-Dry & Mixed Dry,suburban/small town,Suburban,CBSA,10998,Hot-Dry & Mixed Dry Suburban catchment 111 (demo),2012000,822400,7870.0,3305.4,0.83,0.83,0.83,0.83,6,False,18.0,Hot-Dry Suburban Climate Station 2 (demo),730998,33.1,-111.34,32.92,-111.12
Hot-Dry & Mixed Dry,suburban/small town,Suburban,CBSA,10999,Hot-Dry & Mixed Dry Suburban catchment 112 (demo),1508000,616600,5980.0,2511.6,0.62,0.62,0.62,0.62,147,False,29.5,Hot-Dry Suburban Climate Station 3 (demo),730999,33.13,-111.37,32.95,-111.15
Hot-Dry & Mixed Dry,suburban/small town,Suburban,CBSA,11000,Hot-Dry & Mixed Dry Suburban catchment 113 (demo),1532000,626400,6070.0,2549.4,0.63,0.63,0.63,0.63,140,False,41.0,Hot-Dry Suburban Climate Station 4 (demo),731000,33.16,-111.4,32.98,-111.18
Hot-Dry & Mixed Dry,suburban/small town,Suburban,CBSA,11001,Hot-Dry & Mixed Dry Suburban catchment 114 (demo),1556000,636200,6160.0,2587.2,0.64,0.64,0.64,0.64,133,False,52.5,Hot-Dry Suburban Climate Station 5 (demo),731001,33.19,-111.43,33.01,-111.21
Hot-Dry & Mixed Dry,suburban/small town,Suburban,CBSA,11002,Hot-Dry & Mixed Dry Suburban catchment 115 (demo),1580000,646000,6250.0,2625.0,0.65,0.65,0.65,0.65,126,False,64.0,Hot-Dry Suburban Climate Station 6 (demo),731002,33.22,-111.46,33.04,-111.24
Hot-Dry & Mixed Dry,suburban/small town,Suburban,CBSA,11003,Hot-Dry & Mixed Dry Suburban catchment 116 (demo),1604000,655800,6340.0,2662.8,0.66,0.66,0.66,0.66,119,False,75.5,Hot-Dry Suburban Climate Station 7 (demo),731003,33.25,-111.49,33.07,-111.27
Hot-Dry & Mixed Dry,suburban/small town,Suburban,CBSA,11004,Hot-Dry & Mixed Dry Suburban catchment 117 (demo),1628000,665600,6430.0,2700.6,0.67,0.67,0.67,0.67,112,False,87.0,Hot-Dry Suburban Climate Station 1 (demo),731004,33.28,-111.52,33.1,-111.3
Hot-Dry & Mixed Dry,suburban/small town,Suburban,CBSA,11005,Hot-Dry & Mixed Dry Suburban catchment 118 (demo),1651999,675399,6520.0,2738.4,0.68,0.68,0.68,0.68,105,False,98.5,Hot-Dry Suburban Climate Station 2 (demo),731005,33.31,-111.55,33.13,-111.33
Hot-Dry & Mixed Dry,suburban/small town,Suburban,CBSA,11006,Hot-Dry & Mixed Dry Suburban catchment 119 (demo),1675999,685200,6610.0,2776.2,0.69,0.69,0.69,0.69,98,False,110.0,Hot-Dry Suburban Climate Station 3 (demo),731006,33.34,-111.58,33.16,-111.36
Hot-Dry & Mixed Dry,suburban/small town,Suburban,CBSA,11007,Hot-Dry & Mixed Dry Suburban catchment 120 (demo),1700000,695000,6700.0,2814.0,0.7,0.7,0.7,0.7,91,False,18.0,Hot-Dry Suburban Climate Station 4 (demo),731007,33.37,-111.61,33.19,-111.39
Hot-Dry & Mixed Dry,suburban/small town,Suburban,CBSA,11008,Hot-Dry & Mixed Dry Suburban catchment 121 (demo),1724000,704800,6790.0,2851.8,0.71,0.71,0.71,0.71,84,False,29.5,Hot-Dry Suburban Climate Station 5 (demo),731008,33.4,-111.64,33.22,-111.42
Hot-Dry & Mixed Dry,suburban/small town,Suburban,CBSA,11009,Hot-Dry & Mixed Dry Suburban catchment 122 (demo),1748000,714600,6880.0,2889.6,0.72,0.72,0.72,0.72,77,False,41.0,Hot-Dry Suburban Climate Station 6 (demo),731009,33.43,-111.67,33.25,-111.45
Hot-Dry & Mixed Dry,suburban/small town,Suburban,CBSA,11010,Hot-Dry & Mixed Dry Suburban catchment 123 (demo),1772000,724400,6970.0,2927.4,0.73,0.73,0.73,0.73,70,False,52.5,Hot-Dry Suburban Climate Station 7 (demo),731010,33.46,-111.7,33.28,-111.48
Hot-Dry & Mixed Dry,suburban/small town,Suburban,CBSA,11011,Hot-Dry & Mixed Dry Suburban catchment 124 (demo),1796000,734200,7060.0,2965.2,0.74,0.74,0.74,0.74,63,False,64.0,Hot-Dry Suburban Climate Station 1 (demo),731011,33.1,-111.34,32.92,-111.12
Hot-Dry & Mixed Dry,suburban/small town,Suburban,CBSA,11012,Hot-Dry & Mixed Dry Suburban catchment 125 (demo),1820000,744000,7150.0,3003.0,0.75,0.75,0.75,0.75,56,False,75.5,Hot-Dry Suburban Climate Station 2 (demo),731012,33.13,-111.37,32.95,-111.15
Hot-Dry & Mixed Dry,suburban/small town,Suburban,CBSA,11013,Hot-Dry & Mixed Dry Suburban catchment 126 (demo),1844000,753800,7240.0,3040.8,0.76,0.76,0.76,0.76,49,False,87.0,Hot-Dry Suburban Climate Station 3 (demo),731013,33.16,-111.4,32.98,-111.18
Hot-Dry & Mixed Dry,suburban/small town,Suburban,CBSA,11014,Hot-Dry & Mixed Dry Suburban catchment 127 (demo),1868000,763600,7330.0,3078.6,0.77,0.77,0.77,0.77,43,False,98.5,Hot-Dry Suburban Climate Station 4 (demo),731014,33.19,-111.43,33.01,-111.21
Hot-Dry & Mixed Dry,suburban/small town,Suburban,CBSA,11015,Hot-Dry & Mixed Dry Suburban catchment 128 (demo),1892000,773400,7420.0,3116.4,0.78,0.78,0.78,0.78,37,False,110.0,Hot-Dry Suburban Climate Station 5 (demo),731015,33.22,-111.46,33.04,-111.24
Hot-Dry & Mixed Dry,suburban/small town,Suburban,CBSA,11016,Hot-Dry & Mixed Dry Suburban catchment 129 (demo),1916000,783200,7510.0,3154.2,0.79,0.79,0.79,0.79,31,False,18.0,Hot-Dry Suburban Climate Station 6 (demo),731016,33.25,-111.49,33.07,-111.27
Hot-Dry & Mixed Dry,suburban/small town,Suburban,CBSA,11017,Hot-Dry & Mixed Dry Suburban catchment 130 (demo),1940000,793000,7600.0,3192.0,0.8,0.8,0.8,0.8,25,False,29.5,Hot-Dry Suburban Climate Station 7 (demo),731017,33.28,-111.52,33.1,-111.3
Hot-Dry & Mixed Dry,suburban/small town,Suburban,CBSA,11018,Hot-Dry & Mixed Dry Suburban catchment 131 (demo),1964000,802800,7690.0,3229.8,0.81,0.81,0.81,0.81,19,False,41.0,Hot-Dry Suburban Climate Station 1 (demo),731018,33.31,-111.55,33.13,-111.33
Hot-Dry & Mixed Dry,suburban/small town,Suburban,CBSA,11019,Hot-Dry & Mixed Dry Suburban catchment 132 (demo),1988000,812600,7780.0,3267.6,0.82,0.82,0.82,0.82,13,False,52.5,Hot-Dry Suburban Climate Station 2 (demo),731019,33.34,-111.58,33.16,-111.36
Hot-Dry & Mixed Dry,suburban/small town,Suburban,CBSA,11020,Hot-Dry & Mixed Dry Suburban catchment 133 (demo),2012000,822400,7870.0,3305.4,0.83,0.83,0.83,0.83,7,False,64.0,Hot-Dry Suburban Climate Station 3 (demo),731020,33.37,-111.61,33.19,-111.39
Hot-Dry & Mixed Dry,suburban/small town,Suburban,CBSA,11021,Hot-Dry & Mixed Dry Suburban catchment 134 (demo),1508000,616600,5980.0,2511.6,0.62,0.62,0.62,0.62,148,False,75.5,Hot-Dry Suburban Climate Station 4 (demo),731021,33.4,-111.64,33.22,-111.42
Hot-Dry & Mixed Dry,suburban/small town,Suburban,CBSA,11022,Hot-Dry & Mixed Dry Suburban catchment 135 (demo),1532000,626400,6070.0,2549.4,0.63,0.63,0.63,0.63,141,False,87.0,Hot-Dry Suburban Climate Station 5 (demo),731022,33.43,-111.67,33.25,-111.45
Hot-Dry & Mixed Dry,suburban/small town,Suburban,CBSA,11023,Hot-Dry & Mixed Dry Suburban catchment 136 (demo),1556000,636200,6160.0,2587.2,0.64,0.64,0.64,0.64,134,False,98.5,Hot-Dry Suburban Climate Station 6 (demo),731023,33.46,-111.7,33.28,-111.48
Hot-Dry & Mixed Dry,suburban/small town,Suburban,CBSA,11024,Hot-Dry & Mixed Dry Suburban catchment 137 (demo),1580000,646000,6250.0,2625.0,0.65,0.65,0.65,0.65,127,False,110.0,Hot-Dry Suburban Climate Station 7 (demo),731024,33.1,-111.34,32.92,-111.12
Hot-Dry & Mixed Dry,suburban/small town,Suburban,CBSA,11025,Hot-Dry & Mixed Dry Suburban catchment 138 (demo),1604000,655800,6340.0,2662.8,0.66,0.66,0.66,0.66,120,False,18.0,Hot-Dry Suburban Climate Station 1 (demo),731025,33.13,-111.37,32.95,-111.15
Hot-Dry & Mixed Dry,suburban/small town,Suburban,CBSA,11026,Hot-Dry & Mixed Dry Suburban catchment 139 (demo),1628000,665600,6430.0,2700.6,0.67,0.67,0.67,0.67,113,False,29.5,Hot-Dry Suburban Climate Station 2 (demo),731026,33.16,-111.4,32.98,-111.18
Hot-Dry & Mixed Dry,suburban/small town,Suburban,CBSA,11027,Hot-Dry & Mixed Dry Suburban catchment 140 (demo),1651999,675399,6520.0,2738.4,0.68,0.68,0.68,0.68,106,False,41.0,Hot-Dry Suburban Climate Station 3 (demo),731027,33.19,-111.43,33.01,-111.21
Hot-Dry & Mixed Dry,suburban/small town,Suburban,CBSA,11028,Hot-Dry & Mixed Dry Suburban catchment 141 (demo),1675999,685200,6610.0,2776.2,0.69,0.69,0.69,0.69,99,False,52.5,Hot-Dry Suburban Climate Station 4 (demo),731028,33.22,-111.46,33.04,-111.24
Hot-Dry & Mixed Dry,suburban/small town,Suburban,CBSA,11029,Hot-Dry & Mixed Dry Suburban catchment 142 (demo),1700000,695000,6700.0,2814.0,0.7,0.7,0.7,0.7,92,False,64.0,Hot-Dry Suburban Climate Station 5 (demo),731029,33.25,-111.49,33.07,-111.27
Hot-Dry & Mixed Dry,suburban/small town,Suburban,CBSA,11030,Hot-Dry & Mixed Dry Suburban catchment 143 (demo),1724000,704800,6790.0,2851.8,0.71,0.71,0.71,0.71,85,False,75.5,Hot-Dry Suburban Climate Station 6 (demo),731030,33.28,-111.52,33.1,-111.3
Hot-Dry & Mixed Dry,suburban/small town,Suburban,CBSA,11031,Hot-Dry & Mixed Dry Suburban catchment 144 (demo),1748000,714600,6880.0,2889.6,0.72,0.72,0.72,0.72,78,False,87.0,Hot-Dry Suburban Climate Station 7 (demo),731031,33.31,-111.55,33.13,-111.33
Hot-Dry & Mixed Dry,suburban/small town,Suburban,CBSA,11032,Hot-Dry & Mixed Dry Suburban catchment 145 (demo),1772000,724400,6970.0,2927.4,0.73,0.73,0.73,0.73,71,False,98.5,Hot-Dry Suburban Climate Station 1 (demo),731032,33.34,-111.58,33.16,-111.36
Hot-Dry & Mixed Dry,suburban/small town,Suburban,CBSA,11033,Hot-Dry & Mixed Dry Suburban catchment 146 (demo),1796000,734200,7060.0,2965.2,0.74,0.74,0.74,0.74,64,False,110.0,Hot-Dry Suburban Climate Station 2 (demo),731033,33.37,-111.61,33.19,-111.39
Hot-Dry & Mixed Dry,suburban/small town,Suburban,CBSA,11034,Hot-Dry & Mixed Dry Suburban catchment 147 (demo),1820000,744000,7150.0,3003.0,0.75,0.75,0.75,0.75,57,False,18.0,Hot-Dry Suburban Climate Station 3 (demo),731034,33.4,-111.64,33.22,-111.42
Hot-Dry & Mixed Dry,suburban/small town,Suburban,CBSA,11035,Hot-Dry & Mixed Dry Suburban catchment 148 (demo),1844000,753800,7240.0,3040.8,0.76,0.76,0.76,0.76,50,False,29.5,Hot-Dry Suburban Climate Station 4 (demo),731035,33.43,-111.67,33.25,-111.45
Hot-Dry & Mixed Dry,rural,Rural,County,11036,Hot-Dry & Mixed Dry Rural catchment 1 (demo),2180000,891000,8500.0,3570.0,0.9,0.9,0.9,0.9,1,True,41.0,Hot-Dry Rural Climate Station 5 (demo),731036,35.06,-113.3,34.88,-113.08
Hot-Dry & Mixed Dry,rural,Rural,County,11037,Hot-Dry & Mixed Dry Rural catchment 2 (demo),1508000,616600,5980.0,2511.6,0.62,0.62,0.62,0.62,142,False,52.5,Hot-Dry Rural Climate Station 6 (demo),731037,34.7,-112.94,34.52,-112.72
Hot-Dry & Mixed Dry,rural,Rural,County,11038,Hot-Dry & Mixed Dry Rural catchment 3 (demo),1532000,626400,6070.0,2549.4,0.63,0.63,0.63,0.63,135,False,64.0,Hot-Dry Rural Climate Station 7 (demo),731038,34.73,-112.97,34.55,-112.75
Hot-Dry & Mixed Dry,rural,Rural,County,11039,Hot-Dry & Mixed Dry Rural catchment 4 (demo),1556000,636200,6160.0,2587.2,0.64,0.64,0.64,0.64,128,False,75.5,Hot-Dry Rural Climate Station 1 (demo),731039,34.76,-113.0,34.58,-112.78
Hot-Dry & Mixed Dry,rural,Rural,County,11040,Hot-Dry & Mixed Dry Rural catchment 5 (demo),1580000,646000,6250.0,2625.0,0.65,0.65,0.65,0.65,121,False,87.0,Hot-Dry Rural Climate Station 2 (demo),731040,34.79,-113.03,34.61,-112.81
Hot-Dry & Mixed Dry,rural,Rural,County,11041,Hot-Dry & Mixed Dry Rural catchment 6 (demo),1604000,655800,6340.0,2662.8,0.66,0.66,0.66,0.66,114,False,98.5,Hot-Dry Rural Climate Station 3 (demo),731041,34.82,-113.06,34.64,-112.84
Hot-Dry & Mixed Dry,rural,Rural,County,11042,Hot-Dry & Mixed Dry Rural catchment 7 (demo),1628000,665600,6430.0,2700.6,0.67,0.67,0.67,0.67,107,False,110.0,Hot-Dry Rural Climate Station 4 (demo),731042,34.85,-113.09,34.67,-112.87
Hot-Dry & Mixed Dry,rural,Rural,County,11043,Hot-Dry & Mixed Dry Rural catchment 8 (demo),1651999,675399,6520.0,2738.4,0.68,0.68,0.68,0.68,100,False,18.0,Hot-Dry Rural Climate Station 5 (demo),731043,34.88,-113.12,34.7,-112.9
Hot-Dry & Mixed Dry,rural,Rural,County,11044,Hot-Dry & Mixed Dry Rural catchment 9 (demo),1675999,685200,6610.0,2776.2,0.69,0.69,0.69,0.69,93,False,29.5,Hot-Dry Rural Climate Station 6 (demo),731044,34.91,-113.15,34.73,-112.93
Hot-Dry & Mixed Dry,rural,Rural,County,11045,Hot-Dry & Mixed Dry Rural catchment 10 (demo),1700000,695000,6700.0,2814.0,0.7,0.7,0.7,0.7,86,False,41.0,Hot-Dry Rural Climate Station 7 (demo),731045,34.94,-113.18,34.76,-112.96
Hot-Dry & Mixed Dry,rural,Rural,County,11046,Hot-Dry & Mixed Dry Rural catchment 11 (demo),1724000,704800,6790.0,2851.8,0.71,0.71,0.71,0.71,79,False,52.5,Hot-Dry Rural Climate Station 1 (demo),731046,34.97,-113.21,34.79,-112.99
Hot-Dry & Mixed Dry,rural,Rural,County,11047,Hot-Dry & Mixed Dry Rural catchment 12 (demo),1748000,714600,6880.0,2889.6,0.72,0.72,0.72,0.72,72,False,64.0,Hot-Dry Rural Climate Station 2 (demo),731047,35.0,-113.24,34.82,-113.02
Hot-Dry & Mixed Dry,rural,Rural,County,11048,Hot-Dry & Mixed Dry Rural catchment 13 (demo),1772000,724400,6970.0,2927.4,0.73,0.73,0.73,0.73,65,False,75.5,Hot-Dry Rural Climate Station 3 (demo),731048,35.03,-113.27,34.85,-113.05
Hot-Dry & Mixed Dry,rural,Rural,County,11049,Hot-Dry & Mixed Dry Rural catchment 14 (demo),1796000,734200,7060.0,2965.2,0.74,0.74,0.74,0.74,58,False,87.0,Hot-Dry Rural Climate Station 4 (demo),731049,35.06,-113.3,34.88,-113.08
Hot-Dry & Mixed Dry,rural,Rural,County,11050,Hot-Dry & Mixed Dry Rural catchment 15 (demo),1820000,744000,7150.0,3003.0,0.75,0.75,0.75,0.75,51,False,98.5,Hot-Dry Rural Climate Station 5 (demo),731050,34.7,-112.94,34.52,-112.72
Hot-Dry & Mixed Dry,rural,Rural,County,11051,Hot-Dry & Mixed Dry Rural catchment 16 (demo),1844000,753800,7240.0,3040.8,0.76,0.76,0.76,0.76,44,False,110.0,Hot-Dry Rural Climate Station 6 (demo),731051,34.73,-112.97,34.55,-112.75
Hot-Dry & Mixed Dry,rural,Rural,County,11052,Hot-Dry & Mixed Dry Rural catchment 17 (demo),1868000,763600,7330.0,3078.6,0.77,0.77,0.77,0.77,38,False,18.0,Hot-Dry Rural Climate Station 7 (demo),731052,34.76,-113.0,34.58,-112.78
Hot-Dry & Mixed Dry,rural,Rural,County,11053,Hot-Dry & Mixed Dry Rural catchment 18 (demo),1892000,773400,7420.0,3116.4,0.78,0.78,0.78,0.78,32,False,29.5,Hot-Dry Rural Climate Station 1 (demo),731053,34.79,-113.03,34.61,-112.81
Hot-Dry & Mixed Dry,rural,Rural,County,11054,Hot-Dry & Mixed Dry Rural catchment 19 (demo),1916000,783200,7510.0,3154.2,0.79,0.79,0.79,0.79,26,False,41.0,Hot-Dry Rural Climate Station 2 (demo),731054,34.82,-113.06,34.64,-112.84
Hot-Dry & Mixed Dry,rural,Rural,County,11055,Hot-Dry & Mixed Dry Rural catchment 20 (demo),1940000,793000,7600.0,3192.0,0.8,0.8,0.8,0.8,20,False,52.5,Hot-Dry Rural Climate Station 3 (demo),731055,34.85,-113.09,34.67,-112.87
Hot-Dry & Mixed Dry,rural,Rural,County,11056,Hot-Dry & Mixed Dry Rural catchment 21 (demo),1964000,802800,7690.0,3229.8,0.81,0.81,0.81,0.81,14,False,64.0,Hot-Dry Rural Climate Station 4 (demo),731056,34.88,-113.12,34.7,-112.9
Hot-Dry & Mixed Dry,rural,Rural,County,11057,Hot-Dry & Mixed Dry Rural catchment 22 (demo),1988000,812600,7780.0,3267.6,0.82,0.82,0.82,0.82,8,False,75.5,Hot-Dry Rural Climate Station 5 (demo),731057,34.91,-113.15,34.73,-112.93
Hot-Dry & Mixed Dry,rural,Rural,County,11058,Hot-Dry & Mixed Dry Rural catchment 23 (demo),2012000,822400,7870.0,3305.4,0.83,0.83,0.83,0.83,2,False,87.0,Hot-Dry Rural Climate Station 6 (demo),731058,34.94,-113.18,34.76,-112.96
Hot-Dry & Mixed Dry,rural,Rural,County,11059,Hot-Dry & Mixed Dry Rural catchment 24 (demo),1508000,616600,5980.0,2511.6,0.62,0.62,0.62,0.62,143,False,98.5,Hot-Dry Rural Climate Station 7 (demo),731059,34.97,-113.21,34.79,-112.99
Hot-Dry & Mixed Dry,rural,Rural,County,11060,Hot-Dry & Mixed Dry Rural catchment 25 (demo),1532000,626400,6070.0,2549.4,0.63,0.63,0.63,0.63,136,False,110.0,Hot-Dry Rural Climate Station 1 (demo),731060,35.0,-113.24,34.82,-113.02
Hot-Dry & Mixed Dry,rural,Rural,County,11061,Hot-Dry & Mixed Dry Rural catchment 26 (demo),1556000,636200,6160.0,2587.2,0.64,0.64,0.64,0.64,129,False,18.0,Hot-Dry Rural Climate Station 2 (demo),731061,35.03,-113.27,34.85,-113.05
Hot-Dry & Mixed Dry,rural,Rural,County,11062,Hot-Dry & Mixed Dry Rural catchment 27 (demo),1580000,646000,6250.0,2625.0,0.65,0.65,0.65,0.65,122,False,29.5,Hot-Dry Rural Climate Station 3 (demo),731062,35.06,-113.3,34.88,-113.08
Hot-Dry & Mixed Dry,rural,Rural,County,11063,Hot-Dry & Mixed Dry Rural catchment 28 (demo),1604000,655800,6340.0,2662.8,0.66,0.66,0.66,0.66,115,False,41.0,Hot-Dry Rural Climate Station 4 (demo),731063,34.7,-112.94,34.52,-112.72
Hot-Dry & Mixed Dry,rural,Rural,County,11064,Hot-Dry & Mixed Dry Rural catchment 29 (demo),1628000,665600,6430.0,2700.6,0.67,0.67,0.67,0.67,108,False,52.5,Hot-Dry Rural Climate Station 5 (demo),731064,34.73,-112.97,34.55,-112.75
Hot-Dry & Mixed Dry,rural,Rural,County,11065,Hot-Dry & Mixed Dry Rural catchment 30 (demo),1651999,675399,6520.0,2738.4,0.68,0.68,0.68,0.68,101,False,64.0,Hot-Dry Rural Climate Station 6 (demo),731065,34.76,-113.0,34.58,-112.78
Hot-Dry & Mixed Dry,rural,Rural,County,11066,Hot-Dry & Mixed Dry Rural catchment 31 (demo),1675999,685200,6610.0,2776.2,0.69,0.69,0.69,0.69,94,False,75.5,Hot-Dry Rural Climate Station 7 (demo),731066,34.79,-113.03,34.61,-112.81
Hot-Dry & Mixed Dry,rural,Rural,County,11067,Hot-Dry & Mixed Dry Rural catchment 32 (demo),1700000,695000,6700.0,2814.0,0.7,0.7,0.7,0.7,87,False,87.0,Hot-Dry Rural Climate Station 1 (demo),731067,34.82,-113.06,34.64,-112.84
Hot-Dry & Mixed Dry,rural,Rural,County,11068,Hot-Dry & Mixed Dry Rural catchment 33 (demo),1724000,704800,6790.0,2851.8,0.71,0.71,0.71,0.71,80,False,98.5,Hot-Dry Rural Climate Station 2 (demo),731068,34.85,-113.09,34.67,-112.87
Hot-Dry & Mixed Dry,rural,Rural,County,11069,Hot-Dry & Mixed Dry Rural catchment 34 (demo),1748000,714600,6880.0,2889.6,0.72,0.72,0.72,0.72,73,False,110.0,Hot-Dry Rural Climate Station 3 (demo),731069,34.88,-113.12,34.7,-112.9
Hot-Dry & Mixed Dry,rural,Rural,County,11070,Hot-Dry & Mixed Dry Rural catchment 35 (demo),1772000,724400,6970.0,2927.4,0.73,0.73,0.73,0.73,66,False,18.0,Hot-Dry Rural Climate Station 4 (demo),731070,34.91,-113.15,34.73,-112.93
Hot-Dry & Mixed Dry,rural,Rural,County,11071,Hot-Dry & Mixed Dry Rural catchment 36 (demo),1796000,734200,7060.0,2965.2,0.74,0.74,0.74,0.74,59,False,29.5,Hot-Dry Rural Climate Station 5 (demo),731071,34.94,-113.18,34.76,-112.96
Hot-Dry & Mixed Dry,rural,Rural,County,11072,Hot-Dry & Mixed Dry Rural catchment 37 (demo),1820000,744000,7150.0,3003.0,0.75,0.75,0.75,0.75,52,False,41.0,Hot-Dry Rural Climate Station 6 (demo),731072,34.97,-113.21,34.79,-112.99
Hot-Dry & Mixed Dry,rural,Rural,County,11073,Hot-Dry & Mixed Dry Rural catchment 38 (demo),1844000,753800,7240.0,3040.8,0.76,0.76,0.76,0.76,45,False,52.5,Hot-Dry Rural Climate Station 7 (demo),731073,35.0,-113.24,34.82,-113.02
Hot-Dry & Mixed Dry,rural,Rural,County,11074,Hot-Dry & Mixed Dry Rural catchment 39 (demo),1868000,763600,7330.0,3078.6,0.77,0.77,0.77,0.77,39,False,64.0,Hot-Dry Rural Climate Station 1 (demo),731074,35.03,-113.27,34.85,-113.05
Hot-Dry & Mixed Dry,rural,Rural,County,11075,Hot-Dry & Mixed Dry Rural catchment 40 (demo),1892000,773400,7420.0,3116.4,0.78,0.78,0.78,0.78,33,False,75.5,Hot-Dry Rural Climate Station 2 (demo),731075,35.06,-113.3,34.88,-113.08
Hot-Dry & Mixed Dry,rural,Rural,County,11076,Hot-Dry & Mixed Dry Rural catchment 41 (demo),1916000,783200,7510.0,3154.2,0.79,0.79,0.79,0.79,27,False,87.0,Hot-Dry Rural Climate Station 3 (demo),731076,34.7,-112.94,34.52,-112.72
Hot-Dry & Mixed Dry,rural,Rural,County,11077,Hot-Dry & Mixed Dry Rural catchment 42 (demo),1940000,793000,7600.0,3192.0,0.8,0.8,0.8,0.8,21,False,98.5,Hot-Dry Rural Climate Station 4 (demo),731077,34.73,-112.97,34.55,-112.75
Hot-Dry & Mixed Dry,rural,Rural,County,11078,Hot-Dry & Mixed Dry Rural catchment 43 (demo),1964000,802800,7690.0,3229.8,0.81,0.81,0.81,0.81,15,False,110.0,Hot-Dry Rural Climate Station 5 (demo),731078,34.76,-113.0,34.58,-112.78
Hot-Dry & Mixed Dry,rural,Rural,County,11079,Hot-Dry & Mixed Dry Rural catchment 44 (demo),1988000,812600,7780.0,3267.6,0.82,0.82,0.82,0.82,9,False,18.0,Hot-Dry Rural Climate Station 6 (demo),731079,34.79,-113.03,34.61,-112.81
Hot-Dry & Mixed Dry,rural,Rural,County,11080,Hot-Dry & Mixed Dry Rural catchment 45 (demo),2012000,822400,7870.0,3305.4,0.83,0.83,0.83,0.83,3,False,29.5,Hot-Dry Rural Climate Station 7 (demo),731080,34.82,-113.06,34.64,-112.84
Hot-Dry & Mixed Dry,rural,Rural,County,11081,Hot-Dry & Mixed Dry Rural catchment 46 (demo),1508000,616600,5980.0,2511.6,0.62,0.62,0.62,0.62,144,False,41.0,Hot-Dry Rural Climate Station 1 (demo),731081,34.85,-113.09,34.67,-112.87
Hot-Dry & Mixed Dry,rural,Rural,County,11082,Hot-Dry & Mixed Dry Rural catchment 47 (demo),1532000,626400,6070.0,2549.4,0.63,0.63,0.63,0.63,137,False,52.5,Hot-Dry Rural Climate Station 2 (demo),731082,34.88,-113.12,34.7,-112.9
Hot-Dry & Mixed Dry,rural,Rural,County,11083,Hot-Dry & Mixed Dry Rural catchment 48 (demo),1556000,636200,6160.0,2587.2,0.64,0.64,0.64,0.64,130,False,64.0,Hot-Dry Rural Climate Station 3 (demo),731083,34.91,-113.15,34.73,-112.93
Hot-Dry & Mixed Dry,rural,Rural,County,11084,Hot-Dry & Mixed Dry Rural catchment 49 (demo),1580000,646000,6250.0,2625.0,0.65,0.65,0.65,0.65,123,False,75.5,Hot-Dry Rural Climate Station 4 (demo),731084,34.94,-113.18,34.76,-112.96
Hot-Dry & Mixed Dry,rural,Rural,County,11085,Hot-Dry & Mixed Dry Rural catchment 50 (demo),1604000,655800,6340.0,2662.8,0.66,0.66,0.66,0.66,116,False,87.0,Hot-Dry Rural Climate Station 5 (demo),731085,34.97,-113.21,34.79,-112.99
Hot-Dry & Mixed Dry,rural,Rural,County,11086,Hot-Dry & Mixed Dry Rural catchment 51 (demo),1628000,665600,6430.0,2700.6,0.67,0.67,0.67,0.67,109,False,98.5,Hot-Dry Rural Climate Station 6 (demo),731086,35.0,-113.24,34.82,-113.02
Hot-Dry & Mixed Dry,rural,Rural,County,11087,Hot-Dry & Mixed Dry Rural catchment 52 (demo),1651999,675399,6520.0,2738.4,0.68,0.68,0.68,0.68,102,False,110.0,Hot-Dry Rural Climate Station 7 (demo),731087,35.03,-113.27,34.85,-113.05
Hot-Dry & Mixed Dry,rural,Rural,County,11088,Hot-Dry & Mixed Dry Rural catchment 53 (demo),1675999,685200,6610.0,2776.2,0.69,0.69,0.69,0.69,95,False,18.0,Hot-Dry Rural Climate Station 1 (demo),731088,35.06,-113.3,34.88,-113.08
Hot-Dry & Mixed Dry,rural,Rural,County,11089,Hot-Dry & Mixed Dry Rural catchment 54 (demo),1700000,695000,6700.0,2814.0,0.7,0.7,0.7,0.7,88,False,29.5,Hot-Dry Rural Climate Station 2 (demo),731089,34.7,-112.94,34.52,-112.72
Hot-Dry & Mixed Dry,rural,Rural,County,11090,Hot-Dry & Mixed Dry Rural catchment 55 (demo),1724000,704800,6790.0,2851.8,0.71,0.71,0.71,0.71,81,False,41.0,Hot-Dry Rural Climate Station 3 (demo),731090,34.73,-112.97,34.55,-112.75
Hot-Dry & Mixed Dry,rural,Rural,County,11091,Hot-Dry & Mixed Dry Rural catchment 56 (demo),1748000,714600,6880.0,2889.6,0.72,0.72,0.72,0.72,74,False,52.5,Hot-Dry Rural Climate Station 4 (demo),731091,34.76,-113.0,34.58,-112.78
Hot-Dry & Mixed Dry,rural,Rural,County,11092,Hot-Dry & Mixed Dry Rural catchment 57 (demo),1772000,724400,6970.0,2927.4,0.73,0.73,0.73,0.73,67,False,64.0,Hot-Dry Rural Climate Station 5 (demo),731092,34.79,-113.03,34.61,-112.81
Hot-Dry & Mixed Dry,rural,Rural,County,11093,Hot-Dry & Mixed Dry Rural catchment 58 (demo),1796000,734200,7060.0,2965.2,0.74,0.74,0.74,0.74,60,False,75.5,Hot-Dry Rural Climate Station 6 (demo),731093,34.82,-113.06,34.64,-112.84
Hot-Dry & Mixed Dry,rural,Rural,County,11094,Hot-Dry & Mixed Dry Rural catchment 59 (demo),1820000,744000,7150.0,3003.0,0.75,0.75,0.75,0.75,53,False,87.0,Hot-Dry Rural Climate Station 7 (demo),731094,34.85,-113.09,34.67,-112.87
Hot-Dry & Mixed Dry,rural,Rural,County,11095,Hot-Dry & Mixed Dry Rural catchment 60 (demo),1844000,753800,7240.0,3040.8,0.76,0.76,0.76,0.76,46,False,98.5,Hot-Dry Rural Climate Station 1 (demo),731095,34.88,-113.12,34.7,-112.9
Hot-Dry & Mixed Dry,rural,Rural,County,11096,Hot-Dry & Mixed Dry Rural catchment 61 (demo),1868000,763600,7330.0,3078.6,0.77,0.77,0.77,0.77,40,False,110.0,Hot-Dry Rural Climate Station 2 (demo),731096,34.91,-113.15,34.73,-112.93
Hot-Dry & Mixed Dry,rural,Rural,County,11097,Hot-Dry & Mixed Dry Rural catchment 62 (demo),1892000,773400,7420.0,3116.4,0.78,0.78,0.78,0.78,34,False,18.0,Hot-Dry Rural Climate Station 3 (demo),731097,34.94,-113.18,34.76,-112.96
Hot-Dry & Mixed Dry,rural,Rural,County,11098,Hot-Dry & Mixed Dry Rural catchment 63 (demo),1916000,783200,7510.0,3154.2,0.79,0.79,0.79,0.79,28,False,29.5,Hot-Dry Rural Climate Station 4 (demo),731098,34.97,-113.21,34.79,-112.99
Hot-Dry & Mixed Dry,rural,Rural,County,11099,Hot-Dry & Mixed Dry Rural catchment 64 (demo),1940000,793000,7600.0,3192.0,0.8,0.8,0.8,0.8,22,False,41.0,Hot-Dry Rural Climate Station 5 (demo),731099,35.0,-113.24,34.82,-113.02
Hot-Dry & Mixed Dry,rural,Rural,County,11100,Hot-Dry & Mixed Dry Rural catchment 65 (demo),1964000,802800,7690.0,3229.8,0.81,0.81,0.81,0.81,16,False,52.5,Hot-Dry Rural Climate Station 6 (demo),731100,35.03,-113.27,34.85,-113.05
Hot-Dry & Mixed Dry,rural,Rural,County,11101,Hot-Dry & Mixed Dry Rural catchment 66 (demo),1988000,812600,7780.0,3267.6,0.82,0.82,0.82,0.82,10,False,64.0,Hot-Dry Rural Climate Station 7 (demo),731101,35.06,-113.3,34.88,-113.08
Hot-Dry & Mixed Dry,rural,Rural,County,11102,Hot-Dry & Mixed Dry Rural catchment 67 (demo),2012000,822400,7870.0,3305.4,0.83,0.83,0.83,0.83,4,False,75.5,Hot-Dry Rural Climate Station 1 (demo),731102,34.7,-112.94,34.52,-112.72
Hot-Dry & Mixed Dry,rural,Rural,County,11103,Hot-Dry & Mixed Dry Rural catchment 68 (demo),1508000,616600,5980.0,2511.6,0.62,0.62,0.62,0.62,145,False,87.0,Hot-Dry Rural Climate Station 2 (demo),731103,34.73,-112.97,34.55,-112.75
Hot-Dry & Mixed Dry,rural,Rural,County,11104,Hot-Dry & Mixed Dry Rural catchment 69 (demo),1532000,626400,6070.0,2549.4,0.63,0.63,0.63,0.63,138,False,98.5,Hot-Dry Rural Climate Station 3 (demo),731104,34.76,-113.0,34.58,-112.78
Hot-Dry & Mixed Dry,rural,Rural,County,11105,Hot-Dry & Mixed Dry Rural catchment 70 (demo),1556000,636200,6160.0,2587.2,0.64,0.64,0.64,0.64,131,False,110.0,Hot-Dry Rural Climate Station 4 (demo),731105,34.79,-113.03,34.61,-112.81
Hot-Dry & Mixed Dry,rural,Rural,County,11106,Hot-Dry & Mixed Dry Rural catchment 71 (demo),1580000,646000,6250.0,2625.0,0.65,0.65,0.65,0.65,124,False,18.0,Hot-Dry Rural Climate Station 5 (demo),731106,34.82,-113.06,34.64,-112.84
Hot-Dry & Mixed Dry,rural,Rural,County,11107,Hot-Dry & Mixed Dry Rural catchment 72 (demo),1604000,655800,6340.0,2662.8,0.66,0.66,0.66,0.66,117,False,29.5,Hot-Dry Rural Climate Station 6 (demo),731107,34.85,-113.09,34.67,-112.87
Hot-Dry & Mixed Dry,rural,Rural,County,11108,Hot-Dry & Mixed Dry Rural catchment 73 (demo),1628000,665600,6430.0,2700.6,0.67,0.67,0.67,0.67,110,False,41.0,Hot-Dry Rural Climate Station 7 (demo),731108,34.88,-113.12,34.7,-112.9
Hot-Dry & Mixed Dry,rural,Rural,County,11109,Hot-Dry & Mixed Dry Rural catchment 74 (demo),1651999,675399,6520.0,2738.4,0.68,0.68,0.68,0.68,103,False,52.5,Hot-Dry Rural Climate Station 1 (demo),731109,34.91,-113.15,34.73,-112.93
Hot-Dry & Mixed Dry,rural,Rural,County,11110,Hot-Dry & Mixed Dry Rural catchment 75 (demo),1675999,685200,6610.0,2776.2,0.69,0.69,0.69,0.69,96,False,64.0,Hot-Dry Rural Climate Station 2 (demo),731110,34.94,-113.18,34.76,-112.96
Hot-Dry & Mixed Dry,rural,Rural,County,11111,Hot-Dry & Mixed Dry Rural catchment 76 (demo),1700000,695000,6700.0,2814.0,0.7,0.7,0.7,0.7,89,False,75.5,Hot-Dry Rural Climate Station 3 (demo),731111,34.97,-113.21,34.79,-112.99
Hot-Dry & Mixed Dry,rural,Rural,County,11112,Hot-Dry & Mixed Dry Rural catchment 77 (demo),1724000,704800,6790.0,2851.8,0.71,0.71,0.71,0.71,82,False,87.0,Hot-Dry Rural Climate Station 4 (demo),731112,35.0,-113.24,34.82,-113.02
Hot-Dry & Mixed Dry,rural,Rural,County,11113,Hot-Dry & Mixed Dry Rural catchment 78 (demo),1748000,714600,6880.0,2889.6,0.72,0.72,0.72,0.72,75,False,98.5,Hot-Dry Rural Climate Station 5 (demo),731113,35.03,-113.27,34.85,-113.05
Hot-Dry & Mixed Dry,rural,Rural,County,11114,Hot-Dry & Mixed Dry Rural catchment 79 (demo),1772000,724400,6970.0,2927.4,0.73,0.73,0.73,0.73,68,False,110.0,Hot-Dry Rural Climate Station 6 (demo),731114,35.06,-113.3,34.88,-113.08
Hot-Dry & Mixed Dry,rural,Rural,County,11115,Hot-Dry & Mixed Dry Rural catchment 80 (demo),1796000,734200,7060.0,2965.2,0.74,0.74,0.74,0.74,61,False,18.0,Hot-Dry Rural Climate Station 7 (demo),731115,34.7,-112.94,34.52,-112.72
Hot-Dry & Mixed Dry,rural,Rural,County,11116,Hot-Dry & Mixed Dry Rural catchment 81 (demo),1820000,744000,7150.0,3003.0,0.75,0.75,0.75,0.75,54,False,29.5,Hot-Dry Rural Climate Station 1 (demo),731116,34.73,-112.97,34.55,-112.75
Hot-Dry & Mixed Dry,rural,Rural,County,11117,Hot-Dry & Mixed Dry Rural catchment 82 (demo),1844000,753800,7240.0,3040.8,0.76,0.76,0.76,0.76,47,False,41.0,Hot-Dry Rural Climate Station 2 (demo),731117,34.76,-113.0,34.58,-112.78
Hot-Dry & Mixed Dry,rural,Rural,County,11118,Hot-Dry & Mixed Dry Rural catchment 83 (demo),1868000,763600,7330.0,3078.6,0.77,0.77,0.77,0.77,41,False,52.5,Hot-Dry Rural Climate Station 3 (demo),731118,34.79,-113.03,34.61,-112.81
Hot-Dry & Mixed Dry,rural,Rural,County,11119,Hot-Dry & Mixed Dry Rural catchment 84 (demo),1892000,773400,7420.0,3116.4,0.78,0.78,0.78,0.78,35,False,64.0,Hot-Dry Rural Climate Station 4 (demo),731119,34.82,-113.06,34.64,-112.84
Hot-Dry & Mixed Dry,rural,Rural,County,11120,Hot-Dry & Mixed Dry Rural catchment 85 (demo),1916000,783200,7510.0,3154.2,0.79,0.79,0.79,0.79,29,False,75.5,Hot-Dry Rural Climate Station 5 (demo),731120,34.85,-113.09,34.67,-112.87
Hot-Dry & Mixed Dry,rural,Rural,County,11121,Hot-Dry & Mixed Dry Rural catchment 86 (demo),1940000,793000,7600.0,3192.0,0.8,0.8,0.8,0.8,23,False,87.0,Hot-Dry Rural Climate Station 6 (demo),731121,34.88,-113.12,34.7,-112.9
Hot-Dry & Mixed Dry,rural,Rural,County,11122,Hot-Dry & Mixed Dry Rural catchment 87 (demo),1964000,802800,7690.0,3229.8,0.81,0.81,0.81,0.81,17,False,98.5,Hot-Dry Rural Climate Station 7 (demo),731122,34.91,-113.15,34.73,-112.93
Hot-Dry & Mixed Dry,rural,Rural,County,11123,Hot-Dry & Mixed Dry Rural catchment 88 (demo),1988000,812600,7780.0,3267.6,0.82,0.82,0.82,0.82,11,False,110.0,Hot-Dry Rural Climate Station 1 (demo),731123,34.94,-113.18,34.76,-112.96
Hot-Dry & Mixed Dry,rural,Rural,County,11124,Hot-Dry & Mixed Dry Rural catchment 89 (demo),2012000,822400,7870.0,3305.4,0.83,0.83,0.83,0.83,5,False,18.0,Hot-Dry Rural Climate Station 2 (demo),731124,34.97,-113.21,34.79,-112.99
Hot-Dry & Mixed Dry,rural,Rural,County,11125,Hot-Dry & Mixed Dry Rural catchment 90 (demo),1508000,616600,5980.0,2511.6,0.62,0.62,0.62,0.62,146,False,29.5,Hot-Dry Rural Climate Station 3 (demo),731125,35.0,-113.24,34.82,-113.02
Hot-Dry & Mixed Dry,rural,Rural,County,11126,Hot-Dry & Mixed Dry Rural catchment 91 (demo),1532000,626400,6070.0,2549.4,0.63,0.63,0.63,0.63,139,False,41.0,Hot-Dry Rural Climate Station 4 (demo),731126,35.03,-113.27,34.85,-113.05
Hot-Dry & Mixed Dry,rural,Rural,County,11127,Hot-Dry & Mixed Dry Rural catchment 92 (demo),1556000,636200,6160.0,2587.2,0.64,0.64,0.64,0.64,132,False,52.5,Hot-Dry Rural Climate Station 5 (demo),731127,35.06,-113.3,34.88,-113.08
Hot-Dry & Mixed Dry,rural,Rural,County,11128,Hot-Dry & Mixed Dry Rural catchment 93 (demo),1580000,646000,6250.0,2625.0,0.65,0.65,0.65,0.65,125,False,64.0,Hot-Dry Rural Climate Station 6 (demo),731128,34.7,-112.94,34.52,-112.72
Hot-Dry & Mixed Dry,rural,Rural,County,11129,Hot-Dry & Mixed Dry Rural catchment 94 (demo),1604000,655800,6340.0,2662.8,0.66,0.66,0.66,0.66,118,False,75.5,Hot-Dry Rural Climate Station 7 (demo),731129,34.73,-112.97,34.55,-112.75
Hot-Dry & Mixed Dry,rural,Rural,County,11130,Hot-Dry & Mixed Dry Rural catchment 95 (demo),1628000,665600,6430.0,2700.6,0.67,0.67,0.67,0.67,111,False,87.0,Hot-Dry Rural Climate Station 1 (demo),731130,34.76,-113.0,34.58,-112.78
Hot-Dry & Mixed Dry,rural,Rural,County,11131,Hot-Dry & Mixed Dry Rural catchment 96 (demo),1651999,675399,6520.0,2738.4,0.68,0.68,0.68,0.68,104,False,98.5,Hot-Dry Rural Climate Station 2 (demo),731131,34.79,-113.03,34.61,-112.81
Hot-Dry & Mixed Dry,rural,Rural,County,11132,Hot-Dry & Mixed Dry Rural catchment 97 (demo),1675999,685200,6610.0,2776.2,0.69,0.69,0.69,0.69,97,False,110.0,Hot-Dry Rural Climate Station 3 (demo),731132,34.82,-113.06,34.64,-112.84
Hot-Dry & Mixed Dry,rural,Rural,County,11133,Hot-Dry & Mixed Dry Rural catchment 98 (demo),1700000,695000,6700.0,2814.0,0.7,0.7,0.7,0.7,90,False,18.0,Hot-Dry Rural Climate Station 4 (demo),731133,34.85,-113.09,34.67,-112.87
Hot-Dry & Mixed Dry,rural,Rural,County,11134,Hot-Dry & Mixed Dry Rural catchment 99 (demo),1724000,704800,6790.0,2851.8,0.71,0.71,0.71,0.71,83,False,29.5,Hot-Dry Rural Climate Station 5 (demo),731134,34.88,-113.12,34.7,-112.9
Hot-Dry & Mixed Dry,rural,Rural,County,11135,Hot-Dry & Mixed Dry Rural catchment 100 (demo),1748000,714600,6880.0,2889.6,0.72,0.72,0.72,0.72,76,False,41.0,Hot-Dry Rural Climate Station 6 (demo),731135,34.91,-113.15,34.73,-112.93
Hot-Dry & Mixed Dry,rural,Rural,County,11136,Hot-Dry & Mixed Dry Rural catchment 101 (demo),1772000,724400,6970.0,2927.4,0.73,0.73,0.73,0.73,69,False,52.5,Hot-Dry Rural Climate Station 7 (demo),731136,34.94,-113.18,34.76,-112.96
Hot-Dry & Mixed Dry,rural,Rural,County,11137,Hot-Dry & Mixed Dry Rural catchment 102 (demo),1796000,734200,7060.0,2965.2,0.74,0.74,0.74,0.74,62,False,64.0,Hot-Dry Rural Climate Station 1 (demo),731137,34.97,-113.21,34.79,-112.99
Hot-Dry & Mixed Dry,rural,Rural,County,11138,Hot-Dry & Mixed Dry Rural catchment 103 (demo),1820000,744000,7150.0,3003.0,0.75,0.75,0.75,0.75,55,False,75.5,Hot-Dry Rural Climate Station 2 (demo),731138,35.0,-113.24,34.82,-113.02
Hot-Dry & Mixed Dry,rural,Rural,County,11139,Hot-Dry & Mixed Dry Rural catchment 104 (demo),1844000,753800,7240.0,3040.8,0.76,0.76,0.76,0.76,48,False,87.0,Hot-Dry Rural Climate Station 3 (demo),731139,35.03,-113.27,34.85,-113.05
Hot-Dry & Mixed Dry,rural,Rural,County,11140,Hot-Dry & Mixed Dry Rural catchment 105 (demo),1868000,763600,7330.0,3078.6,0.77,0.77,0.77,0.77,42,False,98.5,Hot-Dry Rural Climate Station 4 (demo),731140,35.06,-113.3,34.88,-113.08
Hot-Dry & Mixed Dry,rural,Rural,County,11141,Hot-Dry & Mixed Dry Rural catchment 106 (demo),1892000,773400,7420.0,3116.4,0.78,0.78,0.78,0.78,36,False,110.0,Hot-Dry Rural Climate Station 5 (demo),731141,34.7,-112.94,34.52,-112.72
Hot-Dry & Mixed Dry,rural,Rural,County,11142,Hot-Dry & Mixed Dry Rural catchment 107 (demo),1916000,783200,7510.0,3154.2,0.79,0.79,0.79,0.79,30,False,18.0,Hot-Dry Rural Climate Station 6 (demo),731142,34.73,-112.97,34.55,-112.75
Hot-Dry & Mixed Dry,rural,Rural,County,11143,Hot-Dry & Mixed Dry Rural catchment 108 (demo),1940000,793000,7600.0,3192.0,0.8,0.8,0.8,0.8,24,False,29.5,Hot-Dry Rural Climate Station 7 (demo),731143,34.76,-113.0,34.58,-112.78
Hot-Dry & Mixed Dry,rural,Rural,County,11144,Hot-Dry & Mixed Dry Rural catchment 109 (demo),1964000,802800,7690.0,3229.8,0.81,0.81,0.81,0.81,18,False,41.0,Hot-Dry Rural Climate Station 1 (demo),731144,34.79,-113.03,34.61,-112.81
Hot-Dry & Mixed Dry,rural,Rural,County,11145,Hot-Dry & Mixed Dry Rural catchment 110 (demo),1988000,812600,7780.0,3267.6,0.82,0.82,0.82,0.82,12,False,52.5,Hot-Dry Rural Climate Station 2 (demo),731145,34.82,-113.06,34.64,-112.84
Hot-Dry & Mixed Dry,rural,Rural,County,11146,Hot-Dry & Mixed Dry Rural catchment 111 (demo),2012000,822400,7870.0,3305.4,0.83,0.83,0.83,0.83,6,False,64.0,Hot-Dry Rural Climate Station 3 (demo),731146,34.85,-113.09,34.67,-112.87
Hot-Dry & Mixed Dry,rural,Rural,County,11147,Hot-Dry & Mixed Dry Rural catchment 112 (demo),1508000,616600,5980.0,2511.6,0.62,0.62,0.62,0.62,147,False,75.5,Hot-Dry Rural Climate Station 4 (demo),731147,34.88,-113.12,34.7,-112.9
Hot-Dry & Mixed Dry,rural,Rural,County,11148,Hot-Dry & Mixed Dry Rural catchment 113 (demo),1532000,626400,6070.0,2549.4,0.63,0.63,0.63,0.63,140,False,87.0,Hot-Dry Rural Climate Station 5 (demo),731148,34.91,-113.15,34.73,-112.93
Hot-Dry & Mixed Dry,rural,Rural,County,11149,Hot-Dry & Mixed Dry Rural catchment 114 (demo),1556000,636200,6160.0,2587.2,0.64,0.64,0.64,0.64,133,False,98.5,Hot-Dry Rural Climate Station 6 (demo),731149,34.94,-113.18,34.76,-112.96
Hot-Dry & Mixed Dry,rural,Rural,County,11150,Hot-Dry & Mixed Dry Rural catchment 115 (demo),1580000,646000,6250.0,2625.0,0.65,0.65,0.65,0.65,126,False,110.0,Hot-Dry Rural Climate Station 7 (demo),731150,34.97,-113.21,34.79,-112.99
Hot-Dry & Mixed Dry,rural,Rural,County,11151,Hot-Dry & Mixed Dry Rural catchment 116 (demo),1604000,655800,6340.0,2662.8,0.66,0.66,0.66,0.66,119,False,18.0,Hot-Dry Rural Climate Station 1 (demo),731151,35.0,-113.24,34.82,-113.02
Hot-Dry & Mixed Dry,rural,Rural,County,11152,Hot-Dry & Mixed Dry Rural catchment 117 (demo),1628000,665600,6430.0,2700.6,0.67,0.67,0.67,0.67,112,False,29.5,Hot-Dry Rural Climate Station 2 (demo),731152,35.03,-113.27,34.85,-113.05
Hot-Dry & Mixed Dry,rural,Rural,County,11153,Hot-Dry & Mixed Dry Rural catchment 118 (demo),1651999,675399,6520.0,2738.4,0.68,0.68,0.68,0.68,105,False,41.0,Hot-Dry Rural Climate Station 3 (demo),731153,35.06,-113.3,34.88,-113.08
Hot-Dry & Mixed Dry,rural,Rural,County,11154,Hot-Dry & Mixed Dry Rural catchment 119 (demo),1675999,685200,6610.0,2776.2,0.69,0.69,0.69,0.69,98,False,52.5,Hot-Dry Rural Climate Station 4 (demo),731154,34.7,-112.94,34.52,-112.72
Hot-Dry & Mixed Dry,rural,Rural,County,11155,Hot-Dry & Mixed Dry Rural catchment 120 (demo),1700000,695000,6700.0,2814.0,0.7,0.7,0.7,0.7,91,False,64.0,Hot-Dry Rural Climate Station 5 (demo),731155,34.73,-112.97,34.55,-112.75
Hot-Dry & Mixed Dry,rural,Rural,County,11156,Hot-Dry & Mixed Dry Rural catchment 121 (demo),1724000,704800,6790.0,2851.8,0.71,0.71,0.71,0.71,84,False,75.5,Hot-Dry Rural Climate Station 6 (demo),731156,34.76,-113.0,34.58,-112.78
Hot-Dry & Mixed Dry,rural,Rural,County,11157,Hot-Dry & Mixed Dry Rural catchment 122 (demo),1748000,714600,6880.0,2889.6,0.72,0.72,0.72,0.72,77,False,87.0,Hot-Dry Rural Climate Station 7 (demo),731157,34.79,-113.03,34.61,-112.81
Hot-Dry & Mixed Dry,rural,Rural,County,11158,Hot-Dry & Mixed Dry Rural catchment 123 (demo),1772000,724400,6970.0,2927.4,0.73,0.73,0.73,0.73,70,False,98.5,Hot-Dry Rural Climate Station 1 (demo),731158,34.82,-113.06,34.64,-112.84
Hot-Dry & Mixed Dry,rural,Rural,County,11159,Hot-Dry & Mixed Dry Rural catchment 124 (demo),1796000,734200,7060.0,2965.2,0.74,0.74,0.74,0.74,63,False,110.0,Hot-Dry Rural Climate Station 2 (demo),731159,34.85,-113.09,34.67,-112.87
Hot-Dry & Mixed Dry,rural,Rural,County,11160,Hot-Dry & Mixed Dry Rural catchment 125 (demo),1820000,744000,7150.0,3003.0,0.75,0.75,0.75,0.75,56,False,18.0,Hot-Dry Rural Climate Station 3 (demo),731160,34.88,-113.12,34.7,-112.9
Hot-Dry & Mixed Dry,rural,Rural,County,11161,Hot-Dry & Mixed Dry Rural catchment 126 (demo),1844000,753800,7240.0,3040.8,0.76,0.76,0.76,0.76,49,False,29.5,Hot-Dry Rural Climate Station 4 (demo),731161,34.91,-113.15,34.73,-112.93
Hot-Dry & Mixed Dry,rural,Rural,County,11162,Hot-Dry & Mixed Dry Rural catchment 127 (demo),1868000,763600,7330.0,3078.6,0.77,0.77,0.77,0.77,43,False,41.0,Hot-Dry Rural Climate Station 5 (demo),731162,34.94,-113.18,34.76,-112.96
Hot-Dry & Mixed Dry,rural,Rural,County,11163,Hot-Dry & Mixed Dry Rural catchment 128 (demo),1892000,773400,7420.0,3116.4,0.78,0.78,0.78,0.78,37,False,52.5,Hot-Dry Rural Climate Station 6 (demo),731163,34.97,-113.21,34.79,-112.99
Hot-Dry & Mixed Dry,rural,Rural,County,11164,Hot-Dry & Mixed Dry Rural catchment 129 (demo),1916000,783200,7510.0,3154.2,0.79,0.79,0.79,0.79,31,False,64.0,Hot-Dry Rural Climate Station 7 (demo),731164,35.0,-113.24,34.82,-113.02
Hot-Dry & Mixed Dry,rural,Rural,County,11165,Hot-Dry & Mixed Dry Rural catchment 130 (demo),1940000,793000,7600.0,3192.0,0.8,0.8,0.8,0.8,25,False,75.5,Hot-Dry Rural Climate Station 1 (demo),731165,35.03,-113.27,34.85,-113.05
Hot-Dry & Mixed Dry,rural,Rural,County,11166,Hot-Dry & Mixed Dry Rural catchment 131 (demo),1964000,802800,7690.0,3229.8,0.81,0.81,0.81,0.81,19,False,87.0,Hot-Dry Rural Climate Station 2 (demo),731166,35.06,-113.3,34.88,-113.08
Hot-Dry & Mixed Dry,rural,Rural,County,11167,Hot-Dry & Mixed Dry Rural catchment 132 (demo),1988000,812600,7780.0,3267.6,0.82,0.82,0.82,0.82,13,False,98.5,Hot-Dry Rural Climate Station 3 (demo),731167,34.7,-112.94,34.52,-112.72
Hot-Dry & Mixed Dry,rural,Rural,County,11168,Hot-Dry & Mixed Dry Rural catchment 133 (demo),2012000,822400,7870.0,3305.4,0.83,0.83,0.83,0.83,7,False,110.0,Hot-Dry Rural Climate Station 4 (demo),731168,34.73,-112.97,34.55,-112.75
Hot-Dry & Mixed Dry,rural,Rural,County,11169,Hot-Dry & Mixed Dry Rural catchment 134 (demo),1508000,616600,5980.0,2511.6,0.62,0.62,0.62,0.62,148,False,18.0,Hot-Dry Rural Climate Station 5 (demo),731169,34.76,-113.0,34.58,-112.78
Hot-Dry & Mixed Dry,rural,Rural,County,11170,Hot-Dry & Mixed Dry Rural catchment 135 (demo),1532000,626400,6070.0,2549.4,0.63,0.63,0.63,0.63,141,False,29.5,Hot-Dry Rural Climate Station 6 (demo),731170,34.79,-113.03,34.61,-112.81
Hot-Dry & Mixed Dry,rural,Rural,County,11171,Hot-Dry & Mixed Dry Rural catchment 136 (demo),1556000,636200,6160.0,2587.2,0.64,0.64,0.64,0.64,134,False,41.0,Hot-Dry Rural Climate Station 7 (demo),731171,34.82,-113.06,34.64,-112.84
Hot-Dry & Mixed Dry,rural,Rural,County,11172,Hot-Dry & Mixed Dry Rural catchment 137 (demo),1580000,646000,6250.0,2625.0,0.65,0.65,0.65,0.65,127,False,52.5,Hot-Dry Rural Climate Station 1 (demo),731172,34.85,-113.09,34.67,-112.87
Hot-Dry & Mixed Dry,rural,Rural,County,11173,Hot-Dry & Mixed Dry Rural catchment 138 (demo),1604000,655800,6340.0,2662.8,0.66,0.66,0.66,0.66,120,False,64.0,Hot-Dry Rural Climate Station 2 (demo),731173,34.88,-113.12,34.7,-112.9
Hot-Dry & Mixed Dry,rural,Rural,County,11174,Hot-Dry & Mixed Dry Rural catchment 139 (demo),1628000,665600,6430.0,2700.6,0.67,0.67,0.67,0.67,113,False,75.5,Hot-Dry Rural Climate Station 3 (demo),731174,34.91,-113.15,34.73,-112.93
Hot-Dry & Mixed Dry,rural,Rural,County,11175,Hot-Dry & Mixed Dry Rural catchment 140 (demo),1651999,675399,6520.0,2738.4,0.68,0.68,0.68,0.68,106,False,87.0,Hot-Dry Rural Climate Station 4 (demo),731175,34.94,-113.18,34.76,-112.96
Hot-Dry & Mixed Dry,rural,Rural,County,11176,Hot-Dry & Mixed Dry Rural catchment 141 (demo),1675999,685200,6610.0,2776.2,0.69,0.69,0.69,0.69,99,False,98.5,Hot-Dry Rural Climate Station 5 (demo),731176,34.97,-113.21,34.79,-112.99
Hot-Dry & Mixed Dry,rural,Rural,County,11177,Hot-Dry & Mixed Dry Rural catchment 142 (demo),1700000,695000,6700.0,2814.0,0.7,0.7,0.7,0.7,92,False,110.0,Hot-Dry Rural Climate Station 6 (demo),731177,35.0,-113.24,34.82,-113.02
Hot-Dry & Mixed Dry,rural,Rural,County,11178,Hot-Dry & Mixed Dry Rural catchment 143 (demo),1724000,704800,6790.0,2851.8,0.71,0.71,0.71,0.71,85,False,18.0,Hot-Dry Rural Climate Station 7 (demo),731178,35.03,-113.27,34.85,-113.05
Hot-Dry & Mixed Dry,rural,Rural,County,11179,Hot-Dry & Mixed Dry Rural catchment 144 (demo),1748000,714600,6880.0,2889.6,0.72,0.72,0.72,0.72,78,False,29.5,Hot-Dry Rural Climate Station 1 (demo),731179,35.06,-113.3,34.88,-113.08
Hot-Dry & Mixed Dry,rural,Rural,County,11180,Hot-Dry & Mixed Dry Rural catchment 145 (demo),1772000,724400,6970.0,2927.4,0.73,0.73,0.73,0.73,71,False,41.0,Hot-Dry Rural Climate Station 2 (demo),731180,34.7,-112.94,34.52,-112.72
Hot-Dry & Mixed Dry,rural,Rural,County,11181,Hot-Dry & Mixed Dry Rural catchment 146 (demo),1796000,734200,7060.0,2965.2,0.74,0.74,0.74,0.74,64,False,52.5,Hot-Dry Rural Climate Station 3 (demo),731181,34.73,-112.97,34.55,-112.75
Hot-Dry & Mixed Dry,rural,Rural,County,11182,Hot-Dry & Mixed Dry Rural catchment 147 (demo),1820000,744000,7150.0,3003.0,0.75,0.75,0.75,0.75,57,False,64.0,Hot-Dry Rural Climate Station 4 (demo),731182,34.76,-113.0,34.58,-112.78
Hot-Dry & Mixed Dry,rural,Rural,County,11183,Hot-Dry & Mixed Dry Rural catchment 148 (demo),1844000,753800,7240.0,3040.8,0.76,0.76,0.76,0.76,50,False,75.5,Hot-Dry Rural Climate Station 5 (demo),731183,34.79,-113.03,34.61,-112.81
Hot-Humid,higher density urban,HDU,CBSA,11184,Hot-Humid HDU catchment 1 (demo),2180000,891000,8500.0,3570.0,0.9,0.9,0.9,0.9,1,True,87.0,Hot-Humid HDU Climate Station 6 (demo),731184,30.32,-90.26,30.14,-90.04
Hot-Humid,higher density urban,HDU,CBSA,11185,Hot-Humid HDU catchment 2 (demo),1508000,616600,5980.0,2511.6,0.62,0.62,0.62,0.62,142,False,98.5,Hot-Humid HDU Climate Station 7 (demo),731185,30.35,-90.29,30.17,-90.07
Hot-Humid,higher density urban,HDU,CBSA,11186,Hot-Humid HDU catchment 3 (demo),1532000,626400,6070.0,2549.4,0.63,0.63,0.63,0.63,135,False,110.0,Hot-Humid HDU Climate Station 1 (demo),731186,30.38,-90.32,30.2,-90.1
Hot-Humid,higher density urban,HDU,CBSA,11187,Hot-Humid HDU catchment 4 (demo),1556000,636200,6160.0,2587.2,0.64,0.64,0.64,0.64,128,False,18.0,Hot-Humid HDU Climate Station 2 (demo),731187,30.41,-90.35,30.23,-90.13
Hot-Humid,higher density urban,HDU,CBSA,11188,Hot-Humid HDU catchment 5 (demo),1580000,646000,6250.0,2625.0,0.65,0.65,0.65,0.65,121,False,29.5,Hot-Humid HDU Climate Station 3 (demo),731188,30.44,-90.38,30.26,-90.16
Hot-Humid,higher density urban,HDU,CBSA,11189,Hot-Humid HDU catchment 6 (demo),1604000,655800,6340.0,2662.8,0.66,0.66,0.66,0.66,114,False,41.0,Hot-Humid HDU Climate Station 4 (demo),731189,30.47,-90.41,30.29,-90.19
Hot-Humid,higher density urban,HDU,CBSA,11190,Hot-Humid HDU catchment 7 (demo),1628000,665600,6430.0,2700.6,0.67,0.67,0.67,0.67,107,False,52.5,Hot-Humid HDU Climate Station 5 (demo),731190,30.5,-90.44,30.32,-90.22
Hot-Humid,higher density urban,HDU,CBSA,11191,Hot-Humid HDU catchment 8 (demo),1651999,675399,6520.0,2738.4,0.68,0.68,0.68,0.68,100,False,64.0,Hot-Humid HDU Climate Station 6 (demo),731191,30.53,-90.47,30.35,-90.25
Hot-Humid,higher density urban,HDU,CBSA,11192,Hot-Humid HDU catchment 9 (demo),1675999,685200,6610.0,2776.2,0.69,0.69,0.69,0.69,93,False,75.5,Hot-Humid HDU Climate Station 7 (demo),731192,30.56,-90.5,30.38,-90.28
Hot-Humid,higher density urban,HDU,CBSA,11193,Hot-Humid HDU catchment 10 (demo),1700000,695000,6700.0,2814.0,0.7,0.7,0.7,0.7,86,False,87.0,Hot-Humid HDU Climate Station 1 (demo),731193,30.2,-90.14,30.02,-89.92
Hot-Humid,higher density urban,HDU,CBSA,11194,Hot-Humid HDU catchment 11 (demo),1724000,704800,6790.0,2851.8,0.71,0.71,0.71,0.71,79,False,98.5,Hot-Humid HDU Climate Station 2 (demo),731194,30.23,-90.17,30.05,-89.95
Hot-Humid,higher density urban,HDU,CBSA,11195,Hot-Humid HDU catchment 12 (demo),1748000,714600,6880.0,2889.6,0.72,0.72,0.72,0.72,72,False,110.0,Hot-Humid HDU Climate Station 3 (demo),731195,30.26,-90.2,30.08,-89.98
Hot-Humid,higher density urban,HDU,CBSA,11196,Hot-Humid HDU catchment 13 (demo),1772000,724400,6970.0,2927.4,0.73,0.73,0.73,0.73,65,False,18.0,Hot-Humid HDU Climate Station 4 (demo),731196,30.29,-90.23,30.11,-90.01
Hot-Humid,higher density urban,HDU,CBSA,11197,Hot-Humid HDU catchment 14 (demo),1796000,734200,7060.0,2965.2,0.74,0.74,0.74,0.74,58,False,29.5,Hot-Humid HDU Climate Station 5 (demo),731197,30.32,-90.26,30.14,-90.04
Hot-Humid,higher density urban,HDU,CBSA,11198,Hot-Humid HDU catchment 15 (demo),1820000,744000,7150.0,3003.0,0.75,0.75,0.75,0.75,51,False,41.0,Hot-Humid HDU Climate Station 6 (demo),731198,30.35,-90.29,30.17,-90.07
Hot-Humid,higher density urban,HDU,CBSA,11199,Hot-Humid HDU catchment 16 (demo),1844000,753800,7240.0,3040.8,0.76,0.76,0.76,0.76,44,False,52.5,Hot-Humid HDU Climate Station 7 (demo),731199,30.38,-90.32,30.2,-90.1
Hot-Humid,higher density urban,HDU,CBSA,11200,Hot-Humid HDU catchment 17 (demo),1868000,763600,7330.0,3078.6,0.77,0.77,0.77,0.77,38,False,64.0,Hot-Humid HDU Climate Station 1 (demo),731200,30.41,-90.35,30.23,-90.13
Hot-Humid,higher density urban,HDU,CBSA,11201,Hot-Humid HDU catchment 18 (demo),1892000,773400,7420.0,3116.4,0.78,0.78,0.78,0.78,32,False,75.5,Hot-Humid HDU Climate Station 2 (demo),731201,30.44,-90.38,30.26,-90.16
Hot-Humid,higher density urban,HDU,CBSA,11202,Hot-Humid HDU catchment 19 (demo),1916000,783200,7510.0,3154.2,0.79,0.79,0.79,0.79,26,False,87.0,Hot-Humid HDU Climate Station 3 (demo),731202,30.47,-90.41,30.29,-90.19
Hot-Humid,higher density urban,HDU,CBSA,11203,Hot-Humid HDU catchment 20 (demo),1940000,793000,7600.0,3192.0,0.8,0.8,0.8,0.8,20,False,98.5,Hot-Humid HDU Climate Station 4 (demo),731203,30.5,-90.44,30.32,-90.22
Hot-Humid,higher density urban,HDU,CBSA,11204,Hot-Humid HDU catchment 21 (demo),1964000,802800,7690.0,3229.8,0.81,0.81,0.81,0.81,14,False,110.0,Hot-Humid HDU Climate Station 5 (demo),731204,30.53,-90.47,30.35,-90.25
Hot-Humid,higher density urban,HDU,CBSA,11205,Hot-Humid HDU catchment 22 (demo),1988000,812600,7780.0,3267.6,0.82,0.82,0.82,0.82,8,False,18.0,Hot-Humid HDU Climate Station 6 (demo),731205,30.56,-90.5,30.38,-90.28
Hot-Humid,higher density urban,HDU,CBSA,11206,Hot-Humid HDU catchment 23 (demo),2012000,822400,7870.0,3305.4,0.83,0.83,0.83,0.83,2,False,29.5,Hot-Humid HDU Climate Station 7 (demo),731206,30.2,-90.14,30.02,-89.92
Hot-Humid,higher density urban,HDU,CBSA,11207,Hot-Humid HDU catchment 24 (demo),1508000,616600,5980.0,2511.6,0.62,0.62,0.62,0.62,143,False,41.0,Hot-Humid HDU Climate Station 1 (demo),731207,30.23,-90.17,30.05,-89.95
Hot-Humid,higher density urban,HDU,CBSA,11208,Hot-Humid HDU catchment 25 (demo),1532000,626400,6070.0,2549.4,0.63,0.63,0.63,0.63,136,False,52.5,Hot-Humid HDU Climate Station 2 (demo),731208,30.26,-90.2,30.08,-89.98
Hot-Humid,higher density urban,HDU,CBSA,11209,Hot-Humid HDU catchment 26 (demo),1556000,636200,6160.0,2587.2,0.64,0.64,0.64,0.64,129,False,64.0,Hot-Humid HDU Climate Station 3 (demo),731209,30.29,-90.23,30.11,-90.01
Hot-Humid,higher density urban,HDU,CBSA,11210,Hot-Humid HDU catchment 27 (demo),1580000,646000,6250.0,2625.0,0.65,0.65,0.65,0.65,122,False,75.5,Hot-Humid HDU Climate Station 4 (demo),731210,30.32,-90.26,30.14,-90.04
Hot-Humid,higher density urban,HDU,CBSA,11211,Hot-Humid HDU catchment 28 (demo),1604000,655800,6340.0,2662.8,0.66,0.66,0.66,0.66,115,False,87.0,Hot-Humid HDU Climate Station 5 (demo),731211,30.35,-90.29,30.17,-90.07
Hot-Humid,higher density urban,HDU,CBSA,11212,Hot-Humid HDU catchment 29 (demo),1628000,665600,6430.0,2700.6,0.67,0.67,0.67,0.67,108,False,98.5,Hot-Humid HDU Climate Station 6 (demo),731212,30.38,-90.32,30.2,-90.1
Hot-Humid,higher density urban,HDU,CBSA,11213,Hot-Humid HDU catchment 30 (demo),1651999,675399,6520.0,2738.4,0.68,0.68,0.68,0.68,101,False,110.0,Hot-Humid HDU Climate Station 7 (demo),731213,30.41,-90.35,30.23,-90.13
Hot-Humid,higher density urban,HDU,CBSA,11214,Hot-Humid HDU catchment 31 (demo),1675999,685200,6610.0,2776.2,0.69,0.69,0.69,0.69,94,False,18.0,Hot-Humid HDU Climate Station 1 (demo),731214,30.44,-90.38,30.26,-90.16
Hot-Humid,higher density urban,HDU,CBSA,11215,Hot-Humid HDU catchment 32 (demo),1700000,695000,6700.0,2814.0,0.7,0.7,0.7,0.7,87,False,29.5,Hot-Humid HDU Climate Station 2 (demo),731215,30.47,-90.41,30.29,-90.19
Hot-Humid,higher density urban,HDU,CBSA,11216,Hot-Humid HDU catchment 33 (demo),1724000,704800,6790.0,2851.8,0.71,0.71,0.71,0.71,80,False,41.0,Hot-Humid HDU Climate Station 3 (demo),731216,30.5,-90.44,30.32,-90.22
Hot-Humid,higher density urban,HDU,CBSA,11217,Hot-Humid HDU catchment 34 (demo),1748000,714600,6880.0,2889.6,0.72,0.72,0.72,0.72,73,False,52.5,Hot-Humid HDU Climate Station 4 (demo),731217,30.53,-90.47,30.35,-90.25
Hot-Humid,higher density urban,HDU,CBSA,11218,Hot-Humid HDU catchment 35 (demo),1772000,724400,6970.0,2927.4,0.73,0.73,0.73,0.73,66,False,64.0,Hot-Humid HDU Climate Station 5 (demo),731218,30.56,-90.5,30.38,-90.28
Hot-Humid,higher density urban,HDU,CBSA,11219,Hot-Humid HDU catchment 36 (demo),1796000,734200,7060.0,2965.2,0.74,0.74,0.74,0.74,59,False,75.5,Hot-Humid HDU Climate Station 6 (demo),731219,30.2,-90.14,30.02,-89.92
Hot-Humid,higher density urban,HDU,CBSA,11220,Hot-Humid HDU catchment 37 (demo),1820000,744000,7150.0,3003.0,0.75,0.75,0.75,0.75,52,False,87.0,Hot-Humid HDU Climate Station 7 (demo),731220,30.23,-90.17,30.05,-89.95
Hot-Humid,higher density urban,HDU,CBSA,11221,Hot-Humid HDU catchment 38 (demo),1844000,753800,7240.0,3040.8,0.76,0.76,0.76,0.76,45,False,98.5,Hot-Humid HDU Climate Station 1 (demo),731221,30.26,-90.2,30.08,-89.98
Hot-Humid,higher density urban,HDU,CBSA,11222,Hot-Humid HDU catchment 39 (demo),1868000,763600,7330.0,3078.6,0.77,0.77,0.77,0.77,39,False,110.0,Hot-Humid HDU Climate Station 2 (demo),731222,30.29,-90.23,30.11,-90.01
Hot-Humid,higher density urban,HDU,CBSA,11223,Hot-Humid HDU catchment 40 (demo),1892000,773400,7420.0,3116.4,0.78,0.78,0.78,0.78,33,False,18.0,Hot-Humid HDU Climate Station 3 (demo),731223,30.32,-90.26,30.14,-90.04
Hot-Humid,higher density urban,HDU,CBSA,11224,Hot-Humid HDU catchment 41 (demo),1916000,783200,7510.0,3154.2,0.79,0.79,0.79,0.79,27,False,29.5,Hot-Humid HDU Climate Station 4 (demo),731224,30.35,-90.29,30.17,-90.07
Hot-Humid,higher density urban,HDU,CBSA,11225,Hot-Humid HDU catchment 42 (demo),1940000,793000,7600.0,3192.0,0.8,0.8,0.8,0.8,21,False,41.0,Hot-Humid HDU Climate Station 5 (demo),731225,30.38,-90.32,30.2,-90.1
Hot-Humid,higher density urban,HDU,CBSA,11226,Hot-Humid HDU catchment 43 (demo),1964000,802800,7690.0,3229.8,0.81,0.81,0.81,0.81,15,False,52.5,Hot-Humid HDU Climate Station 6 (demo),731226,30.41,-90.35,30.23,-90.13
Hot-Humid,higher density urban,HDU,CBSA,11227,Hot-Humid HDU catchment 44 (demo),1988000,812600,7780.0,3267.6,0.82,0.82,0.82,0.82,9,False,64.0,Hot-Humid HDU Climate Station 7 (demo),731227,30.44,-90.38,30.26,-90.16
Hot-Humid,higher density urban,HDU,CBSA,11228,Hot-Humid HDU catchment 45 (demo),2012000,822400,7870.0,3305.4,0.83,0.83,0.83,0.83,3,False,75.5,Hot-Humid HDU Climate Station 1 (demo),731228,30.47,-90.41,30.29,-90.19
Hot-Humid,higher density urban,HDU,CBSA,11229,Hot-Humid HDU catchment 46 (demo),1508000,616600,5980.0,2511.6,0.62,0.62,0.62,0.62,144,False,87.0,Hot-Humid HDU Climate Station 2 (demo),731229,30.5,-90.44,30.32,-90.22
Hot-Humid,higher density urban,HDU,CBSA,11230,Hot-Humid HDU catchment 47 (demo),1532000,626400,6070.0,2549.4,0.63,0.63,0.63,0.63,137,False,98.5,Hot-Humid HDU Climate Station 3 (demo),731230,30.53,-90.47,30.35,-90.25
Hot-Humid,higher density urban,HDU,CBSA,11231,Hot-Humid HDU catchment 48 (demo),1556000,636200,6160.0,2587.2,0.64,0.64,0.64,0.64,130,False,110.0,Hot-Humid HDU Climate Station 4 (demo),731231,30.56,-90.5,30.38,-90.28
Hot-Humid,higher density urban,HDU,CBSA,11232,Hot-Humid HDU catchment 49 (demo),1580000,646000,6250.0,2625.0,0.65,0.65,0.65,0.65,123,False,18.0,Hot-Humid HDU Climate Station 5 (demo),731232,30.2,-90.14,30.02,-89.92
Hot-Humid,higher density urban,HDU,CBSA,11233,Hot-Humid HDU catchment 50 (demo),1604000,655800,6340.0,2662.8,0.66,0.66,0.66,0.66,116,False,29.5,Hot-Humid HDU Climate Station 6 (demo),731233,30.23,-90.17,30.05,-89.95
Hot-Humid,higher density urban,HDU,CBSA,11234,Hot-Humid HDU catchment 51 (demo),1628000,665600,6430.0,2700.6,0.67,0.67,0.67,0.67,109,False,41.0,Hot-Humid HDU Climate Station 7 (demo),731234,30.26,-90.2,30.08,-89.98
Hot-Humid,higher density urban,HDU,CBSA,11235,Hot-Humid HDU catchment 52 (demo),1651999,675399,6520.0,2738.4,0.68,0.68,0.68,0.68,102,False,52.5,Hot-Humid HDU Climate Station 1 (demo),731235,30.29,-90.23,30.11,-90.01
Hot-Humid,higher density urban,HDU,CBSA,11236,Hot-Humid HDU catchment 53 (demo),1675999,685200,6610.0,2776.2,0.69,0.69,0.69,0.69,95,False,64.0,Hot-Humid HDU Climate Station 2 (demo),731236,30.32,-90.26,30.14,-90.04
Hot-Humid,higher density urban,HDU,CBSA,11237,Hot-Humid HDU catchment 54 (demo),1700000,695000,6700.0,2814.0,0.7,0.7,0.7,0.7,88,False,75.5,Hot-Humid HDU Climate Station 3 (demo),731237,30.35,-90.29,30.17,-90.07
Hot-Humid,higher density urban,HDU,CBSA,11238,Hot-Humid HDU catchment 55 (demo),1724000,704800,6790.0,2851.8,0.71,0.71,0.71,0.71,81,False,87.0,Hot-Humid HDU Climate Station 4 (demo),731238,30.38,-90.32,30.2,-90.1
Hot-Humid,higher density urban,HDU,CBSA,11239,Hot-Humid HDU catchment 56 (demo),1748000,714600,6880.0,2889.6,0.72,0.72,0.72,0.72,74,False,98.5,Hot-Humid HDU Climate Station 5 (demo),731239,30.41,-90.35,30.23,-90.13
Hot-Humid,higher density urban,HDU,CBSA,11240,Hot-Humid HDU catchment 57 (demo),1772000,724400,6970.0,2927.4,0.73,0.73,0.73,0.73,67,False,110.0,Hot-Humid HDU Climate Station 6 (demo),731240,30.44,-90.38,30.26,-90.16
Hot-Humid,higher density urban,HDU,CBSA,11241,Hot-Humid HDU catchment 58 (demo),1796000,734200,7060.0,2965.2,0.74,0.74,0.74,0.74,60,False,18.0,Hot-Humid HDU Climate Station 7 (demo),731241,30.47,-90.41,30.29,-90.19
Hot-Humid,higher density urban,HDU,CBSA,11242,Hot-Humid HDU catchment 59 (demo),1820000,744000,7150.0,3003.0,0.75,0.75,0.75,0.75,53,False,29.5,Hot-Humid HDU Climate Station 1 (demo),731242,30.5,-90.44,30.32,-90.22
Hot-Humid,higher density urban,HDU,CBSA,11243,Hot-Humid HDU catchment 60 (demo),1844000,753800,7240.0,3040.8,0.76,0.76,0.76,0.76,46,False,41.0,Hot-Humid HDU Climate Station 2 (demo),731243,30.53,-90.47,30.35,-90.25
Hot-Humid,higher density urban,HDU,CBSA,11244,Hot-Humid HDU catchment 61 (demo),1868000,763600,7330.0,3078.6,0.77,0.77,0.77,0.77,40,False,52.5,Hot-Humid HDU Climate Station 3 (demo),731244,30.56,-90.5,30.38,-90.28
Hot-Humid,higher density urban,HDU,CBSA,11245,Hot-Humid HDU catchment 62 (demo),1892000,773400,7420.0,3116.4,0.78,0.78,0.78,0.78,34,False,64.0,Hot-Humid HDU Climate Station 4 (demo),731245,30.2,-90.14,30.02,-89.92
Hot-Humid,higher density urban,HDU,CBSA,11246,Hot-Humid HDU catchment 63 (demo),1916000,783200,7510.0,3154.2,0.79,0.79,0.79,0.79,28,False,75.5,Hot-Humid HDU Climate Station 5 (demo),731246,30.23,-90.17,30.05,-89.95
Hot-Humid,higher density urban,HDU,CBSA,11247,Hot-Humid HDU catchment 64 (demo),1940000,793000,7600.0,3192.0,0.8,0.8,0.8,0.8,22,False,87.0,Hot-Humid HDU Climate Station 6 (demo),731247,30.26,-90.2,30.08,-89.98
Hot-Humid,higher density urban,HDU,CBSA,11248,Hot-Humid HDU catchment 65 (demo),1964000,802800,7690.0,3229.8,0.81,0.81,0.81,0.81,16,False,98.5,Hot-Humid HDU Climate Station 7 (demo),731248,30.29,-90.23,30.11,-90.01
Hot-Humid,higher density urban,HDU,CBSA,11249,Hot-Humid HDU catchment 66 (demo),1988000,812600,7780.0,3267.6,0.82,0.82,0.82,0.82,10,False,110.0,Hot-Humid HDU Climate Station 1 (demo),731249,30.32,-90.26,30.14,-90.04
Hot-Humid,higher density urban,HDU,CBSA,11250,Hot-Humid HDU catchment 67 (demo),2012000,822400,7870.0,3305.4,0.83,0.83,0.83,0.83,4,False,18.0,Hot-Humid HDU Climate Station 2 (demo),731250,30.35,-90.29,30.17,-90.07
Hot-Humid,higher density urban,HDU,CBSA,11251,Hot-Humid HDU catchment 68 (demo),1508000,616600,5980.0,2511.6,0.62,0.62,0.62,0.62,145,False,29.5,Hot-Humid HDU Climate Station 3 (demo),731251,30.38,-90.32,30.2,-90.1
Hot-Humid,higher density urban,HDU,CBSA,11252,Hot-Humid HDU catchment 69 (demo),1532000,626400,6070.0,2549.4,0.63,0.63,0.63,0.63,138,False,41.0,Hot-Humid HDU Climate Station 4 (demo),731252,30.41,-90.35,30.23,-90.13
Hot-Humid,higher density urban,HDU,CBSA,11253,Hot-Humid HDU catchment 70 (demo),1556000,636200,6160.0,2587.2,0.64,0.64,0.64,0.64,131,False,52.5,Hot-Humid HDU Climate Station 5 (demo),731253,30.44,-90.38,30.26,-90.16
Hot-Humid,higher density urban,HDU,CBSA,11254,Hot-Humid HDU catchment 71 (demo),1580000,646000,6250.0,2625.0,0.65,0.65,0.65,0.65,124,False,64.0,Hot-Humid HDU Climate Station 6 (demo),731254,30.47,-90.41,30.29,-90.19
Hot-Humid,higher density urban,HDU,CBSA,11255,Hot-Humid HDU catchment 72 (demo),1604000,655800,6340.0,2662.8,0.66,0.66,0.66,0.66,117,False,75.5,Hot-Humid HDU Climate Station 7 (demo),731255,30.5,-90.44,30.32,-90.22
Hot-Humid,higher density urban,HDU,CBSA,11256,Hot-Humid HDU catchment 73 (demo),1628000,665600,6430.0,2700.6,0.67,0.67,0.67,0.67,110,False,87.0,Hot-Humid HDU Climate Station 1 (demo),731256,30.53,-90.47,30.35,-90.25
Hot-Humid,higher density urban,HDU,CBSA,11257,Hot-Humid HDU catchment 74 (demo),1651999,675399,6520.0,2738.4,0.68,0.68,0.68,0.68,103,False,98.5,Hot-Humid HDU Climate Station 2 (demo),731257,30.56,-90.5,30.38,-90.28
Hot-Humid,higher density urban,HDU,CBSA,11258,Hot-Humid HDU catchment 75 (demo),1675999,685200,6610.0,2776.2,0.69,0.69,0.69,0.69,96,False,110.0,Hot-Humid HDU Climate Station 3 (demo),731258,30.2,-90.14,30.02,-89.92
Hot-Humid,higher density urban,HDU,CBSA,11259,Hot-Humid HDU catchment 76 (demo),1700000,695000,6700.0,2814.0,0.7,0.7,0.7,0.7,89,False,18.0,Hot-Humid HDU Climate Station 4 (demo),731259,30.23,-90.17,30.05,-89.95
Hot-Humid,higher density urban,HDU,CBSA,11260,Hot-Humid HDU catchment 77 (demo),1724000,704800,6790.0,2851.8,0.71,0.71,0.71,0.71,82,False,29.5,Hot-Humid HDU Climate Station 5 (demo),731260,30.26,-90.2,30.08,-89.98
Hot-Humid,higher density urban,HDU,CBSA,11261,Hot-Humid HDU catchment 78 (demo),1748000,714600,6880.0,2889.6,0.72,0.72,0.72,0.72,75,False,41.0,Hot-Humid HDU Climate Station 6 (demo),731261,30.29,-90.23,30.11,-90.01
Hot-Humid,higher density urban,HDU,CBSA,11262,Hot-Humid HDU catchment 79 (demo),1772000,724400,6970.0,2927.4,0.73,0.73,0.73,0.73,68,False,52.5,Hot-Humid HDU Climate Station 7 (demo),731262,30.32,-90.26,30.14,-90.04
Hot-Humid,higher density urban,HDU,CBSA,11263,Hot-Humid HDU catchment 80 (demo),1796000,734200,7060.0,2965.2,0.74,0.74,0.74,0.74,61,False,64.0,Hot-Humid HDU Climate Station 1 (demo),731263,30.35,-90.29,30.17,-90.07
Hot-Humid,higher density urban,HDU,CBSA,11264,Hot-Humid HDU catchment 81 (demo),1820000,744000,7150.0,3003.0,0.75,0.75,0.75,0.75,54,False,75.5,Hot-Humid HDU Climate Station 2 (demo),731264,30.38,-90.32,30.2,-90.1
Hot-Humid,higher density urban,HDU,CBSA,11265,Hot-Humid HDU catchment 82 (demo),1844000,753800,7240.0,3040.8,0.76,0.76,0.76,0.76,47,False,87.0,Hot-Humid HDU Climate Station 3 (demo),731265,30.41,-90.35,30.23,-90.13
Hot-Humid,higher density urban,HDU,CBSA,11266,Hot-Humid HDU catchment 83 (demo),1868000,763600,7330.0,3078.6,0.77,0.77,0.77,0.77,41,False,98.5,Hot-Humid HDU Climate Station 4 (demo),731266,30.44,-90.38,30.26,-90.16
Hot-Humid,higher density urban,HDU,CBSA,11267,Hot-Humid HDU catchment 84 (demo),1892000,773400,7420.0,3116.4,0.78,0.78,0.78,0.78,35,False,110.0,Hot-Humid HDU Climate Station 5 (demo),731267,30.47,-90.41,30.29,-90.19
Hot-Humid,higher density urban,HDU,CBSA,11268,Hot-Humid HDU catchment 85 (demo),1916000,783200,7510.0,3154.2,0.79,0.79,0.79,0.79,29,False,18.0,Hot-Humid HDU Climate Station 6 (demo),731268,30.5,-90.44,30.32,-90.22
Hot-Humid,higher density urban,HDU,CBSA,11269,Hot-Humid HDU catchment 86 (demo),1940000,793000,7600.0,3192.0,0.8,0.8,0.8,0.8,23,False,29.5,Hot-Humid HDU Climate Station 7 (demo),731269,30.53,-90.47,30.35,-90.25
Hot-Humid,higher density urban,HDU,CBSA,11270,Hot-Humid HDU catchment 87 (demo),1964000,802800,7690.0,3229.8,0.81,0.81,0.81,0.81,17,False,41.0,Hot-Humid HDU Climate Station 1 (demo),731270,30.56,-90.5,30.38,-90.28
Hot-Humid,higher density urban,HDU,CBSA,11271,Hot-Humid HDU catchment 88 (demo),1988000,812600,7780.0,3267.6,0.82,0.82,0.82,0.82,11,False,52.5,Hot-Humid HDU Climate Station 2 (demo),731271,30.2,-90.14,30.02,-89.92
Hot-Humid,higher density urban,HDU,CBSA,11272,Hot-Humid HDU catchment 89 (demo),2012000,822400,7870.0,3305.4,0.83,0.83,0.83,0.83,5,False,64.0,Hot-Humid HDU Climate Station 3 (demo),731272,30.23,-90.17,30.05,-89.95
Hot-Humid,higher density urban,HDU,CBSA,11273,Hot-Humid HDU catchment 90 (demo),1508000,616600,5980.0,2511.6,0.62,0.62,0.62,0.62,146,False,75.5,Hot-Humid HDU Climate Station 4 (demo),731273,30.26,-90.2,30.08,-89.98
Hot-Humid,higher density urban,HDU,CBSA,11274,Hot-Humid HDU catchment 91 (demo),1532000,626400,6070.0,2549.4,0.63,0.63,0.63,0.63,139,False,87.0,Hot-Humid HDU Climate Station 5 (demo),731274,30.29,-90.23,30.11,-90.01
Hot-Humid,higher density urban,HDU,CBSA,11275,Hot-Humid HDU catchment 92 (demo),1556000,636200,6160.0,2587.2,0.64,0.64,0.64,0.64,132,False,98.5,Hot-Humid HDU Climate Station 6 (demo),731275,30.32,-90.26,30.14,-90.04
Hot-Humid,higher density urban,HDU,CBSA,11276,Hot-Humid HDU catchment 93 (demo),1580000,646000,6250.0,2625.0,0.65,0.65,0.65,0.65,125,False,110.0,Hot-Humid HDU Climate Station 7 (demo),731276,30.35,-90.29,30.17,-90.07
Hot-Humid,higher density urban,HDU,CBSA,11277,Hot-Humid HDU catchment 94 (demo),1604000,655800,6340.0,2662.8,0.66,0.66,0.66,0.66,118,False,18.0,Hot-Humid HDU Climate Station 1 (demo),731277,30.38,-90.32,30.2,-90.1
Hot-Humid,higher density urban,HDU,CBSA,11278,Hot-Humid HDU catchment 95 (demo),1628000,665600,6430.0,2700.6,0.67,0.67,0.67,0.67,111,False,29.5,Hot-Humid HDU Climate Station 2 (demo),731278,30.41,-90.35,30.23,-90.13
Hot-Humid,higher density urban,HDU,CBSA,11279,Hot-Humid HDU catchment 96 (demo),1651999,675399,6520.0,2738.4,0.68,0.68,0.68,0.68,104,False,41.0,Hot-Humid HDU Climate Station 3 (demo),731279,30.44,-90.38,30.26,-90.16
Hot-Humid,higher density urban,HDU,CBSA,11280,Hot-Humid HDU catchment 97 (demo),1675999,685200,6610.0,2776.2,0.69,0.69,0.69,0.69,97,False,52.5,Hot-Humid HDU Climate Station 4 (demo),731280,30.47,-90.41,30.29,-90.19
Hot-Humid,higher density urban,HDU,CBSA,11281,Hot-Humid HDU catchment 98 (demo),1700000,695000,6700.0,2814.0,0.7,0.7,0.7,0.7,90,False,64.0,Hot-Humid HDU Climate Station 5 (demo),731281,30.5,-90.44,30.32,-90.22
Hot-Humid,higher density urban,HDU,CBSA,11282,Hot-Humid HDU catchment 99 (demo),1724000,704800,6790.0,2851.8,0.71,0.71,0.71,0.71,83,False,75.5,Hot-Humid HDU Climate Station 6 (demo),731282,30.53,-90.47,30.35,-90.25
Hot-Humid,higher density urban,HDU,CBSA,11283,Hot-Humid HDU catchment 100 (demo),1748000,714600,6880.0,2889.6,0.72,0.72,0.72,0.72,76,False,87.0,Hot-Humid HDU Climate Station 7 (demo),731283,30.56,-90.5,30.38,-90.28
Hot-Humid,higher density urban,HDU,CBSA,11284,Hot-Humid HDU catchment 101 (demo),1772000,724400,6970.0,2927.4,0.73,0.73,0.73,0.73,69,False,98.5,Hot-Humid HDU Climate Station 1 (demo),731284,30.2,-90.14,30.02,-89.92
Hot-Humid,higher density urban,HDU,CBSA,11285,Hot-Humid HDU catchment 102 (demo),1796000,734200,7060.0,2965.2,0.74,0.74,0.74,0.74,62,False,110.0,Hot-Humid HDU Climate Station 2 (demo),731285,30.23,-90.17,30.05,-89.95
Hot-Humid,higher density urban,HDU,CBSA,11286,Hot-Humid HDU catchment 103 (demo),1820000,744000,7150.0,3003.0,0.75,0.75,0.75,0.75,55,False,18.0,Hot-Humid HDU Climate Station 3 (demo),731286,30.26,-90.2,30.08,-89.98
Hot-Humid,higher density urban,HDU,CBSA,11287,Hot-Humid HDU catchment 104 (demo),1844000,753800,7240.0,3040.8,0.76,0.76,0.76,0.76,48,False,29.5,Hot-Humid HDU Climate Station 4 (demo),731287,30.29,-90.23,30.11,-90.01
Hot-Humid,higher density urban,HDU,CBSA,11288,Hot-Humid HDU catchment 105 (demo),1868000,763600,7330.0,3078.6,0.77,0.77,0.77,0.77,42,False,41.0,Hot-Humid HDU Climate Station 5 (demo),731288,30.32,-90.26,30.14,-90.04
Hot-Humid,higher density urban,HDU,CBSA,11289,Hot-Humid HDU catchment 106 (demo),1892000,773400,7420.0,3116.4,0.78,0.78,0.78,0.78,36,False,52.5,Hot-Humid HDU Climate Station 6 (demo),731289,30.35,-90.29,30.17,-90.07
Hot-Humid,higher density urban,HDU,CBSA,11290,Hot-Humid HDU catchment 107 (demo),1916000,783200,7510.0,3154.2,0.79,0.79,0.79,0.79,30,False,64.0,Hot-Humid HDU Climate Station 7 (demo),731290,30.38,-90.32,30.2,-90.1
Hot-Humid,higher density urban,HDU,CBSA,11291,Hot-Humid HDU catchment 108 (demo),1940000,793000,7600.0,3192.0,0.8,0.8,0.8,0.8,24,False,75.5,Hot-Humid HDU Climate Station 1 (demo),731291,30.41,-90.35,30.23,-90.13
Hot-Humid,higher density urban,HDU,CBSA,11292,Hot-Humid HDU catchment 109 (demo),1964000,802800,7690.0,3229.8,0.81,0.81,0.81,0.81,18,False,87.0,Hot-Humid HDU Climate Station 2 (demo),731292,30.44,-90.38,30.26,-90.16
Hot-Humid,higher density urban,HDU,CBSA,11293,Hot-Humid HDU catchment 110 (demo),1988000,812600,7780.0,3267.6,0.82,0.82,0.82,0.82,12,False,98.5,Hot-Humid HDU Climate Station 3 (demo),731293,30.47,-90.41,30.29,-90.19
Hot-Humid,higher density urban,HDU,CBSA,11294,Hot-Humid HDU catchment 111 (demo),2012000,822400,7870.0,3305.4,0.83,0.83,0.83,0.83,6,False,110.0,Hot-Humid HDU Climate Station 4 (demo),731294,30.5,-90.44,30.32,-90.22
Hot-Humid,higher density urban,HDU,CBSA,11295,Hot-Humid HDU catchment 112 (demo),1508000,616600,5980.0,2511.6,0.62,0.62,0.62,0.62,147,False,18.0,Hot-Humid HDU Climate Station 5 (demo),731295,30.53,-90.47,30.35,-90.25
Hot-Humid,higher density urban,HDU,CBSA,11296,Hot-Humid HDU catchment 113 (demo),1532000,626400,6070.0,2549.4,0.63,0.63,0.63,0.63,140,False,29.5,Hot-Humid HDU Climate Station 6 (demo),731296,30.56,-90.5,30.38,-90.28
Hot-Humid,higher density urban,HDU,CBSA,11297,Hot-Humid HDU catchment 114 (demo),1556000,636200,6160.0,2587.2,0.64,0.64,0.64,0.64,133,False,41.0,Hot-Humid HDU Climate Station 7 (demo),731297,30.2,-90.14,30.02,-89.92
Hot-Humid,higher density urban,HDU,CBSA,11298,Hot-Humid HDU catchment 115 (demo),1580000,646000,6250.0,2625.0,0.65,0.65,0.65,0.65,126,False,52.5,Hot-Humid HDU Climate Station 1 (demo),731298,30.23,-90.17,30.05,-89.95
Hot-Humid,higher density urban,HDU,CBSA,11299,Hot-Humid HDU catchment 116 (demo),1604000,655800,6340.0,2662.8,0.66,0.66,0.66,0.66,119,False,64.0,Hot-Humid HDU Climate Station 2 (demo),731299,30.26,-90.2,30.08,-89.98
Hot-Humid,higher density urban,HDU,CBSA,11300,Hot-Humid HDU catchment 117 (demo),1628000,665600,6430.0,2700.6,0.67,0.67,0.67,0.67,112,False,75.5,Hot-Humid HDU Climate Station 3 (demo),731300,30.29,-90.23,30.11,-90.01
Hot-Humid,higher density urban,HDU,CBSA,11301,Hot-Humid HDU catchment 118 (demo),1651999,675399,6520.0,2738.4,0.68,0.68,0.68,0.68,105,False,87.0,Hot-Humid HDU Climate Station 4 (demo),731301,30.32,-90.26,30.14,-90.04
Hot-Humid,higher density urban,HDU,CBSA,11302,Hot-Humid HDU catchment 119 (demo),1675999,685200,6610.0,2776.2,0.69,0.69,0.69,0.69,98,False,98.5,Hot-Humid HDU Climate Station 5 (demo),731302,30.35,-90.29,30.17,-90.07
Hot-Humid,higher density urban,HDU,CBSA,11303,Hot-Humid HDU catchment 120 (demo),1700000,695000,6700.0,2814.0,0.7,0.7,0.7,0.7,91,False,110.0,Hot-Humid HDU Climate Station 6 (demo),731303,30.38,-90.32,30.2,-90.1
Hot-Humid,higher density urban,HDU,CBSA,11304,Hot-Humid HDU catchment 121 (demo),1724000,704800,6790.0,2851.8,0.71,0.71,0.71,0.71,84,False,18.0,Hot-Humid HDU Climate Station 7 (demo),731304,30.41,-90.35,30.23,-90.13
Hot-Humid,higher density urban,HDU,CBSA,11305,Hot-Humid HDU catchment 122 (demo),1748000,714600,6880.0,2889.6,0.72,0.72,0.72,0.72,77,False,29.5,Hot-Humid HDU Climate Station 1 (demo),731305,30.44,-90.38,30.26,-90.16
Hot-Humid,higher density urban,HDU,CBSA,11306,Hot-Humid HDU catchment 123 (demo),1772000,724400,6970.0,2927.4,0.73,0.73,0.73,0.73,70,False,41.0,Hot-Humid HDU Climate Station 2 (demo),731306,30.47,-90.41,30.29,-90.19
Hot-Humid,higher density urban,HDU,CBSA,11307,Hot-Humid HDU catchment 124 (demo),1796000,734200,7060.0,2965.2,0.74,0.74,0.74,0.74,63,False,52.5,Hot-Humid HDU Climate Station 3 (demo),731307,30.5,-90.44,30.32,-90.22
Hot-Humid,higher density urban,HDU,CBSA,11308,Hot-Humid HDU catchment 125 (demo),1820000,744000,7150.0,3003.0,0.75,0.75,0.75,0.75,56,False,64.0,Hot-Humid HDU Climate Station 4 (demo),731308,30.53,-90.47,30.35,-90.25
Hot-Humid,higher density urban,HDU,CBSA,11309,Hot-Humid HDU catchment 126 (demo),1844000,753800,7240.0,3040.8,0.76,0.76,0.76,0.76,49,False,75.5,Hot-Humid HDU Climate Station 5 (demo),731309,30.56,-90.5,30.38,-90.28
Hot-Humid,higher density urban,HDU,CBSA,11310,Hot-Humid HDU catchment 127 (demo),1868000,763600,7330.0,3078.6,0.77,0.77,0.77,0.77,43,False,87.0,Hot-Humid HDU Climate Station 6 (demo),731310,30.2,-90.14,30.02,-89.92
Hot-Humid,higher density urban,HDU,CBSA,11311,Hot-Humid HDU catchment 128 (demo),1892000,773400,7420.0,3116.4,0.78,0.78,0.78,0.78,37,False,98.5,Hot-Humid HDU Climate Station 7 (demo),731311,30.23,-90.17,30.05,-89.95
Hot-Humid,higher density urban,HDU,CBSA,11312,Hot-Humid HDU catchment 129 (demo),1916000,783200,7510.0,3154.2,0.79,0.79,0.79,0.79,31,False,110.0,Hot-Humid HDU Climate Station 1 (demo),731312,30.26,-90.2,30.08,-89.98
Hot-Humid,higher density urban,HDU,CBSA,11313,Hot-Humid HDU catchment 130 (demo),1940000,793000,7600.0,3192.0,0.8,0.8,0.8,0.8,25,False,18.0,Hot-Humid HDU Climate Station 2 (demo),731313,30.29,-90.23,30.11,-90.01
Hot-Humid,higher density urban,HDU,CBSA,11314,Hot-Humid HDU catchment 131 (demo),1964000,802800,7690.0,3229.8,0.81,0.81,0.81,0.81,19,False,29.5,Hot-Humid HDU Climate Station 3 (demo),731314,30.32,-90.26,30.14,-90.04
Hot-Humid,higher density urban,HDU,CBSA,11315,Hot-Humid HDU catchment 132 (demo),1988000,812600,7780.0,3267.6,0.82,0.82,0.82,0.82,13,False,41.0,Hot-Humid HDU Climate Station 4 (demo),731315,30.35,-90.29,30.17,-90.07
Hot-Humid,higher density urban,HDU,CBSA,11316,Hot-Humid HDU catchment 133 (demo),2012000,822400,7870.0,3305.4,0.83,0.83,0.83,0.83,7,False,52.5,Hot-Humid HDU Climate Station 5 (demo),731316,30.38,-90.32,30.2,-90.1
Hot-Humid,higher density urban,HDU,CBSA,11317,Hot-Humid HDU catchment 134 (demo),1508000,616600,5980.0,2511.6,0.62,0.62,0.62,0.62,148,False,64.0,Hot-Humid HDU Climate Station 6 (demo),731317,30.41,-90.35,30.23,-90.13
Hot-Humid,higher density urban,HDU,CBSA,11318,Hot-Humid HDU catchment 135 (demo),1532000,626400,6070.0,2549.4,0.63,0.63,0.63,0.63,141,False,75.5,Hot-Humid HDU Climate Station 7 (demo),731318,30.44,-90.38,30.26,-90.16
Hot-Humid,higher density urban,HDU,CBSA,11319,Hot-Humid HDU catchment 136 (demo),1556000,636200,6160.0,2587.2,0.64,0.64,0.64,0.64,134,False,87.0,Hot-Humid HDU Climate Station 1 (demo),731319,30.47,-90.41,30.29,-90.19
Hot-Humid,higher density urban,HDU,CBSA,11320,Hot-Humid HDU catchment 137 (demo),1580000,646000,6250.0,2625.0,0.65,0.65,0.65,0.65,127,False,98.5,Hot-Humid HDU Climate Station 2 (demo),731320,30.5,-90.44,30.32,-90.22
Hot-Humid,higher density urban,HDU,CBSA,11321,Hot-Humid HDU catchment 138 (demo),1604000,655800,6340.0,2662.8,0.66,0.66,0.66,0.66,120,False,110.0,Hot-Humid HDU Climate Station 3 (demo),731321,30.53,-90.47,30.35,-90.25
Hot-Humid,higher density urban,HDU,CBSA,11322,Hot-Humid HDU catchment 139 (demo),1628000,665600,6430.0,2700.6,0.67,0.67,0.67,0.67,113,False,18.0,Hot-Humid HDU Climate Station 4 (demo),731322,30.56,-90.5,30.38,-90.28
Hot-Humid,higher density urban,HDU,CBSA,11323,Hot-Humid HDU catchment 140 (demo),1651999,675399,6520.0,2738.4,0.68,0.68,0.68,0.68,106,False,29.5,Hot-Humid HDU Climate Station 5 (demo),731323,30.2,-90.14,30.02,-89.92
Hot-Humid,higher density urban,HDU,CBSA,11324,Hot-Humid HDU catchment 141 (demo),1675999,685200,6610.0,2776.2,0.69,0.69,0.69,0.69,99,False,41.0,Hot-Humid HDU Climate Station 6 (demo),731324,30.23,-90.17,30.05,-89.95
Hot-Humid,higher density urban,HDU,CBSA,11325,Hot-Humid HDU catchment 142 (demo),1700000,695000,6700.0,2814.0,0.7,0.7,0.7,0.7,92,False,52.5,Hot-Humid HDU Climate Station 7 (demo),731325,30.26,-90.2,30.08,-89.98
Hot-Humid,higher density urban,HDU,CBSA,11326,Hot-Humid HDU catchment 143 (demo),1724000,704800,6790.0,2851.8,0.71,0.71,0.71,0.71,85,False,64.0,Hot-Humid HDU Climate Station 1 (demo),731326,30.29,-90.23,30.11,-90.01
Hot-Humid,higher density urban,HDU,CBSA,11327,Hot-Humid HDU catchment 144 (demo),1748000,714600,6880.0,2889.6,0.72,0.72,0.72,0.72,78,False,75.5,Hot-Humid HDU Climate Station 2 (demo),731327,30.32,-90.26,30.14,-90.04
Hot-Humid,higher density urban,HDU,CBSA,11328,Hot-Humid HDU catchment 145 (demo),1772000,724400,6970.0,2927.4,0.73,0.73,0.73,0.73,71,False,87.0,Hot-Humid HDU Climate Station 3 (demo),731328,30.35,-90.29,30.17,-90.07
Hot-Humid,higher density urban,HDU,CBSA,11329,Hot-Humid HDU catchment 146 (demo),1796000,734200,7060.0,2965.2,0.74,0.74,0.74,0.74,64,False,98.5,Hot-Humid HDU Climate Station 4 (demo),731329,30.38,-90.32,30.2,-90.1
Hot-Humid,higher density urban,HDU,CBSA,11330,Hot-Humid HDU catchment 147 (demo),1820000,744000,7150.0,3003.0,0.75,0.75,0.75,0.75,57,False,110.0,Hot-Humid HDU Climate Station 5 (demo),731330,30.41,-90.35,30.23,-90.13
Hot-Humid,higher density urban,HDU,CBSA,11331,Hot-Humid HDU catchment 148 (demo),1844000,753800,7240.0,3040.8,0.76,0.76,0.76,0.76,50,False,18.0,Hot-Humid HDU Climate Station 6 (demo),731331,30.44,-90.38,30.26,-90.16
Hot-Humid,lower density urban,LDU,CBSA,11332,Hot-Humid LDU catchment 1 (demo),2180000,891000,8500.0,3570.0,0.9,0.9,0.9,0.9,1,True,29.5,Hot-Humid LDU Climate Station 7 (demo),731332,31.07,-90.01,30.89,-89.79
Hot-Humid,lower density urban,LDU,CBSA,11333,Hot-Humid LDU catchment 2 (demo),1508000,616600,5980.0,2511.6,0.62,0.62,0.62,0.62,142,False,41.0,Hot-Humid LDU Climate Station 1 (demo),731333,31.1,-90.04,30.92,-89.82
Hot-Humid,lower density urban,LDU,CBSA,11334,Hot-Humid LDU catchment 3 (demo),1532000,626400,6070.0,2549.4,0.63,0.63,0.63,0.63,135,False,52.5,Hot-Humid LDU Climate Station 2 (demo),731334,31.13,-90.07,30.95,-89.85
Hot-Humid,lower density urban,LDU,CBSA,11335,Hot-Humid LDU catchment 4 (demo),1556000,636200,6160.0,2587.2,0.64,0.64,0.64,0.64,128,False,64.0,Hot-Humid LDU Climate Station 3 (demo),731335,31.16,-90.1,30.98,-89.88
Hot-Humid,lower density urban,LDU,CBSA,11336,Hot-Humid LDU catchment 5 (demo),1580000,646000,6250.0,2625.0,0.65,0.65,0.65,0.65,121,False,75.5,Hot-Humid LDU Climate Station 4 (demo),731336,30.8,-89.74,30.62,-89.52
Hot-Humid,lower density urban,LDU,CBSA,11337,Hot-Humid LDU catchment 6 (demo),1604000,655800,6340.0,2662.8,0.66,0.66,0.66,0.66,114,False,87.0,Hot-Humid LDU Climate Station 5 (demo),731337,30.83,-89.77,30.65,-89.55
Hot-Humid,lower density urban,LDU,CBSA,11338,Hot-Humid LDU catchment 7 (demo),1628000,665600,6430.0,2700.6,0.67,0.67,0.67,0.67,107,False,98.5,Hot-Humid LDU Climate Station 6 (demo),731338,30.86,-89.8,30.68,-89.58
Hot-Humid,lower density urban,LDU,CBSA,11339,Hot-Humid LDU catchment 8 (demo),1651999,675399,6520.0,2738.4,0.68,0.68,0.68,0.68,100,False,110.0,Hot-Humid LDU Climate Station 7 (demo),731339,30.89,-89.83,30.71,-89.61
Hot-Humid,lower density urban,LDU,CBSA,11340,Hot-Humid LDU catchment 9 (demo),1675999,685200,6610.0,2776.2,0.69,0.69,0.69,0.69,93,False,18.0,Hot-Humid LDU Climate Station 1 (demo),731340,30.92,-89.86,30.74,-89.64
Hot-Humid,lower density urban,LDU,CBSA,11341,Hot-Humid LDU catchment 10 (demo),1700000,695000,6700.0,2814.0,0.7,0.7,0.7,0.7,86,False,29.5,Hot-Humid LDU Climate Station 2 (demo),731341,30.95,-89.89,30.77,-89.67
Hot-Humid,lower density urban,LDU,CBSA,11342,Hot-Humid LDU catchment 11 (demo),1724000,704800,6790.0,2851.8,0.71,0.71,0.71,0.71,79,False,41.0,Hot-Humid LDU Climate Station 3 (demo),731342,30.98,-89.92,30.8,-89.7
Hot-Humid,lower density urban,LDU,CBSA,11343,Hot-Humid LDU catchment 12 (demo),1748000,714600,6880.0,2889.6,0.72,0.72,0.72,0.72,72,False,52.5,Hot-Humid LDU Climate Station 4 (demo),731343,31.01,-89.95,30.83,-89.73
Hot-Humid,lower density urban,LDU,CBSA,11344,Hot-Humid LDU catchment 13 (demo),1772000,724400,6970.0,2927.4,0.73,0.73,0.73,0.73,65,False,64.0,Hot-Humid LDU Climate Station 5 (demo),731344,31.04,-89.98,30.86,-89.76
Hot-Humid,lower density urban,LDU,CBSA,11345,Hot-Humid LDU catchment 14 (demo),1796000,734200,7060.0,2965.2,0.74,0.74,0.74,0.74,58,False,75.5,Hot-Humid LDU Climate Station 6 (demo),731345,31.07,-90.01,30.89,-89.79
Hot-Humid,lower density urban,LDU,CBSA,11346,Hot-Humid LDU catchment 15 (demo),1820000,744000,7150.0,3003.0,0.75,0.75,0.75,0.75,51,False,87.0,Hot-Humid LDU Climate Station 7 (demo),731346,31.1,-90.04,30.92,-89.82
Hot-Humid,lower density urban,LDU,CBSA,11347,Hot-Humid LDU catchment 16 (demo),1844000,753800,7240.0,3040.8,0.76,0.76,0.76,0.76,44,False,98.5,Hot-Humid LDU Climate Station 1 (demo),731347,31.13,-90.07,30.95,-89.85
Hot-Humid,lower density urban,LDU,CBSA,11348,Hot-Humid LDU catchment 17 (demo),1868000,763600,7330.0,3078.6,0.77,0.77,0.77,0.77,38,False,110.0,Hot-Humid LDU Climate Station 2 (demo),731348,31.16,-90.1,30.98,-89.88
Hot-Humid,lower density urban,LDU,CBSA,11349,Hot-Humid LDU catchment 18 (demo),1892000,773400,7420.0,3116.4,0.78,0.78,0.78,0.78,32,False,18.0,Hot-Humid LDU Climate Station 3 (demo),731349,30.8,-89.74,30.62,-89.52
Hot-Humid,lower density urban,LDU,CBSA,11350,Hot-Humid LDU catchment 19 (demo),1916000,783200,7510.0,3154.2,0.79,0.79,0.79,0.79,26,False,29.5,Hot-Humid LDU Climate Station 4 (demo),731350,30.83,-89.77,30.65,-89.55
Hot-Humid,lower density urban,LDU,CBSA,11351,Hot-Humid LDU catchment 20 (demo),1940000,793000,7600.0,3192.0,0.8,0.8,0.8,0.8,20,False,41.0,Hot-Humid LDU Climate Station 5 (demo),731351,30.86,-89.8,30.68,-89.58
Hot-Humid,lower density urban,LDU,CBSA,11352,Hot-Humid LDU catchment 21 (demo),1964000,802800,7690.0,3229.8,0.81,0.81,0.81,0.81,14,False,52.5,Hot-Humid LDU Climate Station 6 (demo),731352,30.89,-89.83,30.71,-89.61
Hot-Humid,lower density urban,LDU,CBSA,11353,Hot-Humid LDU catchment 22 (demo),1988000,812600,7780.0,3267.6,0.82,0.82,0.82,0.82,8,False,64.0,Hot-Humid LDU Climate Station 7 (demo),731353,30.92,-89.86,30.74,-89.64
Hot-Humid,lower density urban,LDU,CBSA,11354,Hot-Humid LDU catchment 23 (demo),2012000,822400,7870.0,3305.4,0.83,0.83,0.83,0.83,2,False,75.5,Hot-Humid LDU Climate Station 1 (demo),731354,30.95,-89.89,30.77,-89.67
Hot-Humid,lower density urban,LDU,CBSA,11355,Hot-Humid LDU catchment 24 (demo),1508000,616600,5980.0,2511.6,0.62,0.62,0.62,0.62,143,False,87.0,Hot-Humid LDU Climate Station 2 (demo),731355,30.98,-89.92,30.8,-89.7
Hot-Humid,lower density urban,LDU,CBSA,11356,Hot-Humid LDU catchment 25 (demo),1532000,626400,6070.0,2549.4,0.63,0.63,0.63,0.63,136,False,98.5,Hot-Humid LDU Climate Station 3 (demo),731356,31.01,-89.95,30.83,-89.73
Hot-Humid,lower density urban,LDU,CBSA,11357,Hot-Humid LDU catchment 26 (demo),1556000,636200,6160.0,2587.2,0.64,0.64,0.64,0.64,129,False,110.0,Hot-Humid LDU Climate Station 4 (demo),731357,31.04,-89.98,30.86,-89.76
Hot-Humid,lower density urban,LDU,CBSA,11358,Hot-Humid LDU catchment 27 (demo),1580000,646000,6250.0,2625.0,0.65,0.65,0.65,0.65,122,False,18.0,Hot-Humid LDU Climate Station 5 (demo),731358,31.07,-90.01,30.89,-89.79
Hot-Humid,lower density urban,LDU,CBSA,11359,Hot-Humid LDU catchment 28 (demo),1604000,655800,6340.0,2662.8,0.66,0.66,0.66,0.66,115,False,29.5,Hot-Humid LDU Climate Station 6 (demo),731359,31.1,-90.04,30.92,-89.82
Hot-Humid,lower density urban,LDU,CBSA,11360,Hot-Humid LDU catchment 29 (demo),1628000,665600,6430.0,2700.6,0.67,0.67,0.67,0.67,108,False,41.0,Hot-Humid LDU Climate Station 7 (demo),731360,31.13,-90.07,30.95,-89.85
Hot-Humid,lower density urban,LDU,CBSA,11361,Hot-Humid LDU catchment 30 (demo),1651999,675399,6520.0,2738.4,0.68,0.68,0.68,0.68,101,False,52.5,Hot-Humid LDU Climate Station 1 (demo),731361,31.16,-90.1,30.98,-89.88
Hot-Humid,lower density urban,LDU,CBSA,11362,Hot-Humid LDU catchment 31 (demo),1675999,685200,6610.0,2776.2,0.69,0.69,0.69,0.69,94,False,64.0,Hot-Humid LDU Climate Station 2 (demo),731362,30.8,-89.74,30.62,-89.52
Hot-Humid,lower density urban,LDU,CBSA,11363,Hot-Humid LDU catchment 32 (demo),1700000,695000,6700.0,2814.0,0.7,0.7,0.7,0.7,87,False,75.5,Hot-Humid LDU Climate Station 3 (demo),731363,30.83,-89.77,30.65,-89.55
Hot-Humid,lower density urban,LDU,CBSA,11364,Hot-Humid LDU catchment 33 (demo),1724000,704800,6790.0,2851.8,0.71,0.71,0.71,0.71,80,False,87.0,Hot-Humid LDU Climate Station 4 (demo),731364,30.86,-89.8,30.68,-89.58
Hot-Humid,lower density urban,LDU,CBSA,11365,Hot-Humid LDU catchment 34 (demo),1748000,714600,6880.0,2889.6,0.72,0.72,0.72,0.72,73,False,98.5,Hot-Humid LDU Climate Station 5 (demo),731365,30.89,-89.83,30.71,-89.61
Hot-Humid,lower density urban,LDU,CBSA,11366,Hot-Humid LDU catchment 35 (demo),1772000,724400,6970.0,2927.4,0.73,0.73,0.73,0.73,66,False,110.0,Hot-Humid LDU Climate Station 6 (demo),731366,30.92,-89.86,30.74,-89.64
Hot-Humid,lower density urban,LDU,CBSA,11367,Hot-Humid LDU catchment 36 (demo),1796000,734200,7060.0,2965.2,0.74,0.74,0.74,0.74,59,False,18.0,Hot-Humid LDU Climate Station 7 (demo),731367,30.95,-89.89,30.77,-89.67
Hot-Humid,lower density urban,LDU,CBSA,11368,Hot-Humid LDU catchment 37 (demo),1820000,744000,7150.0,3003.0,0.75,0.75,0.75,0.75,52,False,29.5,Hot-Humid LDU Climate Station 1 (demo),731368,30.98,-89.92,30.8,-89.7
Hot-Humid,lower density urban,LDU,CBSA,11369,Hot-Humid LDU catchment 38 (demo),1844000,753800,7240.0,3040.8,0.76,0.76,0.76,0.76,45,False,41.0,Hot-Humid LDU Climate Station 2 (demo),731369,31.01,-89.95,30.83,-89.73
Hot-Humid,lower density urban,LDU,CBSA,11370,Hot-Humid LDU catchment 39 (demo),1868000,763600,7330.0,3078.6,0.77,0.77,0.77,0.77,39,False,52.5,Hot-Humid LDU Climate Station 3 (demo),731370,31.04,-89.98,30.86,-89.76
Hot-Humid,lower density urban,LDU,CBSA,11371,Hot-Humid LDU catchment 40 (demo),1892000,773400,7420.0,3116.4,0.78,0.78,0.78,0.78,33,False,64.0,Hot-Humid LDU Climate Station 4 (demo),731371,31.07,-90.01,30.89,-89.79
Hot-Humid,lower density urban,LDU,CBSA,11372,Hot-Humid LDU catchment 41 (demo),1916000,783200,7510.0,3154.2,0.79,0.79,0.79,0.79,27,False,75.5,Hot-Humid LDU Climate Station 5 (demo),731372,31.1,-90.04,30.92,-89.82
Hot-Humid,lower density urban,LDU,CBSA,11373,Hot-Humid LDU catchment 42 (demo),1940000,793000,7600.0,3192.0,0.8,0.8,0.8,0.8,21,False,87.0,Hot-Humid LDU Climate Station 6 (demo),731373,31.13,-90.07,30.95,-89.85
Hot-Humid,lower density urban,LDU,CBSA,11374,Hot-Humid LDU catchment 43 (demo),1964000,802800,7690.0,3229.8,0.81,0.81,0.81,0.81,15,False,98.5,Hot-Humid LDU Climate Station 7 (demo),731374,31.16,-90.1,30.98,-89.88
Hot-Humid,lower density urban,LDU,CBSA,11375,Hot-Humid LDU catchment 44 (demo),1988000,812600,7780.0,3267.6,0.82,0.82,0.82,0.82,9,False,110.0,Hot-Humid LDU Climate Station 1 (demo),731375,30.8,-89.74,30.62,-89.52
Hot-Humid,lower density urban,LDU,CBSA,11376,Hot-Humid LDU catchment 45 (demo),2012000,822400,7870.0,3305.4,0.83,0.83,0.83,0.83,3,False,18.0,Hot-Humid LDU Climate Station 2 (demo),731376,30.83,-89.77,30.65,-89.55
Hot-Humid,lower density urban,LDU,CBSA,11377,Hot-Humid LDU catchment 46 (demo),1508000,616600,5980.0,2511.6,0.62,0.62,0.62,0.62,144,False,29.5,Hot-Humid LDU Climate Station 3 (demo),731377,30.86,-89.8,30.68,-89.58
Hot-Humid,lower density urban,LDU,CBSA,11378,Hot-Humid LDU catchment 47 (demo),1532000,626400,6070.0,2549.4,0.63,0.63,0.63,0.63,137,False,41.0,Hot-Humid LDU Climate Station 4 (demo),731378,30.89,-89.83,30.71,-89.61
Hot-Humid,lower density urban,LDU,CBSA,11379,Hot-Humid LDU catchment 48 (demo),1556000,636200,6160.0,2587.2,0.64,0.64,0.64,0.64,130,False,52.5,Hot-Humid LDU Climate Station 5 (demo),731379,30.92,-89.86,30.74,-89.64
Hot-Humid,lower density urban,LDU,CBSA,11380,Hot-Humid LDU catchment 49 (demo),1580000,646000,6250.0,2625.0,0.65,0.65,0.65,0.65,123,False,64.0,Hot-Humid LDU Climate Station 6 (demo),731380,30.95,-89.89,30.77,-89.67
Hot-Humid,lower density urban,LDU,CBSA,11381,Hot-Humid LDU catchment 50 (demo),1604000,655800,6340.0,2662.8,0.66,0.66,0.66,0.66,116,False,75.5,Hot-Humid LDU Climate Station 7 (demo),731381,30.98,-89.92,30.8,-89.7
Hot-Humid,lower density urban,LDU,CBSA,11382,Hot-Humid LDU catchment 51 (demo),1628000,665600,6430.0,2700.6,0.67,0.67,0.67,0.67,109,False,87.0,Hot-Humid LDU Climate Station 1 (demo),731382,31.01,-89.95,30.83,-89.73
Hot-Humid,lower density urban,LDU,CBSA,11383,Hot-Humid LDU catchment 52 (demo),1651999,675399,6520.0,2738.4,0.68,0.68,0.68,0.68,102,False,98.5,Hot-Humid LDU Climate Station 2 (demo),731383,31.04,-89.98,30.86,-89.76
Hot-Humid,lower density urban,LDU,CBSA,11384,Hot-Humid LDU catchment 53 (demo),1675999,685200,6610.0,2776.2,0.69,0.69,0.69,0.69,95,False,110.0,Hot-Humid LDU Climate Station 3 (demo),731384,31.07,-90.01,30.89,-89.79
Hot-Humid,lower density urban,LDU,CBSA,11385,Hot-Humid LDU catchment 54 (demo),1700000,695000,6700.0,2814.0,0.7,0.7,0.7,0.7,88,False,18.0,Hot-Humid LDU Climate Station 4 (demo),731385,31.1,-90.04,30.92,-89.82
Hot-Humid,lower density urban,LDU,CBSA,11386,Hot-Humid LDU catchment 55 (demo),1724000,704800,6790.0,2851.8,0.71,0.71,0.71,0.71,81,False,29.5,Hot-Humid LDU Climate Station 5 (demo),731386,31.13,-90.07,30.95,-89.85
Hot-Humid,lower density urban,LDU,CBSA,11387,Hot-Humid LDU catchment 56 (demo),1748000,714600,6880.0,2889.6,0.72,0.72,0.72,0.72,74,False,41.0,Hot-Humid LDU Climate Station 6 (demo),731387,31.16,-90.1,30.98,-89.88
Hot-Humid,lower density urban,LDU,CBSA,11388,Hot-Humid LDU catchment 57 (demo),1772000,724400,6970.0,2927.4,0.73,0.73,0.73,0.73,67,False,52.5,Hot-Humid LDU Climate Station 7 (demo),731388,30.8,-89.74,30.62,-89.52
Hot-Humid,lower density urban,LDU,CBSA,11389,Hot-Humid LDU catchment 58 (demo),1796000,734200,7060.0,2965.2,0.74,0.74,0.74,0.74,60,False,64.0,Hot-Humid LDU Climate Station 1 (demo),731389,30.83,-89.77,30.65,-89.55
Hot-Humid,lower density urban,LDU,CBSA,11390,Hot-Humid LDU catchment 59 (demo),1820000,744000,7150.0,3003.0,0.75,0.75,0.75,0.75,53,False,75.5,Hot-Humid LDU Climate Station 2 (demo),731390,30.86,-89.8,30.68,-89.58
Hot-Humid,lower density urban,LDU,CBSA,11391,Hot-Humid LDU catchment 60 (demo),1844000,753800,7240.0,3040.8,0.76,0.76,0.76,0.76,46,False,87.0,Hot-Humid LDU Climate Station 3 (demo),731391,30.89,-89.83,30.71,-89.61
Hot-Humid,lower density urban,LDU,CBSA,11392,Hot-Humid LDU catchment 61 (demo),1868000,763600,7330.0,3078.6,0.77,0.77,0.77,0.77,40,False,98.5,Hot-Humid LDU Climate Station 4 (demo),731392,30.92,-89.86,30.74,-89.64
Hot-Humid,lower density urban,LDU,CBSA,11393,Hot-Humid LDU catchment 62 (demo),1892000,773400,7420.0,3116.4,0.78,0.78,0.78,0.78,34,False,110.0,Hot-Humid LDU Climate Station 5 (demo),731393,30.95,-89.89,30.77,-89.67
Hot-Humid,lower density urban,LDU,CBSA,11394,Hot-Humid LDU catchment 63 (demo),1916000,783200,7510.0,3154.2,0.79,0.79,0.79,0.79,28,False,18.0,Hot-Humid LDU Climate Station 6 (demo),731394,30.98,-89.92,30.8,-89.7
Hot-Humid,lower density urban,LDU,CBSA,11395,Hot-Humid LDU catchment 64 (demo),1940000,793000,7600.0,3192.0,0.8,0.8,0.8,0.8,22,False,29.5,Hot-Humid LDU Climate Station 7 (demo),731395,31.01,-89.95,30.83,-89.73
Hot-Humid,lower density urban,LDU,CBSA,11396,Hot-Humid LDU catchment 65 (demo),1964000,802800,7690.0,3229.8,0.81,0.81,0.81,0.81,16,False,41.0,Hot-Humid LDU Climate Station 1 (demo),731396,31.04,-89.98,30.86,-89.76
Hot-Humid,lower density urban,LDU,CBSA,11397,Hot-Humid LDU catchment 66 (demo),1988000,812600,7780.0,3267.6,0.82,0.82,0.82,0.82,10,False,52.5,Hot-Humid LDU Climate Station 2 (demo),731397,31.07,-90.01,30.89,-89.79
Hot-Humid,lower density urban,LDU,CBSA,11398,Hot-Humid LDU catchment 67 (demo),2012000,822400,7870.0,3305.4,0.83,0.83,0.83,0.83,4,False,64.0,Hot-Humid LDU Climate Station 3 (demo),731398,31.1,-90.04,30.92,-89.82
Hot-Humid,lower density urban,LDU,CBSA,11399,Hot-Humid LDU catchment 68 (demo),1508000,616600,5980.0,2511.6,0.62,0.62,0.62,0.62,145,False,75.5,Hot-Humid LDU Climate Station 4 (demo),731399,31.13,-90.07,30.95,-89.85
Hot-Humid,lower density urban,LDU,CBSA,11400,Hot-Humid LDU catchment 69 (demo),1532000,626400,6070.0,2549.4,0.63,0.63,0.63,0.63,138,False,87.0,Hot-Humid LDU Climate Station 5 (demo),731400,31.16,-90.1,30.98,-89.88
Hot-Humid,lower density urban,LDU,CBSA,11401,Hot-Humid LDU catchment 70 (demo),1556000,636200,6160.0,2587.2,0.64,0.64,0.64,0.64,131,False,98.5,Hot-Humid LDU Climate Station 6 (demo),731401,30.8,-89.74,30.62,-89.52
Hot-Humid,lower density urban,LDU,CBSA,11402,Hot-Humid LDU catchment 71 (demo),1580000,646000,6250.0,2625.0,0.65,0.65,0.65,0.65,124,False,110.0,Hot-Humid LDU Climate Station 7 (demo),731402,30.83,-89.77,30.65,-89.55
Hot-Humid,lower density urban,LDU,CBSA,11403,Hot-Humid LDU catchment 72 (demo),1604000,655800,6340.0,2662.8,0.66,0.66,0.66,0.66,117,False,18.0,Hot-Humid LDU Climate Station 1 (demo),731403,30.86,-89.8,30.68,-89.58
Hot-Humid,lower density urban,LDU,CBSA,11404,Hot-Humid LDU catchment 73 (demo),1628000,665600,6430.0,2700.6,0.67,0.67,0.67,0.67,110,False,29.5,Hot-Humid LDU Climate Station 2 (demo),731404,30.89,-89.83,30.71,-89.61
Hot-Humid,lower density urban,LDU,CBSA,11405,Hot-Humid LDU catchment 74 (demo),1651999,675399,6520.0,2738.4,0.68,0.68,0.68,0.68,103,False,41.0,Hot-Humid LDU Climate Station 3 (demo),731405,30.92,-89.86,30.74,-89.64
Hot-Humid,lower density urban,LDU,CBSA,11406,Hot-Humid LDU catchment 75 (demo),1675999,685200,6610.0,2776.2,0.69,0.69,0.69,0.69,96,False,52.5,Hot-Humid LDU Climate Station 4 (demo),731406,30.95,-89.89,30.77,-89.67
Hot-Humid,lower density urban,LDU,CBSA,11407,Hot-Humid LDU catchment 76 (demo),1700000,695000,6700.0,2814.0,0.7,0.7,0.7,0.7,89,False,64.0,Hot-Humid LDU Climate Station 5 (demo),731407,30.98,-89.92,30.8,-89.7
Hot-Humid,lower density urban,LDU,CBSA,11408,Hot-Humid LDU catchment 77 (demo),1724000,704800,6790.0,2851.8,0.71,0.71,0.71,0.71,82,False,75.5,Hot-Humid LDU Climate Station 6 (demo),731408,31.01,-89.95,30.83,-89.73
Hot-Humid,lower density urban,LDU,CBSA,11409,Hot-Humid LDU catchment 78 (demo),1748000,714600,6880.0,2889.6,0.72,0.72,0.72,0.72,75,False,87.0,Hot-Humid LDU Climate Station 7 (demo),731409,31.04,-89.98,30.86,-89.76
Hot-Humid,lower density urban,LDU,CBSA,11410,Hot-Humid LDU catchment 79 (demo),1772000,724400,6970.0,2927.4,0.73,0.73,0.73,0.73,68,False,98.5,Hot-Humid LDU Climate Station 1 (demo),731410,31.07,-90.01,30.89,-89.79
Hot-Humid,lower density urban,LDU,CBSA,11411,Hot-Humid LDU catchment 80 (demo),1796000,734200,7060.0,2965.2,0.74,0.74,0.74,0.74,61,False,110.0,Hot-Humid LDU Climate Station 2 (demo),731411,31.1,-90.04,30.92,-89.82
Hot-Humid,lower density urban,LDU,CBSA,11412,Hot-Humid LDU catchment 81 (demo),1820000,744000,7150.0,3003.0,0.75,0.75,0.75,0.75,54,False,18.0,Hot-Humid LDU Climate Station 3 (demo),731412,31.13,-90.07,30.95,-89.85
Hot-Humid,lower density urban,LDU,CBSA,11413,Hot-Humid LDU catchment 82 (demo),1844000,753800,7240.0,3040.8,0.76,0.76,0.76,0.76,47,False,29.5,Hot-Humid LDU Climate Station 4 (demo),731413,31.16,-90.1,30.98,-89.88
Hot-Humid,lower density urban,LDU,CBSA,11414,Hot-Humid LDU catchment 83 (demo),1868000,763600,7330.0,3078.6,0.77,0.77,0.77,0.77,41,False,41.0,Hot-Humid LDU Climate Station 5 (demo),731414,30.8,-89.74,30.62,-89.52
Hot-Humid,lower density urban,LDU,CBSA,11415,Hot-Humid LDU catchment 84 (demo),1892000,773400,7420.0,3116.4,0.78,0.78,0.78,0.78,35,False,52.5,Hot-Humid LDU Climate Station 6 (demo),731415,30.83,-89.77,30.65,-89.55
Hot-Humid,lower density urban,LDU,CBSA,11416,Hot-Humid LDU catchment 85 (demo),1916000,783200,7510.0,3154.2,0.79,0.79,0.79,0.79,29,False,64.0,Hot-Humid LDU Climate Station 7 (demo),731416,30.86,-89.8,30.68,-89.58
Hot-Humid,lower density urban,LDU,CBSA,11417,Hot-Humid LDU catchment 86 (demo),1940000,793000,7600.0,3192.0,0.8,0.8,0.8,0.8,23,False,75.5,Hot-Humid LDU Climate Station 1 (demo),731417,30.89,-89.83,30.71,-89.61
Hot-Humid,lower density urban,LDU,CBSA,11418,Hot-Humid LDU catchment 87 (demo),1964000,802800,7690.0,3229.8,0.81,0.81,0.81,0.81,17,False,87.0,Hot-Humid LDU Climate Station 2 (demo),731418,30.92,-89.86,30.74,-89.64
Hot-Humid,lower density urban,LDU,CBSA,11419,Hot-Humid LDU catchment 88 (demo),1988000,812600,7780.0,3267.6,0.82,0.82,0.82,0.82,11,False,98.5,Hot-Humid LDU Climate Station 3 (demo),731419,30.95,-89.89,30.77,-89.67
Hot-Humid,lower density urban,LDU,CBSA,11420,Hot-Humid LDU catchment 89 (demo),2012000,822400,7870.0,3305.4,0.83,0.83,0.83,0.83,5,False,110.0,Hot-Humid LDU Climate Station 4 (demo),731420,30.98,-89.92,30.8,-89.7
Hot-Humid,lower density urban,LDU,CBSA,11421,Hot-Humid LDU catchment 90 (demo),1508000,616600,5980.0,2511.6,0.62,0.62,0.62,0.62,146,False,18.0,Hot-Humid LDU Climate Station 5 (demo),731421,31.01,-89.95,30.83,-89.73
Hot-Humid,lower density urban,LDU,CBSA,11422,Hot-Humid LDU catchment 91 (demo),1532000,626400,6070.0,2549.4,0.63,0.63,0.63,0.63,139,False,29.5,Hot-Humid LDU Climate Station 6 (demo),731422,31.04,-89.98,30.86,-89.76
Hot-Humid,lower density urban,LDU,CBSA,11423,Hot-Humid LDU catchment 92 (demo),1556000,636200,6160.0,2587.2,0.64,0.64,0.64,0.64,132,False,41.0,Hot-Humid LDU Climate Station 7 (demo),731423,31.07,-90.01,30.89,-89.79
Hot-Humid,lower density urban,LDU,CBSA,11424,Hot-Humid LDU catchment 93 (demo),1580000,646000,6250.0,2625.0,0.65,0.65,0.65,0.65,125,False,52.5,Hot-Humid LDU Climate Station 1 (demo),731424,31.1,-90.04,30.92,-89.82
Hot-Humid,lower density urban,LDU,CBSA,11425,Hot-Humid LDU catchment 94 (demo),1604000,655800,6340.0,2662.8,0.66,0.66,0.66,0.66,118,False,64.0,Hot-Humid LDU Climate Station 2 (demo),731425,31.13,-90.07,30.95,-89.85
Hot-Humid,lower density urban,LDU,CBSA,11426,Hot-Humid LDU catchment 95 (demo),1628000,665600,6430.0,2700.6,0.67,0.67,0.67,0.67,111,False,75.5,Hot-Humid LDU Climate Station 3 (demo),731426,31.16,-90.1,30.98,-89.88
Hot-Humid,lower density urban,LDU,CBSA,11427,Hot-Humid LDU catchment 96 (demo),1651999,675399,6520.0,2738.4,0.68,0.68,0.68,0.68,104,False,87.0,Hot-Humid LDU Climate Station 4 (demo),731427,30.8,-89.74,30.62,-89.52
Hot-Humid,lower density urban,LDU,CBSA,11428,Hot-Humid LDU catchment 97 (demo),1675999,685200,6610.0,2776.2,0.69,0.69,0.69,0.69,97,False,98.5,Hot-Humid LDU Climate Station 5 (demo),731428,30.83,-89.77,30.65,-89.55
Hot-Humid,lower density urban,LDU,CBSA,11429,Hot-Humid LDU catchment 98 (demo),1700000,695000,6700.0,2814.0,0.7,0.7,0.7,0.7,90,False,110.0,Hot-Humid LDU Climate Station 6 (demo),731429,30.86,-89.8,30.68,-89.58
Hot-Humid,lower density urban,LDU,CBSA,11430,Hot-Humid LDU catchment 99 (demo),1724000,704800,6790.0,2851.8,0.71,0.71,0.71,0.71,83,False,18.0,Hot-Humid LDU Climate Station 7 (demo),731430,30.89,-89.83,30.71,-89.61
Hot-Humid,lower density urban,LDU,CBSA,11431,Hot-Humid LDU catchment 100 (demo),1748000,714600,6880.0,2889.6,0.72,0.72,0.72,0.72,76,False,29.5,Hot-Humid LDU Climate Station 1 (demo),731431,30.92,-89.86,30.74,-89.64
Hot-Humid,lower density urban,LDU,CBSA,11432,Hot-Humid LDU catchment 101 (demo),1772000,724400,6970.0,2927.4,0.73,0.73,0.73,0.73,69,False,41.0,Hot-Humid LDU Climate Station 2 (demo),731432,30.95,-89.89,30.77,-89.67
Hot-Humid,lower density urban,LDU,CBSA,11433,Hot-Humid LDU catchment 102 (demo),1796000,734200,7060.0,2965.2,0.74,0.74,0.74,0.74,62,False,52.5,Hot-Humid LDU Climate Station 3 (demo),731433,30.98,-89.92,30.8,-89.7
Hot-Humid,lower density urban,LDU,CBSA,11434,Hot-Humid LDU catchment 103 (demo),1820000,744000,7150.0,3003.0,0.75,0.75,0.75,0.75,55,False,64.0,Hot-Humid LDU Climate Station 4 (demo),731434,31.01,-89.95,30.83,-89.73
Hot-Humid,lower density urban,LDU,CBSA,11435,Hot-Humid LDU catchment 104 (demo),1844000,753800,7240.0,3040.8,0.76,0.76,0.76,0.76,48,False,75.5,Hot-Humid LDU Climate Station 5 (demo),731435,31.04,-89.98,30.86,-89.76
Hot-Humid,lower density urban,LDU,CBSA,11436,Hot-Humid LDU catchment 105 (demo),1868000,763600,7330.0,3078.6,0.77,0.77,0.77,0.77,42,False,87.0,Hot-Humid LDU Climate Station 6 (demo),731436,31.07,-90.01,30.89,-89.79
Hot-Humid,lower density urban,LDU,CBSA,11437,Hot-Humid LDU catchment 106 (demo),1892000,773400,7420.0,3116.4,0.78,0.78,0.78,0.78,36,False,98.5,Hot-Humid LDU Climate Station 7 (demo),731437,31.1,-90.04,30.92,-89.82
Hot-Humid,lower density urban,LDU,CBSA,11438,Hot-Humid LDU catchment 107 (demo),1916000,783200,7510.0,3154.2,0.79,0.79,0.79,0.79,30,False,110.0,Hot-Humid LDU Climate Station 1 (demo),731438,31.13,-90.07,30.95,-89.85
Hot-Humid,lower density urban,LDU,CBSA,11439,Hot-Humid LDU catchment 108 (demo),1940000,793000,7600.0,3192.0,0.8,0.8,0.8,0.8,24,False,18.0,Hot-Humid LDU Climate Station 2 (demo),731439,31.16,-90.1,30.98,-89.88
Hot-Humid,lower density urban,LDU,CBSA,11440,Hot-Humid LDU catchment 109 (demo),1964000,802800,7690.0,3229.8,0.81,0.81,0.81,0.81,18,False,29.5,Hot-Humid LDU Climate Station 3 (demo),731440,30.8,-89.74,30.62,-89.52
Hot-Humid,lower density urban,LDU,CBSA,11441,Hot-Humid LDU catchment 110 (demo),1988000,812600,7780.0,3267.6,0.82,0.82,0.82,0.82,12,False,41.0,Hot-Humid LDU Climate Station 4 (demo),731441,30.83,-89.77,30.65,-89.55
Hot-Humid,lower density urban,LDU,CBSA,11442,Hot-Humid LDU catchment 111 (demo),2012000,822400,7870.0,3305.4,0.83,0.83,0.83,0.83,6,False,52.5,Hot-Humid LDU Climate Station 5 (demo),731442,30.86,-89.8,30.68,-89.58
Hot-Humid,lower density urban,LDU,CBSA,11443,Hot-Humid LDU catchment 112 (demo),1508000,616600,5980.0,2511.6,0.62,0.62,0.62,0.62,147,False,64.0,Hot-Humid LDU Climate Station 6 (demo),731443,30.89,-89.83,30.71,-89.61
Hot-Humid,lower density urban,LDU,CBSA,11444,Hot-Humid LDU catchment 113 (demo),1532000,626400,6070.0,2549.4,0.63,0.63,0.63,0.63,140,False,75.5,Hot-Humid LDU Climate Station 7 (demo),731444,30.92,-89.86,30.74,-89.64
Hot-Humid,lower density urban,LDU,CBSA,11445,Hot-Humid LDU catchment 114 (demo),1556000,636200,6160.0,2587.2,0.64,0.64,0.64,0.64,133,False,87.0,Hot-Humid LDU Climate Station 1 (demo),731445,30.95,-89.89,30.77,-89.67
Hot-Humid,lower density urban,LDU,CBSA,11446,Hot-Humid LDU catchment 115 (demo),1580000,646000,6250.0,2625.0,0.65,0.65,0.65,0.65,126,False,98.5,Hot-Humid LDU Climate Station 2 (demo),731446,30.98,-89.92,30.8,-89.7
Hot-Humid,lower density urban,LDU,CBSA,11447,Hot-Humid LDU catchment 116 (demo),1604000,655800,6340.0,2662.8,0.66,0.66,0.66,0.66,119,False,110.0,Hot-Humid LDU Climate Station 3 (demo),731447,31.01,-89.95,30.83,-89.73
Hot-Humid,lower density urban,LDU,CBSA,11448,Hot-Humid LDU catchment 117 (demo),1628000,665600,6430.0,2700.6,0.67,0.67,0.67,0.67,112,False,18.0,Hot-Humid LDU Climate Station 4 (demo),731448,31.04,-89.98,30.86,-89.76
Hot-Humid,lower density urban,LDU,CBSA,11449,Hot-Humid LDU catchment 118 (demo),1651999,675399,6520.0,2738.4,0.68,0.68,0.68,0.68,105,False,29.5,Hot-Humid LDU Climate Station 5 (demo),731449,31.07,-90.01,30.89,-89.79
Hot-Humid,lower density urban,LDU,CBSA,11450,Hot-Humid LDU catchment 119 (demo),1675999,685200,6610.0,2776.2,0.69,0.69,0.69,0.69,98,False,41.0,Hot-Humid LDU Climate Station 6 (demo),731450,31.1,-90.04,30.92,-89.82
Hot-Humid,lower density urban,LDU,CBSA,11451,Hot-Humid LDU catchment 120 (demo),1700000,695000,6700.0,2814.0,0.7,0.7,0.7,0.7,91,False,52.5,Hot-Humid LDU Climate Station 7 (demo),731451,31.13,-90.07,30.95,-89.85
Hot-Humid,lower density urban,LDU,CBSA,11452,Hot-Humid LDU catchment 121 (demo),1724000,704800,6790.0,2851.8,0.71,0.71,0.71,0.71,84,False,64.0,Hot-Humid LDU Climate Station 1 (demo),731452,31.16,-90.1,30.98,-89.88
Hot-Humid,lower density urban,LDU,CBSA,11453,Hot-Humid LDU catchment 122 (demo),1748000,714600,6880.0,2889.6,0.72,0.72,0.72,0.72,77,False,75.5,Hot-Humid LDU Climate Station 2 (demo),731453,30.8,-89.74,30.62,-89.52
Hot-Humid,lower density urban,LDU,CBSA,11454,Hot-Humid LDU catchment 123 (demo),1772000,724400,6970.0,2927.4,0.73,0.73,0.73,0.73,70,False,87.0,Hot-Humid LDU Climate Station 3 (demo),731454,30.83,-89.77,30.65,-89.55
Hot-Humid,lower density urban,LDU,CBSA,11455,Hot-Humid LDU catchment 124 (demo),1796000,734200,7060.0,2965.2,0.74,0.74,0.74,0.74,63,False,98.5,Hot-Humid LDU Climate Station 4 (demo),731455,30.86,-89.8,30.68,-89.58
Hot-Humid,lower density urban,LDU,CBSA,11456,Hot-Humid LDU catchment 125 (demo),1820000,744000,7150.0,3003.0,0.75,0.75,0.75,0.75,56,False,110.0,Hot-Humid LDU Climate Station 5 (demo),731456,30.89,-89.83,30.71,-89.61
Hot-Humid,lower density urban,LDU,CBSA,11457,Hot-Humid LDU catchment 126 (demo),1844000,753800,7240.0,3040.8,0.76,0.76,0.76,0.76,49,False,18.0,Hot-Humid LDU Climate Station 6 (demo),731457,30.92,-89.86,30.74,-89.64
Hot-Humid,lower density urban,LDU,CBSA,11458,Hot-Humid LDU catchment 127 (demo),1868000,763600,7330.0,3078.6,0.77,0.77,0.77,0.77,43,False,29.5,Hot-Humid LDU Climate Station 7 (demo),731458,30.95,-89.89,30.77,-89.67
Hot-Humid,lower density urban,LDU,CBSA,11459,Hot-Humid LDU catchment 128 (demo),1892000,773400,7420.0,3116.4,0.78,0.78,0.78,0.78,37,False,41.0,Hot-Humid LDU Climate Station 1 (demo),731459,30.98,-89.92,30.8,-89.7
Hot-Humid,lower density urban,LDU,CBSA,11460,Hot-Humid LDU catchment 129 (demo),1916000,783200,7510.0,3154.2,0.79,0.79,0.79,0.79,31,False,52.5,Hot-Humid LDU Climate Station 2 (demo),731460,31.01,-89.95,30.83,-89.73
Hot-Humid,lower density urban,LDU,CBSA,11461,Hot-Humid LDU catchment 130 (demo),1940000,793000,7600.0,3192.0,0.8,0.8,0.8,0.8,25,False,64.0,Hot-Humid LDU Climate Station 3 (demo),731461,31.04,-89.98,30.86,-89.76
Hot-Humid,lower density urban,LDU,CBSA,11462,Hot-Humid LDU catchment 131 (demo),1964000,802800,7690.0,3229.8,0.81,0.81,0.81,0.81,19,False,75.5,Hot-Humid LDU Climate Station 4 (demo),731462,31.07,-90.01,30.89,-89.79
Hot-Humid,lower density urban,LDU,CBSA,11463,Hot-Humid LDU catchment 132 (demo),1988000,812600,7780.0,3267.6,0.82,0.82,0.82,0.82,13,False,87.0,Hot-Humid LDU Climate Station 5 (demo),731463,31.1,-90.04,30.92,-89.82
Hot-Humid,lower density urban,LDU,CBSA,11464,Hot-Humid LDU catchment 133 (demo),2012000,822400,7870.0,3305.4,0.83,0.83,0.83,0.83,7,False,98.5,Hot-Humid LDU Climate Station 6 (demo),731464,31.13,-90.07,30.95,-89.85
Hot-Humid,lower density urban,LDU,CBSA,11465,Hot-Humid LDU catchment 134 (demo),1508000,616600,5980.0,2511.6,0.62,0.62,0.62,0.62,148,False,110.0,Hot-Humid LDU Climate Station 7 (demo),731465,31.16,-90.1,30.98,-89.88
Hot-Humid,lower density urban,LDU,CBSA,11466,Hot-Humid LDU catchment 135 (demo),1532000,626400,6070.0,2549.4,0.63,0.63,0.63,0.63,141,False,18.0,Hot-Humid LDU Climate Station 1 (demo),731466,30.8,-89.74,30.62,-89.52
Hot-Humid,lower density urban,LDU,CBSA,11467,Hot-Humid LDU catchment 136 (demo),1556000,636200,6160.0,2587.2,0.64,0.64,0.64,0.64,134,False,29.5,Hot-Humid LDU Climate Station 2 (demo),731467,30.83,-89.77,30.65,-89.55
Hot-Humid,lower density urban,LDU,CBSA,11468,Hot-Humid LDU catchment 137 (demo),1580000,646000,6250.0,2625.0,0.65,0.65,0.65,0.65,127,False,41.0,Hot-Humid LDU Climate Station 3 (demo),731468,30.86,-89.8,30.68,-89.58
Hot-Humid,lower density urban,LDU,CBSA,11469,Hot-Humid LDU catchment 138 (demo),1604000,655800,6340.0,2662.8,0.66,0.66,0.66,0.66,120,False,52.5,Hot-Humid LDU Climate Station 4 (demo),731469,30.89,-89.83,30.71,-89.61
Hot-Humid,lower density urban,LDU,CBSA,11470,Hot-Humid LDU catchment 139 (demo),1628000,665600,6430.0,2700.6,0.67,0.67,0.67,0.67,113,False,64.0,Hot-Humid LDU Climate Station 5 (demo),731470,30.92,-89.86,30.74,-89.64
Hot-Humid,lower density urban,LDU,CBSA,11471,Hot-Humid LDU catchment 140 (demo),1651999,675399,6520.0,2738.4,0.68,0.68,0.68,0.68,106,False,75.5,Hot-Humid LDU Climate Station 6 (demo),731471,30.95,-89.89,30.77,-89.67
Hot-Humid,lower density urban,LDU,CBSA,11472,Hot-Humid LDU catchment 141 (demo),1675999,685200,6610.0,2776.2,0.69,0.69,0.69,0.69,99,False,87.0,Hot-Humid LDU Climate Station 7 (demo),731472,30.98,-89.92,30.8,-89.7
Hot-Humid,lower density urban,LDU,CBSA,11473,Hot-Humid LDU catchment 142 (demo),1700000,695000,6700.0,2814.0,0.7,0.7,0.7,0.7,92,False,98.5,Hot-Humid LDU Climate Station 1 (demo),731473,31.01,-89.95,30.83,-89.73
Hot-Humid,lower density urban,LDU,CBSA,11474,Hot-Humid LDU catchment 143 (demo),1724000,704800,6790.0,2851.8,0.71,0.71,0.71,0.71,85,False,110.0,Hot-Humid LDU Climate Station 2 (demo),731474,31.04,-89.98,30.86,-89.76
Hot-Humid,lower density urban,LDU,CBSA,11475,Hot-Humid LDU catchment 144 (demo),1748000,714600,6880.0,2889.6,0.72,0.72,0.72,0.72,78,False,18.0,Hot-Humid LDU Climate Station 3 (demo),731475,31.07,-90.01,30.89,-89.79
Hot-Humid,lower density urban,LDU,CBSA,11476,Hot-Humid LDU catchment 145 (demo),1772000,724400,6970.0,2927.4,0.73,0.73,0.73,0.73,71,False,29.5,Hot-Humid LDU Climate Station 4 (demo),731476,31.1,-90.04,30.92,-89.82
Hot-Humid,lower density urban,LDU,CBSA,11477,Hot-Humid LDU catchment 146 (demo),1796000,734200,7060.0,2965.2,0.74,0.74,0.74,0.74,64,False,41.0,Hot-Humid LDU Climate Station 5 (demo),731477,31.13,-90.07,30.95,-89.85
Hot-Humid,lower density urban,LDU,CBSA,11478,Hot-Humid LDU catchment 147 (demo),1820000,744000,7150.0,3003.0,0.75,0.75,0.75,0.75,57,False,52.5,Hot-Humid LDU Climate Station 6 (demo),731478,31.16,-90.1,30.98,-89.88
Hot-Humid,lower density urban,LDU,CBSA,11479,Hot-Humid LDU catchment 148 (demo),1844000,753800,7240.0,3040.8,0.76,0.76,0.76,0.76,50,False,64.0,Hot-Humid LDU Climate Station 7 (demo),731479,30.8,-89.74,30.62,-89.52
Hot-Humid,suburban/small town,Suburban,CBSA,11480,Hot-Humid Suburban catchment 1 (demo),2180000,891000,8500.0,3570.0,0.9,0.9,0.9,0.9,1,True,75.5,Hot-Humid Suburban Climate Station 1 (demo),731480,29.73,-89.47,29.55,-89.25
Hot-Humid,suburban/small town,Suburban,CBSA,11481,Hot-Humid Suburban catchment 2 (demo),1508000,616600,5980.0,2511.6,0.62,0.62,0.62,0.62,142,False,87.0,Hot-Humid Suburban Climate Station 2 (demo),731481,29.76,-89.5,29.58,-89.28
Hot-Humid,suburban/small town,Suburban,CBSA,11482,Hot-Humid Suburban catchment 3 (demo),1532000,626400,6070.0,2549.4,0.63,0.63,0.63,0.63,135,False,98.5,Hot-Humid Suburban Climate Station 3 (demo),731482,29.79,-89.53,29.61,-89.31
Hot-Humid,suburban/small town,Suburban,CBSA,11483,Hot-Humid Suburban catchment 4 (demo),1556000,636200,6160.0,2587.2,0.64,0.64,0.64,0.64,128,False,110.0,Hot-Humid Suburban Climate Station 4 (demo),731483,29.82,-89.56,29.64,-89.34
Hot-Humid,suburban/small town,Suburban,CBSA,11484,Hot-Humid Suburban catchment 5 (demo),1580000,646000,6250.0,2625.0,0.65,0.65,0.65,0.65,121,False,18.0,Hot-Humid Suburban Climate Station 5 (demo),731484,29.85,-89.59,29.67,-89.37
Hot-Humid,suburban/small town,Suburban,CBSA,11485,Hot-Humid Suburban catchment 6 (demo),1604000,655800,6340.0,2662.8,0.66,0.66,0.66,0.66,114,False,29.5,Hot-Humid Suburban Climate Station 6 (demo),731485,29.88,-89.62,29.7,-89.4
Hot-Humid,suburban/small town,Suburban,CBSA,11486,Hot-Humid Suburban catchment 7 (demo),1628000,665600,6430.0,2700.6,0.67,0.67,0.67,0.67,107,False,41.0,Hot-Humid Suburban Climate Station 7 (demo),731486,29.91,-89.65,29.73,-89.43
Hot-Humid,suburban/small town,Suburban,CBSA,11487,Hot-Humid Suburban catchment 8 (demo),1651999,675399,6520.0,2738.4,0.68,0.68,0.68,0.68,100,False,52.5,Hot-Humid Suburban Climate Station 1 (demo),731487,29.94,-89.68,29.76,-89.46
Hot-Humid,suburban/small town,Suburban,CBSA,11488,Hot-Humid Suburban catchment 9 (demo),1675999,685200,6610.0,2776.2,0.69,0.69,0.69,0.69,93,False,64.0,Hot-Humid Suburban Climate Station 2 (demo),731488,29.97,-89.71,29.79,-89.49
Hot-Humid,suburban/small town,Suburban,CBSA,11489,Hot-Humid Suburban catchment 10 (demo),1700000,695000,6700.0,2814.0,0.7,0.7,0.7,0.7,86,False,75.5,Hot-Humid Suburban Climate Station 3 (demo),731489,30.0,-89.74,29.82,-89.52
Hot-Humid,suburban/small town,Suburban,CBSA,11490,Hot-Humid Suburban catchment 11 (demo),1724000,704800,6790.0,2851.8,0.71,0.71,0.71,0.71,79,False,87.0,Hot-Humid Suburban Climate Station 4 (demo),731490,30.03,-89.77,29.85,-89.55
Hot-Humid,suburban/small town,Suburban,CBSA,11491,Hot-Humid Suburban catchment 12 (demo),1748000,714600,6880.0,2889.6,0.72,0.72,0.72,0.72,72,False,98.5,Hot-Humid Suburban Climate Station 5 (demo),731491,30.06,-89.8,29.88,-89.58
Hot-Humid,suburban/small town,Suburban,CBSA,11492,Hot-Humid Suburban catchment 13 (demo),1772000,724400,6970.0,2927.4,0.73,0.73,0.73,0.73,65,False,110.0,Hot-Humid Suburban Climate Station 6 (demo),731492,29.7,-89.44,29.52,-89.22
Hot-Humid,suburban/small town,Suburban,CBSA,11493,Hot-Humid Suburban catchment 14 (demo),1796000,734200,7060.0,2965.2,0.74,0.74,0.74,0.74,58,False,18.0,Hot-Humid Suburban Climate Station 7 (demo),731493,29.73,-89.47,29.55,-89.25
Hot-Humid,suburban/small town,Suburban,CBSA,11494,Hot-Humid Suburban catchment 15 (demo),1820000,744000,7150.0,3003.0,0.75,0.75,0.75,0.75,51,False,29.5,Hot-Humid Suburban Climate Station 1 (demo),731494,29.76,-89.5,29.58,-89.28
Hot-Humid,suburban/small town,Suburban,CBSA,11495,Hot-Humid Suburban catchment 16 (demo),1844000,753800,7240.0,3040.8,0.76,0.76,0.76,0.76,44,False,41.0,Hot-Humid Suburban Climate Station 2 (demo),731495,29.79,-89.53,29.61,-89.31
Hot-Humid,suburban/small town,Suburban,CBSA,11496,Hot-Humid Suburban catchment 17 (demo),1868000,763600,7330.0,3078.6,0.77,0.77,0.77,0.77,38,False,52.5,Hot-Humid Suburban Climate Station 3 (demo),731496,29.82,-89.56,29.64,-89.34
Hot-Humid,suburban/small town,Suburban,CBSA,11497,Hot-Humid Suburban catchment 18 (demo),1892000,773400,7420.0,3116.4,0.78,0.78,0.78,0.78,32,False,64.0,Hot-Humid Suburban Climate Station 4 (demo),731497,29.85,-89.59,29.67,-89.37
Hot-Humid,suburban/small town,Suburban,CBSA,11498,Hot-Humid Suburban catchment 19 (demo),1916000,783200,7510.0,3154.2,0.79,0.79,0.79,0.79,26,False,75.5,Hot-Humid Suburban Climate Station 5 (demo),731498,29.88,-89.62,29.7,-89.4
Hot-Humid,suburban/small town,Suburban,CBSA,11499,Hot-Humid Suburban catchment 20 (demo),1940000,793000,7600.0,3192.0,0.8,0.8,0.8,0.8,20,False,87.0,Hot-Humid Suburban Climate Station 6 (demo),731499,29.91,-89.65,29.73,-89.43
Hot-Humid,suburban/small town,Suburban,CBSA,11500,Hot-Humid Suburban catchment 21 (demo),1964000,802800,7690.0,3229.8,0.81,0.81,0.81,0.81,14,False,98.5,Hot-Humid Suburban Climate Station 7 (demo),731500,29.94,-89.68,29.76,-89.46
Hot-Humid,suburban/small town,Suburban,CBSA,11501,Hot-Humid Suburban catchment 22 (demo),1988000,812600,7780.0,3267.6,0.82,0.82,0.82,0.82,8,False,110.0,Hot-Humid Suburban Climate Station 1 (demo),731501,29.97,-89.71,29.79,-89.49
Hot-Humid,suburban/small town,Suburban,CBSA,11502,Hot-Humid Suburban catchment 23 (demo),2012000,822400,7870.0,3305.4,0.83,0.83,0.83,0.83,2,False,18.0,Hot-Humid Suburban Climate Station 2 (demo),731502,30.0,-89.74,29.82,-89.52
Hot-Humid,suburban/small town,Suburban,CBSA,11503,Hot-Humid Suburban catchment 24 (demo),1508000,616600,5980.0,2511.6,0.62,0.62,0.62,0.62,143,False,29.5,Hot-Humid Suburban Climate Station 3 (demo),731503,30.03,-89.77,29.85,-89.55
Hot-Humid,suburban/small town,Suburban,CBSA,11504,Hot-Humid Suburban catchment 25 (demo),1532000,626400,6070.0,2549.4,0.63,0.63,0.63,0.63,136,False,41.0,Hot-Humid Suburban Climate Station 4 (demo),731504,30.06,-89.8,29.88,-89.58
Hot-Humid,suburban/small town,Suburban,CBSA,11505,Hot-Humid Suburban catchment 26 (demo),1556000,636200,6160.0,2587.2,0.64,0.64,0.64,0.64,129,False,52.5,Hot-Humid Suburban Climate Station 5 (demo),731505,29.7,-89.44,29.52,-89.22
Hot-Humid,suburban/small town,Suburban,CBSA,11506,Hot-Humid Suburban catchment 27 (demo),1580000,646000,6250.0,2625.0,0.65,0.65,0.65,0.65,122,False,64.0,Hot-Humid Suburban Climate Station 6 (demo),731506,29.73,-89.47,29.55,-89.25
Hot-Humid,suburban/small town,Suburban,CBSA,11507,Hot-Humid Suburban catchment 28 (demo),1604000,655800,6340.0,2662.8,0.66,0.66,0.66,0.66,115,False,75.5,Hot-Humid Suburban Climate Station 7 (demo),731507,29.76,-89.5,29.58,-89.28
Hot-Humid,suburban/small town,Suburban,CBSA,11508,Hot-Humid Suburban catchment 29 (demo),1628000,665600,6430.0,2700.6,0.67,0.67,0.67,0.67,108,False,87.0,Hot-Humid Suburban Climate Station 1 (demo),731508,29.79,-89.53,29.61,-89.31
Hot-Humid,suburban/small town,Suburban,CBSA,11509,Hot-Humid Suburban catchment 30 (demo),1651999,675399,6520.0,2738.4,0.68,0.68,0.68,0.68,101,False,98.5,Hot-Humid Suburban Climate Station 2 (demo),731509,29.82,-89.56,29.64,-89.34
Hot-Humid,suburban/small town,Suburban,CBSA,11510,Hot-Humid Suburban catchment 31 (demo),1675999,685200,6610.0,2776.2,0.69,0.69,0.69,0.69,94,False,110.0,Hot-Humid Suburban Climate Station 3 (demo),731510,29.85,-89.59,29.67,-89.37
Hot-Humid,suburban/small town,Suburban,CBSA,11511,Hot-Humid Suburban catchment 32 (demo),1700000,695000,6700.0,2814.0,0.7,0.7,0.7,0.7,87,False,18.0,Hot-Humid Suburban Climate Station 4 (demo),731511,29.88,-89.62,29.7,-89.4
Hot-Humid,suburban/small town,Suburban,CBSA,11512,Hot-Humid Suburban catchment 33 (demo),1724000,704800,6790.0,2851.8,0.71,0.71,0.71,0.71,80,False,29.5,Hot-Humid Suburban Climate Station 5 (demo),731512,29.91,-89.65,29.73,-89.43
Hot-Humid,suburban/small town,Suburban,CBSA,11513,Hot-Humid Suburban catchment 34 (demo),1748000,714600,6880.0,2889.6,0.72,0.72,0.72,0.72,73,False,41.0,Hot-Humid Suburban Climate Station 6 (demo),731513,29.94,-89.68,29.76,-89.46
Hot-Humid,suburban/small town,Suburban,CBSA,11514,Hot-Humid Suburban catchment 35 (demo),1772000,724400,6970.0,2927.4,0.73,0.73,0.73,0.73,66,False,52.5,Hot-Humid Suburban Climate Station 7 (demo),731514,29.97,-89.71,29.79,-89.49
Hot-Humid,suburban/small town,Suburban,CBSA,11515,Hot-Humid Suburban catchment 36 (demo),1796000,734200,7060.0,2965.2,0.74,0.74,0.74,0.74,59,False,64.0,Hot-Humid Suburban Climate Station 1 (demo),731515,30.0,-89.74,29.82,-89.52
Hot-Humid,suburban/small town,Suburban,CBSA,11516,Hot-Humid Suburban catchment 37 (demo),1820000,744000,7150.0,3003.0,0.75,0.75,0.75,0.75,52,False,75.5,Hot-Humid Suburban Climate Station 2 (demo),731516,30.03,-89.77,29.85,-89.55
Hot-Humid,suburban/small town,Suburban,CBSA,11517,Hot-Humid Suburban catchment 38 (demo),1844000,753800,7240.0,3040.8,0.76,0.76,0.76,0.76,45,False,87.0,Hot-Humid Suburban Climate Station 3 (demo),731517,30.06,-89.8,29.88,-89.58
Hot-Humid,suburban/small town,Suburban,CBSA,11518,Hot-Humid Suburban catchment 39 (demo),1868000,763600,7330.0,3078.6,0.77,0.77,0.77,0.77,39,False,98.5,Hot-Humid Suburban Climate Station 4 (demo),731518,29.7,-89.44,29.52,-89.22
Hot-Humid,suburban/small town,Suburban,CBSA,11519,Hot-Humid Suburban catchment 40 (demo),1892000,773400,7420.0,3116.4,0.78,0.78,0.78,0.78,33,False,110.0,Hot-Humid Suburban Climate Station 5 (demo),731519,29.73,-89.47,29.55,-89.25
Hot-Humid,suburban/small town,Suburban,CBSA,11520,Hot-Humid Suburban catchment 41 (demo),1916000,783200,7510.0,3154.2,0.79,0.79,0.79,0.79,27,False,18.0,Hot-Humid Suburban Climate Station 6 (demo),731520,29.76,-89.5,29.58,-89.28
Hot-Humid,suburban/small town,Suburban,CBSA,11521,Hot-Humid Suburban catchment 42 (demo),1940000,793000,7600.0,3192.0,0.8,0.8,0.8,0.8,21,False,29.5,Hot-Humid Suburban Climate Station 7 (demo),731521,29.79,-89.53,29.61,-89.31
Hot-Humid,suburban/small town,Suburban,CBSA,11522,Hot-Humid Suburban catchment 43 (demo),1964000,802800,7690.0,3229.8,0.81,0.81,0.81,0.81,15,False,41.0,Hot-Humid Suburban Climate Station 1 (demo),731522,29.82,-89.56,29.64,-89.34
Hot-Humid,suburban/small town,Suburban,CBSA,11523,Hot-Humid Suburban catchment 44 (demo),1988000,812600,7780.0,3267.6,0.82,0.82,0.82,0.82,9,False,52.5,Hot-Humid Suburban Climate Station 2 (demo),731523,29.85,-89.59,29.67,-89.37
Hot-Humid,suburban/small town,Suburban,CBSA,11524,Hot-Humid Suburban catchment 45 (demo),2012000,822400,7870.0,3305.4,0.83,0.83,0.83,0.83,3,False,64.0,Hot-Humid Suburban Climate Station 3 (demo),731524,29.88,-89.62,29.7,-89.4
Hot-Humid,suburban/small town,Suburban,CBSA,11525,Hot-Humid Suburban catchment 46 (demo),1508000,616600,5980.0,2511.6,0.62,0.62,0.62,0.62,144,False,75.5,Hot-Humid Suburban Climate Station 4 (demo),731525,29.91,-89.65,29.73,-89.43
Hot-Humid,suburban/small town,Suburban,CBSA,11526,Hot-Humid Suburban catchment 47 (demo),1532000,626400,6070.0,2549.4,0.63,0.63,0.63,0.63,137,False,87.0,Hot-Humid Suburban Climate Station 5 (demo),731526,29.94,-89.68,29.76,-89.46
Hot-Humid,suburban/small town,Suburban,CBSA,11527,Hot-Humid Suburban catchment 48 (demo),1556000,636200,6160.0,2587.2,0.64,0.64,0.64,0.64,130,False,98.5,Hot-Humid Suburban Climate Station 6 (demo),731527,29.97,-89.71,29.79,-89.49
Hot-Humid,suburban/small town,Suburban,CBSA,11528,Hot-Humid Suburban catchment 49 (demo),1580000,646000,6250.0,2625.0,0.65,0.65,0.65,0.65,123,False,110.0,Hot-Humid Suburban Climate Station 7 (demo),731528,30.0,-89.74,29.82,-89.52
Hot-Humid,suburban/small town,Suburban,CBSA,11529,Hot-Humid Suburban catchment 50 (demo),1604000,655800,6340.0,2662.8,0.66,0.66,0.66,0.66,116,False,18.0,Hot-Humid Suburban Climate Station 1 (demo),731529,30.03,-89.77,29.85,-89.55
Hot-Humid,suburban/small town,Suburban,CBSA,11530,Hot-Humid Suburban catchment 51 (demo),1628000,665600,6430.0,2700.6,0.67,0.67,0.67,0.67,109,False,29.5,Hot-Humid Suburban Climate Station 2 (demo),731530,30.06,-89.8,29.88,-89.58
Hot-Humid,suburban/small town,Suburban,CBSA,11531,Hot-Humid Suburban catchment 52 (demo),1651999,675399,6520.0,2738.4,0.68,0.68,0.68,0.68,102,False,41.0,Hot-Humid Suburban Climate Station 3 (demo),731531,29.7,-89.44,29.52,-89.22
Hot-Humid,suburban/small town,Suburban,CBSA,11532,Hot-Humid Suburban catchment 53 (demo),1675999,685200,6610.0,2776.2,0.69,0.69,0.69,0.69,95,False,52.5,Hot-Humid Suburban Climate Station 4 (demo),731532,29.73,-89.47,29.55,-89.25
Hot-Humid,suburban/small town,Suburban,CBSA,11533,Hot-Humid Suburban catchment 54 (demo),1700000,695000,6700.0,2814.0,0.7,0.7,0.7,0.7,88,False,64.0,Hot-Humid Suburban Climate Station 5 (demo),731533,29.76,-89.5,29.58,-89.28
Hot-Humid,suburban/small town,Suburban,CBSA,11534,Hot-Humid Suburban catchment 55 (demo),1724000,704800,6790.0,2851.8,0.71,0.71,0.71,0.71,81,False,75.5,Hot-Humid Suburban Climate Station 6 (demo),731534,29.79,-89.53,29.61,-89.31
Hot-Humid,suburban/small town,Suburban,CBSA,11535,Hot-Humid Suburban catchment 56 (demo),1748000,714600,6880.0,2889.6,0.72,0.72,0.72,0.72,74,False,87.0,Hot-Humid Suburban Climate Station 7 (demo),731535,29.82,-89.56,29.64,-89.34
Hot-Humid,suburban/small town,Suburban,CBSA,11536,Hot-Humid Suburban catchment 57 (demo),1772000,724400,6970.0,2927.4,0.73,0.73,0.73,0.73,67,False,98.5,Hot-Humid Suburban Climate Station 1 (demo),731536,29.85,-89.59,29.67,-89.37
Hot-Humid,suburban/small town,Suburban,CBSA,11537,Hot-Humid Suburban catchment 58 (demo),1796000,734200,7060.0,2965.2,0.74,0.74,0.74,0.74,60,False,110.0,Hot-Humid Suburban Climate Station 2 (demo),731537,29.88,-89.62,29.7,-89.4
Hot-Humid,suburban/small town,Suburban,CBSA,11538,Hot-Humid Suburban catchment 59 (demo),1820000,744000,7150.0,3003.0,0.75,0.75,0.75,0.75,53,False,18.0,Hot-Humid Suburban Climate Station 3 (demo),731538,29.91,-89.65,29.73,-89.43
Hot-Humid,suburban/small town,Suburban,CBSA,11539,Hot-Humid Suburban catchment 60 (demo),1844000,753800,7240.0,3040.8,0.76,0.76,0.76,0.76,46,False,29.5,Hot-Humid Suburban Climate Station 4 (demo),731539,29.94,-89.68,29.76,-89.46
Hot-Humid,suburban/small town,Suburban,CBSA,11540,Hot-Humid Suburban catchment 61 (demo),1868000,763600,7330.0,3078.6,0.77,0.77,0.77,0.77,40,False,41.0,Hot-Humid Suburban Climate Station 5 (demo),731540,29.97,-89.71,29.79,-89.49
Hot-Humid,suburban/small town,Suburban,CBSA,11541,Hot-Humid Suburban catchment 62 (demo),1892000,773400,7420.0,3116.4,0.78,0.78,0.78,0.78,34,False,52.5,Hot-Humid Suburban Climate Station 6 (demo),731541,30.0,-89.74,29.82,-89.52
Hot-Humid,suburban/small town,Suburban,CBSA,11542,Hot-Humid Suburban catchment 63 (demo),1916000,783200,7510.0,3154.2,0.79,0.79,0.79,0.79,28,False,64.0,Hot-Humid Suburban Climate Station 7 (demo),731542,30.03,-89.77,29.85,-89.55
Hot-Humid,suburban/small town,Suburban,CBSA,11543,Hot-Humid Suburban catchment 64 (demo),1940000,793000,7600.0,3192.0,0.8,0.8,0.8,0.8,22,False,75.5,Hot-Humid Suburban Climate Station 1 (demo),731543,30.06,-89.8,29.88,-89.58
Hot-Humid,suburban/small town,Suburban,CBSA,11544,Hot-Humid Suburban catchment 65 (demo),1964000,802800,7690.0,3229.8,0.81,0.81,0.81,0.81,16,False,87.0,Hot-Humid Suburban Climate Station 2 (demo),731544,29.7,-89.44,29.52,-89.22
Hot-Humid,suburban/small town,Suburban,CBSA,11545,Hot-Humid Suburban catchment 66 (demo),1988000,812600,7780.0,3267.6,0.82,0.82,0.82,0.82,10,False,98.5,Hot-Humid Suburban Climate Station 3 (demo),731545,29.73,-89.47,29.55,-89.25
Hot-Humid,suburban/small town,Suburban,CBSA,11546,Hot-Humid Suburban catchment 67 (demo),2012000,822400,7870.0,3305.4,0.83,0.83,0.83,0.83,4,False,110.0,Hot-Humid Suburban Climate Station 4 (demo),731546,29.76,-89.5,29.58,-89.28
Hot-Humid,suburban/small town,Suburban,CBSA,11547,Hot-Humid Suburban catchment 68 (demo),1508000,616600,5980.0,2511.6,0.62,0.62,0.62,0.62,145,False,18.0,Hot-Humid Suburban Climate Station 5 (demo),731547,29.79,-89.53,29.61,-89.31
Hot-Humid,suburban/small town,Suburban,CBSA,11548,Hot-Humid Suburban catchment 69 (demo),1532000,626400,6070.0,2549.4,0.63,0.63,0.63,0.63,138,False,29.5,Hot-Humid Suburban Climate Station 6 (demo),731548,29.82,-89.56,29.64,-89.34
Hot-Humid,suburban/small town,Suburban,CBSA,11549,Hot-Humid Suburban catchment 70 (demo),1556000,636200,6160.0,2587.2,0.64,0.64,0.64,0.64,131,False,41.0,Hot-Humid Suburban Climate Station 7 (demo),731549,29.85,-89.59,29.67,-89.37
Hot-Humid,suburban/small town,Suburban,CBSA,11550,Hot-Humid Suburban catchment 71 (demo),1580000,646000,6250.0,2625.0,0.65,0.65,0.65,0.65,124,False,52.5,Hot-Humid Suburban Climate Station 1 (demo),731550,29.88,-89.62,29.7,-89.4
Hot-Humid,suburban/small town,Suburban,CBSA,11551,Hot-Humid Suburban catchment 72 (demo),1604000,655800,6340.0,2662.8,0.66,0.66,0.66,0.66,117,False,64.0,Hot-Humid Suburban Climate Station 2 (demo),731551,29.91,-89.65,29.73,-89.43
Hot-Humid,suburban/small town,Suburban,CBSA,11552,Hot-Humid Suburban catchment 73 (demo),1628000,665600,6430.0,2700.6,0.67,0.67,0.67,0.67,110,False,75.5,Hot-Humid Suburban Climate Station 3 (demo),731552,29.94,-89.68,29.76,-89.46
Hot-Humid,suburban/small town,Suburban,CBSA,11553,Hot-Humid Suburban catchment 74 (demo),1651999,675399,6520.0,2738.4,0.68,0.68,0.68,0.68,103,False,87.0,Hot-Humid Suburban Climate Station 4 (demo),731553,29.97,-89.71,29.79,-89.49
Hot-Humid,suburban/small town,Suburban,CBSA,11554,Hot-Humid Suburban catchment 75 (demo),1675999,685200,6610.0,2776.2,0.69,0.69,0.69,0.69,96,False,98.5,Hot-Humid Suburban Climate Station 5 (demo),731554,30.0,-89.74,29.82,-89.52
Hot-Humid,suburban/small town,Suburban,CBSA,11555,Hot-Humid Suburban catchment 76 (demo),1700000,695000,6700.0,2814.0,0.7,0.7,0.7,0.7,89,False,110.0,Hot-Humid Suburban Climate Station 6 (demo),731555,30.03,-89.77,29.85,-89.55
Hot-Humid,suburban/small town,Suburban,CBSA,11556,Hot-Humid Suburban catchment 77 (demo),1724000,704800,6790.0,2851.8,0.71,0.71,0.71,0.71,82,False,18.0,Hot-Humid Suburban Climate Station 7 (demo),731556,30.06,-89.8,29.88,-89.58
Hot-Humid,suburban/small town,Suburban,CBSA,11557,Hot-Humid Suburban catchment 78 (demo),1748000,714600,6880.0,2889.6,0.72,0.72,0.72,0.72,75,False,29.5,Hot-Humid Suburban Climate Station 1 (demo),731557,29.7,-89.44,29.52,-89.22
Hot-Humid,suburban/small town,Suburban,CBSA,11558,Hot-Humid Suburban catchment 79 (demo),1772000,724400,6970.0,2927.4,0.73,0.73,0.73,0.73,68,False,41.0,Hot-Humid Suburban Climate Station 2 (demo),731558,29.73,-89.47,29.55,-89.25
Hot-Humid,suburban/small town,Suburban,CBSA,11559,Hot-Humid Suburban catchment 80 (demo),1796000,734200,7060.0,2965.2,0.74,0.74,0.74,0.74,61,False,52.5,Hot-Humid Suburban Climate Station 3 (demo),731559,29.76,-89.5,29.58,-89.28
Hot-Humid,suburban/small town,Suburban,CBSA,11560,Hot-Humid Suburban catchment 81 (demo),1820000,744000,7150.0,3003.0,0.75,0.75,0.75,0.75,54,False,64.0,Hot-Humid Suburban Climate Station 4 (demo),731560,29.79,-89.53,29.61,-89.31
Hot-Humid,suburban/small town,Suburban,CBSA,11561,Hot-Humid Suburban catchment 82 (demo),1844000,753800,7240.0,3040.8,0.76,0.76,0.76,0.76,47,False,75.5,Hot-Humid Suburban Climate Station 5 (demo),731561,29.82,-89.56,29.64,-89.34
Hot-Humid,suburban/small town,Suburban,CBSA,11562,Hot-Humid Suburban catchment 83 (demo),1868000,763600,7330.0,3078.6,0.77,0.77,0.77,0.77,41,False,87.0,Hot-Humid Suburban Climate Station 6 (demo),731562,29.85,-89.59,29.67,-89.37
Hot-Humid,suburban/small town,Suburban,CBSA,11563,Hot-Humid Suburban catchment 84 (demo),1892000,773400,7420.0,3116.4,0.78,0.78,0.78,0.78,35,False,98.5,Hot-Humid Suburban Climate Station 7 (demo),731563,29.88,-89.62,29.7,-89.4
Hot-Humid,suburban/small town,Suburban,CBSA,11564,Hot-Humid Suburban catchment 85 (demo),1916000,783200,7510.0,3154.2,0.79,0.79,0.79,0.79,29,False,110.0,Hot-Humid Suburban Climate Station 1 (demo),731564,29.91,-89.65,29.73,-89.43
Hot-Humid,suburban/small town,Suburban,CBSA,11565,Hot-Humid Suburban catchment 86 (demo),1940000,793000,7600.0,3192.0,0.8,0.8,0.8,0.8,23,False,18.0,Hot-Humid Suburban Climate Station 2 (demo),731565,29.94,-89.68,29.76,-89.46
Hot-Humid,suburban/small town,Suburban,CBSA,11566,Hot-Humid Suburban catchment 87 (demo),1964000,802800,7690.0,3229.8,0.81,0.81,0.81,0.81,17,False,29.5,Hot-Humid Suburban Climate Station 3 (demo),731566,29.97,-89.71,29.79,-89.49
Hot-Humid,suburban/small town,Suburban,CBSA,11567,Hot-Humid Suburban catchment 88 (demo),1988000,812600,7780.0,3267.6,0.82,0.82,0.82,0.82,11,False,41.0,Hot-Humid Suburban Climate Station 4 (demo),731567,30.0,-89.74,29.82,-89.52
Hot-Humid,suburban/small town,Suburban,CBSA,11568,Hot-Humid Suburban catchment 89 (demo),2012000,822400,7870.0,3305.4,0.83,0.83,0.83,0.83,5,False,52.5,Hot-Humid Suburban Climate Station 5 (demo),731568,30.03,-89.77,29.85,-89.55
Hot-Humid,suburban/small town,Suburban,CBSA,11569,Hot-Humid Suburban catchment 90 (demo),1508000,616600,5980.0,2511.6,0.62,0.62,0.62,0.62,146,False,64.0,Hot-Humid Suburban Climate Station 6 (demo),731569,30.06,-89.8,29.88,-89.58
Hot-Humid,suburban/small town,Suburban,CBSA,11570,Hot-Humid Suburban catchment 91 (demo),1532000,626400,6070.0,2549.4,0.63,0.63,0.63,0.63,139,False,75.5,Hot-Humid Suburban Climate Station 7 (demo),731570,29.7,-89.44,29.52,-89.22
Hot-Humid,suburban/small town,Suburban,CBSA,11571,Hot-Humid Suburban catchment 92 (demo),1556000,636200,6160.0,2587.2,0.64,0.64,0.64,0.64,132,False,87.0,Hot-Humid Suburban Climate Station 1 (demo),731571,29.73,-89.47,29.55,-89.25
Hot-Humid,suburban/small town,Suburban,CBSA,11572,Hot-Humid Suburban catchment 93 (demo),1580000,646000,6250.0,2625.0,0.65,0.65,0.65,0.65,125,False,98.5,Hot-Humid Suburban Climate Station 2 (demo),731572,29.76,-89.5,29.58,-89.28
Hot-Humid,suburban/small town,Suburban,CBSA,11573,Hot-Humid Suburban catchment 94 (demo),1604000,655800,6340.0,2662.8,0.66,0.66,0.66,0.66,118,False,110.0,Hot-Humid Suburban Climate Station 3 (demo),731573,29.79,-89.53,29.61,-89.31
Hot-Humid,suburban/small town,Suburban,CBSA,11574,Hot-Humid Suburban catchment 95 (demo),1628000,665600,6430.0,2700.6,0.67,0.67,0.67,0.67,111,False,18.0,Hot-Humid Suburban Climate Station 4 (demo),731574,29.82,-89.56,29.64,-89.34
Hot-Humid,suburban/small town,Suburban,CBSA,11575,Hot-Humid Suburban catchment 96 (demo),1651999,675399,6520.0,2738.4,0.68,0.68,0.68,0.68,104,False,29.5,Hot-Humid Suburban Climate Station 5 (demo),731575,29.85,-89.59,29.67,-89.37
Hot-Humid,suburban/small town,Suburban,CBSA,11576,Hot-Humid Suburban catchment 97 (demo),1675999,685200,6610.0,2776.2,0.69,0.69,0.69,0.69,97,False,41.0,Hot-Humid Suburban Climate Station 6 (demo),731576,29.88,-89.62,29.7,-89.4
Hot-Humid,suburban/small town,Suburban,CBSA,11577,Hot-Humid Suburban catchment 98 (demo),1700000,695000,6700.0,2814.0,0.7,0.7,0.7,0.7,90,False,52.5,Hot-Humid Suburban Climate Station 7 (demo),731577,29.91,-89.65,29.73,-89.43
Hot-Humid,suburban/small town,Suburban,CBSA,11578,Hot-Humid Suburban catchment 99 (demo),1724000,704800,6790.0,2851.8,0.71,0.71,0.71,0.71,83,False,64.0,Hot-Humid Suburban Climate Station 1 (demo),731578,29.94,-89.68,29.76,-89.46
Hot-Humid,suburban/small town,Suburban,CBSA,11579,Hot-Humid Suburban catchment 100 (demo),1748000,714600,6880.0,2889.6,0.72,0.72,0.72,0.72,76,False,75.5,Hot-Humid Suburban Climate Station 2 (demo),731579,29.97,-89.71,29.79,-89.49
Hot-Humid,suburban/small town,Suburban,CBSA,11580,Hot-Humid Suburban catchment 101 (demo),1772000,724400,6970.0,2927.4,0.73,0.73,0.73,0.73,69,False,87.0,Hot-Humid Suburban Climate Station 3 (demo),731580,30.0,-89.74,29.82,-89.52
Hot-Humid,suburban/small town,Suburban,CBSA,11581,Hot-Humid Suburban catchment 102 (demo),1796000,734200,7060.0,2965.2,0.74,0.74,0.74,0.74,62,False,98.5,Hot-Humid Suburban Climate Station 4 (demo),731581,30.03,-89.77,29.85,-89.55
Hot-Humid,suburban/small town,Suburban,CBSA,11582,Hot-Humid Suburban catchment 103 (demo),1820000,744000,7150.0,3003.0,0.75,0.75,0.75,0.75,55,False,110.0,Hot-Humid Suburban Climate Station 5 (demo),731582,30.06,-89.8,29.88,-89.58
Hot-Humid,suburban/small town,Suburban,CBSA,11583,Hot-Humid Suburban catchment 104 (demo),1844000,753800,7240.0,3040.8,0.76,0.76,0.76,0.76,48,False,18.0,Hot-Humid Suburban Climate Station 6 (demo),731583,29.7,-89.44,29.52,-89.22
Hot-Humid,suburban/small town,Suburban,CBSA,11584,Hot-Humid Suburban catchment 105 (demo),1868000,763600,7330.0,3078.6,0.77,0.77,0.77,0.77,42,False,29.5,Hot-Humid Suburban Climate Station 7 (demo),731584,29.73,-89.47,29.55,-89.25
Hot-Humid,suburban/small town,Suburban,CBSA,11585,Hot-Humid Suburban catchment 106 (demo),1892000,773400,7420.0,3116.4,0.78,0.78,0.78,0.78,36,False,41.0,Hot-Humid Suburban Climate Station 1 (demo),731585,29.76,-89.5,29.58,-89.28
Hot-Humid,suburban/small town,Suburban,CBSA,11586,Hot-Humid Suburban catchment 107 (demo),1916000,783200,7510.0,3154.2,0.79,0.79,0.79,0.79,30,False,52.5,Hot-Humid Suburban Climate Station 2 (demo),731586,29.79,-89.53,29.61,-89.31
Hot-Humid,suburban/small town,Suburban,CBSA,11587,Hot-Humid Suburban catchment 108 (demo),1940000,793000,7600.0,3192.0,0.8,0.8,0.8,0.8,24,False,64.0,Hot-Humid Suburban Climate Station 3 (demo),731587,29.82,-89.56,29.64,-89.34
Hot-Humid,suburban/small town,Suburban,CBSA,11588,Hot-Humid Suburban catchment 109 (demo),1964000,802800,7690.0,3229.8,0.81,0.81,0.81,0.81,18,False,75.5,Hot-Humid Suburban Climate Station 4 (demo),731588,29.85,-89.59,29.67,-89.37
Hot-Humid,suburban/small town,Suburban,CBSA,11589,Hot-Humid Suburban catchment 110 (demo),1988000,812600,7780.0,3267.6,0.82,0.82,0.82,0.82,12,False,87.0,Hot-Humid Suburban Climate Station 5 (demo),731589,29.88,-89.62,29.7,-89.4
Hot-Humid,suburban/small town,Suburban,CBSA,11590,Hot-Humid Suburban catchment 111 (demo),2012000,822400,7870.0,3305.4,0.83,0.83,0.83,0.83,6,False,98.5,Hot-Humid Suburban Climate Station 6 (demo),731590,29.91,-89.65,29.73,-89.43
Hot-Humid,suburban/small town,Suburban,CBSA,11591,Hot-Humid Suburban catchment 112 (demo),1508000,616600,5980.0,2511.6,0.62,0.62,0.62,0.62,147,False,110.0,Hot-Humid Suburban Climate Station 7 (demo),731591,29.94,-89.68,29.76,-89.46
Hot-Humid,suburban/small town,Suburban,CBSA,11592,Hot-Humid Suburban catchment 113 (demo),1532000,626400,6070.0,2549.4,0.63,0.63,0.63,0.63,140,False,18.0,Hot-Humid Suburban Climate Station 1 (demo),731592,29.97,-89.71,29.79,-89.49
Hot-Humid,suburban/small town,Suburban,CBSA,11593,Hot-Humid Suburban catchment 114 (demo),1556000,636200,6160.0,2587.2,0.64,0.64,0.64,0.64,133,False,29.5,Hot-Humid Suburban Climate Station 2 (demo),731593,30.0,-89.74,29.82,-89.52
Hot-Humid,suburban/small town,Suburban,CBSA,11594,Hot-Humid Suburban catchment 115 (demo),1580000,646000,6250.0,2625.0,0.65,0.65,0.65,0.65,126,False,41.0,Hot-Humid Suburban Climate Station 3 (demo),731594,30.03,-89.77,29.85,-89.55
Hot-Humid,suburban/small town,Suburban,CBSA,11595,Hot-Humid Suburban catchment 116 (demo),1604000,655800,6340.0,2662.8,0.66,0.66,0.66,0.66,119,False,52.5,Hot-Humid Suburban Climate Station 4 (demo),731595,30.06,-89.8,29.88,-89.58
Hot-Humid,suburban/small town,Suburban,CBSA,11596,Hot-Humid Suburban catchment 117 (demo),1628000,665600,6430.0,2700.6,0.67,0.67,0.67,0.67,112,False,64.0,Hot-Humid Suburban Climate Station 5 (demo),731596,29.7,-89.44,29.52,-89.22
Hot-Humid,suburban/small town,Suburban,CBSA,11597,Hot-Humid Suburban catchment 118 (demo),1651999,675399,6520.0,2738.4,0.68,0.68,0.68,0.68,105,False,75.5,Hot-Humid Suburban Climate Station 6 (demo),731597,29.73,-89.47,29.55,-89.25
Hot-Humid,suburban/small town,Suburban,CBSA,11598,Hot-Humid Suburban catchment 119 (demo),1675999,685200,6610.0,2776.2,0.69,0.69,0.69,0.69,98,False,87.0,Hot-Humid Suburban Climate Station 7 (demo),731598,29.76,-89.5,29.58,-89.28
Hot-Humid,suburban/small town,Suburban,CBSA,11599,Hot-Humid Suburban catchment 120 (demo),1700000,695000,6700.0,2814.0,0.7,0.7,0.7,0.7,91,False,98.5,Hot-Humid Suburban Climate Station 1 (demo),731599,29.79,-89.53,29.61,-89.31
Hot-Humid,suburban/small town,Suburban,CBSA,11600,Hot-Humid Suburban catchment 121 (demo),1724000,704800,6790.0,2851.8,0.71,0.71,0.71,0.71,84,False,110.0,Hot-Humid Suburban Climate Station 2 (demo),731600,29.82,-89.56,29.64,-89.34
Hot-Humid,suburban/small town,Suburban,CBSA,11601,Hot-Humid Suburban catchment 122 (demo),1748000,714600,6880.0,2889.6,0.72,0.72,0.72,0.72,77,False,18.0,Hot-Humid Suburban Climate Station 3 (demo),731601,29.85,-89.59,29.67,-89.37
Hot-Humid,suburban/small town,Suburban,CBSA,11602,Hot-Humid Suburban catchment 123 (demo),1772000,724400,6970.0,2927.4,0.73,0.73,0.73,0.73,70,False,29.5,Hot-Humid Suburban Climate Station 4 (demo),731602,29.88,-89.62,29.7,-89.4
Hot-Humid,suburban/small town,Suburban,CBSA,11603,Hot-Humid Suburban catchment 124 (demo),1796000,734200,7060.0,2965.2,0.74,0.74,0.74,0.74,63,False,41.0,Hot-Humid Suburban Climate Station 5 (demo),731603,29.91,-89.65,29.73,-89.43
Hot-Humid,suburban/small town,Suburban,CBSA,11604,Hot-Humid Suburban catchment 125 (demo),1820000,744000,7150.0,3003.0,0.75,0.75,0.75,0.75,56,False,52.5,Hot-Humid Suburban Climate Station 6 (demo),731604,29.94,-89.68,29.76,-89.46
Hot-Humid,suburban/small town,Suburban,CBSA,11605,Hot-Humid Suburban catchment 126 (demo),1844000,753800,7240.0,3040.8,0.76,0.76,0.76,0.76,49,False,64.0,Hot-Humid Suburban Climate Station 7 (demo),731605,29.97,-89.71,29.79,-89.49
Hot-Humid,suburban/small town,Suburban,CBSA,11606,Hot-Humid Suburban catchment 127 (demo),1868000,763600,7330.0,3078.6,0.77,0.77,0.77,0.77,43,False,75.5,Hot-Humid Suburban Climate Station 1 (demo),731606,30.0,-89.74,29.82,-89.52
Hot-Humid,suburban/small town,Suburban,CBSA,11607,Hot-Humid Suburban catchment 128 (demo),1892000,773400,7420.0,3116.4,0.78,0.78,0.78,0.78,37,False,87.0,Hot-Humid Suburban Climate Station 2 (demo),731607,30.03,-89.77,29.85,-89.55
Hot-Humid,suburban/small town,Suburban,CBSA,11608,Hot-Humid Suburban catchment 129 (demo),1916000,783200,7510.0,3154.2,0.79,0.79,0.79,0.79,31,False,98.5,Hot-Humid Suburban Climate Station 3 (demo),731608,30.06,-89.8,29.88,-89.58
Hot-Humid,suburban/small town,Suburban,CBSA,11609,Hot-Humid Suburban catchment 130 (demo),1940000,793000,7600.0,3192.0,0.8,0.8,0.8,0.8,25,False,110.0,Hot-Humid Suburban Climate Station 4 (demo),731609,29.7,-89.44,29.52,-89.22
Hot-Humid,suburban/small town,Suburban,CBSA,11610,Hot-Humid Suburban catchment 131 (demo),1964000,802800,7690.0,3229.8,0.81,0.81,0.81,0.81,19,False,18.0,Hot-Humid Suburban Climate Station 5 (demo),731610,29.73,-89.47,29.55,-89.25
Hot-Humid,suburban/small town,Suburban,CBSA,11611,Hot-Humid Suburban catchment 132 (demo),1988000,812600,7780.0,3267.6,0.82,0.82,0.82,0.82,13,False,29.5,Hot-Humid Suburban Climate Station 6 (demo),731611,29.76,-89.5,29.58,-89.28
Hot-Humid,suburban/small town,Suburban,CBSA,11612,Hot-Humid Suburban catchment 133 (demo),2012000,822400,7870.0,3305.4,0.83,0.83,0.83,0.83,7,False,41.0,Hot-Humid Suburban Climate Station 7 (demo),731612,29.79,-89.53,29.61,-89.31
Hot-Humid,suburban/small town,Suburban,CBSA,11613,Hot-Humid Suburban catchment 134 (demo),1508000,616600,5980.0,2511.6,0.62,0.62,0.62,0.62,148,False,52.5,Hot-Humid Suburban Climate Station 1 (demo),731613,29.82,-89.56,29.64,-89.34
Hot-Humid,suburban/small town,Suburban,CBSA,11614,Hot-Humid Suburban catchment 135 (demo),1532000,626400,6070.0,2549.4,0.63,0.63,0.63,0.63,141,False,64.0,Hot-Humid Suburban Climate Station 2 (demo),731614,29.85,-89.59,29.67,-89.37
Hot-Humid,suburban/small town,Suburban,CBSA,11615,Hot-Humid Suburban catchment 136 (demo),1556000,636200,6160.0,2587.2,0.64,0.64,0.64,0.64,134,False,75.5,Hot-Humid Suburban Climate Station 3 (demo),731615,29.88,-89.62,29.7,-89.4
Hot-Humid,suburban/small town,Suburban,CBSA,11616,Hot-Humid Suburban catchment 137 (demo),1580000,646000,6250.0,2625.0,0.65,0.65,0.65,0.65,127,False,87.0,Hot-Humid Suburban Climate Station 4 (demo),731616,29.91,-89.65,29.73,-89.43
Hot-Humid,suburban/small town,Suburban,CBSA,11617,Hot-Humid Suburban catchment 138 (demo),1604000,655800,6340.0,2662.8,0.66,0.66,0.66,0.66,120,False,98.5,Hot-Humid Suburban Climate Station 5 (demo),731617,29.94,-89.68,29.76,-89.46
Hot-Humid,suburban/small town,Suburban,CBSA,11618,Hot-Humid Suburban catchment 139 (demo),1628000,665600,6430.0,2700.6,0.67,0.67,0.67,0.67,113,False,110.0,Hot-Humid Suburban Climate Station 6 (demo),731618,29.97,-89.71,29.79,-89.49
Hot-Humid,suburban/small town,Suburban,CBSA,11619,Hot-Humid Suburban catchment 140 (demo),1651999,675399,6520.0,2738.4,0.68,0.68,0.68,0.68,106,False,18.0,Hot-Humid Suburban Climate Station 7 (demo),731619,30.0,-89.74,29.82,-89.52
Hot-Humid,suburban/small town,Suburban,CBSA,11620,Hot-Humid Suburban catchment 141 (demo),1675999,685200,6610.0,2776.2,0.69,0.69,0.69,0.69,99,False,29.5,Hot-Humid Suburban Climate Station 1 (demo),731620,30.03,-89.77,29.85,-89.55
Hot-Humid,suburban/small town,Suburban,CBSA,11621,Hot-Humid Suburban catchment 142 (demo),1700000,695000,6700.0,2814.0,0.7,0.7,0.7,0.7,92,False,41.0,Hot-Humid Suburban Climate Station 2 (demo),731621,30.06,-89.8,29.88,-89.58
Hot-Humid,suburban/small town,Suburban,CBSA,11622,Hot-Humid Suburban catchment 143 (demo),1724000,704800,6790.0,2851.8,0.71,0.71,0.71,0.71,85,False,52.5,Hot-Humid Suburban Climate Station 3 (demo),731622,29.7,-89.44,29.52,-89.22
Hot-Humid,suburban/small town,Suburban,CBSA,11623,Hot-Humid Suburban catchment 144 (demo),1748000,714600,6880.0,2889.6,0.72,0.72,0.72,0.72,78,False,64.0,Hot-Humid Suburban Climate Station 4 (demo),731623,29.73,-89.47,29.55,-89.25
Hot-Humid,suburban/small town,Suburban,CBSA,11624,Hot-Humid Suburban catchment 145 (demo),1772000,724400,6970.0,2927.4,0.73,0.73,0.73,0.73,71,False,75.5,Hot-Humid Suburban Climate Station 5 (demo),731624,29.76,-89.5,29.58,-89.28
Hot-Humid,suburban/small town,Suburban,CBSA,11625,Hot-Humid Suburban catchment 146 (demo),1796000,734200,7060.0,2965.2,0.74,0.74,0.74,0.74,64,False,87.0,Hot-Humid Suburban Climate Station 6 (demo),731625,29.79,-89.53,29.61,-89.31
Hot-Humid,suburban/small town,Suburban,CBSA,11626,Hot-Humid Suburban catchment 147 (demo),1820000,744000,7150.0,3003.0,0.75,0.75,0.75,0.75,57,False,98.5,Hot-Humid Suburban Climate Station 7 (demo),731626,29.82,-89.56,29.64,-89.34
Hot-Humid,suburban/small town,Suburban,CBSA,11627,Hot-Humid Suburban catchment 148 (demo),1844000,753800,7240.0,3040.8,0.76,0.76,0.76,0.76,50,False,110.0,Hot-Humid Suburban Climate Station 1 (demo),731627,29.85,-89.59,29.67,-89.37
Hot-Humid,rural,Rural,County,11628,Hot-Humid Rural catchment 1 (demo),2180000,891000,8500.0,3570.0,0.9,0.9,0.9,0.9,1,True,18.0,Hot-Humid Rural Climate Station 2 (demo),731628,31.48,-91.22,31.3,-91.0
Hot-Humid,rural,Rural,County,11629,Hot-Humid Rural catchment 2 (demo),1508000,616600,5980.0,2511.6,0.62,0.62,0.62,0.62,142,False,29.5,Hot-Humid Rural Climate Station 3 (demo),731629,31.51,-91.25,31.33,-91.03
Hot-Humid,rural,Rural,County,11630,Hot-Humid Rural catchment 3 (demo),1532000,626400,6070.0,2549.4,0.63,0.63,0.63,0.63,135,False,41.0,Hot-Humid Rural Climate Station 4 (demo),731630,31.54,-91.28,31.36,-91.06
Hot-Humid,rural,Rural,County,11631,Hot-Humid Rural catchment 4 (demo),1556000,636200,6160.0,2587.2,0.64,0.64,0.64,0.64,128,False,52.5,Hot-Humid Rural Climate Station 5 (demo),731631,31.57,-91.31,31.39,-91.09
Hot-Humid,rural,Rural,County,11632,Hot-Humid Rural catchment 5 (demo),1580000,646000,6250.0,2625.0,0.65,0.65,0.65,0.65,121,False,64.0,Hot-Humid Rural Climate Station 6 (demo),731632,31.6,-91.34,31.42,-91.12
Hot-Humid,rural,Rural,County,11633,Hot-Humid Rural catchment 6 (demo),1604000,655800,6340.0,2662.8,0.66,0.66,0.66,0.66,114,False,75.5,Hot-Humid Rural Climate Station 7 (demo),731633,31.63,-91.37,31.45,-91.15
Hot-Humid,rural,Rural,County,11634,Hot-Humid Rural catchment 7 (demo),1628000,665600,6430.0,2700.6,0.67,0.67,0.67,0.67,107,False,87.0,Hot-Humid Rural Climate Station 1 (demo),731634,31.66,-91.4,31.48,-91.18
Hot-Humid,rural,Rural,County,11635,Hot-Humid Rural catchment 8 (demo),1651999,675399,6520.0,2738.4,0.68,0.68,0.68,0.68,100,False,98.5,Hot-Humid Rural Climate Station 2 (demo),731635,31.3,-91.04,31.12,-90.82
Hot-Humid,rural,Rural,County,11636,Hot-Humid Rural catchment 9 (demo),1675999,685200,6610.0,2776.2,0.69,0.69,0.69,0.69,93,False,110.0,Hot-Humid Rural Climate Station 3 (demo),731636,31.33,-91.07,31.15,-90.85
Hot-Humid,rural,Rural,County,11637,Hot-Humid Rural catchment 10 (demo),1700000,695000,6700.0,2814.0,0.7,0.7,0.7,0.7,86,False,18.0,Hot-Humid Rural Climate Station 4 (demo),731637,31.36,-91.1,31.18,-90.88
Hot-Humid,rural,Rural,County,11638,Hot-Humid Rural catchment 11 (demo),1724000,704800,6790.0,2851.8,0.71,0.71,0.71,0.71,79,False,29.5,Hot-Humid Rural Climate Station 5 (demo),731638,31.39,-91.13,31.21,-90.91
Hot-Humid,rural,Rural,County,11639,Hot-Humid Rural catchment 12 (demo),1748000,714600,6880.0,2889.6,0.72,0.72,0.72,0.72,72,False,41.0,Hot-Humid Rural Climate Station 6 (demo),731639,31.42,-91.16,31.24,-90.94
Hot-Humid,rural,Rural,County,11640,Hot-Humid Rural catchment 13 (demo),1772000,724400,6970.0,2927.4,0.73,0.73,0.73,0.73,65,False,52.5,Hot-Humid Rural Climate Station 7 (demo),731640,31.45,-91.19,31.27,-90.97
Hot-Humid,rural,Rural,County,11641,Hot-Humid Rural catchment 14 (demo),1796000,734200,7060.0,2965.2,0.74,0.74,0.74,0.74,58,False,64.0,Hot-Humid Rural Climate Station 1 (demo),731641,31.48,-91.22,31.3,-91.0
Hot-Humid,rural,Rural,County,11642,Hot-Humid Rural catchment 15 (demo),1820000,744000,7150.0,3003.0,0.75,0.75,0.75,0.75,51,False,75.5,Hot-Humid Rural Climate Station 2 (demo),731642,31.51,-91.25,31.33,-91.03
Hot-Humid,rural,Rural,County,11643,Hot-Humid Rural catchment 16 (demo),1844000,753800,7240.0,3040.8,0.76,0.76,0.76,0.76,44,False,87.0,Hot-Humid Rural Climate Station 3 (demo),731643,31.54,-91.28,31.36,-91.06
Hot-Humid,rural,Rural,County,11644,Hot-Humid Rural catchment 17 (demo),1868000,763600,7330.0,3078.6,0.77,0.77,0.77,0.77,38,False,98.5,Hot-Humid Rural Climate Station 4 (demo),731644,31.57,-91.31,31.39,-91.09
Hot-Humid,rural,Rural,County,11645,Hot-Humid Rural catchment 18 (demo),1892000,773400,7420.0,3116.4,0.78,0.78,0.78,0.78,32,False,110.0,Hot-Humid Rural Climate Station 5 (demo),731645,31.6,-91.34,31.42,-91.12
Hot-Humid,rural,Rural,County,11646,Hot-Humid Rural catchment 19 (demo),1916000,783200,7510.0,3154.2,0.79,0.79,0.79,0.79,26,False,18.0,Hot-Humid Rural Climate Station 6 (demo),731646,31.63,-91.37,31.45,-91.15
Hot-Humid,rural,Rural,County,11647,Hot-Humid Rural catchment 20 (demo),1940000,793000,7600.0,3192.0,0.8,0.8,0.8,0.8,20,False,29.5,Hot-Humid Rural Climate Station 7 (demo),731647,31.66,-91.4,31.48,-91.18
Hot-Humid,rural,Rural,County,11648,Hot-Humid Rural catchment 21 (demo),1964000,802800,7690.0,3229.8,0.81,0.81,0.81,0.81,14,False,41.0,Hot-Humid Rural Climate Station 1 (demo),731648,31.3,-91.04,31.12,-90.82
Hot-Humid,rural,Rural,County,11649,Hot-Humid Rural catchment 22 (demo),1988000,812600,7780.0,3267.6,0.82,0.82,0.82,0.82,8,False,52.5,Hot-Humid Rural Climate Station 2 (demo),731649,31.33,-91.07,31.15,-90.85
Hot-Humid,rural,Rural,County,11650,Hot-Humid Rural catchment 23 (demo),2012000,822400,7870.0,3305.4,0.83,0.83,0.83,0.83,2,False,64.0,Hot-Humid Rural Climate Station 3 (demo),731650,31.36,-91.1,31.18,-90.88
Hot-Humid,rural,Rural,County,11651,Hot-Humid Rural catchment 24 (demo),1508000,616600,5980.0,2511.6,0.62,0.62,0.62,0.62,143,False,75.5,Hot-Humid Rural Climate Station 4 (demo),731651,31.39,-91.13,31.21,-90.91
Hot-Humid,rural,Rural,County,11652,Hot-Humid Rural catchment 25 (demo),1532000,626400,6070.0,2549.4,0.63,0.63,0.63,0.63,136,False,87.0,Hot-Humid Rural Climate Station 5 (demo),731652,31.42,-91.16,31.24,-90.94
Hot-Humid,rural,Rural,County,11653,Hot-Humid Rural catchment 26 (demo),1556000,636200,6160.0,2587.2,0.64,0.64,0.64,0.64,129,False,98.5,Hot-Humid Rural Climate Station 6 (demo),731653,31.45,-91.19,31.27,-90.97
Hot-Humid,rural,Rural,County,11654,Hot-Humid Rural catchment 27 (demo),1580000,646000,6250.0,2625.0,0.65,0.65,0.65,0.65,122,False,110.0,Hot-Humid Rural Climate Station 7 (demo),731654,31.48,-91.22,31.3,-91.0
Hot-Humid,rural,Rural,County,11655,Hot-Humid Rural catchment 28 (demo),1604000,655800,6340.0,2662.8,0.66,0.66,0.66,0.66,115,False,18.0,Hot-Humid Rural Climate Station 1 (demo),731655,31.51,-91.25,31.33,-91.03
Hot-Humid,rural,Rural,County,11656,Hot-Humid Rural catchment 29 (demo),1628000,665600,6430.0,2700.6,0.67,0.67,0.67,0.67,108,False,29.5,Hot-Humid Rural Climate Station 2 (demo),731656,31.54,-91.28,31.36,-91.06
Hot-Humid,rural,Rural,County,11657,Hot-Humid Rural catchment 30 (demo),1651999,675399,6520.0,2738.4,0.68,0.68,0.68,0.68,101,False,41.0,Hot-Humid Rural Climate Station 3 (demo),731657,31.57,-91.31,31.39,-91.09
Hot-Humid,rural,Rural,County,11658,Hot-Humid Rural catchment 31 (demo),1675999,685200,6610.0,2776.2,0.69,0.69,0.69,0.69,94,False,52.5,Hot-Humid Rural Climate Station 4 (demo),731658,31.6,-91.34,31.42,-91.12
Hot-Humid,rural,Rural,County,11659,Hot-Humid Rural catchment 32 (demo),1700000,695000,6700.0,2814.0,0.7,0.7,0.7,0.7,87,False,64.0,Hot-Humid Rural Climate Station 5 (demo),731659,31.63,-91.37,31.45,-91.15
Hot-Humid,rural,Rural,County,11660,Hot-Humid Rural catchment 33 (demo),1724000,704800,6790.0,2851.8,0.71,0.71,0.71,0.71,80,False,75.5,Hot-Humid Rural Climate Station 6 (demo),731660,31.66,-91.4,31.48,-91.18
Hot-Humid,rural,Rural,County,11661,Hot-Humid Rural catchment 34 (demo),1748000,714600,6880.0,2889.6,0.72,0.72,0.72,0.72,73,False,87.0,Hot-Humid Rural Climate Station 7 (demo),731661,31.3,-91.04,31.12,-90.82
Hot-Humid,rural,Rural,County,11662,Hot-Humid Rural catchment 35 (demo),1772000,724400,6970.0,2927.4,0.73,0.73,0.73,0.73,66,False,98.5,Hot-Humid Rural Climate Station 1 (demo),731662,31.33,-91.07,31.15,-90.85
Hot-Humid,rural,Rural,County,11663,Hot-Humid Rural catchment 36 (demo),1796000,734200,7060.0,2965.2,0.74,0.74,0.74,0.74,59,False,110.0,Hot-Humid Rural Climate Station 2 (demo),731663,31.36,-91.1,31.18,-90.88
Hot-Humid,rural,Rural,County,11664,Hot-Humid Rural catchment 37 (demo),1820000,744000,7150.0,3003.0,0.75,0.75,0.75,0.75,52,False,18.0,Hot-Humid Rural Climate Station 3 (demo),731664,31.39,-91.13,31.21,-90.91
Hot-Humid,rural,Rural,County,11665,Hot-Humid Rural catchment 38 (demo),1844000,753800,7240.0,3040.8,0.76,0.76,0.76,0.76,45,False,29.5,Hot-Humid Rural Climate Station 4 (demo),731665,31.42,-91.16,31.24,-90.94
Hot-Humid,rural,Rural,County,11666,Hot-Humid Rural catchment 39 (demo),1868000,763600,7330.0,3078.6,0.77,0.77,0.77,0.77,39,False,41.0,Hot-Humid Rural Climate Station 5 (demo),731666,31.45,-91.19,31.27,-90.97
Hot-Humid,rural,Rural,County,11667,Hot-Humid Rural catchment 40 (demo),1892000,773400,7420.0,3116.4,0.78,0.78,0.78,0.78,33,False,52.5,Hot-Humid Rural Climate Station 6 (demo),731667,31.48,-91.22,31.3,-91.0
Hot-Humid,rural,Rural,County,11668,Hot-Humid Rural catchment 41 (demo),1916000,783200,7510.0,3154.2,0.79,0.79,0.79,0.79,27,False,64.0,Hot-Humid Rural Climate Station 7 (demo),731668,31.51,-91.25,31.33,-91.03
Hot-Humid,rural,Rural,County,11669,Hot-Humid Rural catchment 42 (demo),1940000,793000,7600.0,3192.0,0.8,0.8,0.8,0.8,21,False,75.5,Hot-Humid Rural Climate Station 1 (demo),731669,31.54,-91.28,31.36,-91.06
Hot-Humid,rural,Rural,County,11670,Hot-Humid Rural catchment 43 (demo),1964000,802800,7690.0,3229.8,0.81,0.81,0.81,0.81,15,False,87.0,Hot-Humid Rural Climate Station 2 (demo),731670,31.57,-91.31,31.39,-91.09
Hot-Humid,rural,Rural,County,11671,Hot-Humid Rural catchment 44 (demo),1988000,812600,7780.0,3267.6,0.82,0.82,0.82,0.82,9,False,98.5,Hot-Humid Rural Climate Station 3 (demo),731671,31.6,-91.34,31.42,-91.12
Hot-Humid,rural,Rural,County,11672,Hot-Humid Rural catchment 45 (demo),2012000,822400,7870.0,3305.4,0.83,0.83,0.83,0.83,3,False,110.0,Hot-Humid Rural Climate Station 4 (demo),731672,31.63,-91.37,31.45,-91.15
Hot-Humid,rural,Rural,County,11673,Hot-Humid Rural catchment 46 (demo),1508000,616600,5980.0,2511.6,0.62,0.62,0.62,0.62,144,False,18.0,Hot-Humid Rural Climate Station 5 (demo),731673,31.66,-91.4,31.48,-91.18
Hot-Humid,rural,Rural,County,11674,Hot-Humid Rural catchment 47 (demo),1532000,626400,6070.0,2549.4,0.63,0.63,0.63,0.63,137,False,29.5,Hot-Humid Rural Climate Station 6 (demo),731674,31.3,-91.04,31.12,-90.82
Hot-Humid,rural,Rural,County,11675,Hot-Humid Rural catchment 48 (demo),1556000,636200,6160.0,2587.2,0.64,0.64,0.64,0.64,130,False,41.0,Hot-Humid Rural Climate Station 7 (demo),731675,31.33,-91.07,31.15,-90.85
Hot-Humid,rural,Rural,County,11676,Hot-Humid Rural catchment 49 (demo),1580000,646000,6250.0,2625.0,0.65,0.65,0.65,0.65,123,False,52.5,Hot-Humid Rural Climate Station 1 (demo),731676,31.36,-91.1,31.18,-90.88
Hot-Humid,rural,Rural,County,11677,Hot-Humid Rural catchment 50 (demo),1604000,655800,6340.0,2662.8,0.66,0.66,0.66,0.66,116,False,64.0,Hot-Humid Rural Climate Station 2 (demo),731677,31.39,-91.13,31.21,-90.91
Hot-Humid,rural,Rural,County,11678,Hot-Humid Rural catchment 51 (demo),1628000,665600,6430.0,2700.6,0.67,0.67,0.67,0.67,109,False,75.5,Hot-Humid Rural Climate Station 3 (demo),731678,31.42,-91.16,31.24,-90.94
Hot-Humid,rural,Rural,County,11679,Hot-Humid Rural catchment 52 (demo),1651999,675399,6520.0,2738.4,0.68,0.68,0.68,0.68,102,False,87.0,Hot-Humid Rural Climate Station 4 (demo),731679,31.45,-91.19,31.27,-90.97
Hot-Humid,rural,Rural,County,11680,Hot-Humid Rural catchment 53 (demo),1675999,685200,6610.0,2776.2,0.69,0.69,0.69,0.69,95,False,98.5,Hot-Humid Rural Climate Station 5 (demo),731680,31.48,-91.22,31.3,-91.0
Hot-Humid,rural,Rural,County,11681,Hot-Humid Rural catchment 54 (demo),1700000,695000,6700.0,2814.0,0.7,0.7,0.7,0.7,88,False,110.0,Hot-Humid Rural Climate Station 6 (demo),731681,31.51,-91.25,31.33,-91.03
Hot-Humid,rural,Rural,County,11682,Hot-Humid Rural catchment 55 (demo),1724000,704800,6790.0,2851.8,0.71,0.71,0.71,0.71,81,False,18.0,Hot-Humid Rural Climate Station 7 (demo),731682,31.54,-91.28,31.36,-91.06
Hot-Humid,rural,Rural,County,11683,Hot-Humid Rural catchment 56 (demo),1748000,714600,6880.0,2889.6,0.72,0.72,0.72,0.72,74,False,29.5,Hot-Humid Rural Climate Station 1 (demo),731683,31.57,-91.31,31.39,-91.09
Hot-Humid,rural,Rural,County,11684,Hot-Humid Rural catchment 57 (demo),1772000,724400,6970.0,2927.4,0.73,0.73,0.73,0.73,67,False,41.0,Hot-Humid Rural Climate Station 2 (demo),731684,31.6,-91.34,31.42,-91.12
Hot-Humid,rural,Rural,County,11685,Hot-Humid Rural catchment 58 (demo),1796000,734200,7060.0,2965.2,0.74,0.74,0.74,0.74,60,False,52.5,Hot-Humid Rural Climate Station 3 (demo),731685,31.63,-91.37,31.45,-91.15
Hot-Humid,rural,Rural,County,11686,Hot-Humid Rural catchment 59 (demo),1820000,744000,7150.0,3003.0,0.75,0.75,0.75,0.75,53,False,64.0,Hot-Humid Rural Climate Station 4 (demo),731686,31.66,-91.4,31.48,-91.18
Hot-Humid,rural,Rural,County,11687,Hot-Humid Rural catchment 60 (demo),1844000,753800,7240.0,3040.8,0.76,0.76,0.76,0.76,46,False,75.5,Hot-Humid Rural Climate Station 5 (demo),731687,31.3,-91.04,31.12,-90.82
Hot-Humid,rural,Rural,County,11688,Hot-Humid Rural catchment 61 (demo),1868000,763600,7330.0,3078.6,0.77,0.77,0.77,0.77,40,False,87.0,Hot-Humid Rural Climate Station 6 (demo),731688,31.33,-91.07,31.15,-90.85
Hot-Humid,rural,Rural,County,11689,Hot-Humid Rural catchment 62 (demo),1892000,773400,7420.0,3116.4,0.78,0.78,0.78,0.78,34,False,98.5,Hot-Humid Rural Climate Station 7 (demo),731689,31.36,-91.1,31.18,-90.88
Hot-Humid,rural,Rural,County,11690,Hot-Humid Rural catchment 63 (demo),1916000,783200,7510.0,3154.2,0.79,0.79,0.79,0.79,28,False,110.0,Hot-Humid Rural Climate Station 1 (demo),731690,31.39,-91.13,31.21,-90.91
Hot-Humid,rural,Rural,County,11691,Hot-Humid Rural catchment 64 (demo),1940000,793000,7600.0,3192.0,0.8,0.8,0.8,0.8,22,False,18.0,Hot-Humid Rural Climate Station 2 (demo),731691,31.42,-91.16,31.24,-90.94
Hot-Humid,rural,Rural,County,11692,Hot-Humid Rural catchment 65 (demo),1964000,802800,7690.0,3229.8,0.81,0.81,0.81,0.81,16,False,29.5,Hot-Humid Rural Climate Station 3 (demo),731692,31.45,-91.19,31.27,-90.97
Hot-Humid,rural,Rural,County,11693,Hot-Humid Rural catchment 66 (demo),1988000,812600,7780.0,3267.6,0.82,0.82,0.82,0.82,10,False,41.0,Hot-Humid Rural Climate Station 4 (demo),731693,31.48,-91.22,31.3,-91.0
Hot-Humid,rural,Rural,County,11694,Hot-Humid Rural catchment 67 (demo),2012000,822400,7870.0,3305.4,0.83,0.83,0.83,0.83,4,False,52.5,Hot-Humid Rural Climate Station 5 (demo),731694,31.51,-91.25,31.33,-91.03
Hot-Humid,rural,Rural,County,11695,Hot-Humid Rural catchment 68 (demo),1508000,616600,5980.0,2511.6,0.62,0.62,0.62,0.62,145,False,64.0,Hot-Humid Rural Climate Station 6 (demo),731695,31.54,-91.28,31.36,-91.06
Hot-Humid,rural,Rural,County,11696,Hot-Humid Rural catchment 69 (demo),1532000,626400,6070.0,2549.4,0.63,0.63,0.63,0.63,138,False,75.5,Hot-Humid Rural Climate Station 7 (demo),731696,31.57,-91.31,31.39,-91.09
Hot-Humid,rural,Rural,County,11697,Hot-Humid Rural catchment 70 (demo),1556000,636200,6160.0,2587.2,0.64,0.64,0.64,0.64,131,False,87.0,Hot-Humid Rural Climate Station 1 (demo),731697,31.6,-91.34,31.42,-91.12
Hot-Humid,rural,Rural,County,11698,Hot-Humid Rural catchment 71 (demo),1580000,646000,6250.0,2625.0,0.65,0.65,0.65,0.65,124,False,98.5,Hot-Humid Rural Climate Station 2 (demo),731698,31.63,-91.37,31.45,-91.15
Hot-Humid,rural,Rural,County,11699,Hot-Humid Rural catchment 72 (demo),1604000,655800,6340.0,2662.8,0.66,0.66,0.66,0.66,117,False,110.0,Hot-Humid Rural Climate Station 3 (demo),731699,31.66,-91.4,31.48,-91.18
Hot-Humid,rural,Rural,County,11700,Hot-Humid Rural catchment 73 (demo),1628000,665600,6430.0,2700.6,0.67,0.67,0.67,0.67,110,False,18.0,Hot-Humid Rural Climate Station 4 (demo),731700,31.3,-91.04,31.12,-90.82
Hot-Humid,rural,Rural,County,11701,Hot-Humid Rural catchment 74 (demo),1651999,675399,6520.0,2738.4,0.68,0.68,0.68,0.68,103,False,29.5,Hot-Humid Rural Climate Station 5 (demo),731701,31.33,-91.07,31.15,-90.85
Hot-Humid,rural,Rural,County,11702,Hot-Humid Rural catchment 75 (demo),1675999,685200,6610.0,2776.2,0.69,0.69,0.69,0.69,96,False,41.0,Hot-Humid Rural Climate Station 6 (demo),731702,31.36,-91.1,31.18,-90.88
Hot-Humid,rural,Rural,County,11703,Hot-Humid Rural catchment 76 (demo),1700000,695000,6700.0,2814.0,0.7,0.7,0.7,0.7,89,False,52.5,Hot-Humid Rural Climate Station 7 (demo),731703,31.39,-91.13,31.21,-90.91
Hot-Humid,rural,Rural,County,11704,Hot-Humid Rural catchment 77 (demo),1724000,704800,6790.0,2851.8,0.71,0.71,0.71,0.71,82,False,64.0,Hot-Humid Rural Climate Station 1 (demo),731704,31.42,-91.16,31.24,-90.94
Hot-Humid,rural,Rural,County,11705,Hot-Humid Rural catchment 78 (demo),1748000,714600,6880.0,2889.6,0.72,0.72,0.72,0.72,75,False,75.5,Hot-Humid Rural Climate Station 2 (demo),731705,31.45,-91.19,31.27,-90.97
Hot-Humid,rural,Rural,County,11706,Hot-Humid Rural catchment 79 (demo),1772000,724400,6970.0,2927.4,0.73,0.73,0.73,0.73,68,False,87.0,Hot-Humid Rural Climate Station 3 (demo),731706,31.48,-91.22,31.3,-91.0
Hot-Humid,rural,Rural,County,11707,Hot-Humid Rural catchment 80 (demo),1796000,734200,7060.0,2965.2,0.74,0.74,0.74,0.74,61,False,98.5,Hot-Humid Rural Climate Station 4 (demo),731707,31.51,-91.25,31.33,-91.03
Hot-Humid,rural,Rural,County,11708,Hot-Humid Rural catchment 81 (demo),1820000,744000,7150.0,3003.0,0.75,0.75,0.75,0.75,54,False,110.0,Hot-Humid Rural Climate Station 5 (demo),731708,31.54,-91.28,31.36,-91.06
Hot-Humid,rural,Rural,County,11709,Hot-Humid Rural catchment 82 (demo),1844000,753800,7240.0,3040.8,0.76,0.76,0.76,0.76,47,False,18.0,Hot-Humid Rural Climate Station 6 (demo),731709,31.57,-91.31,31.39,-91.09
Hot-Humid,rural,Rural,County,11710,Hot-Humid Rural catchment 83 (demo),1868000,763600,7330.0,3078.6,0.77,0.77,0.77,0.77,41,False,29.5,Hot-Humid Rural Climate Station 7 (demo),731710,31.6,-91.34,31.42,-91.12
Hot-Humid,rural,Rural,County,11711,Hot-Humid Rural catchment 84 (demo),1892000,773400,7420.0,3116.4,0.78,0.78,0.78,0.78,35,False,41.0,Hot-Humid Rural Climate Station 1 (demo),731711,31.63,-91.37,31.45,-91.15
Hot-Humid,rural,Rural,County,11712,Hot-Humid Rural catchment 85 (demo),1916000,783200,7510.0,3154.2,0.79,0.79,0.79,0.79,29,False,52.5,Hot-Humid Rural Climate Station 2 (demo),731712,31.66,-91.4,31.48,-91.18
Hot-Humid,rural,Rural,County,11713,Hot-Humid Rural catchment 86 (demo),1940000,793000,7600.0,3192.0,0.8,0.8,0.8,0.8,23,False,64.0,Hot-Humid Rural Climate Station 3 (demo),731713,31.3,-91.04,31.12,-90.82
Hot-Humid,rural,Rural,County,11714,Hot-Humid Rural catchment 87 (demo),1964000,802800,7690.0,3229.8,0.81,0.81,0.81,0.81,17,False,75.5,Hot-Humid Rural Climate Station 4 (demo),731714,31.33,-91.07,31.15,-90.85
Hot-Humid,rural,Rural,County,11715,Hot-Humid Rural catchment 88 (demo),1988000,812600,7780.0,3267.6,0.82,0.82,0.82,0.82,11,False,87.0,Hot-Humid Rural Climate Station 5 (demo),731715,31.36,-91.1,31.18,-90.88
Hot-Humid,rural,Rural,County,11716,Hot-Humid Rural catchment 89 (demo),2012000,822400,7870.0,3305.4,0.83,0.83,0.83,0.83,5,False,98.5,Hot-Humid Rural Climate Station 6 (demo),731716,31.39,-91.13,31.21,-90.91
Hot-Humid,rural,Rural,County,11717,Hot-Humid Rural catchment 90 (demo),1508000,616600,5980.0,2511.6,0.62,0.62,0.62,0.62,146,False,110.0,Hot-Humid Rural Climate Station 7 (demo),731717,31.42,-91.16,31.24,-90.94
Hot-Humid,rural,Rural,County,11718,Hot-Humid Rural catchment 91 (demo),1532000,626400,6070.0,2549.4,0.63,0.63,0.63,0.63,139,False,18.0,Hot-Humid Rural Climate Station 1 (demo),731718,31.45,-91.19,31.27,-90.97
Hot-Humid,rural,Rural,County,11719,Hot-Humid Rural catchment 92 (demo),1556000,636200,6160.0,2587.2,0.64,0.64,0.64,0.64,132,False,29.5,Hot-Humid Rural Climate Station 2 (demo),731719,31.48,-91.22,31.3,-91.0
Hot-Humid,rural,Rural,County,11720,Hot-Humid Rural catchment 93 (demo),1580000,646000,6250.0,2625.0,0.65,0.65,0.65,0.65,125,False,41.0,Hot-Humid Rural Climate Station 3 (demo),731720,31.51,-91.25,31.33,-91.03
Hot-Humid,rural,Rural,County,11721,Hot-Humid Rural catchment 94 (demo),1604000,655800,6340.0,2662.8,0.66,0.66,0.66,0.66,118,False,52.5,Hot-Humid Rural Climate Station 4 (demo),731721,31.54,-91.28,31.36,-91.06
Hot-Humid,rural,Rural,County,11722,Hot-Humid Rural catchment 95 (demo),1628000,665600,6430.0,2700.6,0.67,0.67,0.67,0.67,111,False,64.0,Hot-Humid Rural Climate Station 5 (demo),731722,31.57,-91.31,31.39,-91.09
Hot-Humid,rural,Rural,County,11723,Hot-Humid Rural catchment 96 (demo),1651999,675399,6520.0,2738.4,0.68,0.68,0.68,0.68,104,False,75.5,Hot-Humid Rural Climate Station 6 (demo),731723,31.6,-91.34,31.42,-91.12
Hot-Humid,rural,Rural,County,11724,Hot-Humid Rural catchment 97 (demo),1675999,685200,6610.0,2776.2,0.69,0.69,0.69,0.69,97,False,87.0,Hot-Humid Rural Climate Station 7 (demo),731724,31.63,-91.37,31.45,-91.15
Hot-Humid,rural,Rural,County,11725,Hot-Humid Rural catchment 98 (demo),1700000,695000,6700.0,2814.0,0.7,0.7,0.7,0.7,90,False,98.5,Hot-Humid Rural Climate Station 1 (demo),731725,31.66,-91.4,31.48,-91.18
Hot-Humid,rural,Rural,County,11726,Hot-Humid Rural catchment 99 (demo),1724000,704800,6790.0,2851.8,0.71,0.71,0.71,0.71,83,False,110.0,Hot-Humid Rural Climate Station 2 (demo),731726,31.3,-91.04,31.12,-90.82
Hot-Humid,rural,Rural,County,11727,Hot-Humid Rural catchment 100 (demo),1748000,714600,6880.0,2889.6,0.72,0.72,0.72,0.72,76,False,18.0,Hot-Humid Rural Climate Station 3 (demo),731727,31.33,-91.07,31.15,-90.85
Hot-Humid,rural,Rural,County,11728,Hot-Humid Rural catchment 101 (demo),1772000,724400,6970.0,2927.4,0.73,0.73,0.73,0.73,69,False,29.5,Hot-Humid Rural Climate Station 4 (demo),731728,31.36,-91.1,31.18,-90.88
Hot-Humid,rural,Rural,County,11729,Hot-Humid Rural catchment 102 (demo),1796000,734200,7060.0,2965.2,0.74,0.74,0.74,0.74,62,False,41.0,Hot-Humid Rural Climate Station 5 (demo),731729,31.39,-91.13,31.21,-90.91
Hot-Humid,rural,Rural,County,11730,Hot-Humid Rural catchment 103 (demo),1820000,744000,7150.0,3003.0,0.75,0.75,0.75,0.75,55,False,52.5,Hot-Humid Rural Climate Station 6 (demo),731730,31.42,-91.16,31.24,-90.94
Hot-Humid,rural,Rural,County,11731,Hot-Humid Rural catchment 104 (demo),1844000,753800,7240.0,3040.8,0.76,0.76,0.76,0.76,48,False,64.0,Hot-Humid Rural Climate Station 7 (demo),731731,31.45,-91.19,31.27,-90.97
Hot-Humid,rural,Rural,County,11732,Hot-Humid Rural catchment 105 (demo),1868000,763600,7330.0,3078.6,0.77,0.77,0.77,0.77,42,False,75.5,Hot-Humid Rural Climate Station 1 (demo),731732,31.48,-91.22,31.3,-91.0
Hot-Humid,rural,Rural,County,11733,Hot-Humid Rural catchment 106 (demo),1892000,773400,7420.0,3116.4,0.78,0.78,0.78,0.78,36,False,87.0,Hot-Humid Rural Climate Station 2 (demo),731733,31.51,-91.25,31.33,-91.03
Hot-Humid,rural,Rural,County,11734,Hot-Humid Rural catchment 107 (demo),1916000,783200,7510.0,3154.2,0.79,0.79,0.79,0.79,30,False,98.5,Hot-Humid Rural Climate Station 3 (demo),731734,31.54,-91.28,31.36,-91.06
Hot-Humid,rural,Rural,County,11735,Hot-Humid Rural catchment 108 (demo),1940000,793000,7600.0,3192.0,0.8,0.8,0.8,0.8,24,False,110.0,Hot-Humid Rural Climate Station 4 (demo),731735,31.57,-91.31,31.39,-91.09
Hot-Humid,rural,Rural,County,11736,Hot-Humid Rural catchment 109 (demo),1964000,802800,7690.0,3229.8,0.81,0.81,0.81,0.81,18,False,18.0,Hot-Humid Rural Climate Station 5 (demo),731736,31.6,-91.34,31.42,-91.12
Hot-Humid,rural,Rural,County,11737,Hot-Humid Rural catchment 110 (demo),1988000,812600,7780.0,3267.6,0.82,0.82,0.82,0.82,12,False,29.5,Hot-Humid Rural Climate Station 6 (demo),731737,31.63,-91.37,31.45,-91.15
Hot-Humid,rural,Rural,County,11738,Hot-Humid Rural catchment 111 (demo),2012000,822400,7870.0,3305.4,0.83,0.83,0.83,0.83,6,False,41.0,Hot-Humid Rural Climate Station 7 (demo),731738,31.66,-91.4,31.48,-91.18
Hot-Humid,rural,Rural,County,11739,Hot-Humid Rural catchment 112 (demo),1508000,616600,5980.0,2511.6,0.62,0.62,0.62,0.62,147,False,52.5,Hot-Humid Rural Climate Station 1 (demo),731739,31.3,-91.04,31.12,-90.82
Hot-Humid,rural,Rural,County,11740,Hot-Humid Rural catchment 113 (demo),1532000,626400,6070.0,2549.4,0.63,0.63,0.63,0.63,140,False,64.0,Hot-Humid Rural Climate Station 2 (demo),731740,31.33,-91.07,31.15,-90.85
Hot-Humid,rural,Rural,County,11741,Hot-Humid Rural catchment 114 (demo),1556000,636200,6160.0,2587.2,0.64,0.64,0.64,0.64,133,False,75.5,Hot-Humid Rural Climate Station 3 (demo),731741,31.36,-91.1,31.18,-90.88
Hot-Humid,rural,Rural,County,11742,Hot-Humid Rural catchment 115 (demo),1580000,646000,6250.0,2625.0,0.65,0.65,0.65,0.65,126,False,87.0,Hot-Humid Rural Climate Station 4 (demo),731742,31.39,-91.13,31.21,-90.91
Hot-Humid,rural,Rural,County,11743,Hot-Humid Rural catchment 116 (demo),1604000,655800,6340.0,2662.8,0.66,0.66,0.66,0.66,119,False,98.5,Hot-Humid Rural Climate Station 5 (demo),731743,31.42,-91.16,31.24,-90.94
Hot-Humid,rural,Rural,County,11744,Hot-Humid Rural catchment 117 (demo),1628000,665600,6430.0,2700.6,0.67,0.67,0.67,0.67,112,False,110.0,Hot-Humid Rural Climate Station 6 (demo),731744,31.45,-91.19,31.27,-90.97
Hot-Humid,rural,Rural,County,11745,Hot-Humid Rural catchment 118 (demo),1651999,675399,6520.0,2738.4,0.68,0.68,0.68,0.68,105,False,18.0,Hot-Humid Rural Climate Station 7 (demo),731745,31.48,-91.22,31.3,-91.0
Hot-Humid,rural,Rural,County,11746,Hot-Humid Rural catchment 119 (demo),1675999,685200,6610.0,2776.2,0.69,0.69,0.69,0.69,98,False,29.5,Hot-Humid Rural Climate Station 1 (demo),731746,31.51,-91.25,31.33,-91.03
Hot-Humid,rural,Rural,County,11747,Hot-Humid Rural catchment 120 (demo),1700000,695000,6700.0,2814.0,0.7,0.7,0.7,0.7,91,False,41.0,Hot-Humid Rural Climate Station 2 (demo),731747,31.54,-91.28,31.36,-91.06
Hot-Humid,rural,Rural,County,11748,Hot-Humid Rural catchment 121 (demo),1724000,704800,6790.0,2851.8,0.71,0.71,0.71,0.71,84,False,52.5,Hot-Humid Rural Climate Station 3 (demo),731748,31.57,-91.31,31.39,-91.09
Hot-Humid,rural,Rural,County,11749,Hot-Humid Rural catchment 122 (demo),1748000,714600,6880.0,2889.6,0.72,0.72,0.72,0.72,77,False,64.0,Hot-Humid Rural Climate Station 4 (demo),731749,31.6,-91.34,31.42,-91.12
Hot-Humid,rural,Rural,County,11750,Hot-Humid Rural catchment 123 (demo),1772000,724400,6970.0,2927.4,0.73,0.73,0.73,0.73,70,False,75.5,Hot-Humid Rural Climate Station 5 (demo),731750,31.63,-91.37,31.45,-91.15
Hot-Humid,rural,Rural,County,11751,Hot-Humid Rural catchment 124 (demo),1796000,734200,7060.0,2965.2,0.74,0.74,0.74,0.74,63,False,87.0,Hot-Humid Rural Climate Station 6 (demo),731751,31.66,-91.4,31.48,-91.18
Hot-Humid,rural,Rural,County,11752,Hot-Humid Rural catchment 125 (demo),1820000,744000,7150.0,3003.0,0.75,0.75,0.75,0.75,56,False,98.5,Hot-Humid Rural Climate Station 7 (demo),731752,31.3,-91.04,31.12,-90.82
Hot-Humid,rural,Rural,County,11753,Hot-Humid Rural catchment 126 (demo),1844000,753800,7240.0,3040.8,0.76,0.76,0.76,0.76,49,False,110.0,Hot-Humid Rural Climate Station 1 (demo),731753,31.33,-91.07,31.15,-90.85
Hot-Humid,rural,Rural,County,11754,Hot-Humid Rural catchment 127 (demo),1868000,763600,7330.0,3078.6,0.77,0.77,0.77,0.77,43,False,18.0,Hot-Humid Rural Climate Station 2 (demo),731754,31.36,-91.1,31.18,-90.88
Hot-Humid,rural,Rural,County,11755,Hot-Humid Rural catchment 128 (demo),1892000,773400,7420.0,3116.4,0.78,0.78,0.78,0.78,37,False,29.5,Hot-Humid Rural Climate Station 3 (demo),731755,31.39,-91.13,31.21,-90.91
Hot-Humid,rural,Rural,County,11756,Hot-Humid Rural catchment 129 (demo),1916000,783200,7510.0,3154.2,0.79,0.79,0.79,0.79,31,False,41.0,Hot-Humid Rural Climate Station 4 (demo),731756,31.42,-91.16,31.24,-90.94
Hot-Humid,rural,Rural,County,11757,Hot-Humid Rural catchment 130 (demo),1940000,793000,7600.0,3192.0,0.8,0.8,0.8,0.8,25,False,52.5,Hot-Humid Rural Climate Station 5 (demo),731757,31.45,-91.19,31.27,-90.97
Hot-Humid,rural,Rural,County,11758,Hot-Humid Rural catchment 131 (demo),1964000,802800,7690.0,3229.8,0.81,0.81,0.81,0.81,19,False,64.0,Hot-Humid Rural Climate Station 6 (demo),731758,31.48,-91.22,31.3,-91.0
Hot-Humid,rural,Rural,County,11759,Hot-Humid Rural catchment 132 (demo),1988000,812600,7780.0,3267.6,0.82,0.82,0.82,0.82,13,False,75.5,Hot-Humid Rural Climate Station 7 (demo),731759,31.51,-91.25,31.33,-91.03
Hot-Humid,rural,Rural,County,11760,Hot-Humid Rural catchment 133 (demo),2012000,822400,7870.0,3305.4,0.83,0.83,0.83,0.83,7,False,87.0,Hot-Humid Rural Climate Station 1 (demo),731760,31.54,-91.28,31.36,-91.06
Hot-Humid,rural,Rural,County,11761,Hot-Humid Rural catchment 134 (demo),1508000,616600,5980.0,2511.6,0.62,0.62,0.62,0.62,148,False,98.5,Hot-Humid Rural Climate Station 2 (demo),731761,31.57,-91.31,31.39,-91.09
Hot-Humid,rural,Rural,County,11762,Hot-Humid Rural catchment 135 (demo),1532000,626400,6070.0,2549.4,0.63,0.63,0.63,0.63,141,False,110.0,Hot-Humid Rural Climate Station 3 (demo),731762,31.6,-91.34,31.42,-91.12
Hot-Humid,rural,Rural,County,11763,Hot-Humid Rural catchment 136 (demo),1556000,636200,6160.0,2587.2,0.64,0.64,0.64,0.64,134,False,18.0,Hot-Humid Rural Climate Station 4 (demo),731763,31.63,-91.37,31.45,-91.15
Hot-Humid,rural,Rural,County,11764,Hot-Humid Rural catchment 137 (demo),1580000,646000,6250.0,2625.0,0.65,0.65,0.65,0.65,127,False,29.5,Hot-Humid Rural Climate Station 5 (demo),731764,31.66,-91.4,31.48,-91.18
Hot-Humid,rural,Rural,County,11765,Hot-Humid Rural catchment 138 (demo),1604000,655800,6340.0,2662.8,0.66,0.66,0.66,0.66,120,False,41.0,Hot-Humid Rural Climate Station 6 (demo),731765,31.3,-91.04,31.12,-90.82
Hot-Humid,rural,Rural,County,11766,Hot-Humid Rural catchment 139 (demo),1628000,665600,6430.0,2700.6,0.67,0.67,0.67,0.67,113,False,52.5,Hot-Humid Rural Climate Station 7 (demo),731766,31.33,-91.07,31.15,-90.85
Hot-Humid,rural,Rural,County,11767,Hot-Humid Rural catchment 140 (demo),1651999,675399,6520.0,2738.4,0.68,0.68,0.68,0.68,106,False,64.0,Hot-Humid Rural Climate Station 1 (demo),731767,31.36,-91.1,31.18,-90.88
Hot-Humid,rural,Rural,County,11768,Hot-Humid Rural catchment 141 (demo),1675999,685200,6610.0,2776.2,0.69,0.69,0.69,0.69,99,False,75.5,Hot-Humid Rural Climate Station 2 (demo),731768,31.39,-91.13,31.21,-90.91
Hot-Humid,rural,Rural,County,11769,Hot-Humid Rural catchment 142 (demo),1700000,695000,6700.0,2814.0,0.7,0.7,0.7,0.7,92,False,87.0,Hot-Humid Rural Climate Station 3 (demo),731769,31.42,-91.16,31.24,-90.94
Hot-Humid,rural,Rural,County,11770,Hot-Humid Rural catchment 143 (demo),1724000,704800,6790.0,2851.8,0.71,0.71,0.71,0.71,85,False,98.5,Hot-Humid Rural Climate Station 4 (demo),731770,31.45,-91.19,31.27,-90.97
Hot-Humid,rural,Rural,County,11771,Hot-Humid Rural catchment 144 (demo),1748000,714600,6880.0,2889.6,0.72,0.72,0.72,0.72,78,False,110.0,Hot-Humid Rural Climate Station 5 (demo),731771,31.48,-91.22,31.3,-91.0
Hot-Humid,rural,Rural,County,11772,Hot-Humid Rural catchment 145 (demo),1772000,724400,6970.0,2927.4,0.73,0.73,0.73,0.73,71,False,18.0,Hot-Humid Rural Climate Station 6 (demo),731772,31.51,-91.25,31.33,-91.03
Hot-Humid,rural,Rural,County,11773,Hot-Humid Rural catchment 146 (demo),1796000,734200,7060.0,2965.2,0.74,0.74,0.74,0.74,64,False,29.5,Hot-Humid Rural Climate Station 7 (demo),731773,31.54,-91.28,31.36,-91.06
Hot-Humid,rural,Rural,County,11774,Hot-Humid Rural catchment 147 (demo),1820000,744000,7150.0,3003.0,0.75,0.75,0.75,0.75,57,False,41.0,Hot-Humid Rural Climate Station 1 (demo),731774,31.57,-91.31,31.39,-91.09
Hot-Humid,rural,Rural,County,11775,Hot-Humid Rural catchment 148 (demo),1844000,753800,7240.0,3040.8,0.76,0.76,0.76,0.76,50,False,52.5,Hot-Humid Rural Climate Station 2 (demo),731775,31.6,-91.34,31.42,-91.12
Marine,higher density urban,HDU,CBSA,11776,Marine HDU catchment 1 (demo),2180000,891000,8500.0,3570.0,0.9,0.9,0.9,0.9,1,True,64.0,Marine HDU Climate Station 3 (demo),731776,47.63,-122.77,47.45,-122.55
Marine,higher density urban,HDU,CBSA,11777,Marine HDU catchment 2 (demo),1508000,616600,5980.0,2511.6,0.62,0.62,0.62,0.62,142,False,75.5,Marine HDU Climate Station 4 (demo),731777,47.66,-122.8,47.48,-122.58
Marine,higher density urban,HDU,CBSA,11778,Marine HDU catchment 3 (demo),1532000,626400,6070.0,2549.4,0.63,0.63,0.63,0.63,135,False,87.0,Marine HDU Climate Station 5 (demo),731778,47.3,-122.44,47.12,-122.22
Marine,higher density urban,HDU,CBSA,11779,Marine HDU catchment 4 (demo),1556000,636200,6160.0,2587.2,0.64,0.64,0.64,0.64,128,False,98.5,Marine HDU Climate Station 6 (demo),731779,47.33,-122.47,47.15,-122.25
Marine,higher density urban,HDU,CBSA,11780,Marine HDU catchment 5 (demo),1580000,646000,6250.0,2625.0,0.65,0.65,0.65,0.65,121,False,110.0,Marine HDU Climate Station 7 (demo),731780,47.36,-122.5,47.18,-122.28
Marine,higher density urban,HDU,CBSA,11781,Marine HDU catchment 6 (demo),1604000,655800,6340.0,2662.8,0.66,0.66,0.66,0.66,114,False,18.0,Marine HDU Climate Station 1 (demo),731781,47.39,-122.53,47.21,-122.31
Marine,higher density urban,HDU,CBSA,11782,Marine HDU catchment 7 (demo),1628000,665600,6430.0,2700.6,0.67,0.67,0.67,0.67,107,False,29.5,Marine HDU Climate Station 2 (demo),731782,47.42,-122.56,47.24,-122.34
Marine,higher density urban,HDU,CBSA,11783,Marine HDU catchment 8 (demo),1651999,675399,6520.0,2738.4,0.68,0.68,0.68,0.68,100,False,41.0,Marine HDU Climate Station 3 (demo),731783,47.45,-122.59,47.27,-122.37
Marine,higher density urban,HDU,CBSA,11784,Marine HDU catchment 9 (demo),1675999,685200,6610.0,2776.2,0.69,0.69,0.69,0.69,93,False,52.5,Marine HDU Climate Station 4 (demo),731784,47.48,-122.62,47.3,-122.4
Marine,higher density urban,HDU,CBSA,11785,Marine HDU catchment 10 (demo),1700000,695000,6700.0,2814.0,0.7,0.7,0.7,0.7,86,False,64.0,Marine HDU Climate Station 5 (demo),731785,47.51,-122.65,47.33,-122.43
Marine,higher density urban,HDU,CBSA,11786,Marine HDU catchment 11 (demo),1724000,704800,6790.0,2851.8,0.71,0.71,0.71,0.71,79,False,75.5,Marine HDU Climate Station 6 (demo),731786,47.54,-122.68,47.36,-122.46
Marine,higher density urban,HDU,CBSA,11787,Marine HDU catchment 12 (demo),1748000,714600,6880.0,2889.6,0.72,0.72,0.72,0.72,72,False,87.0,Marine HDU Climate Station 7 (demo),731787,47.57,-122.71,47.39,-122.49
Marine,higher density urban,HDU,CBSA,11788,Marine HDU catchment 13 (demo),1772000,724400,6970.0,2927.4,0.73,0.73,0.73,0.73,65,False,98.5,Marine HDU Climate Station 1 (demo),731788,47.6,-122.74,47.42,-122.52
Marine,higher density urban,HDU,CBSA,11789,Marine HDU catchment 14 (demo),1796000,734200,7060.0,2965.2,0.74,0.74,0.74,0.74,58,False,110.0,Marine HDU Climate Station 2 (demo),731789,47.63,-122.77,47.45,-122.55
Marine,higher density urban,HDU,CBSA,11790,Marine HDU catchment 15 (demo),1820000,744000,7150.0,3003.0,0.75,0.75,0.75,0.75,51,False,18.0,Marine HDU Climate Station 3 (demo),731790,47.66,-122.8,47.48,-122.58
Marine,higher density urban,HDU,CBSA,11791,Marine HDU catchment 16 (demo),1844000,753800,7240.0,3040.8,0.76,0.76,0.76,0.76,44,False,29.5,Marine HDU Climate Station 4 (demo),731791,47.3,-122.44,47.12,-122.22
Marine,higher density urban,HDU,CBSA,11792,Marine HDU catchment 17 (demo),1868000,763600,7330.0,3078.6,0.77,0.77,0.77,0.77,38,False,41.0,Marine HDU Climate Station 5 (demo),731792,47.33,-122.47,47.15,-122.25
Marine,higher density urban,HDU,CBSA,11793,Marine HDU catchment 18 (demo),1892000,773400,7420.0,3116.4,0.78,0.78,0.78,0.78,32,False,52.5,Marine HDU Climate Station 6 (demo),731793,47.36,-122.5,47.18,-122.28
Marine,higher density urban,HDU,CBSA,11794,Marine HDU catchment 19 (demo),1916000,783200,7510.0,3154.2,0.79,0.79,0.79,0.79,26,False,64.0,Marine HDU Climate Station 7 (demo),731794,47.39,-122.53,47.21,-122.31
Marine,higher density urban,HDU,CBSA,11795,Marine HDU catchment 20 (demo),1940000,793000,7600.0,3192.0,0.8,0.8,0.8,0.8,20,False,75.5,Marine HDU Climate Station 1 (demo),731795,47.42,-122.56,47.24,-122.34
Marine,higher density urban,HDU,CBSA,11796,Marine HDU catchment 21 (demo),1964000,802800,7690.0,3229.8,0.81,0.81,0.81,0.81,14,False,87.0,Marine HDU Climate Station 2 (demo),731796,47.45,-122.59,47.27,-122.37
Marine,higher density urban,HDU,CBSA,11797,Marine HDU catchment 22 (demo),1988000,812600,7780.0,3267.6,0.82,0.82,0.82,0.82,8,False,98.5,Marine HDU Climate Station 3 (demo),731797,47.48,-122.62,47.3,-122.4
Marine,higher density urban,HDU,CBSA,11798,Marine HDU catchment 23 (demo),2012000,822400,7870.0,3305.4,0.83,0.83,0.83,0.83,2,False,110.0,Marine HDU Climate Station 4 (demo),731798,47.51,-122.65,47.33,-122.43
Marine,higher density urban,HDU,CBSA,11799,Marine HDU catchment 24 (demo),1508000,616600,5980.0,2511.6,0.62,0.62,0.62,0.62,143,False,18.0,Marine HDU Climate Station 5 (demo),731799,47.54,-122.68,47.36,-122.46
Marine,higher density urban,HDU,CBSA,11800,Marine HDU catchment 25 (demo),1532000,626400,6070.0,2549.4,0.63,0.63,0.63,0.63,136,False,29.5,Marine HDU Climate Station 6 (demo),731800,47.57,-122.71,47.39,-122.49
Marine,higher density urban,HDU,CBSA,11801,Marine HDU catchment 26 (demo),1556000,636200,6160.0,2587.2,0.64,0.64,0.64,0.64,129,False,41.0,Marine HDU Climate Station 7 (demo),731801,47.6,-122.74,47.42,-122.52
Marine,higher density urban,HDU,CBSA,11802,Marine HDU catchment 27 (demo),1580000,646000,6250.0,2625.0,0.65,0.65,0.65,0.65,122,False,52.5,Marine HDU Climate Station 1 (demo),731802,47.63,-122.77,47.45,-122.55
Marine,higher density urban,HDU,CBSA,11803,Marine HDU catchment 28 (demo),1604000,655800,6340.0,2662.8,0.66,0.66,0.66,0.66,115,False,64.0,Marine HDU Climate Station 2 (demo),731803,47.66,-122.8,47.48,-122.58
Marine,higher density urban,HDU,CBSA,11804,Marine HDU catchment 29 (demo),1628000,665600,6430.0,2700.6,0.67,0.67,0.67,0.67,108,False,75.5,Marine HDU Climate Station 3 (demo),731804,47.3,-122.44,47.12,-122.22
Marine,higher density urban,HDU,CBSA,11805,Marine HDU catchment 30 (demo),1651999,675399,6520.0,2738.4,0.68,0.68,0.68,0.68,101,False,87.0,Marine HDU Climate Station 4 (demo),731805,47.33,-122.47,47.15,-122.25
Marine,higher density urban,HDU,CBSA,11806,Marine HDU catchment 31 (demo),1675999,685200,6610.0,2776.2,0.69,0.69,0.69,0.69,94,False,98.5,Marine HDU Climate Station 5 (demo),731806,47.36,-122.5,47.18,-122.28
Marine,higher density urban,HDU,CBSA,11807,Marine HDU catchment 32 (demo),1700000,695000,6700.0,2814.0,0.7,0.7,0.7,0.7,87,False,110.0,Marine HDU Climate Station 6 (demo),731807,47.39,-122.53,47.21,-122.31
Marine,higher density urban,HDU,CBSA,11808,Marine HDU catchment 33 (demo),1724000,704800,6790.0,2851.8,0.71,0.71,0.71,0.71,80,False,18.0,Marine HDU Climate Station 7 (demo),731808,47.42,-122.56,47.24,-122.34
Marine,higher density urban,HDU,CBSA,11809,Marine HDU catchment 34 (demo),1748000,714600,6880.0,2889.6,0.72,0.72,0.72,0.72,73,False,29.5,Marine HDU Climate Station 1 (demo),731809,47.45,-122.59,47.27,-122.37
Marine,higher density urban,HDU,CBSA,11810,Marine HDU catchment 35 (demo),1772000,724400,6970.0,2927.4,0.73,0.73,0.73,0.73,66,False,41.0,Marine HDU Climate Station 2 (demo),731810,47.48,-122.62,47.3,-122.4
Marine,higher density urban,HDU,CBSA,11811,Marine HDU catchment 36 (demo),1796000,734200,7060.0,2965.2,0.74,0.74,0.74,0.74,59,False,52.5,Marine HDU Climate Station 3 (demo),731811,47.51,-122.65,47.33,-122.43
Marine,higher density urban,HDU,CBSA,11812,Marine HDU catchment 37 (demo),1820000,744000,7150.0,3003.0,0.75,0.75,0.75,0.75,52,False,64.0,Marine HDU Climate Station 4 (demo),731812,47.54,-122.68,47.36,-122.46
Marine,higher density urban,HDU,CBSA,11813,Marine HDU catchment 38 (demo),1844000,753800,7240.0,3040.8,0.76,0.76,0.76,0.76,45,False,75.5,Marine HDU Climate Station 5 (demo),731813,47.57,-122.71,47.39,-122.49
Marine,higher density urban,HDU,CBSA,11814,Marine HDU catchment 39 (demo),1868000,763600,7330.0,3078.6,0.77,0.77,0.77,0.77,39,False,87.0,Marine HDU Climate Station 6 (demo),731814,47.6,-122.74,47.42,-122.52
Marine,higher density urban,HDU,CBSA,11815,Marine HDU catchment 40 (demo),1892000,773400,7420.0,3116.4,0.78,0.78,0.78,0.78,33,False,98.5,Marine HDU Climate Station 7 (demo),731815,47.63,-122.77,47.45,-122.55
Marine,higher density urban,HDU,CBSA,11816,Marine HDU catchment 41 (demo),1916000,783200,7510.0,3154.2,0.79,0.79,0.79,0.79,27,False,110.0,Marine HDU Climate Station 1 (demo),731816,47.66,-122.8,47.48,-122.58
Marine,higher density urban,HDU,CBSA,11817,Marine HDU catchment 42 (demo),1940000,793000,7600.0,3192.0,0.8,0.8,0.8,0.8,21,False,18.0,Marine HDU Climate Station 2 (demo),731817,47.3,-122.44,47.12,-122.22
Marine,higher density urban,HDU,CBSA,11818,Marine HDU catchment 43 (demo),1964000,802800,7690.0,3229.8,0.81,0.81,0.81,0.81,15,False,29.5,Marine HDU Climate Station 3 (demo),731818,47.33,-122.47,47.15,-122.25
Marine,higher density urban,HDU,CBSA,11819,Marine HDU catchment 44 (demo),1988000,812600,7780.0,3267.6,0.82,0.82,0.82,0.82,9,False,41.0,Marine HDU Climate Station 4 (demo),731819,47.36,-122.5,47.18,-122.28
Marine,higher density urban,HDU,CBSA,11820,Marine HDU catchment 45 (demo),2012000,822400,7870.0,3305.4,0.83,0.83,0.83,0.83,3,False,52.5,Marine HDU Climate Station 5 (demo),731820,47.39,-122.53,47.21,-122.31
Marine,higher density urban,HDU,CBSA,11821,Marine HDU catchment 46 (demo),1508000,616600,5980.0,2511.6,0.62,0.62,0.62,0.62,144,False,64.0,Marine HDU Climate Station 6 (demo),731821,47.42,-122.56,47.24,-122.34
Marine,higher density urban,HDU,CBSA,11822,Marine HDU catchment 47 (demo),1532000,626400,6070.0,2549.4,0.63,0.63,0.63,0.63,137,False,75.5,Marine HDU Climate Station 7 (demo),731822,47.45,-122.59,47.27,-122.37
Marine,higher density urban,HDU,CBSA,11823,Marine HDU catchment 48 (demo),1556000,636200,6160.0,2587.2,0.64,0.64,0.64,0.64,130,False,87.0,Marine HDU Climate Station 1 (demo),731823,47.48,-122.62,47.3,-122.4
Marine,higher density urban,HDU,CBSA,11824,Marine HDU catchment 49 (demo),1580000,646000,6250.0,2625.0,0.65,0.65,0.65,0.65,123,False,98.5,Marine HDU Climate Station 2 (demo),731824,47.51,-122.65,47.33,-122.43
Marine,higher density urban,HDU,CBSA,11825,Marine HDU catchment 50 (demo),1604000,655800,6340.0,2662.8,0.66,0.66,0.66,0.66,116,False,110.0,Marine HDU Climate Station 3 (demo),731825,47.54,-122.68,47.36,-122.46
Marine,higher density urban,HDU,CBSA,11826,Marine HDU catchment 51 (demo),1628000,665600,6430.0,2700.6,0.67,0.67,0.67,0.67,109,False,18.0,Marine HDU Climate Station 4 (demo),731826,47.57,-122.71,47.39,-122.49
Marine,higher density urban,HDU,CBSA,11827,Marine HDU catchment 52 (demo),1651999,675399,6520.0,2738.4,0.68,0.68,0.68,0.68,102,False,29.5,Marine HDU Climate Station 5 (demo),731827,47.6,-122.74,47.42,-122.52
Marine,higher density urban,HDU,CBSA,11828,Marine HDU catchment 53 (demo),1675999,685200,6610.0,2776.2,0.69,0.69,0.69,0.69,95,False,41.0,Marine HDU Climate Station 6 (demo),731828,47.63,-122.77,47.45,-122.55
Marine,higher density urban,HDU,CBSA,11829,Marine HDU catchment 54 (demo),1700000,695000,6700.0,2814.0,0.7,0.7,0.7,0.7,88,False,52.5,Marine HDU Climate Station 7 (demo),731829,47.66,-122.8,47.48,-122.58
Marine,higher density urban,HDU,CBSA,11830,Marine HDU catchment 55 (demo),1724000,704800,6790.0,2851.8,0.71,0.71,0.71,0.71,81,False,64.0,Marine HDU Climate Station 1 (demo),731830,47.3,-122.44,47.12,-122.22
Marine,higher density urban,HDU,CBSA,11831,Marine HDU catchment 56 (demo),1748000,714600,6880.0,2889.6,0.72,0.72,0.72,0.72,74,False,75.5,Marine HDU Climate Station 2 (demo),731831,47.33,-122.47,47.15,-122.25
Marine,higher density urban,HDU,CBSA,11832,Marine HDU catchment 57 (demo),1772000,724400,6970.0,2927.4,0.73,0.73,0.73,0.73,67,False,87.0,Marine HDU Climate Station 3 (demo),731832,47.36,-122.5,47.18,-122.28
Marine,higher density urban,HDU,CBSA,11833,Marine HDU catchment 58 (demo),1796000,734200,7060.0,2965.2,0.74,0.74,0.74,0.74,60,False,98.5,Marine HDU Climate Station 4 (demo),731833,47.39,-122.53,47.21,-122.31
Marine,higher density urban,HDU,CBSA,11834,Marine HDU catchment 59 (demo),1820000,744000,7150.0,3003.0,0.75,0.75,0.75,0.75,53,False,110.0,Marine HDU Climate Station 5 (demo),731834,47.42,-122.56,47.24,-122.34
Marine,higher density urban,HDU,CBSA,11835,Marine HDU catchment 60 (demo),1844000,753800,7240.0,3040.8,0.76,0.76,0.76,0.76,46,False,18.0,Marine HDU Climate Station 6 (demo),731835,47.45,-122.59,47.27,-122.37
Marine,higher density urban,HDU,CBSA,11836,Marine HDU catchment 61 (demo),1868000,763600,7330.0,3078.6,0.77,0.77,0.77,0.77,40,False,29.5,Marine HDU Climate Station 7 (demo),731836,47.48,-122.62,47.3,-122.4
Marine,higher density urban,HDU,CBSA,11837,Marine HDU catchment 62 (demo),1892000,773400,7420.0,3116.4,0.78,0.78,0.78,0.78,34,False,41.0,Marine HDU Climate Station 1 (demo),731837,47.51,-122.65,47.33,-122.43
Marine,higher density urban,HDU,CBSA,11838,Marine HDU catchment 63 (demo),1916000,783200,7510.0,3154.2,0.79,0.79,0.79,0.79,28,False,52.5,Marine HDU Climate Station 2 (demo),731838,47.54,-122.68,47.36,-122.46
Marine,higher density urban,HDU,CBSA,11839,Marine HDU catchment 64 (demo),1940000,793000,7600.0,3192.0,0.8,0.8,0.8,0.8,22,False,64.0,Marine HDU Climate Station 3 (demo),731839,47.57,-122.71,47.39,-122.49
Marine,higher density urban,HDU,CBSA,11840,Marine HDU catchment 65 (demo),1964000,802800,7690.0,3229.8,0.81,0.81,0.81,0.81,16,False,75.5,Marine HDU Climate Station 4 (demo),731840,47.6,-122.74,47.42,-122.52
Marine,higher density urban,HDU,CBSA,11841,Marine HDU catchment 66 (demo),1988000,812600,7780.0,3267.6,0.82,0.82,0.82,0.82,10,False,87.0,Marine HDU Climate Station 5 (demo),731841,47.63,-122.77,47.45,-122.55
Marine,higher density urban,HDU,CBSA,11842,Marine HDU catchment 67 (demo),2012000,822400,7870.0,3305.4,0.83,0.83,0.83,0.83,4,False,98.5,Marine HDU Climate Station 6 (demo),731842,47.66,-122.8,47.48,-122.58
Marine,higher density urban,HDU,CBSA,11843,Marine HDU catchment 68 (demo),1508000,616600,5980.0,2511.6,0.62,0.62,0.62,0.62,145,False,110.0,Marine HDU Climate Station 7 (demo),731843,47.3,-122.44,47.12,-122.22
Marine,higher density urban,HDU,CBSA,11844,Marine HDU catchment 69 (demo),1532000,626400,6070.0,2549.4,0.63,0.63,0.63,0.63,138,False,18.0,Marine HDU Climate Station 1 (demo),731844,47.33,-122.47,47.15,-122.25
Marine,higher density urban,HDU,CBSA,11845,Marine HDU catchment 70 (demo),1556000,636200,6160.0,2587.2,0.64,0.64,0.64,0.64,131,False,29.5,Marine HDU Climate Station 2 (demo),731845,47.36,-122.5,47.18,-122.28
Marine,higher density urban,HDU,CBSA,11846,Marine HDU catchment 71 (demo),1580000,646000,6250.0,2625.0,0.65,0.65,0.65,0.65,124,False,41.0,Marine HDU Climate Station 3 (demo),731846,47.39,-122.53,47.21,-122.31
Marine,higher density urban,HDU,CBSA,11847,Marine HDU catchment 72 (demo),1604000,655800,6340.0,2662.8,0.66,0.66,0.66,0.66,117,False,52.5,Marine HDU Climate Station 4 (demo),731847,47.42,-122.56,47.24,-122.34
Marine,higher density urban,HDU,CBSA,11848,Marine HDU catchment 73 (demo),1628000,665600,6430.0,2700.6,0.67,0.67,0.67,0.67,110,False,64.0,Marine HDU Climate Station 5 (demo),731848,47.45,-122.59,47.27,-122.37
Marine,higher density urban,HDU,CBSA,11849,Marine HDU catchment 74 (demo),1651999,675399,6520.0,2738.4,0.68,0.68,0.68,0.68,103,False,75.5,Marine HDU Climate Station 6 (demo),731849,47.48,-122.62,47.3,-122.4
Marine,higher density urban,HDU,CBSA,11850,Marine HDU catchment 75 (demo),1675999,685200,6610.0,2776.2,0.69,0.69,0.69,0.69,96,False,87.0,Marine HDU Climate Station 7 (demo),731850,47.51,-122.65,47.33,-122.43
Marine,higher density urban,HDU,CBSA,11851,Marine HDU catchment 76 (demo),1700000,695000,6700.0,2814.0,0.7,0.7,0.7,0.7,89,False,98.5,Marine HDU Climate Station 1 (demo),731851,47.54,-122.68,47.36,-122.46
Marine,higher density urban,HDU,CBSA,11852,Marine HDU catchment 77 (demo),1724000,704800,6790.0,2851.8,0.71,0.71,0.71,0.71,82,False,110.0,Marine HDU Climate Station 2 (demo),731852,47.57,-122.71,47.39,-122.49
Marine,higher density urban,HDU,CBSA,11853,Marine HDU catchment 78 (demo),1748000,714600,6880.0,2889.6,0.72,0.72,0.72,0.72,75,False,18.0,Marine HDU Climate Station 3 (demo),731853,47.6,-122.74,47.42,-122.52
Marine,higher density urban,HDU,CBSA,11854,Marine HDU catchment 79 (demo),1772000,724400,6970.0,2927.4,0.73,0.73,0.73,0.73,68,False,29.5,Marine HDU Climate Station 4 (demo),731854,47.63,-122.77,47.45,-122.55
Marine,higher density urban,HDU,CBSA,11855,Marine HDU catchment 80 (demo),1796000,734200,7060.0,2965.2,0.74,0.74,0.74,0.74,61,False,41.0,Marine HDU Climate Station 5 (demo),731855,47.66,-122.8,47.48,-122.58
Marine,higher density urban,HDU,CBSA,11856,Marine HDU catchment 81 (demo),1820000,744000,7150.0,3003.0,0.75,0.75,0.75,0.75,54,False,52.5,Marine HDU Climate Station 6 (demo),731856,47.3,-122.44,47.12,-122.22
Marine,higher density urban,HDU,CBSA,11857,Marine HDU catchment 82 (demo),1844000,753800,7240.0,3040.8,0.76,0.76,0.76,0.76,47,False,64.0,Marine HDU Climate Station 7 (demo),731857,47.33,-122.47,47.15,-122.25
Marine,higher density urban,HDU,CBSA,11858,Marine HDU catchment 83 (demo),1868000,763600,7330.0,3078.6,0.77,0.77,0.77,0.77,41,False,75.5,Marine HDU Climate Station 1 (demo),731858,47.36,-122.5,47.18,-122.28
Marine,higher density urban,HDU,CBSA,11859,Marine HDU catchment 84 (demo),1892000,773400,7420.0,3116.4,0.78,0.78,0.78,0.78,35,False,87.0,Marine HDU Climate Station 2 (demo),731859,47.39,-122.53,47.21,-122.31
Marine,higher density urban,HDU,CBSA,11860,Marine HDU catchment 85 (demo),1916000,783200,7510.0,3154.2,0.79,0.79,0.79,0.79,29,False,98.5,Marine HDU Climate Station 3 (demo),731860,47.42,-122.56,47.24,-122.34
Marine,higher density urban,HDU,CBSA,11861,Marine HDU catchment 86 (demo),1940000,793000,7600.0,3192.0,0.8,0.8,0.8,0.8,23,False,110.0,Marine HDU Climate Station 4 (demo),731861,47.45,-122.59,47.27,-122.37
Marine,higher density urban,HDU,CBSA,11862,Marine HDU catchment 87 (demo),1964000,802800,7690.0,3229.8,0.81,0.81,0.81,0.81,17,False,18.0,Marine HDU Climate Station 5 (demo),731862,47.48,-122.62,47.3,-122.4
Marine,higher density urban,HDU,CBSA,11863,Marine HDU catchment 88 (demo),1988000,812600,7780.0,3267.6,0.82,0.82,0.82,0.82,11,False,29.5,Marine HDU Climate Station 6 (demo),731863,47.51,-122.65,47.33,-122.43
Marine,higher density urban,HDU,CBSA,11864,Marine HDU catchment 89 (demo),2012000,822400,7870.0,3305.4,0.83,0.83,0.83,0.83,5,False,41.0,Marine HDU Climate Station 7 (demo),731864,47.54,-122.68,47.36,-122.46
Marine,higher density urban,HDU,CBSA,11865,Marine HDU catchment 90 (demo),1508000,616600,5980.0,2511.6,0.62,0.62,0.62,0.62,146,False,52.5,Marine HDU Climate Station 1 (demo),731865,47.57,-122.71,47.39,-122.49
Marine,higher density urban,HDU,CBSA,11866,Marine HDU catchment 91 (demo),1532000,626400,6070.0,2549.4,0.63,0.63,0.63,0.63,139,False,64.0,Marine HDU Climate Station 2 (demo),731866,47.6,-122.74,47.42,-122.52
Marine,higher density urban,HDU,CBSA,11867,Marine HDU catchment 92 (demo),1556000,636200,6160.0,2587.2,0.64,0.64,0.64,0.64,132,False,75.5,Marine HDU Climate Station 3 (demo),731867,47.63,-122.77,47.45,-122.55
Marine,higher density urban,HDU,CBSA,11868,Marine HDU catchment 93 (demo),1580000,646000,6250.0,2625.0,0.65,0.65,0.65,0.65,125,False,87.0,Marine HDU Climate Station 4 (demo),731868,47.66,-122.8,47.48,-122.58
Marine,higher density urban,HDU,CBSA,11869,Marine HDU catchment 94 (demo),1604000,655800,6340.0,2662.8,0.66,0.66,0.66,0.66,118,False,98.5,Marine HDU Climate Station 5 (demo),731869,47.3,-122.44,47.12,-122.22
Marine,higher density urban,HDU,CBSA,11870,Marine HDU catchment 95 (demo),1628000,665600,6430.0,2700.6,0.67,0.67,0.67,0.67,111,False,110.0,Marine HDU Climate Station 6 (demo),731870,47.33,-122.47,47.15,-122.25
Marine,higher density urban,HDU,CBSA,11871,Marine HDU catchment 96 (demo),1651999,675399,6520.0,2738.4,0.68,0.68,0.68,0.68,104,False,18.0,Marine HDU Climate Station 7 (demo),731871,47.36,-122.5,47.18,-122.28
Marine,higher density urban,HDU,CBSA,11872,Marine HDU catchment 97 (demo),1675999,685200,6610.0,2776.2,0.69,0.69,0.69,0.69,97,False,29.5,Marine HDU Climate Station 1 (demo),731872,47.39,-122.53,47.21,-122.31
Marine,higher density urban,HDU,CBSA,11873,Marine HDU catchment 98 (demo),1700000,695000,6700.0,2814.0,0.7,0.7,0.7,0.7,90,False,41.0,Marine HDU Climate Station 2 (demo),731873,47.42,-122.56,47.24,-122.34
Marine,higher density urban,HDU,CBSA,11874,Marine HDU catchment 99 (demo),1724000,704800,6790.0,2851.8,0.71,0.71,0.71,0.71,83,False,52.5,Marine HDU Climate Station 3 (demo),731874,47.45,-122.59,47.27,-122.37
Marine,higher density urban,HDU,CBSA,11875,Marine HDU catchment 100 (demo),1748000,714600,6880.0,2889.6,0.72,0.72,0.72,0.72,76,False,64.0,Marine HDU Climate Station 4 (demo),731875,47.48,-122.62,47.3,-122.4
Marine,higher density urban,HDU,CBSA,11876,Marine HDU catchment 101 (demo),1772000,724400,6970.0,2927.4,0.73,0.73,0.73,0.73,69,False,75.5,Marine HDU Climate Station 5 (demo),731876,47.51,-122.65,47.33,-122.43
Marine,higher density urban,HDU,CBSA,11877,Marine HDU catchment 102 (demo),1796000,734200,7060.0,2965.2,0.74,0.74,0.74,0.74,62,False,87.0,Marine HDU Climate Station 6 (demo),731877,47.54,-122.68,47.36,-122.46
Marine,higher density urban,HDU,CBSA,11878,Marine HDU catchment 103 (demo),1820000,744000,7150.0,3003.0,0.75,0.75,0.75,0.75,55,False,98.5,Marine HDU Climate Station 7 (demo),731878,47.57,-122.71,47.39,-122.49
Marine,higher density urban,HDU,CBSA,11879,Marine HDU catchment 104 (demo),1844000,753800,7240.0,3040.8,0.76,0.76,0.76,0.76,48,False,110.0,Marine HDU Climate Station 1 (demo),731879,47.6,-122.74,47.42,-122.52
Marine,higher density urban,HDU,CBSA,11880,Marine HDU catchment 105 (demo),1868000,763600,7330.0,3078.6,0.77,0.77,0.77,0.77,42,False,18.0,Marine HDU Climate Station 2 (demo),731880,47.63,-122.77,47.45,-122.55
Marine,higher density urban,HDU,CBSA,11881,Marine HDU catchment 106 (demo),1892000,773400,7420.0,3116.4,0.78,0.78,0.78,0.78,36,False,29.5,Marine HDU Climate Station 3 (demo),731881,47.66,-122.8,47.48,-122.58
Marine,higher density urban,HDU,CBSA,11882,Marine HDU catchment 107 (demo),1916000,783200,7510.0,3154.2,0.79,0.79,0.79,0.79,30,False,41.0,Marine HDU Climate Station 4 (demo),731882,47.3,-122.44,47.12,-122.22
Marine,higher density urban,HDU,CBSA,11883,Marine HDU catchment 108 (demo),1940000,793000,7600.0,3192.0,0.8,0.8,0.8,0.8,24,False,52.5,Marine HDU Climate Station 5 (demo),731883,47.33,-122.47,47.15,-122.25
Marine,higher density urban,HDU,CBSA,11884,Marine HDU catchment 109 (demo),1964000,802800,7690.0,3229.8,0.81,0.81,0.81,0.81,18,False,64.0,Marine HDU Climate Station 6 (demo),731884,47.36,-122.5,47.18,-122.28
Marine,higher density urban,HDU,CBSA,11885,Marine HDU catchment 110 (demo),1988000,812600,7780.0,3267.6,0.82,0.82,0.82,0.82,12,False,75.5,Marine HDU Climate Station 7 (demo),731885,47.39,-122.53,47.21,-122.31
Marine,higher density urban,HDU,CBSA,11886,Marine HDU catchment 111 (demo),2012000,822400,7870.0,3305.4,0.83,0.83,0.83,0.83,6,False,87.0,Marine HDU Climate Station 1 (demo),731886,47.42,-122.56,47.24,-122.34
Marine,higher density urban,HDU,CBSA,11887,Marine HDU catchment 112 (demo),1508000,616600,5980.0,2511.6,0.62,0.62,0.62,0.62,147,False,98.5,Marine HDU Climate Station 2 (demo),731887,47.45,-122.59,47.27,-122.37
Marine,higher density urban,HDU,CBSA,11888,Marine HDU catchment 113 (demo),1532000,626400,6070.0,2549.4,0.63,0.63,0.63,0.63,140,False,110.0,Marine HDU Climate Station 3 (demo),731888,47.48,-122.62,47.3,-122.4
Marine,higher density urban,HDU,CBSA,11889,Marine HDU catchment 114 (demo),1556000,636200,6160.0,2587.2,0.64,0.64,0.64,0.64,133,False,18.0,Marine HDU Climate Station 4 (demo),731889,47.51,-122.65,47.33,-122.43
Marine,higher density urban,HDU,CBSA,11890,Marine HDU catchment 115 (demo),1580000,646000,6250.0,2625.0,0.65,0.65,0.65,0.65,126,False,29.5,Marine HDU Climate Station 5 (demo),731890,47.54,-122.68,47.36,-122.46
Marine,higher density urban,HDU,CBSA,11891,Marine HDU catchment 116 (demo),1604000,655800,6340.0,2662.8,0.66,0.66,0.66,0.66,119,False,41.0,Marine HDU Climate Station 6 (demo),731891,47.57,-122.71,47.39,-122.49
Marine,higher density urban,HDU,CBSA,11892,Marine HDU catchment 117 (demo),1628000,665600,6430.0,2700.6,0.67,0.67,0.67,0.67,112,False,52.5,Marine HDU Climate Station 7 (demo),731892,47.6,-122.74,47.42,-122.52
Marine,higher density urban,HDU,CBSA,11893,Marine HDU catchment 118 (demo),1651999,675399,6520.0,2738.4,0.68,0.68,0.68,0.68,105,False,64.0,Marine HDU Climate Station 1 (demo),731893,47.63,-122.77,47.45,-122.55
Marine,higher density urban,HDU,CBSA,11894,Marine HDU catchment 119 (demo),1675999,685200,6610.0,2776.2,0.69,0.69,0.69,0.69,98,False,75.5,Marine HDU Climate Station 2 (demo),731894,47.66,-122.8,47.48,-122.58
Marine,higher density urban,HDU,CBSA,11895,Marine HDU catchment 120 (demo),1700000,695000,6700.0,2814.0,0.7,0.7,0.7,0.7,91,False,87.0,Marine HDU Climate Station 3 (demo),731895,47.3,-122.44,47.12,-122.22
Marine,higher density urban,HDU,CBSA,11896,Marine HDU catchment 121 (demo),1724000,704800,6790.0,2851.8,0.71,0.71,0.71,0.71,84,False,98.5,Marine HDU Climate Station 4 (demo),731896,47.33,-122.47,47.15,-122.25
Marine,higher density urban,HDU,CBSA,11897,Marine HDU catchment 122 (demo),1748000,714600,6880.0,2889.6,0.72,0.72,0.72,0.72,77,False,110.0,Marine HDU Climate Station 5 (demo),731897,47.36,-122.5,47.18,-122.28
Marine,higher density urban,HDU,CBSA,11898,Marine HDU catchment 123 (demo),1772000,724400,6970.0,2927.4,0.73,0.73,0.73,0.73,70,False,18.0,Marine HDU Climate Station 6 (demo),731898,47.39,-122.53,47.21,-122.31
Marine,higher density urban,HDU,CBSA,11899,Marine HDU catchment 124 (demo),1796000,734200,7060.0,2965.2,0.74,0.74,0.74,0.74,63,False,29.5,Marine HDU Climate Station 7 (demo),731899,47.42,-122.56,47.24,-122.34
Marine,higher density urban,HDU,CBSA,11900,Marine HDU catchment 125 (demo),1820000,744000,7150.0,3003.0,0.75,0.75,0.75,0.75,56,False,41.0,Marine HDU Climate Station 1 (demo),731900,47.45,-122.59,47.27,-122.37
Marine,higher density urban,HDU,CBSA,11901,Marine HDU catchment 126 (demo),1844000,753800,7240.0,3040.8,0.76,0.76,0.76,0.76,49,False,52.5,Marine HDU Climate Station 2 (demo),731901,47.48,-122.62,47.3,-122.4
Marine,higher density urban,HDU,CBSA,11902,Marine HDU catchment 127 (demo),1868000,763600,7330.0,3078.6,0.77,0.77,0.77,0.77,43,False,64.0,Marine HDU Climate Station 3 (demo),731902,47.51,-122.65,47.33,-122.43
Marine,higher density urban,HDU,CBSA,11903,Marine HDU catchment 128 (demo),1892000,773400,7420.0,3116.4,0.78,0.78,0.78,0.78,37,False,75.5,Marine HDU Climate Station 4 (demo),731903,47.54,-122.68,47.36,-122.46
Marine,higher density urban,HDU,CBSA,11904,Marine HDU catchment 129 (demo),1916000,783200,7510.0,3154.2,0.79,0.79,0.79,0.79,31,False,87.0,Marine HDU Climate Station 5 (demo),731904,47.57,-122.71,47.39,-122.49
Marine,higher density urban,HDU,CBSA,11905,Marine HDU catchment 130 (demo),1940000,793000,7600.0,3192.0,0.8,0.8,0.8,0.8,25,False,98.5,Marine HDU Climate Station 6 (demo),731905,47.6,-122.74,47.42,-122.52
Marine,higher density urban,HDU,CBSA,11906,Marine HDU catchment 131 (demo),1964000,802800,7690.0,3229.8,0.81,0.81,0.81,0.81,19,False,110.0,Marine HDU Climate Station 7 (demo),731906,47.63,-122.77,47.45,-122.55
Marine,higher density urban,HDU,CBSA,11907,Marine HDU catchment 132 (demo),1988000,812600,7780.0,3267.6,0.82,0.82,0.82,0.82,13,False,18.0,Marine HDU Climate Station 1 (demo),731907,47.66,-122.8,47.48,-122.58
Marine,higher density urban,HDU,CBSA,11908,Marine HDU catchment 133 (demo),2012000,822400,7870.0,3305.4,0.83,0.83,0.83,0.83,7,False,29.5,Marine HDU Climate Station 2 (demo),731908,47.3,-122.44,47.12,-122.22
Marine,higher density urban,HDU,CBSA,11909,Marine HDU catchment 134 (demo),1508000,616600,5980.0,2511.6,0.62,0.62,0.62,0.62,148,False,41.0,Marine HDU Climate Station 3 (demo),731909,47.33,-122.47,47.15,-122.25
Marine,higher density urban,HDU,CBSA,11910,Marine HDU catchment 135 (demo),1532000,626400,6070.0,2549.4,0.63,0.63,0.63,0.63,141,False,52.5,Marine HDU Climate Station 4 (demo),731910,47.36,-122.5,47.18,-122.28
Marine,higher density urban,HDU,CBSA,11911,Marine HDU catchment 136 (demo),1556000,636200,6160.0,2587.2,0.64,0.64,0.64,0.64,134,False,64.0,Marine HDU Climate Station 5 (demo),731911,47.39,-122.53,47.21,-122.31
Marine,higher density urban,HDU,CBSA,11912,Marine HDU catchment 137 (demo),1580000,646000,6250.0,2625.0,0.65,0.65,0.65,0.65,127,False,75.5,Marine HDU Climate Station 6 (demo),731912,47.42,-122.56,47.24,-122.34
Marine,higher density urban,HDU,CBSA,11913,Marine HDU catchment 138 (demo),1604000,655800,6340.0,2662.8,0.66,0.66,0.66,0.66,120,False,87.0,Marine HDU Climate Station 7 (demo),731913,47.45,-122.59,47.27,-122.37
Marine,higher density urban,HDU,CBSA,11914,Marine HDU catchment 139 (demo),1628000,665600,6430.0,2700.6,0.67,0.67,0.67,0.67,113,False,98.5,Marine HDU Climate Station 1 (demo),731914,47.48,-122.62,47.3,-122.4
Marine,higher density urban,HDU,CBSA,11915,Marine HDU catchment 140 (demo),1651999,675399,6520.0,2738.4,0.68,0.68,0.68,0.68,106,False,110.0,Marine HDU Climate Station 2 (demo),731915,47.51,-122.65,47.33,-122.43
Marine,higher density urban,HDU,CBSA,11916,Marine HDU catchment 141 (demo),1675999,685200,6610.0,2776.2,0.69,0.69,0.69,0.69,99,False,18.0,Marine HDU Climate Station 3 (demo),731916,47.54,-122.68,47.36,-122.46
Marine,higher density urban,HDU,CBSA,11917,Marine HDU catchment 142 (demo),1700000,695000,6700.0,2814.0,0.7,0.7,0.7,0.7,92,False,29.5,Marine HDU Climate Station 4 (demo),731917,47.57,-122.71,47.39,-122.49
Marine,higher density urban,HDU,CBSA,11918,Marine HDU catchment 143 (demo),1724000,704800,6790.0,2851.8,0.71,0.71,0.71,0.71,85,False,41.0,Marine HDU Climate Station 5 (demo),731918,47.6,-122.74,47.42,-122.52
Marine,higher density urban,HDU,CBSA,11919,Marine HDU catchment 144 (demo),1748000,714600,6880.0,2889.6,0.72,0.72,0.72,0.72,78,False,52.5,Marine HDU Climate Station 6 (demo),731919,47.63,-122.77,47.45,-122.55
Marine,higher density urban,HDU,CBSA,11920,Marine HDU catchment 145 (demo),1772000,724400,6970.0,2927.4,0.73,0.73,0.73,0.73,71,False,64.0,Marine HDU Climate Station 7 (demo),731920,47.66,-122.8,47.48,-122.58
Marine,higher density urban,HDU,CBSA,11921,Marine HDU catchment 146 (demo),1796000,734200,7060.0,2965.2,0.74,0.74,0.74,0.74,64,False,75.5,Marine HDU Climate Station 1 (demo),731921,47.3,-122.44,47.12,-122.22
Marine,higher density urban,HDU,CBSA,11922,Marine HDU catchment 147 (demo),1820000,744000,7150.0,3003.0,0.75,0.75,0.75,0.75,57,False,87.0,Marine HDU Climate Station 2 (demo),731922,47.33,-122.47,47.15,-122.25
Marine,higher density urban,HDU,CBSA,11923,Marine HDU catchment 148 (demo),1844000,753800,7240.0,3040.8,0.76,0.76,0.76,0.76,50,False,98.5,Marine HDU Climate Station 3 (demo),731923,47.36,-122.5,47.18,-122.28
Marine,lower density urban,LDU,CBSA,11924,Marine LDU catchment 1 (demo),2180000,891000,8500.0,3570.0,0.9,0.9,0.9,0.9,1,True,110.0,Marine LDU Climate Station 4 (demo),731924,47.99,-122.13,47.81,-121.91
Marine,lower density urban,LDU,CBSA,11925,Marine LDU catchment 2 (demo),1508000,616600,5980.0,2511.6,0.62,0.62,0.62,0.62,142,False,18.0,Marine LDU Climate Station 5 (demo),731925,48.02,-122.16,47.84,-121.94
Marine,lower density urban,LDU,CBSA,11926,Marine LDU catchment 3 (demo),1532000,626400,6070.0,2549.4,0.63,0.63,0.63,0.63,135,False,29.5,Marine LDU Climate Station 6 (demo),731926,48.05,-122.19,47.87,-121.97
Marine,lower density urban,LDU,CBSA,11927,Marine LDU catchment 4 (demo),1556000,636200,6160.0,2587.2,0.64,0.64,0.64,0.64,128,False,41.0,Marine LDU Climate Station 7 (demo),731927,48.08,-122.22,47.9,-122.0
Marine,lower density urban,LDU,CBSA,11928,Marine LDU catchment 5 (demo),1580000,646000,6250.0,2625.0,0.65,0.65,0.65,0.65,121,False,52.5,Marine LDU Climate Station 1 (demo),731928,48.11,-122.25,47.93,-122.03
Marine,lower density urban,LDU,CBSA,11929,Marine LDU catchment 6 (demo),1604000,655800,6340.0,2662.8,0.66,0.66,0.66,0.66,114,False,64.0,Marine LDU Climate Station 2 (demo),731929,48.14,-122.28,47.96,-122.06
Marine,lower density urban,LDU,CBSA,11930,Marine LDU catchment 7 (demo),1628000,665600,6430.0,2700.6,0.67,0.67,0.67,0.67,107,False,75.5,Marine LDU Climate Station 3 (demo),731930,48.17,-122.31,47.99,-122.09
Marine,lower density urban,LDU,CBSA,11931,Marine LDU catchment 8 (demo),1651999,675399,6520.0,2738.4,0.68,0.68,0.68,0.68,100,False,87.0,Marine LDU Climate Station 4 (demo),731931,48.2,-122.34,48.02,-122.12
Marine,lower density urban,LDU,CBSA,11932,Marine LDU catchment 9 (demo),1675999,685200,6610.0,2776.2,0.69,0.69,0.69,0.69,93,False,98.5,Marine LDU Climate Station 5 (demo),731932,48.23,-122.37,48.05,-122.15
Marine,lower density urban,LDU,CBSA,11933,Marine LDU catchment 10 (demo),1700000,695000,6700.0,2814.0,0.7,0.7,0.7,0.7,86,False,110.0,Marine LDU Climate Station 6 (demo),731933,48.26,-122.4,48.08,-122.18
Marine,lower density urban,LDU,CBSA,11934,Marine LDU catchment 11 (demo),1724000,704800,6790.0,2851.8,0.71,0.71,0.71,0.71,79,False,18.0,Marine LDU Climate Station 7 (demo),731934,47.9,-122.04,47.72,-121.82
Marine,lower density urban,LDU,CBSA,11935,Marine LDU catchment 12 (demo),1748000,714600,6880.0,2889.6,0.72,0.72,0.72,0.72,72,False,29.5,Marine LDU Climate Station 1 (demo),731935,47.93,-122.07,47.75,-121.85
Marine,lower density urban,LDU,CBSA,11936,Marine LDU catchment 13 (demo),1772000,724400,6970.0,2927.4,0.73,0.73,0.73,0.73,65,False,41.0,Marine LDU Climate Station 2 (demo),731936,47.96,-122.1,47.78,-121.88
Marine,lower density urban,LDU,CBSA,11937,Marine LDU catchment 14 (demo),1796000,734200,7060.0,2965.2,0.74,0.74,0.74,0.74,58,False,52.5,Marine LDU Climate Station 3 (demo),731937,47.99,-122.13,47.81,-121.91
Marine,lower density urban,LDU,CBSA,11938,Marine LDU catchment 15 (demo),1820000,744000,7150.0,3003.0,0.75,0.75,0.75,0.75,51,False,64.0,Marine LDU Climate Station 4 (demo),731938,48.02,-122.16,47.84,-121.94
Marine,lower density urban,LDU,CBSA,11939,Marine LDU catchment 16 (demo),1844000,753800,7240.0,3040.8,0.76,0.76,0.76,0.76,44,False,75.5,Marine LDU Climate Station 5 (demo),731939,48.05,-122.19,47.87,-121.97
Marine,lower density urban,LDU,CBSA,11940,Marine LDU catchment 17 (demo),1868000,763600,7330.0,3078.6,0.77,0.77,0.77,0.77,38,False,87.0,Marine LDU Climate Station 6 (demo),731940,48.08,-122.22,47.9,-122.0
Marine,lower density urban,LDU,CBSA,11941,Marine LDU catchment 18 (demo),1892000,773400,7420.0,3116.4,0.78,0.78,0.78,0.78,32,False,98.5,Marine LDU Climate Station 7 (demo),731941,48.11,-122.25,47.93,-122.03
Marine,lower density urban,LDU,CBSA,11942,Marine LDU catchment 19 (demo),1916000,783200,7510.0,3154.2,0.79,0.79,0.79,0.79,26,False,110.0,Marine LDU Climate Station 1 (demo),731942,48.14,-122.28,47.96,-122.06
Marine,lower density urban,LDU,CBSA,11943,Marine LDU catchment 20 (demo),1940000,793000,7600.0,3192.0,0.8,0.8,0.8,0.8,20,False,18.0,Marine LDU Climate Station 2 (demo),731943,48.17,-122.31,47.99,-122.09
Marine,lower density urban,LDU,CBSA,11944,Marine LDU catchment 21 (demo),1964000,802800,7690.0,3229.8,0.81,0.81,0.81,0.81,14,False,29.5,Marine LDU Climate Station 3 (demo),731944,48.2,-122.34,48.02,-122.12
Marine,lower density urban,LDU,CBSA,11945,Marine LDU catchment 22 (demo),1988000,812600,7780.0,3267.6,0.82,0.82,0.82,0.82,8,False,41.0,Marine LDU Climate Station 4 (demo),731945,48.23,-122.37,48.05,-122.15
Marine,lower density urban,LDU,CBSA,11946,Marine LDU catchment 23 (demo),2012000,822400,7870.0,3305.4,0.83,0.83,0.83,0.83,2,False,52.5,Marine LDU Climate Station 5 (demo),731946,48.26,-122.4,48.08,-122.18
Marine,lower density urban,LDU,CBSA,11947,Marine LDU catchment 24 (demo),1508000,616600,5980.0,2511.6,0.62,0.62,0.62,0.62,143,False,64.0,Marine LDU Climate Station 6 (demo),731947,47.9,-122.04,47.72,-121.82
Marine,lower density urban,LDU,CBSA,11948,Marine LDU catchment 25 (demo),1532000,626400,6070.0,2549.4,0.63,0.63,0.63,0.63,136,False,75.5,Marine LDU Climate Station 7 (demo),731948,47.93,-122.07,47.75,-121.85
Marine,lower density urban,LDU,CBSA,11949,Marine LDU catchment 26 (demo),1556000,636200,6160.0,2587.2,0.64,0.64,0.64,0.64,129,False,87.0,Marine LDU Climate Station 1 (demo),731949,47.96,-122.1,47.78,-121.88
Marine,lower density urban,LDU,CBSA,11950,Marine LDU catchment 27 (demo),1580000,646000,6250.0,2625.0,0.65,0.65,0.65,0.65,122,False,98.5,Marine LDU Climate Station 2 (demo),731950,47.99,-122.13,47.81,-121.91
Marine,lower density urban,LDU,CBSA,11951,Marine LDU catchment 28 (demo),1604000,655800,6340.0,2662.8,0.66,0.66,0.66,0.66,115,False,110.0,Marine LDU Climate Station 3 (demo),731951,48.02,-122.16,47.84,-121.94
Marine,lower density urban,LDU,CBSA,11952,Marine LDU catchment 29 (demo),1628000,665600,6430.0,2700.6,0.67,0.67,0.67,0.67,108,False,18.0,Marine LDU Climate Station 4 (demo),731952,48.05,-122.19,47.87,-121.97
Marine,lower density urban,LDU,CBSA,11953,Marine LDU catchment 30 (demo),1651999,675399,6520.0,2738.4,0.68,0.68,0.68,0.68,101,False,29.5,Marine LDU Climate Station 5 (demo),731953,48.08,-122.22,47.9,-122.0
Marine,lower density urban,LDU,CBSA,11954,Marine LDU catchment 31 (demo),1675999,685200,6610.0,2776.2,0.69,0.69,0.69,0.69,94,False,41.0,Marine LDU Climate Station 6 (demo),731954,48.11,-122.25,47.93,-122.03
Marine,lower density urban,LDU,CBSA,11955,Marine LDU catchment 32 (demo),1700000,695000,6700.0,2814.0,0.7,0.7,0.7,0.7,87,False,52.5,Marine LDU Climate Station 7 (demo),731955,48.14,-122.28,47.96,-122.06
Marine,lower density urban,LDU,CBSA,11956,Marine LDU catchment 33 (demo),1724000,704800,6790.0,2851.8,0.71,0.71,0.71,0.71,80,False,64.0,Marine LDU Climate Station 1 (demo),731956,48.17,-122.31,47.99,-122.09
Marine,lower density urban,LDU,CBSA,11957,Marine LDU catchment 34 (demo),1748000,714600,6880.0,2889.6,0.72,0.72,0.72,0.72,73,False,75.5,Marine LDU Climate Station 2 (demo),731957,48.2,-122.34,48.02,-122.12
Marine,lower density urban,LDU,CBSA,11958,Marine LDU catchment 35 (demo),1772000,724400,6970.0,2927.4,0.73,0.73,0.73,0.73,66,False,87.0,Marine LDU Climate Station 3 (demo),731958,48.23,-122.37,48.05,-122.15
Marine,lower density urban,LDU,CBSA,11959,Marine LDU catchment 36 (demo),1796000,734200,7060.0,2965.2,0.74,0.74,0.74,0.74,59,False,98.5,Marine LDU Climate Station 4 (demo),731959,48.26,-122.4,48.08,-122.18
Marine,lower density urban,LDU,CBSA,11960,Marine LDU catchment 37 (demo),1820000,744000,7150.0,3003.0,0.75,0.75,0.75,0.75,52,False,110.0,Marine LDU Climate Station 5 (demo),731960,47.9,-122.04,47.72,-121.82
Marine,lower density urban,LDU,CBSA,11961,Marine LDU catchment 38 (demo),1844000,753800,7240.0,3040.8,0.76,0.76,0.76,0.76,45,False,18.0,Marine LDU Climate Station 6 (demo),731961,47.93,-122.07,47.75,-121.85
Marine,lower density urban,LDU,CBSA,11962,Marine LDU catchment 39 (demo),1868000,763600,7330.0,3078.6,0.77,0.77,0.77,0.77,39,False,29.5,Marine LDU Climate Station 7 (demo),731962,47.96,-122.1,47.78,-121.88
Marine,lower density urban,LDU,CBSA,11963,Marine LDU catchment 40 (demo),1892000,773400,7420.0,3116.4,0.78,0.78,0.78,0.78,33,False,41.0,Marine LDU Climate Station 1 (demo),731963,47.99,-122.13,47.81,-121.91
Marine,lower density urban,LDU,CBSA,11964,Marine LDU catchment 41 (demo),1916000,783200,7510.0,3154.2,0.79,0.79,0.79,0.79,27,False,52.5,Marine LDU Climate Station 2 (demo),731964,48.02,-122.16,47.84,-121.94
Marine,lower density urban,LDU,CBSA,11965,Marine LDU catchment 42 (demo),1940000,793000,7600.0,3192.0,0.8,0.8,0.8,0.8,21,False,64.0,Marine LDU Climate Station 3 (demo),731965,48.05,-122.19,47.87,-121.97
Marine,lower density urban,LDU,CBSA,11966,Marine LDU catchment 43 (demo),1964000,802800,7690.0,3229.8,0.81,0.81,0.81,0.81,15,False,75.5,Marine LDU Climate Station 4 (demo),731966,48.08,-122.22,47.9,-122.0
Marine,lower density urban,LDU,CBSA,11967,Marine LDU catchment 44 (demo),1988000,812600,7780.0,3267.6,0.82,0.82,0.82,0.82,9,False,87.0,Marine LDU Climate Station 5 (demo),731967,48.11,-122.25,47.93,-122.03
Marine,lower density urban,LDU,CBSA,11968,Marine LDU catchment 45 (demo),2012000,822400,7870.0,3305.4,0.83,0.83,0.83,0.83,3,False,98.5,Marine LDU Climate Station 6 (demo),731968,48.14,-122.28,47.96,-122.06
Marine,lower density urban,LDU,CBSA,11969,Marine LDU catchment 46 (demo),1508000,616600,5980.0,2511.6,0.62,0.62,0.62,0.62,144,False,110.0,Marine LDU Climate Station 7 (demo),731969,48.17,-122.31,47.99,-122.09
Marine,lower density urban,LDU,CBSA,11970,Marine LDU catchment 47 (demo),1532000,626400,6070.0,2549.4,0.63,0.63,0.63,0.63,137,False,18.0,Marine LDU Climate Station 1 (demo),731970,48.2,-122.34,48.02,-122.12
Marine,lower density urban,LDU,CBSA,11971,Marine LDU catchment 48 (demo),1556000,636200,6160.0,2587.2,0.64,0.64,0.64,0.64,130,False,29.5,Marine LDU Climate Station 2 (demo),731971,48.23,-122.37,48.05,-122.15
Marine,lower density urban,LDU,CBSA,11972,Marine LDU catchment 49 (demo),1580000,646000,6250.0,2625.0,0.65,0.65,0.65,0.65,123,False,41.0,Marine LDU Climate Station 3 (demo),731972,48.26,-122.4,48.08,-122.18
Marine,lower density urban,LDU,CBSA,11973,Marine LDU catchment 50 (demo),1604000,655800,6340.0,2662.8,0.66,0.66,0.66,0.66,116,False,52.5,Marine LDU Climate Station 4 (demo),731973,47.9,-122.04,47.72,-121.82
Marine,lower density urban,LDU,CBSA,11974,Marine LDU catchment 51 (demo),1628000,665600,6430.0,2700.6,0.67,0.67,0.67,0.67,109,False,64.0,Marine LDU Climate Station 5 (demo),731974,47.93,-122.07,47.75,-121.85
Marine,lower density urban,LDU,CBSA,11975,Marine LDU catchment 52 (demo),1651999,675399,6520.0,2738.4,0.68,0.68,0.68,0.68,102,False,75.5,Marine LDU Climate Station 6 (demo),731975,47.96,-122.1,47.78,-121.88
Marine,lower density urban,LDU,CBSA,11976,Marine LDU catchment 53 (demo),1675999,685200,6610.0,2776.2,0.69,0.69,0.69,0.69,95,False,87.0,Marine LDU Climate Station 7 (demo),731976,47.99,-122.13,47.81,-121.91
Marine,lower density urban,LDU,CBSA,11977,Marine LDU catchment 54 (demo),1700000,695000,6700.0,2814.0,0.7,0.7,0.7,0.7,88,False,98.5,Marine LDU Climate Station 1 (demo),731977,48.02,-122.16,47.84,-121.94
Marine,lower density urban,LDU,CBSA,11978,Marine LDU catchment 55 (demo),1724000,704800,6790.0,2851.8,0.71,0.71,0.71,0.71,81,False,110.0,Marine LDU Climate Station 2 (demo),731978,48.05,-122.19,47.87,-121.97
Marine,lower density urban,LDU,CBSA,11979,Marine LDU catchment 56 (demo),1748000,714600,6880.0,2889.6,0.72,0.72,0.72,0.72,74,False,18.0,Marine LDU Climate Station 3 (demo),731979,48.08,-122.22,47.9,-122.0
Marine,lower density urban,LDU,CBSA,11980,Marine LDU catchment 57 (demo),1772000,724400,6970.0,2927.4,0.73,0.73,0.73,0.73,67,False,29.5,Marine LDU Climate Station 4 (demo),731980,48.11,-122.25,47.93,-122.03
Marine,lower density urban,LDU,CBSA,11981,Marine LDU catchment 58 (demo),1796000,734200,7060.0,2965.2,0.74,0.74,0.74,0.74,60,False,41.0,Marine LDU Climate Station 5 (demo),731981,48.14,-122.28,47.96,-122.06
Marine,lower density urban,LDU,CBSA,11982,Marine LDU catchment 59 (demo),1820000,744000,7150.0,3003.0,0.75,0.75,0.75,0.75,53,False,52.5,Marine LDU Climate Station 6 (demo),731982,48.17,-122.31,47.99,-122.09
Marine,lower density urban,LDU,CBSA,11983,Marine LDU catchment 60 (demo),1844000,753800,7240.0,3040.8,0.76,0.76,0.76,0.76,46,False,64.0,Marine LDU Climate Station 7 (demo),731983,48.2,-122.34,48.02,-122.12
Marine,lower density urban,LDU,CBSA,11984,Marine LDU catchment 61 (demo),1868000,763600,7330.0,3078.6,0.77,0.77,0.77,0.77,40,False,75.5,Marine LDU Climate Station 1 (demo),731984,48.23,-122.37,48.05,-122.15
Marine,lower density urban,LDU,CBSA,11985,Marine LDU catchment 62 (demo),1892000,773400,7420.0,3116.4,0.78,0.78,0.78,0.78,34,False,87.0,Marine LDU Climate Station 2 (demo),731985,48.26,-122.4,48.08,-122.18
Marine,lower density urban,LDU,CBSA,11986,Marine LDU catchment 63 (demo),1916000,783200,7510.0,3154.2,0.79,0.79,0.79,0.79,28,False,98.5,Marine LDU Climate Station 3 (demo),731986,47.9,-122.04,47.72,-121.82
Marine,lower density urban,LDU,CBSA,11987,Marine LDU catchment 64 (demo),1940000,793000,7600.0,3192.0,0.8,0.8,0.8,0.8,22,False,110.0,Marine LDU Climate Station 4 (demo),731987,47.93,-122.07,47.75,-121.85
Marine,lower density urban,LDU,CBSA,11988,Marine LDU catchment 65 (demo),1964000,802800,7690.0,3229.8,0.81,0.81,0.81,0.81,16,False,18.0,Marine LDU Climate Station 5 (demo),731988,47.96,-122.1,47.78,-121.88
Marine,lower density urban,LDU,CBSA,11989,Marine LDU catchment 66 (demo),1988000,812600,7780.0,3267.6,0.82,0.82,0.82,0.82,10,False,29.5,Marine LDU Climate Station 6 (demo),731989,47.99,-122.13,47.81,-121.91
Marine,lower density urban,LDU,CBSA,11990,Marine LDU catchment 67 (demo),2012000,822400,7870.0,3305.4,0.83,0.83,0.83,0.83,4,False,41.0,Marine LDU Climate Station 7 (demo),731990,48.02,-122.16,47.84,-121.94
Marine,lower density urban,LDU,CBSA,11991,Marine LDU catchment 68 (demo),1508000,616600,5980.0,2511.6,0.62,0.62,0.62,0.62,145,False,52.5,Marine LDU Climate Station 1 (demo),731991,48.05,-122.19,47.87,-121.97
Marine,lower density urban,LDU,CBSA,11992,Marine LDU catchment 69 (demo),1532000,626400,6070.0,2549.4,0.63,0.63,0.63,0.63,138,False,64.0,Marine LDU Climate Station 2 (demo),731992,48.08,-122.22,47.9,-122.0
Marine,lower density urban,LDU,CBSA,11993,Marine LDU catchment 70 (demo),1556000,636200,6160.0,2587.2,0.64,0.64,0.64,0.64,131,False,75.5,Marine LDU Climate Station 3 (demo),731993,48.11,-122.25,47.93,-122.03
Marine,lower density urban,LDU,CBSA,11994,Marine LDU catchment 71 (demo),1580000,646000,6250.0,2625.0,0.65,0.65,0.65,0.65,124,False,87.0,Marine LDU Climate Station 4 (demo),731994,48.14,-122.28,47.96,-122.06
Marine,lower density urban,LDU,CBSA,11995,Marine LDU catchment 72 (demo),1604000,655800,6340.0,2662.8,0.66,0.66,0.66,0.66,117,False,98.5,Marine LDU Climate Station 5 (demo),731995,48.17,-122.31,47.99,-122.09
Marine,lower density urban,LDU,CBSA,11996,Marine LDU catchment 73 (demo),1628000,665600,6430.0,2700.6,0.67,0.67,0.67,0.67,110,False,110.0,Marine LDU Climate Station 6 (demo),731996,48.2,-122.34,48.02,-122.12
Marine,lower density urban,LDU,CBSA,11997,Marine LDU catchment 74 (demo),1651999,675399,6520.0,2738.4,0.68,0.68,0.68,0.68,103,False,18.0,Marine LDU Climate Station 7 (demo),731997,48.23,-122.37,48.05,-122.15
Marine,lower density urban,LDU,CBSA,11998,Marine LDU catchment 75 (demo),1675999,685200,6610.0,2776.2,0.69,0.69,0.69,0.69,96,False,29.5,Marine LDU Climate Station 1 (demo),731998,48.26,-122.4,48.08,-122.18
Marine,lower density urban,LDU,CBSA,11999,Marine LDU catchment 76 (demo),1700000,695000,6700.0,2814.0,0.7,0.7,0.7,0.7,89,False,41.0,Marine LDU Climate Station 2 (demo),731999,47.9,-122.04,47.72,-121.82
Marine,lower density urban,LDU,CBSA,12000,Marine LDU catchment 77 (demo),1724000,704800,6790.0,2851.8,0.71,0.71,0.71,0.71,82,False,52.5,Marine LDU Climate Station 3 (demo),732000,47.93,-122.07,47.75,-121.85
Marine,lower density urban,LDU,CBSA,12001,Marine LDU catchment 78 (demo),1748000,714600,6880.0,2889.6,0.72,0.72,0.72,0.72,75,False,64.0,Marine LDU Climate Station 4 (demo),732001,47.96,-122.1,47.78,-121.88
Marine,lower density urban,LDU,CBSA,12002,Marine LDU catchment 79 (demo),1772000,724400,6970.0,2927.4,0.73,0.73,0.73,0.73,68,False,75.5,Marine LDU Climate Station 5 (demo),732002,47.99,-122.13,47.81,-121.91
Marine,lower density urban,LDU,CBSA,12003,Marine LDU catchment 80 (demo),1796000,734200,7060.0,2965.2,0.74,0.74,0.74,0.74,61,False,87.0,Marine LDU Climate Station 6 (demo),732003,48.02,-122.16,47.84,-121.94
Marine,lower density urban,LDU,CBSA,12004,Marine LDU catchment 81 (demo),1820000,744000,7150.0,3003.0,0.75,0.75,0.75,0.75,54,False,98.5,Marine LDU Climate Station 7 (demo),732004,48.05,-122.19,47.87,-121.97
Marine,lower density urban,LDU,CBSA,12005,Marine LDU catchment 82 (demo),1844000,753800,7240.0,3040.8,0.76,0.76,0.76,0.76,47,False,110.0,Marine LDU Climate Station 1 (demo),732005,48.08,-122.22,47.9,-122.0
Marine,lower density urban,LDU,CBSA,12006,Marine LDU catchment 83 (demo),1868000,763600,7330.0,3078.6,0.77,0.77,0.77,0.77,41,False,18.0,Marine LDU Climate Station 2 (demo),732006,48.11,-122.25,47.93,-122.03
Marine,lower density urban,LDU,CBSA,12007,Marine LDU catchment 84 (demo),1892000,773400,7420.0,3116.4,0.78,0.78,0.78,0.78,35,False,29.5,Marine LDU Climate Station 3 (demo),732007,48.14,-122.28,47.96,-122.06
Marine,lower density urban,LDU,CBSA,12008,Marine LDU catchment 85 (demo),1916000,783200,7510.0,3154.2,0.79,0.79,0.79,0.79,29,False,41.0,Marine LDU Climate Station 4 (demo),732008,48.17,-122.31,47.99,-122.09
Marine,lower density urban,LDU,CBSA,12009,Marine LDU catchment 86 (demo),1940000,793000,7600.0,3192.0,0.8,0.8,0.8,0.8,23,False,52.5,Marine LDU Climate Station 5 (demo),732009,48.2,-122.34,48.02,-122.12
Marine,lower density urban,LDU,CBSA,12010,Marine LDU catchment 87 (demo),1964000,802800,7690.0,3229.8,0.81,0.81,0.81,0.81,17,False,64.0,Marine LDU Climate Station 6 (demo),732010,48.23,-122.37,48.05,-122.15
Marine,lower density urban,LDU,CBSA,12011,Marine LDU catchment 88 (demo),1988000,812600,7780.0,3267.6,0.82,0.82,0.82,0.82,11,False,75.5,Marine LDU Climate Station 7 (demo),732011,48.26,-122.4,48.08,-122.18
Marine,lower density urban,LDU,CBSA,12012,Marine LDU catchment 89 (demo),2012000,822400,7870.0,3305.4,0.83,0.83,0.83,0.83,5,False,87.0,Marine LDU Climate Station 1 (demo),732012,47.9,-122.04,47.72,-121.82
Marine,lower density urban,LDU,CBSA,12013,Marine LDU catchment 90 (demo),1508000,616600,5980.0,2511.6,0.62,0.62,0.62,0.62,146,False,98.5,Marine LDU Climate Station 2 (demo),732013,47.93,-122.07,47.75,-121.85
Marine,lower density urban,LDU,CBSA,12014,Marine LDU catchment 91 (demo),1532000,626400,6070.0,2549.4,0.63,0.63,0.63,0.63,139,False,110.0,Marine LDU Climate Station 3 (demo),732014,47.96,-122.1,47.78,-121.88
Marine,lower density urban,LDU,CBSA,12015,Marine LDU catchment 92 (demo),1556000,636200,6160.0,2587.2,0.64,0.64,0.64,0.64,132,False,18.0,Marine LDU Climate Station 4 (demo),732015,47.99,-122.13,47.81,-121.91
Marine,lower density urban,LDU,CBSA,12016,Marine LDU catchment 93 (demo),1580000,646000,6250.0,2625.0,0.65,0.65,0.65,0.65,125,False,29.5,Marine LDU Climate Station 5 (demo),732016,48.02,-122.16,47.84,-121.94
Marine,lower density urban,LDU,CBSA,12017,Marine LDU catchment 94 (demo),1604000,655800,6340.0,2662.8,0.66,0.66,0.66,0.66,118,False,41.0,Marine LDU Climate Station 6 (demo),732017,48.05,-122.19,47.87,-121.97
Marine,lower density urban,LDU,CBSA,12018,Marine LDU catchment 95 (demo),1628000,665600,6430.0,2700.6,0.67,0.67,0.67,0.67,111,False,52.5,Marine LDU Climate Station 7 (demo),732018,48.08,-122.22,47.9,-122.0
Marine,lower density urban,LDU,CBSA,12019,Marine LDU catchment 96 (demo),1651999,675399,6520.0,2738.4,0.68,0.68,0.68,0.68,104,False,64.0,Marine LDU Climate Station 1 (demo),732019,48.11,-122.25,47.93,-122.03
Marine,lower density urban,LDU,CBSA,12020,Marine LDU catchment 97 (demo),1675999,685200,6610.0,2776.2,0.69,0.69,0.69,0.69,97,False,75.5,Marine LDU Climate Station 2 (demo),732020,48.14,-122.28,47.96,-122.06
Marine,lower density urban,LDU,CBSA,12021,Marine LDU catchment 98 (demo),1700000,695000,6700.0,2814.0,0.7,0.7,0.7,0.7,90,False,87.0,Marine LDU Climate Station 3 (demo),732021,48.17,-122.31,47.99,-122.09
Marine,lower density urban,LDU,CBSA,12022,Marine LDU catchment 99 (demo),1724000,704800,6790.0,2851.8,0.71,0.71,0.71,0.71,83,False,98.5,Marine LDU Climate Station 4 (demo),732022,48.2,-122.34,48.02,-122.12
Marine,lower density urban,LDU,CBSA,12023,Marine LDU catchment 100 (demo),1748000,714600,6880.0,2889.6,0.72,0.72,0.72,0.72,76,False,110.0,Marine LDU Climate Station 5 (demo),732023,48.23,-122.37,48.05,-122.15
Marine,lower density urban,LDU,CBSA,12024,Marine LDU catchment 101 (demo),1772000,724400,6970.0,2927.4,0.73,0.73,0.73,0.73,69,False,18.0,Marine LDU Climate Station 6 (demo),732024,48.26,-122.4,48.08,-122.18
Marine,lower density urban,LDU,CBSA,12025,Marine LDU catchment 102 (demo),1796000,734200,7060.0,2965.2,0.74,0.74,0.74,0.74,62,False,29.5,Marine LDU Climate Station 7 (demo),732025,47.9,-122.04,47.72,-121.82
Marine,lower density urban,LDU,CBSA,12026,Marine LDU catchment 103 (demo),1820000,744000,7150.0,3003.0,0.75,0.75,0.75,0.75,55,False,41.0,Marine LDU Climate Station 1 (demo),732026,47.93,-122.07,47.75,-121.85
Marine,lower density urban,LDU,CBSA,12027,Marine LDU catchment 104 (demo),1844000,753800,7240.0,3040.8,0.76,0.76,0.76,0.76,48,False,52.5,Marine LDU Climate Station 2 (demo),732027,47.96,-122.1,47.78,-121.88
Marine,lower density urban,LDU,CBSA,12028,Marine LDU catchment 105 (demo),1868000,763600,7330.0,3078.6,0.77,0.77,0.77,0.77,42,False,64.0,Marine LDU Climate Station 3 (demo),732028,47.99,-122.13,47.81,-121.91
Marine,lower density urban,LDU,CBSA,12029,Marine LDU catchment 106 (demo),1892000,773400,7420.0,3116.4,0.78,0.78,0.78,0.78,36,False,75.5,Marine LDU Climate Station 4 (demo),732029,48.02,-122.16,47.84,-121.94
Marine,lower density urban,LDU,CBSA,12030,Marine LDU catchment 107 (demo),1916000,783200,7510.0,3154.2,0.79,0.79,0.79,0.79,30,False,87.0,Marine LDU Climate Station 5 (demo),732030,48.05,-122.19,47.87,-121.97
Marine,lower density urban,LDU,CBSA,12031,Marine LDU catchment 108 (demo),1940000,793000,7600.0,3192.0,0.8,0.8,0.8,0.8,24,False,98.5,Marine LDU Climate Station 6 (demo),732031,48.08,-122.22,47.9,-122.0
Marine,lower density urban,LDU,CBSA,12032,Marine LDU catchment 109 (demo),1964000,802800,7690.0,3229.8,0.81,0.81,0.81,0.81,18,False,110.0,Marine LDU Climate Station 7 (demo),732032,48.11,-122.25,47.93,-122.03
Marine,lower density urban,LDU,CBSA,12033,Marine LDU catchment 110 (demo),1988000,812600,7780.0,3267.6,0.82,0.82,0.82,0.82,12,False,18.0,Marine LDU Climate Station 1 (demo),732033,48.14,-122.28,47.96,-122.06
Marine,lower density urban,LDU,CBSA,12034,Marine LDU catchment 111 (demo),2012000,822400,7870.0,3305.4,0.83,0.83,0.83,0.83,6,False,29.5,Marine LDU Climate Station 2 (demo),732034,48.17,-122.31,47.99,-122.09
Marine,lower density urban,LDU,CBSA,12035,Marine LDU catchment 112 (demo),1508000,616600,5980.0,2511.6,0.62,0.62,0.62,0.62,147,False,41.0,Marine LDU Climate Station 3 (demo),732035,48.2,-122.34,48.02,-122.12
Marine,lower density urban,LDU,CBSA,12036,Marine LDU catchment 113 (demo),1532000,626400,6070.0,2549.4,0.63,0.63,0.63,0.63,140,False,52.5,Marine LDU Climate Station 4 (demo),732036,48.23,-122.37,48.05,-122.15
Marine,lower density urban,LDU,CBSA,12037,Marine LDU catchment 114 (demo),1556000,636200,6160.0,2587.2,0.64,0.64,0.64,0.64,133,False,64.0,Marine LDU Climate Station 5 (demo),732037,48.26,-122.4,48.08,-122.18
Marine,lower density urban,LDU,CBSA,12038,Marine LDU catchment 115 (demo),1580000,646000,6250.0,2625.0,0.65,0.65,0.65,0.65,126,False,75.5,Marine LDU Climate Station 6 (demo),732038,47.9,-122.04,47.72,-121.82
Marine,lower density urban,LDU,CBSA,12039,Marine LDU catchment 116 (demo),1604000,655800,6340.0,2662.8,0.66,0.66,0.66,0.66,119,False,87.0,Marine LDU Climate Station 7 (demo),732039,47.93,-122.07,47.75,-121.85
Marine,lower density urban,LDU,CBSA,12040,Marine LDU catchment 117 (demo),1628000,665600,6430.0,2700.6,0.67,0.67,0.67,0.67,112,False,98.5,Marine LDU Climate Station 1 (demo),732040,47.96,-122.1,47.78,-121.88
Marine,lower density urban,LDU,CBSA,12041,Marine LDU catchment 118 (demo),1651999,675399,6520.0,2738.4,0.68,0.68,0.68,0.68,105,False,110.0,Marine LDU Climate Station 2 (demo),732041,47.99,-122.13,47.81,-121.91
Marine,lower density urban,LDU,CBSA,12042,Marine LDU catchment 119 (demo),1675999,685200,6610.0,2776.2,0.69,0.69,0.69,0.69,98,False,18.0,Marine LDU Climate Station 3 (demo),732042,48.02,-122.16,47.84,-121.94
Marine,lower density urban,LDU,CBSA,12043,Marine LDU catchment 120 (demo),1700000,695000,6700.0,2814.0,0.7,0.7,0.7,0.7,91,False,29.5,Marine LDU Climate Station 4 (demo),732043,48.05,-122.19,47.87,-121.97
Marine,lower density urban,LDU,CBSA,12044,Marine LDU catchment 121 (demo),1724000,704800,6790.0,2851.8,0.71,0.71,0.71,0.71,84,False,41.0,Marine LDU Climate Station 5 (demo),732044,48.08,-122.22,47.9,-122.0
Marine,lower density urban,LDU,CBSA,12045,Marine LDU catchment 122 (demo),1748000,714600,6880.0,2889.6,0.72,0.72,0.72,0.72,77,False,52.5,Marine LDU Climate Station 6 (demo),732045,48.11,-122.25,47.93,-122.03
Marine,lower density urban,LDU,CBSA,12046,Marine LDU catchment 123 (demo),1772000,724400,6970.0,2927.4,0.73,0.73,0.73,0.73,70,False,64.0,Marine LDU Climate Station 7 (demo),732046,48.14,-122.28,47.96,-122.06
Marine,lower density urban,LDU,CBSA,12047,Marine LDU catchment 124 (demo),1796000,734200,7060.0,2965.2,0.74,0.74,0.74,0.74,63,False,75.5,Marine LDU Climate Station 1 (demo),732047,48.17,-122.31,47.99,-122.09
Marine,lower density urban,LDU,CBSA,12048,Marine LDU catchment 125 (demo),1820000,744000,7150.0,3003.0,0.75,0.75,0.75,0.75,56,False,87.0,Marine LDU Climate Station 2 (demo),732048,48.2,-122.34,48.02,-122.12
Marine,lower density urban,LDU,CBSA,12049,Marine LDU catchment 126 (demo),1844000,753800,7240.0,3040.8,0.76,0.76,0.76,0.76,49,False,98.5,Marine LDU Climate Station 3 (demo),732049,48.23,-122.37,48.05,-122.15
Marine,lower density urban,LDU,CBSA,12050,Marine LDU catchment 127 (demo),1868000,763600,7330.0,3078.6,0.77,0.77,0.77,0.77,43,False,110.0,Marine LDU Climate Station 4 (demo),732050,48.26,-122.4,48.08,-122.18
Marine,lower density urban,LDU,CBSA,12051,Marine LDU catchment 128 (demo),1892000,773400,7420.0,3116.4,0.78,0.78,0.78,0.78,37,False,18.0,Marine LDU Climate Station 5 (demo),732051,47.9,-122.04,47.72,-121.82
Marine,lower density urban,LDU,CBSA,12052,Marine LDU catchment 129 (demo),1916000,783200,7510.0,3154.2,0.79,0.79,0.79,0.79,31,False,29.5,Marine LDU Climate Station 6 (demo),732052,47.93,-122.07,47.75,-121.85
Marine,lower density urban,LDU,CBSA,12053,Marine LDU catchment 130 (demo),1940000,793000,7600.0,3192.0,0.8,0.8,0.8,0.8,25,False,41.0,Marine LDU Climate Station 7 (demo),732053,47.96,-122.1,47.78,-121.88
Marine,lower density urban,LDU,CBSA,12054,Marine LDU catchment 131 (demo),1964000,802800,7690.0,3229.8,0.81,0.81,0.81,0.81,19,False,52.5,Marine LDU Climate Station 1 (demo),732054,47.99,-122.13,47.81,-121.91
Marine,lower density urban,LDU,CBSA,12055,Marine LDU catchment 132 (demo),1988000,812600,7780.0,3267.6,0.82,0.82,0.82,0.82,13,False,64.0,Marine LDU Climate Station 2 (demo),732055,48.02,-122.16,47.84,-121.94
Marine,lower density urban,LDU,CBSA,12056,Marine LDU catchment 133 (demo),2012000,822400,7870.0,3305.4,0.83,0.83,0.83,0.83,7,False,75.5,Marine LDU Climate Station 3 (demo),732056,48.05,-122.19,47.87,-121.97
Marine,lower density urban,LDU,CBSA,12057,Marine LDU catchment 134 (demo),1508000,616600,5980.0,2511.6,0.62,0.62,0.62,0.62,148,False,87.0,Marine LDU Climate Station 4 (demo),732057,48.08,-122.22,47.9,-122.0
Marine,lower density urban,LDU,CBSA,12058,Marine LDU catchment 135 (demo),1532000,626400,6070.0,2549.4,0.63,0.63,0.63,0.63,141,False,98.5,Marine LDU Climate Station 5 (demo),732058,48.11,-122.25,47.93,-122.03
Marine,lower density urban,LDU,CBSA,12059,Marine LDU catchment 136 (demo),1556000,636200,6160.0,2587.2,0.64,0.64,0.64,0.64,134,False,110.0,Marine LDU Climate Station 6 (demo),732059,48.14,-122.28,47.96,-122.06
Marine,lower density urban,LDU,CBSA,12060,Marine LDU catchment 137 (demo),1580000,646000,6250.0,2625.0,0.65,0.65,0.65,0.65,127,False,18.0,Marine LDU Climate Station 7 (demo),732060,48.17,-122.31,47.99,-122.09
Marine,lower density urban,LDU,CBSA,12061,Marine LDU catchment 138 (demo),1604000,655800,6340.0,2662.8,0.66,0.66,0.66,0.66,120,False,29.5,Marine LDU Climate Station 1 (demo),732061,48.2,-122.34,48.02,-122.12
Marine,lower density urban,LDU,CBSA,12062,Marine LDU catchment 139 (demo),1628000,665600,6430.0,2700.6,0.67,0.67,0.67,0.67,113,False,41.0,Marine LDU Climate Station 2 (demo),732062,48.23,-122.37,48.05,-122.15
Marine,lower density urban,LDU,CBSA,12063,Marine LDU catchment 140 (demo),1651999,675399,6520.0,2738.4,0.68,0.68,0.68,0.68,106,False,52.5,Marine LDU Climate Station 3 (demo),732063,48.26,-122.4,48.08,-122.18
Marine,lower density urban,LDU,CBSA,12064,Marine LDU catchment 141 (demo),1675999,685200,6610.0,2776.2,0.69,0.69,0.69,0.69,99,False,64.0,Marine LDU Climate Station 4 (demo),732064,47.9,-122.04,47.72,-121.82
Marine,lower density urban,LDU,CBSA,12065,Marine LDU catchment 142 (demo),1700000,695000,6700.0,2814.0,0.7,0.7,0.7,0.7,92,False,75.5,Marine LDU Climate Station 5 (demo),732065,47.93,-122.07,47.75,-121.85
Marine,lower density urban,LDU,CBSA,12066,Marine LDU catchment 143 (demo),1724000,704800,6790.0,2851.8,0.71,0.71,0.71,0.71,85,False,87.0,Marine LDU Climate Station 6 (demo),732066,47.96,-122.1,47.78,-121.88
Marine,lower density urban,LDU,CBSA,12067,Marine LDU catchment 144 (demo),1748000,714600,6880.0,2889.6,0.72,0.72,0.72,0.72,78,False,98.5,Marine LDU Climate Station 7 (demo),732067,47.99,-122.13,47.81,-121.91
Marine,lower density urban,LDU,CBSA,12068,Marine LDU catchment 145 (demo),1772000,724400,6970.0,2927.4,0.73,0.73,0.73,0.73,71,False,110.0,Marine LDU Climate Station 1 (demo),732068,48.02,-122.16,47.84,-121.94
Marine,lower density urban,LDU,CBSA,12069,Marine LDU catchment 146 (demo),1796000,734200,7060.0,2965.2,0.74,0.74,0.74,0.74,64,False,18.0,Marine LDU Climate Station 2 (demo),732069,48.05,-122.19,47.87,-121.97
Marine,lower density urban,LDU,CBSA,12070,Marine LDU catchment 147 (demo),1820000,744000,7150.0,3003.0,0.75,0.75,0.75,0.75,57,False,29.5,Marine LDU Climate Station 3 (demo),732070,48.08,-122.22,47.9,-122.0
Marine,lower density urban,LDU,CBSA,12071,Marine LDU catchment 148 (demo),1844000,753800,7240.0,3040.8,0.76,0.76,0.76,0.76,50,False,41.0,Marine LDU Climate Station 4 (demo),732071,48.11,-122.25,47.93,-122.03
Marine,suburban/small town,Suburban,CBSA,12072,Marine Suburban catchment 1 (demo),2180000,891000,8500.0,3570.0,0.9,0.9,0.9,0.9,1,True,52.5,Marine Suburban Climate Station 5 (demo),732072,47.04,-121.98,46.86,-121.76
Marine,suburban/small town,Suburban,CBSA,12073,Marine Suburban catchment 2 (demo),1508000,616600,5980.0,2511.6,0.62,0.62,0.62,0.62,142,False,64.0,Marine Suburban Climate Station 6 (demo),732073,47.07,-122.01,46.89,-121.79
Marine,suburban/small town,Suburban,CBSA,12074,Marine Suburban catchment 3 (demo),1532000,626400,6070.0,2549.4,0.63,0.63,0.63,0.63,135,False,75.5,Marine Suburban Climate Station 7 (demo),732074,47.1,-122.04,46.92,-121.82
Marine,suburban/small town,Suburban,CBSA,12075,Marine Suburban catchment 4 (demo),1556000,636200,6160.0,2587.2,0.64,0.64,0.64,0.64,128,False,87.0,Marine Suburban Climate Station 1 (demo),732075,47.13,-122.07,46.95,-121.85
Marine,suburban/small town,Suburban,CBSA,12076,Marine Suburban catchment 5 (demo),1580000,646000,6250.0,2625.0,0.65,0.65,0.65,0.65,121,False,98.5,Marine Suburban Climate Station 2 (demo),732076,47.16,-122.1,46.98,-121.88
Marine,suburban/small town,Suburban,CBSA,12077,Marine Suburban catchment 6 (demo),1604000,655800,6340.0,2662.8,0.66,0.66,0.66,0.66,114,False,110.0,Marine Suburban Climate Station 3 (demo),732077,46.8,-121.74,46.62,-121.52
Marine,suburban/small town,Suburban,CBSA,12078,Marine Suburban catchment 7 (demo),1628000,665600,6430.0,2700.6,0.67,0.67,0.67,0.67,107,False,18.0,Marine Suburban Climate Station 4 (demo),732078,46.83,-121.77,46.65,-121.55
Marine,suburban/small town,Suburban,CBSA,12079,Marine Suburban catchment 8 (demo),1651999,675399,6520.0,2738.4,0.68,0.68,0.68,0.68,100,False,29.5,Marine Suburban Climate Station 5 (demo),732079,46.86,-121.8,46.68,-121.58
Marine,suburban/small town,Suburban,CBSA,12080,Marine Suburban catchment 9 (demo),1675999,685200,6610.0,2776.2,0.69,0.69,0.69,0.69,93,False,41.0,Marine Suburban Climate Station 6 (demo),732080,46.89,-121.83,46.71,-121.61
Marine,suburban/small town,Suburban,CBSA,12081,Marine Suburban catchment 10 (demo),1700000,695000,6700.0,2814.0,0.7,0.7,0.7,0.7,86,False,52.5,Marine Suburban Climate Station 7 (demo),732081,46.92,-121.86,46.74,-121.64
Marine,suburban/small town,Suburban,CBSA,12082,Marine Suburban catchment 11 (demo),1724000,704800,6790.0,2851.8,0.71,0.71,0.71,0.71,79,False,64.0,Marine Suburban Climate Station 1 (demo),732082,46.95,-121.89,46.77,-121.67
Marine,suburban/small town,Suburban,CBSA,12083,Marine Suburban catchment 12 (demo),1748000,714600,6880.0,2889.6,0.72,0.72,0.72,0.72,72,False,75.5,Marine Suburban Climate Station 2 (demo),732083,46.98,-121.92,46.8,-121.7
Marine,suburban/small town,Suburban,CBSA,12084,Marine Suburban catchment 13 (demo),1772000,724400,6970.0,2927.4,0.73,0.73,0.73,0.73,65,False,87.0,Marine Suburban Climate Station 3 (demo),732084,47.01,-121.95,46.83,-121.73
Marine,suburban/small town,Suburban,CBSA,12085,Marine Suburban catchment 14 (demo),1796000,734200,7060.0,2965.2,0.74,0.74,0.74,0.74,58,False,98.5,Marine Suburban Climate Station 4 (demo),732085,47.04,-121.98,46.86,-121.76
Marine,suburban/small town,Suburban,CBSA,12086,Marine Suburban catchment 15 (demo),1820000,744000,7150.0,3003.0,0.75,0.75,0.75,0.75,51,False,110.0,Marine Suburban Climate Station 5 (demo),732086,47.07,-122.01,46.89,-121.79
Marine,suburban/small town,Suburban,CBSA,12087,Marine Suburban catchment 16 (demo),1844000,753800,7240.0,3040.8,0.76,0.76,0.76,0.76,44,False,18.0,Marine Suburban Climate Station 6 (demo),732087,47.1,-122.04,46.92,-121.82
Marine,suburban/small town,Suburban,CBSA,12088,Marine Suburban catchment 17 (demo),1868000,763600,7330.0,3078.6,0.77,0.77,0.77,0.77,38,False,29.5,Marine Suburban Climate Station 7 (demo),732088,47.13,-122.07,46.95,-121.85
Marine,suburban/small town,Suburban,CBSA,12089,Marine Suburban catchment 18 (demo),1892000,773400,7420.0,3116.4,0.78,0.78,0.78,0.78,32,False,41.0,Marine Suburban Climate Station 1 (demo),732089,47.16,-122.1,46.98,-121.88
Marine,suburban/small town,Suburban,CBSA,12090,Marine Suburban catchment 19 (demo),1916000,783200,7510.0,3154.2,0.79,0.79,0.79,0.79,26,False,52.5,Marine Suburban Climate Station 2 (demo),732090,46.8,-121.74,46.62,-121.52
Marine,suburban/small town,Suburban,CBSA,12091,Marine Suburban catchment 20 (demo),1940000,793000,7600.0,3192.0,0.8,0.8,0.8,0.8,20,False,64.0,Marine Suburban Climate Station 3 (demo),732091,46.83,-121.77,46.65,-121.55
Marine,suburban/small town,Suburban,CBSA,12092,Marine Suburban catchment 21 (demo),1964000,802800,7690.0,3229.8,0.81,0.81,0.81,0.81,14,False,75.5,Marine Suburban Climate Station 4 (demo),732092,46.86,-121.8,46.68,-121.58
Marine,suburban/small town,Suburban,CBSA,12093,Marine Suburban catchment 22 (demo),1988000,812600,7780.0,3267.6,0.82,0.82,0.82,0.82,8,False,87.0,Marine Suburban Climate Station 5 (demo),732093,46.89,-121.83,46.71,-121.61
Marine,suburban/small town,Suburban,CBSA,12094,Marine Suburban catchment 23 (demo),2012000,822400,7870.0,3305.4,0.83,0.83,0.83,0.83,2,False,98.5,Marine Suburban Climate Station 6 (demo),732094,46.92,-121.86,46.74,-121.64
Marine,suburban/small town,Suburban,CBSA,12095,Marine Suburban catchment 24 (demo),1508000,616600,5980.0,2511.6,0.62,0.62,0.62,0.62,143,False,110.0,Marine Suburban Climate Station 7 (demo),732095,46.95,-121.89,46.77,-121.67
Marine,suburban/small town,Suburban,CBSA,12096,Marine Suburban catchment 25 (demo),1532000,626400,6070.0,2549.4,0.63,0.63,0.63,0.63,136,False,18.0,Marine Suburban Climate Station 1 (demo),732096,46.98,-121.92,46.8,-121.7
Marine,suburban/small town,Suburban,CBSA,12097,Marine Suburban catchment 26 (demo),1556000,636200,6160.0,2587.2,0.64,0.64,0.64,0.64,129,False,29.5,Marine Suburban Climate Station 2 (demo),732097,47.01,-121.95,46.83,-121.73
Marine,suburban/small town,Suburban,CBSA,12098,Marine Suburban catchment 27 (demo),1580000,646000,6250.0,2625.0,0.65,0.65,0.65,0.65,122,False,41.0,Marine Suburban Climate Station 3 (demo),732098,47.04,-121.98,46.86,-121.76
Marine,suburban/small town,Suburban,CBSA,12099,Marine Suburban catchment 28 (demo),1604000,655800,6340.0,2662.8,0.66,0.66,0.66,0.66,115,False,52.5,Marine Suburban Climate Station 4 (demo),732099,47.07,-122.01,46.89,-121.79
Marine,suburban/small town,Suburban,CBSA,12100,Marine Suburban catchment 29 (demo),1628000,665600,6430.0,2700.6,0.67,0.67,0.67,0.67,108,False,64.0,Marine Suburban Climate Station 5 (demo),732100,47.1,-122.04,46.92,-121.82
Marine,suburban/small town,Suburban,CBSA,12101,Marine Suburban catchment 30 (demo),1651999,675399,6520.0,2738.4,0.68,0.68,0.68,0.68,101,False,75.5,Marine Suburban Climate Station 6 (demo),732101,47.13,-122.07,46.95,-121.85
Marine,suburban/small town,Suburban,CBSA,12102,Marine Suburban catchment 31 (demo),1675999,685200,6610.0,2776.2,0.69,0.69,0.69,0.69,94,False,87.0,Marine Suburban Climate Station 7 (demo),732102,47.16,-122.1,46.98,-121.88
Marine,suburban/small town,Suburban,CBSA,12103,Marine Suburban catchment 32 (demo),1700000,695000,6700.0,2814.0,0.7,0.7,0.7,0.7,87,False,98.5,Marine Suburban Climate Station 1 (demo),732103,46.8,-121.74,46.62,-121.52
Marine,suburban/small town,Suburban,CBSA,12104,Marine Suburban catchment 33 (demo),1724000,704800,6790.0,2851.8,0.71,0.71,0.71,0.71,80,False,110.0,Marine Suburban Climate Station 2 (demo),732104,46.83,-121.77,46.65,-121.55
Marine,suburban/small town,Suburban,CBSA,12105,Marine Suburban catchment 34 (demo),1748000,714600,6880.0,2889.6,0.72,0.72,0.72,0.72,73,False,18.0,Marine Suburban Climate Station 3 (demo),732105,46.86,-121.8,46.68,-121.58
Marine,suburban/small town,Suburban,CBSA,12106,Marine Suburban catchment 35 (demo),1772000,724400,6970.0,2927.4,0.73,0.73,0.73,0.73,66,False,29.5,Marine Suburban Climate Station 4 (demo),732106,46.89,-121.83,46.71,-121.61
Marine,suburban/small town,Suburban,CBSA,12107,Marine Suburban catchment 36 (demo),1796000,734200,7060.0,2965.2,0.74,0.74,0.74,0.74,59,False,41.0,Marine Suburban Climate Station 5 (demo),732107,46.92,-121.86,46.74,-121.64
Marine,suburban/small town,Suburban,CBSA,12108,Marine Suburban catchment 37 (demo),1820000,744000,7150.0,3003.0,0.75,0.75,0.75,0.75,52,False,52.5,Marine Suburban Climate Station 6 (demo),732108,46.95,-121.89,46.77,-121.67
Marine,suburban/small town,Suburban,CBSA,12109,Marine Suburban catchment 38 (demo),1844000,753800,7240.0,3040.8,0.76,0.76,0.76,0.76,45,False,64.0,Marine Suburban Climate Station 7 (demo),732109,46.98,-121.92,46.8,-121.7
Marine,suburban/small town,Suburban,CBSA,12110,Marine Suburban catchment 39 (demo),1868000,763600,7330.0,3078.6,0.77,0.77,0.77,0.77,39,False,75.5,Marine Suburban Climate Station 1 (demo),732110,47.01,-121.95,46.83,-121.73
Marine,suburban/small town,Suburban,CBSA,12111,Marine Suburban catchment 40 (demo),1892000,773400,7420.0,3116.4,0.78,0.78,0.78,0.78,33,False,87.0,Marine Suburban Climate Station 2 (demo),732111,47.04,-121.98,46.86,-121.76
Marine,suburban/small town,Suburban,CBSA,12112,Marine Suburban catchment 41 (demo),1916000,783200,7510.0,3154.2,0.79,0.79,0.79,0.79,27,False,98.5,Marine Suburban Climate Station 3 (demo),732112,47.07,-122.01,46.89,-121.79
Marine,suburban/small town,Suburban,CBSA,12113,Marine Suburban catchment 42 (demo),1940000,793000,7600.0,3192.0,0.8,0.8,0.8,0.8,21,False,110.0,Marine Suburban Climate Station 4 (demo),732113,47.1,-122.04,46.92,-121.82
Marine,suburban/small town,Suburban,CBSA,12114,Marine Suburban catchment 43 (demo),1964000,802800,7690.0,3229.8,0.81,0.81,0.81,0.81,15,False,18.0,Marine Suburban Climate Station 5 (demo),732114,47.13,-122.07,46.95,-121.85
Marine,suburban/small town,Suburban,CBSA,12115,Marine Suburban catchment 44 (demo),1988000,812600,7780.0,3267.6,0.82,0.82,0.82,0.82,9,False,29.5,Marine Suburban Climate Station 6 (demo),732115,47.16,-122.1,46.98,-121.88
Marine,suburban/small town,Suburban,CBSA,12116,Marine Suburban catchment 45 (demo),2012000,822400,7870.0,3305.4,0.83,0.83,0.83,0.83,3,False,41.0,Marine Suburban Climate Station 7 (demo),732116,46.8,-121.74,46.62,-121.52
Marine,suburban/small town,Suburban,CBSA,12117,Marine Suburban catchment 46 (demo),1508000,616600,5980.0,2511.6,0.62,0.62,0.62,0.62,144,False,52.5,Marine Suburban Climate Station 1 (demo),732117,46.83,-121.77,46.65,-121.55
Marine,suburban/small town,Suburban,CBSA,12118,Marine Suburban catchment 47 (demo),1532000,626400,6070.0,2549.4,0.63,0.63,0.63,0.63,137,False,64.0,Marine Suburban Climate Station 2 (demo),732118,46.86,-121.8,46.68,-121.58
Marine,suburban/small town,Suburban,CBSA,12119,Marine Suburban catchment 48 (demo),1556000,636200,6160.0,2587.2,0.64,0.64,0.64,0.64,130,False,75.5,Marine Suburban Climate Station 3 (demo),732119,46.89,-121.83,46.71,-121.61
Marine,suburban/small town,Suburban,CBSA,12120,Marine Suburban catchment 49 (demo),1580000,646000,6250.0,2625.0,0.65,0.65,0.65,0.65,123,False,87.0,Marine Suburban Climate Station 4 (demo),732120,46.92,-121.86,46.74,-121.64
Marine,suburban/small town,Suburban,CBSA,12121,Marine Suburban catchment 50 (demo),1604000,655800,6340.0,2662.8,0.66,0.66,0.66,0.66,116,False,98.5,Marine Suburban Climate Station 5 (demo),732121,46.95,-121.89,46.77,-121.67
Marine,suburban/small town,Suburban,CBSA,12122,Marine Suburban catchment 51 (demo),1628000,665600,6430.0,2700.6,0.67,0.67,0.67,0.67,109,False,110.0,Marine Suburban Climate Station 6 (demo),732122,46.98,-121.92,46.8,-121.7
Marine,suburban/small town,Suburban,CBSA,12123,Marine Suburban catchment 52 (demo),1651999,675399,6520.0,2738.4,0.68,0.68,0.68,0.68,102,False,18.0,Marine Suburban Climate Station 7 (demo),732123,47.01,-121.95,46.83,-121.73
Marine,suburban/small town,Suburban,CBSA,12124,Marine Suburban catchment 53 (demo),1675999,685200,6610.0,2776.2,0.69,0.69,0.69,0.69,95,False,29.5,Marine Suburban Climate Station 1 (demo),732124,47.04,-121.98,46.86,-121.76
Marine,suburban/small town,Suburban,CBSA,12125,Marine Suburban catchment 54 (demo),1700000,695000,6700.0,2814.0,0.7,0.7,0.7,0.7,88,False,41.0,Marine Suburban Climate Station 2 (demo),732125,47.07,-122.01,46.89,-121.79
Marine,suburban/small town,Suburban,CBSA,12126,Marine Suburban catchment 55 (demo),1724000,704800,6790.0,2851.8,0.71,0.71,0.71,0.71,81,False,52.5,Marine Suburban Climate Station 3 (demo),732126,47.1,-122.04,46.92,-121.82
Marine,suburban/small town,Suburban,CBSA,12127,Marine Suburban catchment 56 (demo),1748000,714600,6880.0,2889.6,0.72,0.72,0.72,0.72,74,False,64.0,Marine Suburban Climate Station 4 (demo),732127,47.13,-122.07,46.95,-121.85
Marine,suburban/small town,Suburban,CBSA,12128,Marine Suburban catchment 57 (demo),1772000,724400,6970.0,2927.4,0.73,0.73,0.73,0.73,67,False,75.5,Marine Suburban Climate Station 5 (demo),732128,47.16,-122.1,46.98,-121.88
Marine,suburban/small town,Suburban,CBSA,12129,Marine Suburban catchment 58 (demo),1796000,734200,7060.0,2965.2,0.74,0.74,0.74,0.74,60,False,87.0,Marine Suburban Climate Station 6 (demo),732129,46.8,-121.74,46.62,-121.52
Marine,suburban/small town,Suburban,CBSA,12130,Marine Suburban catchment 59 (demo),1820000,744000,7150.0,3003.0,0.75,0.75,0.75,0.75,53,False,98.5,Marine Suburban Climate Station 7 (demo),732130,46.83,-121.77,46.65,-121.55
Marine,suburban/small town,Suburban,CBSA,12131,Marine Suburban catchment 60 (demo),1844000,753800,7240.0,3040.8,0.76,0.76,0.76,0.76,46,False,110.0,Marine Suburban Climate Station 1 (demo),732131,46.86,-121.8,46.68,-121.58
Marine,suburban/small town,Suburban,CBSA,12132,Marine Suburban catchment 61 (demo),1868000,763600,7330.0,3078.6,0.77,0.77,0.77,0.77,40,False,18.0,Marine Suburban Climate Station 2 (demo),732132,46.89,-121.83,46.71,-121.61
Marine,suburban/small town,Suburban,CBSA,12133,Marine Suburban catchment 62 (demo),1892000,773400,7420.0,3116.4,0.78,0.78,0.78,0.78,34,False,29.5,Marine Suburban Climate Station 3 (demo),732133,46.92,-121.86,46.74,-121.64
Marine,suburban/small town,Suburban,CBSA,12134,Marine Suburban catchment 63 (demo),1916000,783200,7510.0,3154.2,0.79,0.79,0.79,0.79,28,False,41.0,Marine Suburban Climate Station 4 (demo),732134,46.95,-121.89,46.77,-121.67
Marine,suburban/small town,Suburban,CBSA,12135,Marine Suburban catchment 64 (demo),1940000,793000,7600.0,3192.0,0.8,0.8,0.8,0.8,22,False,52.5,Marine Suburban Climate Station 5 (demo),732135,46.98,-121.92,46.8,-121.7
Marine,suburban/small town,Suburban,CBSA,12136,Marine Suburban catchment 65 (demo),1964000,802800,7690.0,3229.8,0.81,0.81,0.81,0.81,16,False,64.0,Marine Suburban Climate Station 6 (demo),732136,47.01,-121.95,46.83,-121.73
Marine,suburban/small town,Suburban,CBSA,12137,Marine Suburban catchment 66 (demo),1988000,812600,7780.0,3267.6,0.82,0.82,0.82,0.82,10,False,75.5,Marine Suburban Climate Station 7 (demo),732137,47.04,-121.98,46.86,-121.76
Marine,suburban/small town,Suburban,CBSA,12138,Marine Suburban catchment 67 (demo),2012000,822400,7870.0,3305.4,0.83,0.83,0.83,0.83,4,False,87.0,Marine Suburban Climate Station 1 (demo),732138,47.07,-122.01,46.89,-121.79
Marine,suburban/small town,Suburban,CBSA,12139,Marine Suburban catchment 68 (demo),1508000,616600,5980.0,2511.6,0.62,0.62,0.62,0.62,145,False,98.5,Marine Suburban Climate Station 2 (demo),732139,47.1,-122.04,46.92,-121.82
Marine,suburban/small town,Suburban,CBSA,12140,Marine Suburban catchment 69 (demo),1532000,626400,6070.0,2549.4,0.63,0.63,0.63,0.63,138,False,110.0,Marine Suburban Climate Station 3 (demo),732140,47.13,-122.07,46.95,-121.85
Marine,suburban/small town,Suburban,CBSA,12141,Marine Suburban catchment 70 (demo),1556000,636200,6160.0,2587.2,0.64,0.64,0.64,0.64,131,False,18.0,Marine Suburban Climate Station 4 (demo),732141,47.16,-122.1,46.98,-121.88
Marine,suburban/small town,Suburban,CBSA,12142,Marine Suburban catchment 71 (demo),1580000,646000,6250.0,2625.0,0.65,0.65,0.65,0.65,124,False,29.5,Marine Suburban Climate Station 5 (demo),732142,46.8,-121.74,46.62,-121.52
Marine,suburban/small town,Suburban,CBSA,12143,Marine Suburban catchment 72 (demo),1604000,655800,6340.0,2662.8,0.66,0.66,0.66,0.66,117,False,41.0,Marine Suburban Climate Station 6 (demo),732143,46.83,-121.77,46.65,-121.55
Marine,suburban/small town,Suburban,CBSA,12144,Marine Suburban catchment 73 (demo),1628000,665600,6430.0,2700.6,0.67,0.67,0.67,0.67,110,False,52.5,Marine Suburban Climate Station 7 (demo),732144,46.86,-121.8,46.68,-121.58
Marine,suburban/small town,Suburban,CBSA,12145,Marine Suburban catchment 74 (demo),1651999,675399,6520.0,2738.4,0.68,0.68,0.68,0.68,103,False,64.0,Marine Suburban Climate Station 1 (demo),732145,46.89,-121.83,46.71,-121.61
Marine,suburban/small town,Suburban,CBSA,12146,Marine Suburban catchment 75 (demo),1675999,685200,6610.0,2776.2,0.69,0.69,0.69,0.69,96,False,75.5,Marine Suburban Climate Station 2 (demo),732146,46.92,-121.86,46.74,-121.64
Marine,suburban/small town,Suburban,CBSA,12147,Marine Suburban catchment 76 (demo),1700000,695000,6700.0,2814.0,0.7,0.7,0.7,0.7,89,False,87.0,Marine Suburban Climate Station 3 (demo),732147,46.95,-121.89,46.77,-121.67
Marine,suburban/small town,Suburban,CBSA,12148,Marine Suburban catchment 77 (demo),1724000,704800,6790.0,2851.8,0.71,0.71,0.71,0.71,82,False,98.5,Marine Suburban Climate Station 4 (demo),732148,46.98,-121.92,46.8,-121.7
Marine,suburban/small town,Suburban,CBSA,12149,Marine Suburban catchment 78 (demo),1748000,714600,6880.0,2889.6,0.72,0.72,0.72,0.72,75,False,110.0,Marine Suburban Climate Station 5 (demo),732149,47.01,-121.95,46.83,-121.73
Marine,suburban/small town,Suburban,CBSA,12150,Marine Suburban catchment 79 (demo),1772000,724400,6970.0,2927.4,0.73,0.73,0.73,0.73,68,False,18.0,Marine Suburban Climate Station 6 (demo),732150,47.04,-121.98,46.86,-121.76
Marine,suburban/small town,Suburban,CBSA,12151,Marine Suburban catchment 80 (demo),1796000,734200,7060.0,2965.2,0.74,0.74,0.74,0.74,61,False,29.5,Marine Suburban Climate Station 7 (demo),732151,47.07,-122.01,46.89,-121.79
Marine,suburban/small town,Suburban,CBSA,12152,Marine Suburban catchment 81 (demo),1820000,744000,7150.0,3003.0,0.75,0.75,0.75,0.75,54,False,41.0,Marine Suburban Climate Station 1 (demo),732152,47.1,-122.04,46.92,-121.82
Marine,suburban/small town,Suburban,CBSA,12153,Marine Suburban catchment 82 (demo),1844000,753800,7240.0,3040.8,0.76,0.76,0.76,0.76,47,False,52.5,Marine Suburban Climate Station 2 (demo),732153,47.13,-122.07,46.95,-121.85
Marine,suburban/small town,Suburban,CBSA,12154,Marine Suburban catchment 83 (demo),1868000,763600,7330.0,3078.6,0.77,0.77,0.77,0.77,41,False,64.0,Marine Suburban Climate Station 3 (demo),732154,47.16,-122.1,46.98,-121.88
Marine,suburban/small town,Suburban,CBSA,12155,Marine Suburban catchment 84 (demo),1892000,773400,7420.0,3116.4,0.78,0.78,0.78,0.78,35,False,75.5,Marine Suburban Climate Station 4 (demo),732155,46.8,-121.74,46.62,-121.52
Marine,suburban/small town,Suburban,CBSA,12156,Marine Suburban catchment 85 (demo),1916000,783200,7510.0,3154.2,0.79,0.79,0.79,0.79,29,False,87.0,Marine Suburban Climate Station 5 (demo),732156,46.83,-121.77,46.65,-121.55
Marine,suburban/small town,Suburban,CBSA,12157,Marine Suburban catchment 86 (demo),1940000,793000,7600.0,3192.0,0.8,0.8,0.8,0.8,23,False,98.5,Marine Suburban Climate Station 6 (demo),732157,46.86,-121.8,46.68,-121.58
Marine,suburban/small town,Suburban,CBSA,12158,Marine Suburban catchment 87 (demo),1964000,802800,7690.0,3229.8,0.81,0.81,0.81,0.81,17,False,110.0,Marine Suburban Climate Station 7 (demo),732158,46.89,-121.83,46.71,-121.61
Marine,suburban/small town,Suburban,CBSA,12159,Marine Suburban catchment 88 (demo),1988000,812600,7780.0,3267.6,0.82,0.82,0.82,0.82,11,False,18.0,Marine Suburban Climate Station 1 (demo),732159,46.92,-121.86,46.74,-121.64
Marine,suburban/small town,Suburban,CBSA,12160,Marine Suburban catchment 89 (demo),2012000,822400,7870.0,3305.4,0.83,0.83,0.83,0.83,5,False,29.5,Marine Suburban Climate Station 2 (demo),732160,46.95,-121.89,46.77,-121.67
Marine,suburban/small town,Suburban,CBSA,12161,Marine Suburban catchment 90 (demo),1508000,616600,5980.0,2511.6,0.62,0.62,0.62,0.62,146,False,41.0,Marine Suburban Climate Station 3 (demo),732161,46.98,-121.92,46.8,-121.7
Marine,suburban/small town,Suburban,CBSA,12162,Marine Suburban catchment 91 (demo),1532000,626400,6070.0,2549.4,0.63,0.63,0.63,0.63,139,False,52.5,Marine Suburban Climate Station 4 (demo),732162,47.01,-121.95,46.83,-121.73
Marine,suburban/small town,Suburban,CBSA,12163,Marine Suburban catchment 92 (demo),1556000,636200,6160.0,2587.2,0.64,0.64,0.64,0.64,132,False,64.0,Marine Suburban Climate Station 5 (demo),732163,47.04,-121.98,46.86,-121.76
Marine,suburban/small town,Suburban,CBSA,12164,Marine Suburban catchment 93 (demo),1580000,646000,6250.0,2625.0,0.65,0.65,0.65,0.65,125,False,75.5,Marine Suburban Climate Station 6 (demo),732164,47.07,-122.01,46.89,-121.79
Marine,suburban/small town,Suburban,CBSA,12165,Marine Suburban catchment 94 (demo),1604000,655800,6340.0,2662.8,0.66,0.66,0.66,0.66,118,False,87.0,Marine Suburban Climate Station 7 (demo),732165,47.1,-122.04,46.92,-121.82
Marine,suburban/small town,Suburban,CBSA,12166,Marine Suburban catchment 95 (demo),1628000,665600,6430.0,2700.6,0.67,0.67,0.67,0.67,111,False,98.5,Marine Suburban Climate Station 1 (demo),732166,47.13,-122.07,46.95,-121.85
Marine,suburban/small town,Suburban,CBSA,12167,Marine Suburban catchment 96 (demo),1651999,675399,6520.0,2738.4,0.68,0.68,0.68,0.68,104,False,110.0,Marine Suburban Climate Station 2 (demo),732167,47.16,-122.1,46.98,-121.88
Marine,suburban/small town,Suburban,CBSA,12168,Marine Suburban catchment 97 (demo),1675999,685200,6610.0,2776.2,0.69,0.69,0.69,0.69,97,False,18.0,Marine Suburban Climate Station 3 (demo),732168,46.8,-121.74,46.62,-121.52
Marine,suburban/small town,Suburban,CBSA,12169,Marine Suburban catchment 98 (demo),1700000,695000,6700.0,2814.0,0.7,0.7,0.7,0.7,90,False,29.5,Marine Suburban Climate Station 4 (demo),732169,46.83,-121.77,46.65,-121.55
Marine,suburban/small town,Suburban,CBSA,12170,Marine Suburban catchment 99 (demo),1724000,704800,6790.0,2851.8,0.71,0.71,0.71,0.71,83,False,41.0,Marine Suburban Climate Station 5 (demo),732170,46.86,-121.8,46.68,-121.58
Marine,suburban/small town,Suburban,CBSA,12171,Marine Suburban catchment 100 (demo),1748000,714600,6880.0,2889.6,0.72,0.72,0.72,0.72,76,False,52.5,Marine Suburban Climate Station 6 (demo),732171,46.89,-121.83,46.71,-121.61
Marine,suburban/small town,Suburban,CBSA,12172,Marine Suburban catchment 101 (demo),1772000,724400,6970.0,2927.4,0.73,0.73,0.73,0.73,69,False,64.0,Marine Suburban Climate Station 7 (demo),732172,46.92,-121.86,46.74,-121.64
Marine,suburban/small town,Suburban,CBSA,12173,Marine Suburban catchment 102 (demo),1796000,734200,7060.0,2965.2,0.74,0.74,0.74,0.74,62,False,75.5,Marine Suburban Climate Station 1 (demo),732173,46.95,-121.89,46.77,-121.67
Marine,suburban/small town,Suburban,CBSA,12174,Marine Suburban catchment 103 (demo),1820000,744000,7150.0,3003.0,0.75,0.75,0.75,0.75,55,False,87.0,Marine Suburban Climate Station 2 (demo),732174,46.98,-121.92,46.8,-121.7
Marine,suburban/small town,Suburban,CBSA,12175,Marine Suburban catchment 104 (demo),1844000,753800,7240.0,3040.8,0.76,0.76,0.76,0.76,48,False,98.5,Marine Suburban Climate Station 3 (demo),732175,47.01,-121.95,46.83,-121.73
Marine,suburban/small town,Suburban,CBSA,12176,Marine Suburban catchment 105 (demo),1868000,763600,7330.0,3078.6,0.77,0.77,0.77,0.77,42,False,110.0,Marine Suburban Climate Station 4 (demo),732176,47.04,-121.98,46.86,-121.76
Marine,suburban/small town,Suburban,CBSA,12177,Marine Suburban catchment 106 (demo),1892000,773400,7420.0,3116.4,0.78,0.78,0.78,0.78,36,False,18.0,Marine Suburban Climate Station 5 (demo),732177,47.07,-122.01,46.89,-121.79
Marine,suburban/small town,Suburban,CBSA,12178,Marine Suburban catchment 107 (demo),1916000,783200,7510.0,3154.2,0.79,0.79,0.79,0.79,30,False,29.5,Marine Suburban Climate Station 6 (demo),732178,47.1,-122.04,46.92,-121.82
Marine,suburban/small town,Suburban,CBSA,12179,Marine Suburban catchment 108 (demo),1940000,793000,7600.0,3192.0,0.8,0.8,0.8,0.8,24,False,41.0,Marine Suburban Climate Station 7 (demo),732179,47.13,-122.07,46.95,-121.85
Marine,suburban/small town,Suburban,CBSA,12180,Marine Suburban catchment 109 (demo),1964000,802800,7690.0,3229.8,0.81,0.81,0.81,0.81,18,False,52.5,Marine Suburban Climate Station 1 (demo),732180,47.16,-122.1,46.98,-121.88
Marine,suburban/small town,Suburban,CBSA,12181,Marine Suburban catchment 110 (demo),1988000,812600,7780.0,3267.6,0.82,0.82,0.82,0.82,12,False,64.0,Marine Suburban Climate Station 2 (demo),732181,46.8,-121.74,46.62,-121.52
Marine,suburban/small town,Suburban,CBSA,12182,Marine Suburban catchment 111 (demo),2012000,822400,7870.0,3305.4,0.83,0.83,0.83,0.83,6,False,75.5,Marine Suburban Climate Station 3 (demo),732182,46.83,-121.77,46.65,-121.55
Marine,suburban/small town,Suburban,CBSA,12183,Marine Suburban catchment 112 (demo),1508000,616600,5980.0,2511.6,0.62,0.62,0.62,0.62,147,False,87.0,Marine Suburban Climate Station 4 (demo),732183,46.86,-121.8,46.68,-121.58
Marine,suburban/small town,Suburban,CBSA,12184,Marine Suburban catchment 113 (demo),1532000,626400,6070.0,2549.4,0.63,0.63,0.63,0.63,140,False,98.5,Marine Suburban Climate Station 5 (demo),732184,46.89,-121.83,46.71,-121.61
Marine,suburban/small town,Suburban,CBSA,12185,Marine Suburban catchment 114 (demo),1556000,636200,6160.0,2587.2,0.64,0.64,0.64,0.64,133,False,110.0,Marine Suburban Climate Station 6 (demo),732185,46.92,-121.86,46.74,-121.64
Marine,suburban/small town,Suburban,CBSA,12186,Marine Suburban catchment 115 (demo),1580000,646000,6250.0,2625.0,0.65,0.65,0.65,0.65,126,False,18.0,Marine Suburban Climate Station 7 (demo),732186,46.95,-121.89,46.77,-121.67
Marine,suburban/small town,Suburban,CBSA,12187,Marine Suburban catchment 116 (demo),1604000,655800,6340.0,2662.8,0.66,0.66,0.66,0.66,119,False,29.5,Marine Suburban Climate Station 1 (demo),732187,46.98,-121.92,46.8,-121.7
Marine,suburban/small town,Suburban,CBSA,12188,Marine Suburban catchment 117 (demo),1628000,665600,6430.0,2700.6,0.67,0.67,0.67,0.67,112,False,41.0,Marine Suburban Climate Station 2 (demo),732188,47.01,-121.95,46.83,-121.73
Marine,suburban/small town,Suburban,CBSA,12189,Marine Suburban catchment 118 (demo),1651999,675399,6520.0,2738.4,0.68,0.68,0.68,0.68,105,False,52.5,Marine Suburban Climate Station 3 (demo),732189,47.04,-121.98,46.86,-121.76
Marine,suburban/small town,Suburban,CBSA,12190,Marine Suburban catchment 119 (demo),1675999,685200,6610.0,2776.2,0.69,0.69,0.69,0.69,98,False,64.0,Marine Suburban Climate Station 4 (demo),732190,47.07,-122.01,46.89,-121.79
Marine,suburban/small town,Suburban,CBSA,12191,Marine Suburban catchment 120 (demo),1700000,695000,6700.0,2814.0,0.7,0.7,0.7,0.7,91,False,75.5,Marine Suburban Climate Station 5 (demo),732191,47.1,-122.04,46.92,-121.82
Marine,suburban/small town,Suburban,CBSA,12192,Marine Suburban catchment 121 (demo),1724000,704800,6790.0,2851.8,0.71,0.71,0.71,0.71,84,False,87.0,Marine Suburban Climate Station 6 (demo),732192,47.13,-122.07,46.95,-121.85
Marine,suburban/small town,Suburban,CBSA,12193,Marine Suburban catchment 122 (demo),1748000,714600,6880.0,2889.6,0.72,0.72,0.72,0.72,77,False,98.5,Marine Suburban Climate Station 7 (demo),732193,47.16,-122.1,46.98,-121.88
Marine,suburban/small town,Suburban,CBSA,12194,Marine Suburban catchment 123 (demo),1772000,724400,6970.0,2927.4,0.73,0.73,0.73,0.73,70,False,110.0,Marine Suburban Climate Station 1 (demo),732194,46.8,-121.74,46.62,-121.52
Marine,suburban/small town,Suburban,CBSA,12195,Marine Suburban catchment 124 (demo),1796000,734200,7060.0,2965.2,0.74,0.74,0.74,0.74,63,False,18.0,Marine Suburban Climate Station 2 (demo),732195,46.83,-121.77,46.65,-121.55
Marine,suburban/small town,Suburban,CBSA,12196,Marine Suburban catchment 125 (demo),1820000,744000,7150.0,3003.0,0.75,0.75,0.75,0.75,56,False,29.5,Marine Suburban Climate Station 3 (demo),732196,46.86,-121.8,46.68,-121.58
Marine,suburban/small town,Suburban,CBSA,12197,Marine Suburban catchment 126 (demo),1844000,753800,7240.0,3040.8,0.76,0.76,0.76,0.76,49,False,41.0,Marine Suburban Climate Station 4 (demo),732197,46.89,-121.83,46.71,-121.61
Marine,suburban/small town,Suburban,CBSA,12198,Marine Suburban catchment 127 (demo),1868000,763600,7330.0,3078.6,0.77,0.77,0.77,0.77,43,False,52.5,Marine Suburban Climate Station 5 (demo),732198,46.92,-121.86,46.74,-121.64
Marine,suburban/small town,Suburban,CBSA,12199,Marine Suburban catchment 128 (demo),1892000,773400,7420.0,3116.4,0.78,0.78,0.78,0.78,37,False,64.0,Marine Suburban Climate Station 6 (demo),732199,46.95,-121.89,46.77,-121.67
Marine,suburban/small town,Suburban,CBSA,12200,Marine Suburban catchment 129 (demo),1916000,783200,7510.0,3154.2,0.79,0.79,0.79,0.79,31,False,75.5,Marine Suburban Climate Station 7 (demo),732200,46.98,-121.92,46.8,-121.7
Marine,suburban/small town,Suburban,CBSA,12201,Marine Suburban catchment 130 (demo),1940000,793000,7600.0,3192.0,0.8,0.8,0.8,0.8,25,False,87.0,Marine Suburban Climate Station 1 (demo),732201,47.01,-121.95,46.83,-121.73
Marine,suburban/small town,Suburban,CBSA,12202,Marine Suburban catchment 131 (demo),1964000,802800,7690.0,3229.8,0.81,0.81,0.81,0.81,19,False,98.5,Marine Suburban Climate Station 2 (demo),732202,47.04,-121.98,46.86,-121.76
Marine,suburban/small town,Suburban,CBSA,12203,Marine Suburban catchment 132 (demo),1988000,812600,7780.0,3267.6,0.82,0.82,0.82,0.82,13,False,110.0,Marine Suburban Climate Station 3 (demo),732203,47.07,-122.01,46.89,-121.79
Marine,suburban/small town,Suburban,CBSA,12204,Marine Suburban catchment 133 (demo),2012000,822400,7870.0,3305.4,0.83,0.83,0.83,0.83,7,False,18.0,Marine Suburban Climate Station 4 (demo),732204,47.1,-122.04,46.92,-121.82
Marine,suburban/small town,Suburban,CBSA,12205,Marine Suburban catchment 134 (demo),1508000,616600,5980.0,2511.6,0.62,0.62,0.62,0.62,148,False,29.5,Marine Suburban Climate Station 5 (demo),732205,47.13,-122.07,46.95,-121.85
Marine,suburban/small town,Suburban,CBSA,12206,Marine Suburban catchment 135 (demo),1532000,626400,6070.0,2549.4,0.63,0.63,0.63,0.63,141,False,41.0,Marine Suburban Climate Station 6 (demo),732206,47.16,-122.1,46.98,-121.88
Marine,suburban/small town,Suburban,CBSA,12207,Marine Suburban catchment 136 (demo),1556000,636200,6160.0,2587.2,0.64,0.64,0.64,0.64,134,False,52.5,Marine Suburban Climate Station 7 (demo),732207,46.8,-121.74,46.62,-121.52
Marine,suburban/small town,Suburban,CBSA,12208,Marine Suburban catchment 137 (demo),1580000,646000,6250.0,2625.0,0.65,0.65,0.65,0.65,127,False,64.0,Marine Suburban Climate Station 1 (demo),732208,46.83,-121.77,46.65,-121.55
Marine,suburban/small town,Suburban,CBSA,12209,Marine Suburban catchment 138 (demo),1604000,655800,6340.0,2662.8,0.66,0.66,0.66,0.66,120,False,75.5,Marine Suburban Climate Station 2 (demo),732209,46.86,-121.8,46.68,-121.58
Marine,suburban/small town,Suburban,CBSA,12210,Marine Suburban catchment 139 (demo),1628000,665600,6430.0,2700.6,0.67,0.67,0.67,0.67,113,False,87.0,Marine Suburban Climate Station 3 (demo),732210,46.89,-121.83,46.71,-121.61
Marine,suburban/small town,Suburban,CBSA,12211,Marine Suburban catchment 140 (demo),1651999,675399,6520.0,2738.4,0.68,0.68,0.68,0.68,106,False,98.5,Marine Suburban Climate Station 4 (demo),732211,46.92,-121.86,46.74,-121.64
Marine,suburban/small town,Suburban,CBSA,12212,Marine Suburban catchment 141 (demo),1675999,685200,6610.0,2776.2,0.69,0.69,0.69,0.69,99,False,110.0,Marine Suburban Climate Station 5 (demo),732212,46.95,-121.89,46.77,-121.67
Marine,suburban/small town,Suburban,CBSA,12213,Marine Suburban catchment 142 (demo),1700000,695000,6700.0,2814.0,0.7,0.7,0.7,0.7,92,False,18.0,Marine Suburban Climate Station 6 (demo),732213,46.98,-121.92,46.8,-121.7
Marine,suburban/small town,Suburban,CBSA,12214,Marine Suburban catchment 143 (demo),1724000,704800,6790.0,2851.8,0.71,0.71,0.71,0.71,85,False,29.5,Marine Suburban Climate Station 7 (demo),732214,47.01,-121.95,46.83,-121.73
Marine,suburban/small town,Suburban,CBSA,12215,Marine Suburban catchment 144 (demo),1748000,714600,6880.0,2889.6,0.72,0.72,0.72,0.72,78,False,41.0,Marine Suburban Climate Station 1 (demo),732215,47.04,-121.98,46.86,-121.76
Marine,suburban/small town,Suburban,CBSA,12216,Marine Suburban catchment 145 (demo),1772000,724400,6970.0,2927.4,0.73,0.73,0.73,0.73,71,False,52.5,Marine Suburban Climate Station 2 (demo),732216,47.07,-122.01,46.89,-121.79
Marine,suburban/small town,Suburban,CBSA,12217,Marine Suburban catchment 146 (demo),1796000,734200,7060.0,2965.2,0.74,0.74,0.74,0.74,64,False,64.0,Marine Suburban Climate Station 3 (demo),732217,47.1,-122.04,46.92,-121.82
Marine,suburban/small town,Suburban,CBSA,12218,Marine Suburban catchment 147 (demo),1820000,744000,7150.0,3003.0,0.75,0.75,0.75,0.75,57,False,75.5,Marine Suburban Climate Station 4 (demo),732218,47.13,-122.07,46.95,-121.85
Marine,suburban/small town,Suburban,CBSA,12219,Marine Suburban catchment 148 (demo),1844000,753800,7240.0,3040.8,0.76,0.76,0.76,0.76,50,False,87.0,Marine Suburban Climate Station 5 (demo),732219,47.16,-122.1,46.98,-121.88
Marine,rural,Rural,County,12220,Marine Rural catchment 1 (demo),2180000,891000,8500.0,3570.0,0.9,0.9,0.9,0.9,1,True,98.5,Marine Rural Climate Station 6 (demo),732220,48.4,-123.34,48.22,-123.12
Marine,rural,Rural,County,12221,Marine Rural catchment 2 (demo),1508000,616600,5980.0,2511.6,0.62,0.62,0.62,0.62,142,False,110.0,Marine Rural Climate Station 7 (demo),732221,48.43,-123.37,48.25,-123.15
Marine,rural,Rural,County,12222,Marine Rural catchment 3 (demo),1532000,626400,6070.0,2549.4,0.63,0.63,0.63,0.63,135,False,18.0,Marine Rural Climate Station 1 (demo),732222,48.46,-123.4,48.28,-123.18
Marine,rural,Rural,County,12223,Marine Rural catchment 4 (demo),1556000,636200,6160.0,2587.2,0.64,0.64,0.64,0.64,128,False,29.5,Marine Rural Climate Station 2 (demo),732223,48.49,-123.43,48.31,-123.21
Marine,rural,Rural,County,12224,Marine Rural catchment 5 (demo),1580000,646000,6250.0,2625.0,0.65,0.65,0.65,0.65,121,False,41.0,Marine Rural Climate Station 3 (demo),732224,48.52,-123.46,48.34,-123.24
Marine,rural,Rural,County,12225,Marine Rural catchment 6 (demo),1604000,655800,6340.0,2662.8,0.66,0.66,0.66,0.66,114,False,52.5,Marine Rural Climate Station 4 (demo),732225,48.55,-123.49,48.37,-123.27
Marine,rural,Rural,County,12226,Marine Rural catchment 7 (demo),1628000,665600,6430.0,2700.6,0.67,0.67,0.67,0.67,107,False,64.0,Marine Rural Climate Station 5 (demo),732226,48.58,-123.52,48.4,-123.3
Marine,rural,Rural,County,12227,Marine Rural catchment 8 (demo),1651999,675399,6520.0,2738.4,0.68,0.68,0.68,0.68,100,False,75.5,Marine Rural Climate Station 6 (demo),732227,48.61,-123.55,48.43,-123.33
Marine,rural,Rural,County,12228,Marine Rural catchment 9 (demo),1675999,685200,6610.0,2776.2,0.69,0.69,0.69,0.69,93,False,87.0,Marine Rural Climate Station 7 (demo),732228,48.64,-123.58,48.46,-123.36
Marine,rural,Rural,County,12229,Marine Rural catchment 10 (demo),1700000,695000,6700.0,2814.0,0.7,0.7,0.7,0.7,86,False,98.5,Marine Rural Climate Station 1 (demo),732229,48.67,-123.61,48.49,-123.39
Marine,rural,Rural,County,12230,Marine Rural catchment 11 (demo),1724000,704800,6790.0,2851.8,0.71,0.71,0.71,0.71,79,False,110.0,Marine Rural Climate Station 2 (demo),732230,48.7,-123.64,48.52,-123.42
Marine,rural,Rural,County,12231,Marine Rural catchment 12 (demo),1748000,714600,6880.0,2889.6,0.72,0.72,0.72,0.72,72,False,18.0,Marine Rural Climate Station 3 (demo),732231,48.73,-123.67,48.55,-123.45
Marine,rural,Rural,County,12232,Marine Rural catchment 13 (demo),1772000,724400,6970.0,2927.4,0.73,0.73,0.73,0.73,65,False,29.5,Marine Rural Climate Station 4 (demo),732232,48.76,-123.7,48.58,-123.48
Marine,rural,Rural,County,12233,Marine Rural catchment 14 (demo),1796000,734200,7060.0,2965.2,0.74,0.74,0.74,0.74,58,False,41.0,Marine Rural Climate Station 5 (demo),732233,48.4,-123.34,48.22,-123.12
Marine,rural,Rural,County,12234,Marine Rural catchment 15 (demo),1820000,744000,7150.0,3003.0,0.75,0.75,0.75,0.75,51,False,52.5,Marine Rural Climate Station 6 (demo),732234,48.43,-123.37,48.25,-123.15
Marine,rural,Rural,County,12235,Marine Rural catchment 16 (demo),1844000,753800,7240.0,3040.8,0.76,0.76,0.76,0.76,44,False,64.0,Marine Rural Climate Station 7 (demo),732235,48.46,-123.4,48.28,-123.18
Marine,rural,Rural,County,12236,Marine Rural catchment 17 (demo),1868000,763600,7330.0,3078.6,0.77,0.77,0.77,0.77,38,False,75.5,Marine Rural Climate Station 1 (demo),732236,48.49,-123.43,48.31,-123.21
Marine,rural,Rural,County,12237,Marine Rural catchment 18 (demo),1892000,773400,7420.0,3116.4,0.78,0.78,0.78,0.78,32,False,87.0,Marine Rural Climate Station 2 (demo),732237,48.52,-123.46,48.34,-123.24
Marine,rural,Rural,County,12238,Marine Rural catchment 19 (demo),1916000,783200,7510.0,3154.2,0.79,0.79,0.79,0.79,26,False,98.5,Marine Rural Climate Station 3 (demo),732238,48.55,-123.49,48.37,-123.27
Marine,rural,Rural,County,12239,Marine Rural catchment 20 (demo),1940000,793000,7600.0,3192.0,0.8,0.8,0.8,0.8,20,False,110.0,Marine Rural Climate Station 4 (demo),732239,48.58,-123.52,48.4,-123.3
Marine,rural,Rural,County,12240,Marine Rural catchment 21 (demo),1964000,802800,7690.0,3229.8,0.81,0.81,0.81,0.81,14,False,18.0,Marine Rural Climate Station 5 (demo),732240,48.61,-123.55,48.43,-123.33
Marine,rural,Rural,County,12241,Marine Rural catchment 22 (demo),1988000,812600,7780.0,3267.6,0.82,0.82,0.82,0.82,8,False,29.5,Marine Rural Climate Station 6 (demo),732241,48.64,-123.58,48.46,-123.36
Marine,rural,Rural,County,12242,Marine Rural catchment 23 (demo),2012000,822400,7870.0,3305.4,0.83,0.83,0.83,0.83,2,False,41.0,Marine Rural Climate Station 7 (demo),732242,48.67,-123.61,48.49,-123.39
Marine,rural,Rural,County,12243,Marine Rural catchment 24 (demo),1508000,616600,5980.0,2511.6,0.62,0.62,0.62,0.62,143,False,52.5,Marine Rural Climate Station 1 (demo),732243,48.7,-123.64,48.52,-123.42
Marine,rural,Rural,County,12244,Marine Rural catchment 25 (demo),1532000,626400,6070.0,2549.4,0.63,0.63,0.63,0.63,136,False,64.0,Marine Rural Climate Station 2 (demo),732244,48.73,-123.67,48.55,-123.45
Marine,rural,Rural,County,12245,Marine Rural catchment 26 (demo),1556000,636200,6160.0,2587.2,0.64,0.64,0.64,0.64,129,False,75.5,Marine Rural Climate Station 3 (demo),732245,48.76,-123.7,48.58,-123.48
Marine,rural,Rural,County,12246,Marine Rural catchment 27 (demo),1580000,646000,6250.0,2625.0,0.65,0.65,0.65,0.65,122,False,87.0,Marine Rural Climate Station 4 (demo),732246,48.4,-123.34,48.22,-123.12
Marine,rural,Rural,County,12247,Marine Rural catchment 28 (demo),1604000,655800,6340.0,2662.8,0.66,0.66,0.66,0.66,115,False,98.5,Marine Rural Climate Station 5 (demo),732247,48.43,-123.37,48.25,-123.15
Marine,rural,Rural,County,12248,Marine Rural catchment 29 (demo),1628000,665600,6430.0,2700.6,0.67,0.67,0.67,0.67,108,False,110.0,Marine Rural Climate Station 6 (demo),732248,48.46,-123.4,48.28,-123.18
Marine,rural,Rural,County,12249,Marine Rural catchment 30 (demo),1651999,675399,6520.0,2738.4,0.68,0.68,0.68,0.68,101,False,18.0,Marine Rural Climate Station 7 (demo),732249,48.49,-123.43,48.31,-123.21
Marine,rural,Rural,County,12250,Marine Rural catchment 31 (demo),1675999,685200,6610.0,2776.2,0.69,0.69,0.69,0.69,94,False,29.5,Marine Rural Climate Station 1 (demo),732250,48.52,-123.46,48.34,-123.24
Marine,rural,Rural,County,12251,Marine Rural catchment 32 (demo),1700000,695000,6700.0,2814.0,0.7,0.7,0.7,0.7,87,False,41.0,Marine Rural Climate Station 2 (demo),732251,48.55,-123.49,48.37,-123.27
Marine,rural,Rural,County,12252,Marine Rural catchment 33 (demo),1724000,704800,6790.0,2851.8,0.71,0.71,0.71,0.71,80,False,52.5,Marine Rural Climate Station 3 (demo),732252,48.58,-123.52,48.4,-123.3
Marine,rural,Rural,County,12253,Marine Rural catchment 34 (demo),1748000,714600,6880.0,2889.6,0.72,0.72,0.72,0.72,73,False,64.0,Marine Rural Climate Station 4 (demo),732253,48.61,-123.55,48.43,-123.33
Marine,rural,Rural,County,12254,Marine Rural catchment 35 (demo),1772000,724400,6970.0,2927.4,0.73,0.73,0.73,0.73,66,False,75.5,Marine Rural Climate Station 5 (demo),732254,48.64,-123.58,48.46,-123.36
Marine,rural,Rural,County,12255,Marine Rural catchment 36 (demo),1796000,734200,7060.0,2965.2,0.74,0.74,0.74,0.74,59,False,87.0,Marine Rural Climate Station 6 (demo),732255,48.67,-123.61,48.49,-123.39
Marine,rural,Rural,County,12256,Marine Rural catchment 37 (demo),1820000,744000,7150.0,3003.0,0.75,0.75,0.75,0.75,52,False,98.5,Marine Rural Climate Station 7 (demo),732256,48.7,-123.64,48.52,-123.42
Marine,rural,Rural,County,12257,Marine Rural catchment 38 (demo),1844000,753800,7240.0,3040.8,0.76,0.76,0.76,0.76,45,False,110.0,Marine Rural Climate Station 1 (demo),732257,48.73,-123.67,48.55,-123.45
Marine,rural,Rural,County,12258,Marine Rural catchment 39 (demo),1868000,763600,7330.0,3078.6,0.77,0.77,0.77,0.77,39,False,18.0,Marine Rural Climate Station 2 (demo),732258,48.76,-123.7,48.58,-123.48
Marine,rural,Rural,County,12259,Marine Rural catchment 40 (demo),1892000,773400,7420.0,3116.4,0.78,0.78,0.78,0.78,33,False,29.5,Marine Rural Climate Station 3 (demo),732259,48.4,-123.34,48.22,-123.12
Marine,rural,Rural,County,12260,Marine Rural catchment 41 (demo),1916000,783200,7510.0,3154.2,0.79,0.79,0.79,0.79,27,False,41.0,Marine Rural Climate Station 4 (demo),732260,48.43,-123.37,48.25,-123.15
Marine,rural,Rural,County,12261,Marine Rural catchment 42 (demo),1940000,793000,7600.0,3192.0,0.8,0.8,0.8,0.8,21,False,52.5,Marine Rural Climate Station 5 (demo),732261,48.46,-123.4,48.28,-123.18
Marine,rural,Rural,County,12262,Marine Rural catchment 43 (demo),1964000,802800,7690.0,3229.8,0.81,0.81,0.81,0.81,15,False,64.0,Marine Rural Climate Station 6 (demo),732262,48.49,-123.43,48.31,-123.21
Marine,rural,Rural,County,12263,Marine Rural catchment 44 (demo),1988000,812600,7780.0,3267.6,0.82,0.82,0.82,0.82,9,False,75.5,Marine Rural Climate Station 7 (demo),732263,48.52,-123.46,48.34,-123.24
Marine,rural,Rural,County,12264,Marine Rural catchment 45 (demo),2012000,822400,7870.0,3305.4,0.83,0.83,0.83,0.83,3,False,87.0,Marine Rural Climate Station 1 (demo),732264,48.55,-123.49,48.37,-123.27
Marine,rural,Rural,County,12265,Marine Rural catchment 46 (demo),1508000,616600,5980.0,2511.6,0.62,0.62,0.62,0.62,144,False,98.5,Marine Rural Climate Station 2 (demo),732265,48.58,-123.52,48.4,-123.3
Marine,rural,Rural,County,12266,Marine Rural catchment 47 (demo),1532000,626400,6070.0,2549.4,0.63,0.63,0.63,0.63,137,False,110.0,Marine Rural Climate Station 3 (demo),732266,48.61,-123.55,48.43,-123.33
Marine,rural,Rural,County,12267,Marine Rural catchment 48 (demo),1556000,636200,6160.0,2587.2,0.64,0.64,0.64,0.64,130,False,18.0,Marine Rural Climate Station 4 (demo),732267,48.64,-123.58,48.46,-123.36
Marine,rural,Rural,County,12268,Marine Rural catchment 49 (demo),1580000,646000,6250.0,2625.0,0.65,0.65,0.65,0.65,123,False,29.5,Marine Rural Climate Station 5 (demo),732268,48.67,-123.61,48.49,-123.39
Marine,rural,Rural,County,12269,Marine Rural catchment 50 (demo),1604000,655800,6340.0,2662.8,0.66,0.66,0.66,0.66,116,False,41.0,Marine Rural Climate Station 6 (demo),732269,48.7,-123.64,48.52,-123.42
Marine,rural,Rural,County,12270,Marine Rural catchment 51 (demo),1628000,665600,6430.0,2700.6,0.67,0.67,0.67,0.67,109,False,52.5,Marine Rural Climate Station 7 (demo),732270,48.73,-123.67,48.55,-123.45
Marine,rural,Rural,County,12271,Marine Rural catchment 52 (demo),1651999,675399,6520.0,2738.4,0.68,0.68,0.68,0.68,102,False,64.0,Marine Rural Climate Station 1 (demo),732271,48.76,-123.7,48.58,-123.48
Marine,rural,Rural,County,12272,Marine Rural catchment 53 (demo),1675999,685200,6610.0,2776.2,0.69,0.69,0.69,0.69,95,False,75.5,Marine Rural Climate Station 2 (demo),732272,48.4,-123.34,48.22,-123.12
Marine,rural,Rural,County,12273,Marine Rural catchment 54 (demo),1700000,695000,6700.0,2814.0,0.7,0.7,0.7,0.7,88,False,87.0,Marine Rural Climate Station 3 (demo),732273,48.43,-123.37,48.25,-123.15
Marine,rural,Rural,County,12274,Marine Rural catchment 55 (demo),1724000,704800,6790.0,2851.8,0.71,0.71,0.71,0.71,81,False,98.5,Marine Rural Climate Station 4 (demo),732274,48.46,-123.4,48.28,-123.18
Marine,rural,Rural,County,12275,Marine Rural catchment 56 (demo),1748000,714600,6880.0,2889.6,0.72,0.72,0.72,0.72,74,False,110.0,Marine Rural Climate Station 5 (demo),732275,48.49,-123.43,48.31,-123.21
Marine,rural,Rural,County,12276,Marine Rural catchment 57 (demo),1772000,724400,6970.0,2927.4,0.73,0.73,0.73,0.73,67,False,18.0,Marine Rural Climate Station 6 (demo),732276,48.52,-123.46,48.34,-123.24
Marine,rural,Rural,County,12277,Marine Rural catchment 58 (demo),1796000,734200,7060.0,2965.2,0.74,0.74,0.74,0.74,60,False,29.5,Marine Rural Climate Station 7 (demo),732277,48.55,-123.49,48.37,-123.27
Marine,rural,Rural,County,12278,Marine Rural catchment 59 (demo),1820000,744000,7150.0,3003.0,0.75,0.75,0.75,0.75,53,False,41.0,Marine Rural Climate Station 1 (demo),732278,48.58,-123.52,48.4,-123.3
Marine,rural,Rural,County,12279,Marine Rural catchment 60 (demo),1844000,753800,7240.0,3040.8,0.76,0.76,0.76,0.76,46,False,52.5,Marine Rural Climate Station 2 (demo),732279,48.61,-123.55,48.43,-123.33
Marine,rural,Rural,County,12280,Marine Rural catchment 61 (demo),1868000,763600,7330.0,3078.6,0.77,0.77,0.77,0.77,40,False,64.0,Marine Rural Climate Station 3 (demo),732280,48.64,-123.58,48.46,-123.36
Marine,rural,Rural,County,12281,Marine Rural catchment 62 (demo),1892000,773400,7420.0,3116.4,0.78,0.78,0.78,0.78,34,False,75.5,Marine Rural Climate Station 4 (demo),732281,48.67,-123.61,48.49,-123.39
Marine,rural,Rural,County,12282,Marine Rural catchment 63 (demo),1916000,783200,7510.0,3154.2,0.79,0.79,0.79,0.79,28,False,87.0,Marine Rural Climate Station 5 (demo),732282,48.7,-123.64,48.52,-123.42
Marine,rural,Rural,County,12283,Marine Rural catchment 64 (demo),1940000,793000,7600.0,3192.0,0.8,0.8,0.8,0.8,22,False,98.5,Marine Rural Climate Station 6 (demo),732283,48.73,-123.67,48.55,-123.45
Marine,rural,Rural,County,12284,Marine Rural catchment 65 (demo),1964000,802800,7690.0,3229.8,0.81,0.81,0.81,0.81,16,False,110.0,Marine Rural Climate Station 7 (demo),732284,48.76,-123.7,48.58,-123.48
Marine,rural,Rural,County,12285,Marine Rural catchment 66 (demo),1988000,812600,7780.0,3267.6,0.82,0.82,0.82,0.82,10,False,18.0,Marine Rural Climate Station 1 (demo),732285,48.4,-123.34,48.22,-123.12
Marine,rural,Rural,County,12286,Marine Rural catchment 67 (demo),2012000,822400,7870.0,3305.4,0.83,0.83,0.83,0.83,4,False,29.5,Marine Rural Climate Station 2 (demo),732286,48.43,-123.37,48.25,-123.15
Marine,rural,Rural,County,12287,Marine Rural catchment 68 (demo),1508000,616600,5980.0,2511.6,0.62,0.62,0.62,0.62,145,False,41.0,Marine Rural Climate Station 3 (demo),732287,48.46,-123.4,48.28,-123.18
Marine,rural,Rural,County,12288,Marine Rural catchment 69 (demo),1532000,626400,6070.0,2549.4,0.63,0.63,0.63,0.63,138,False,52.5,Marine Rural Climate Station 4 (demo),732288,48.49,-123.43,48.31,-123.21
Marine,rural,Rural,County,12289,Marine Rural catchment 70 (demo),1556000,636200,6160.0,2587.2,0.64,0.64,0.64,0.64,131,False,64.0,Marine Rural Climate Station 5 (demo),732289,48.52,-123.46,48.34,-123.24
Marine,rural,Rural,County,12290,Marine Rural catchment 71 (demo),1580000,646000,6250.0,2625.0,0.65,0.65,0.65,0.65,124,False,75.5,Marine Rural Climate Station 6 (demo),732290,48.55,-123.49,48.37,-123.27
Marine,rural,Rural,County,12291,Marine Rural catchment 72 (demo),1604000,655800,6340.0,2662.8,0.66,0.66,0.66,0.66,117,False,87.0,Marine Rural Climate Station 7 (demo),732291,48.58,-123.52,48.4,-123.3
Marine,rural,Rural,County,12292,Marine Rural catchment 73 (demo),1628000,665600,6430.0,2700.6,0.67,0.67,0.67,0.67,110,False,98.5,Marine Rural Climate Station 1 (demo),732292,48.61,-123.55,48.43,-123.33
Marine,rural,Rural,County,12293,Marine Rural catchment 74 (demo),1651999,675399,6520.0,2738.4,0.68,0.68,0.68,0.68,103,False,110.0,Marine Rural Climate Station 2 (demo),732293,48.64,-123.58,48.46,-123.36
Marine,rural,Rural,County,12294,Marine Rural catchment 75 (demo),1675999,685200,6610.0,2776.2,0.69,0.69,0.69,0.69,96,False,18.0,Marine Rural Climate Station 3 (demo),732294,48.67,-123.61,48.49,-123.39
Marine,rural,Rural,County,12295,Marine Rural catchment 76 (demo),1700000,695000,6700.0,2814.0,0.7,0.7,0.7,0.7,89,False,29.5,Marine Rural Climate Station 4 (demo),732295,48.7,-123.64,48.52,-123.42
Marine,rural,Rural,County,12296,Marine Rural catchment 77 (demo),1724000,704800,6790.0,2851.8,0.71,0.71,0.71,0.71,82,False,41.0,Marine Rural Climate Station 5 (demo),732296,48.73,-123.67,48.55,-123.45
Marine,rural,Rural,County,12297,Marine Rural catchment 78 (demo),1748000,714600,6880.0,2889.6,0.72,0.72,0.72,0.72,75,False,52.5,Marine Rural Climate Station 6 (demo),732297,48.76,-123.7,48.58,-123.48
Marine,rural,Rural,County,12298,Marine Rural catchment 79 (demo),1772000,724400,6970.0,2927.4,0.73,0.73,0.73,0.73,68,False,64.0,Marine Rural Climate Station 7 (demo),732298,48.4,-123.34,48.22,-123.12
Marine,rural,Rural,County,12299,Marine Rural catchment 80 (demo),1796000,734200,7060.0,2965.2,0.74,0.74,0.74,0.74,61,False,75.5,Marine Rural Climate Station 1 (demo),732299,48.43,-123.37,48.25,-123.15
Marine,rural,Rural,County,12300,Marine Rural catchment 81 (demo),1820000,744000,7150.0,3003.0,0.75,0.75,0.75,0.75,54,False,87.0,Marine Rural Climate Station 2 (demo),732300,48.46,-123.4,48.28,-123.18
Marine,rural,Rural,County,12301,Marine Rural catchment 82 (demo),1844000,753800,7240.0,3040.8,0.76,0.76,0.76,0.76,47,False,98.5,Marine Rural Climate Station 3 (demo),732301,48.49,-123.43,48.31,-123.21
Marine,rural,Rural,County,12302,Marine Rural catchment 83 (demo),1868000,763600,7330.0,3078.6,0.77,0.77,0.77,0.77,41,False,110.0,Marine Rural Climate Station 4 (demo),732302,48.52,-123.46,48.34,-123.24
Marine,rural,Rural,County,12303,Marine Rural catchment 84 (demo),1892000,773400,7420.0,3116.4,0.78,0.78,0.78,0.78,35,False,18.0,Marine Rural Climate Station 5 (demo),732303,48.55,-123.49,48.37,-123.27
Marine,rural,Rural,County,12304,Marine Rural catchment 85 (demo),1916000,783200,7510.0,3154.2,0.79,0.79,0.79,0.79,29,False,29.5,Marine Rural Climate Station 6 (demo),732304,48.58,-123.52,48.4,-123.3
Marine,rural,Rural,County,12305,Marine Rural catchment 86 (demo),1940000,793000,7600.0,3192.0,0.8,0.8,0.8,0.8,23,False,41.0,Marine Rural Climate Station 7 (demo),732305,48.61,-123.55,48.43,-123.33
Marine,rural,Rural,County,12306,Marine Rural catchment 87 (demo),1964000,802800,7690.0,3229.8,0.81,0.81,0.81,0.81,17,False,52.5,Marine Rural Climate Station 1 (demo),732306,48.64,-123.58,48.46,-123.36
Marine,rural,Rural,County,12307,Marine Rural catchment 88 (demo),1988000,812600,7780.0,3267.6,0.82,0.82,0.82,0.82,11,False,64.0,Marine Rural Climate Station 2 (demo),732307,48.67,-123.61,48.49,-123.39
Marine,rural,Rural,County,12308,Marine Rural catchment 89 (demo),2012000,822400,7870.0,3305.4,0.83,0.83,0.83,0.83,5,False,75.5,Marine Rural Climate Station 3 (demo),732308,48.7,-123.64,48.52,-123.42
Marine,rural,Rural,County,12309,Marine Rural catchment 90 (demo),1508000,616600,5980.0,2511.6,0.62,0.62,0.62,0.62,146,False,87.0,Marine Rural Climate Station 4 (demo),732309,48.73,-123.67,48.55,-123.45
Marine,rural,Rural,County,12310,Marine Rural catchment 91 (demo),1532000,626400,6070.0,2549.4,0.63,0.63,0.63,0.63,139,False,98.5,Marine Rural Climate Station 5 (demo),732310,48.76,-123.7,48.58,-123.48
Marine,rural,Rural,County,12311,Marine Rural catchment 92 (demo),1556000,636200,6160.0,2587.2,0.64,0.64,0.64,0.64,132,False,110.0,Marine Rural Climate Station 6 (demo),732311,48.4,-123.34,48.22,-123.12
Marine,rural,Rural,County,12312,Marine Rural catchment 93 (demo),1580000,646000,6250.0,2625.0,0.65,0.65,0.65,0.65,125,False,18.0,Marine Rural Climate Station 7 (demo),732312,48.43,-123.37,48.25,-123.15
Marine,rural,Rural,County,12313,Marine Rural catchment 94 (demo),1604000,655800,6340.0,2662.8,0.66,0.66,0.66,0.66,118,False,29.5,Marine Rural Climate Station 1 (demo),732313,48.46,-123.4,48.28,-123.18
Marine,rural,Rural,County,12314,Marine Rural catchment 95 (demo),1628000,665600,6430.0,2700.6,0.67,0.67,0.67,0.67,111,False,41.0,Marine Rural Climate Station 2 (demo),732314,48.49,-123.43,48.31,-123.21
Marine,rural,Rural,County,12315,Marine Rural catchment 96 (demo),1651999,675399,6520.0,2738.4,0.68,0.68,0.68,0.68,104,False,52.5,Marine Rural Climate Station 3 (demo),732315,48.52,-123.46,48.34,-123.24
Marine,rural,Rural,County,12316,Marine Rural catchment 97 (demo),1675999,685200,6610.0,2776.2,0.69,0.69,0.69,0.69,97,False,64.0,Marine Rural Climate Station 4 (demo),732316,48.55,-123.49,48.37,-123.27
Marine,rural,Rural,County,12317,Marine Rural catchment 98 (demo),1700000,695000,6700.0,2814.0,0.7,0.7,0.7,0.7,90,False,75.5,Marine Rural Climate Station 5 (demo),732317,48.58,-123.52,48.4,-123.3
Marine,rural,Rural,County,12318,Marine Rural catchment 99 (demo),1724000,704800,6790.0,2851.8,0.71,0.71,0.71,0.71,83,False,87.0,Marine Rural Climate Station 6 (demo),732318,48.61,-123.55,48.43,-123.33
Marine,rural,Rural,County,12319,Marine Rural catchment 100 (demo),1748000,714600,6880.0,2889.6,0.72,0.72,0.72,0.72,76,False,98.5,Marine Rural Climate Station 7 (demo),732319,48.64,-123.58,48.46,-123.36
Marine,rural,Rural,County,12320,Marine Rural catchment 101 (demo),1772000,724400,6970.0,2927.4,0.73,0.73,0.73,0.73,69,False,110.0,Marine Rural Climate Station 1 (demo),732320,48.67,-123.61,48.49,-123.39
Marine,rural,Rural,County,12321,Marine Rural catchment 102 (demo),1796000,734200,7060.0,2965.2,0.74,0.74,0.74,0.74,62,False,18.0,Marine Rural Climate Station 2 (demo),732321,48.7,-123.64,48.52,-123.42
Marine,rural,Rural,County,12322,Marine Rural catchment 103 (demo),1820000,744000,7150.0,3003.0,0.75,0.75,0.75,0.75,55,False,29.5,Marine Rural Climate Station 3 (demo),732322,48.73,-123.67,48.55,-123.45
Marine,rural,Rural,County,12323,Marine Rural catchment 104 (demo),1844000,753800,7240.0,3040.8,0.76,0.76,0.76,0.76,48,False,41.0,Marine Rural Climate Station 4 (demo),732323,48.76,-123.7,48.58,-123.48
Marine,rural,Rural,County,12324,Marine Rural catchment 105 (demo),1868000,763600,7330.0,3078.6,0.77,0.77,0.77,0.77,42,False,52.5,Marine Rural Climate Station 5 (demo),732324,48.4,-123.34,48.22,-123.12
Marine,rural,Rural,County,12325,Marine Rural catchment 106 (demo),1892000,773400,7420.0,3116.4,0.78,0.78,0.78,0.78,36,False,64.0,Marine Rural Climate Station 6 (demo),732325,48.43,-123.37,48.25,-123.15
Marine,rural,Rural,County,12326,Marine Rural catchment 107 (demo),1916000,783200,7510.0,3154.2,0.79,0.79,0.79,0.79,30,False,75.5,Marine Rural Climate Station 7 (demo),732326,48.46,-123.4,48.28,-123.18
Marine,rural,Rural,County,12327,Marine Rural catchment 108 (demo),1940000,793000,7600.0,3192.0,0.8,0.8,0.8,0.8,24,False,87.0,Marine Rural Climate Station 1 (demo),732327,48.49,-123.43,48.31,-123.21
Marine,rural,Rural,County,12328,Marine Rural catchment 109 (demo),1964000,802800,7690.0,3229.8,0.81,0.81,0.81,0.81,18,False,98.5,Marine Rural Climate Station 2 (demo),732328,48.52,-123.46,48.34,-123.24
Marine,rural,Rural,County,12329,Marine Rural catchment 110 (demo),1988000,812600,7780.0,3267.6,0.82,0.82,0.82,0.82,12,False,110.0,Marine Rural Climate Station 3 (demo),732329,48.55,-123.49,48.37,-123.27
Marine,rural,Rural,County,12330,Marine Rural catchment 111 (demo),2012000,822400,7870.0,3305.4,0.83,0.83,0.83,0.83,6,False,18.0,Marine Rural Climate Station 4 (demo),732330,48.58,-123.52,48.4,-123.3
Marine,rural,Rural,County,12331,Marine Rural catchment 112 (demo),1508000,616600,5980.0,2511.6,0.62,0.62,0.62,0.62,147,False,29.5,Marine Rural Climate Station 5 (demo),732331,48.61,-123.55,48.43,-123.33
Marine,rural,Rural,County,12332,Marine Rural catchment 113 (demo),1532000,626400,6070.0,2549.4,0.63,0.63,0.63,0.63,140,False,41.0,Marine Rural Climate Station 6 (demo),732332,48.64,-123.58,48.46,-123.36
Marine,rural,Rural,County,12333,Marine Rural catchment 114 (demo),1556000,636200,6160.0,2587.2,0.64,0.64,0.64,0.64,133,False,52.5,Marine Rural Climate Station 7 (demo),732333,48.67,-123.61,48.49,-123.39
Marine,rural,Rural,County,12334,Marine Rural catchment 115 (demo),1580000,646000,6250.0,2625.0,0.65,0.65,0.65,0.65,126,False,64.0,Marine Rural Climate Station 1 (demo),732334,48.7,-123.64,48.52,-123.42
Marine,rural,Rural,County,12335,Marine Rural catchment 116 (demo),1604000,655800,6340.0,2662.8,0.66,0.66,0.66,0.66,119,False,75.5,Marine Rural Climate Station 2 (demo),732335,48.73,-123.67,48.55,-123.45
Marine,rural,Rural,County,12336,Marine Rural catchment 117 (demo),1628000,665600,6430.0,2700.6,0.67,0.67,0.67,0.67,112,False,87.0,Marine Rural Climate Station 3 (demo),732336,48.76,-123.7,48.58,-123.48
Marine,rural,Rural,County,12337,Marine Rural catchment 118 (demo),1651999,675399,6520.0,2738.4,0.68,0.68,0.68,0.68,105,False,98.5,Marine Rural Climate Station 4 (demo),732337,48.4,-123.34,48.22,-123.12
Marine,rural,Rural,County,12338,Marine Rural catchment 119 (demo),1675999,685200,6610.0,2776.2,0.69,0.69,0.69,0.69,98,False,110.0,Marine Rural Climate Station 5 (demo),732338,48.43,-123.37,48.25,-123.15
Marine,rural,Rural,County,12339,Marine Rural catchment 120 (demo),1700000,695000,6700.0,2814.0,0.7,0.7,0.7,0.7,91,False,18.0,Marine Rural Climate Station 6 (demo),732339,48.46,-123.4,48.28,-123.18
Marine,rural,Rural,County,12340,Marine Rural catchment 121 (demo),1724000,704800,6790.0,2851.8,0.71,0.71,0.71,0.71,84,False,29.5,Marine Rural Climate Station 7 (demo),732340,48.49,-123.43,48.31,-123.21
Marine,rural,Rural,County,12341,Marine Rural catchment 122 (demo),1748000,714600,6880.0,2889.6,0.72,0.72,0.72,0.72,77,False,41.0,Marine Rural Climate Station 1 (demo),732341,48.52,-123.46,48.34,-123.24
Marine,rural,Rural,County,12342,Marine Rural catchment 123 (demo),1772000,724400,6970.0,2927.4,0.73,0.73,0.73,0.73,70,False,52.5,Marine Rural Climate Station 2 (demo),732342,48.55,-123.49,48.37,-123.27
Marine,rural,Rural,County,12343,Marine Rural catchment 124 (demo),1796000,734200,7060.0,2965.2,0.74,0.74,0.74,0.74,63,False,64.0,Marine Rural Climate Station 3 (demo),732343,48.58,-123.52,48.4,-123.3
Marine,rural,Rural,County,12344,Marine Rural catchment 125 (demo),1820000,744000,7150.0,3003.0,0.75,0.75,0.75,0.75,56,False,75.5,Marine Rural Climate Station 4 (demo),732344,48.61,-123.55,48.43,-123.33
Marine,rural,Rural,County,12345,Marine Rural catchment 126 (demo),1844000,753800,7240.0,3040.8,0.76,0.76,0.76,0.76,49,False,87.0,Marine Rural Climate Station 5 (demo),732345,48.64,-123.58,48.46,-123.36
Marine,rural,Rural,County,12346,Marine Rural catchment 127 (demo),1868000,763600,7330.0,3078.6,0.77,0.77,0.77,0.77,43,False,98.5,Marine Rural Climate Station 6 (demo),732346,48.67,-123.61,48.49,-123.39
Marine,rural,Rural,County,12347,Marine Rural catchment 128 (demo),1892000,773400,7420.0,3116.4,0.78,0.78,0.78,0.78,37,False,110.0,Marine Rural Climate Station 7 (demo),732347,48.7,-123.64,48.52,-123.42
Marine,rural,Rural,County,12348,Marine Rural catchment 129 (demo),1916000,783200,7510.0,3154.2,0.79,0.79,0.79,0.79,31,False,18.0,Marine Rural Climate Station 1 (demo),732348,48.73,-123.67,48.55,-123.45
Marine,rural,Rural,County,12349,Marine Rural catchment 130 (demo),1940000,793000,7600.0,3192.0,0.8,0.8,0.8,0.8,25,False,29.5,Marine Rural Climate Station 2 (demo),732349,48.76,-123.7,48.58,-123.48
Marine,rural,Rural,County,12350,Marine Rural catchment 131 (demo),1964000,802800,7690.0,3229.8,0.81,0.81,0.81,0.81,19,False,41.0,Marine Rural Climate Station 3 (demo),732350,48.4,-123.34,48.22,-123.12
Marine,rural,Rural,County,12351,Marine Rural catchment 132 (demo),1988000,812600,7780.0,3267.6,0.82,0.82,0.82,0.82,13,False,52.5,Marine Rural Climate Station 4 (demo),732351,48.43,-123.37,48.25,-123.15
Marine,rural,Rural,County,12352,Marine Rural catchment 133 (demo),2012000,822400,7870.0,3305.4,0.83,0.83,0.83,0.83,7,False,64.0,Marine Rural Climate Station 5 (demo),732352,48.46,-123.4,48.28,-123.18
Marine,rural,Rural,County,12353,Marine Rural catchment 134 (demo),1508000,616600,5980.0,2511.6,0.62,0.62,0.62,0.62,148,False,75.5,Marine Rural Climate Station 6 (demo),732353,48.49,-123.43,48.31,-123.21
Marine,rural,Rural,County,12354,Marine Rural catchment 135 (demo),1532000,626400,6070.0,2549.4,0.63,0.63,0.63,0.63,141,False,87.0,Marine Rural Climate Station 7 (demo),732354,48.52,-123.46,48.34,-123.24
Marine,rural,Rural,County,12355,Marine Rural catchment 136 (demo),1556000,636200,6160.0,2587.2,0.64,0.64,0.64,0.64,134,False,98.5,Marine Rural Climate Station 1 (demo),732355,48.55,-123.49,48.37,-123.27
Marine,rural,Rural,County,12356,Marine Rural catchment 137 (demo),1580000,646000,6250.0,2625.0,0.65,0.65,0.65,0.65,127,False,110.0,Marine Rural Climate Station 2 (demo),732356,48.58,-123.52,48.4,-123.3
Marine,rural,Rural,County,12357,Marine Rural catchment 138 (demo),1604000,655800,6340.0,2662.8,0.66,0.66,0.66,0.66,120,False,18.0,Marine Rural Climate Station 3 (demo),732357,48.61,-123.55,48.43,-123.33
Marine,rural,Rural,County,12358,Marine Rural catchment 139 (demo),1628000,665600,6430.0,2700.6,0.67,0.67,0.67,0.67,113,False,29.5,Marine Rural Climate Station 4 (demo),732358,48.64,-123.58,48.46,-123.36
Marine,rural,Rural,County,12359,Marine Rural catchment 140 (demo),1651999,675399,6520.0,2738.4,0.68,0.68,0.68,0.68,106,False,41.0,Marine Rural Climate Station 5 (demo),732359,48.67,-123.61,48.49,-123.39
Marine,rural,Rural,County,12360,Marine Rural catchment 141 (demo),1675999,685200,6610.0,2776.2,0.69,0.69,0.69,0.69,99,False,52.5,Marine Rural Climate Station 6 (demo),732360,48.7,-123.64,48.52,-123.42
Marine,rural,Rural,County,12361,Marine Rural catchment 142 (demo),1700000,695000,6700.0,2814.0,0.7,0.7,0.7,0.7,92,False,64.0,Marine Rural Climate Station 7 (demo),732361,48.73,-123.67,48.55,-123.45
Marine,rural,Rural,County,12362,Marine Rural catchment 143 (demo),1724000,704800,6790.0,2851.8,0.71,0.71,0.71,0.71,85,False,75.5,Marine Rural Climate Station 1 (demo),732362,48.76,-123.7,48.58,-123.48
Marine,rural,Rural,County,12363,Marine Rural catchment 144 (demo),1748000,714600,6880.0,2889.6,0.72,0.72,0.72,0.72,78,False,87.0,Marine Rural Climate Station 2 (demo),732363,48.4,-123.34,48.22,-123.12
Marine,rural,Rural,County,12364,Marine Rural catchment 145 (demo),1772000,724400,6970.0,2927.4,0.73,0.73,0.73,0.73,71,False,98.5,Marine Rural Climate Station 3 (demo),732364,48.43,-123.37,48.25,-123.15
Marine,rural,Rural,County,12365,Marine Rural catchment 146 (demo),1796000,734200,7060.0,2965.2,0.74,0.74,0.74,0.74,64,False,110.0,Marine Rural Climate Station 4 (demo),732365,48.46,-123.4,48.28,-123.18
Marine,rural,Rural,County,12366,Marine Rural catchment 147 (demo),1820000,744000,7150.0,3003.0,0.75,0.75,0.75,0.75,57,False,18.0,Marine Rural Climate Station 5 (demo),732366,48.49,-123.43,48.31,-123.21
Marine,rural,Rural,County,12367,Marine Rural catchment 148 (demo),1844000,753800,7240.0,3040.8,0.76,0.76,0.76,0.76,50,False,29.5,Marine Rural Climate Station 6 (demo),732367,48.52,-123.46,48.34,-123.24
Mixed-Humid,higher density urban,HDU,CBSA,47900,"Washington-Arlington-Alexandria, DC-VA-MD-WV (demo)",2180000,891000,8500.0,3570.0,0.952,0.952,0.952,0.952,1,False,41.0,Mixed-Humid HDU Climate Station 7 (demo),732368,38.75,-80.79,38.57,-80.57
Mixed-Humid,higher density urban,HDU,CBSA,37980,"Philadelphia-Camden-Wilmington, PA-NJ-DE-MD (demo)",1508000,616600,5980.0,2511.6,0.901,0.901,0.901,0.901,2,True,52.5,Mixed-Humid HDU Climate Station 1 (demo),732369,38.78,-80.82,38.6,-80.6
Mixed-Humid,higher density urban,HDU,CBSA,12370,Mixed-Humid HDU catchment 3 (demo),1532000,626400,6070.0,2549.4,0.63,0.63,0.63,0.63,136,False,64.0,Mixed-Humid HDU Climate Station 2 (demo),732370,38.81,-80.85,38.63,-80.63
Mixed-Humid,higher density urban,HDU,CBSA,12371,Mixed-Humid HDU catchment 4 (demo),1556000,636200,6160.0,2587.2,0.64,0.64,0.64,0.64,129,False,75.5,Mixed-Humid HDU Climate Station 3 (demo),732371,38.84,-80.88,38.66,-80.66
Mixed-Humid,higher density urban,HDU,CBSA,12372,Mixed-Humid HDU catchment 5 (demo),1580000,646000,6250.0,2625.0,0.65,0.65,0.65,0.65,122,False,87.0,Mixed-Humid HDU Climate Station 4 (demo),732372,38.87,-80.91,38.69,-80.69
Mixed-Humid,higher density urban,HDU,CBSA,12373,Mixed-Humid HDU catchment 6 (demo),1604000,655800,6340.0,2662.8,0.66,0.66,0.66,0.66,115,False,98.5,Mixed-Humid HDU Climate Station 5 (demo),732373,38.9,-80.94,38.72,-80.72
Mixed-Humid,higher density urban,HDU,CBSA,12374,Mixed-Humid HDU catchment 7 (demo),1628000,665600,6430.0,2700.6,0.67,0.67,0.67,0.67,108,False,110.0,Mixed-Humid HDU Climate Station 6 (demo),732374,38.93,-80.97,38.75,-80.75
Mixed-Humid,higher density urban,HDU,CBSA,12375,Mixed-Humid HDU catchment 8 (demo),1651999,675399,6520.0,2738.4,0.68,0.68,0.68,0.68,101,False,18.0,Mixed-Humid HDU Climate Station 7 (demo),732375,38.96,-81.0,38.78,-80.78
Mixed-Humid,higher density urban,HDU,CBSA,12376,Mixed-Humid HDU catchment 9 (demo),1675999,685200,6610.0,2776.2,0.69,0.69,0.69,0.69,94,False,29.5,Mixed-Humid HDU Climate Station 1 (demo),732376,38.6,-80.64,38.42,-80.42
Mixed-Humid,higher density urban,HDU,CBSA,12377,Mixed-Humid HDU catchment 10 (demo),1700000,695000,6700.0,2814.0,0.7,0.7,0.7,0.7,87,False,41.0,Mixed-Humid HDU Climate Station 2 (demo),732377,38.63,-80.67,38.45,-80.45
Mixed-Humid,higher density urban,HDU,CBSA,12378,Mixed-Humid HDU catchment 11 (demo),1724000,704800,6790.0,2851.8,0.71,0.71,0.71,0.71,80,False,52.5,Mixed-Humid HDU Climate Station 3 (demo),732378,38.66,-80.7,38.48,-80.48
Mixed-Humid,higher density urban,HDU,CBSA,12379,Mixed-Humid HDU catchment 12 (demo),1748000,714600,6880.0,2889.6,0.72,0.72,0.72,0.72,73,False,64.0,Mixed-Humid HDU Climate Station 4 (demo),732379,38.69,-80.73,38.51,-80.51
Mixed-Humid,higher density urban,HDU,CBSA,12380,Mixed-Humid HDU catchment 13 (demo),1772000,724400,6970.0,2927.4,0.73,0.73,0.73,0.73,66,False,75.5,Mixed-Humid HDU Climate Station 5 (demo),732380,38.72,-80.76,38.54,-80.54
Mixed-Humid,higher density urban,HDU,CBSA,12381,Mixed-Humid HDU catchment 14 (demo),1796000,734200,7060.0,2965.2,0.74,0.74,0.74,0.74,59,False,87.0,Mixed-Humid HDU Climate Station 6 (demo),732381,38.75,-80.79,38.57,-80.57
Mixed-Humid,higher density urban,HDU,CBSA,12382,Mixed-Humid HDU catchment 15 (demo),1820000,744000,7150.0,3003.0,0.75,0.75,0.75,0.75,52,False,98.5,Mixed-Humid HDU Climate Station 7 (demo),732382,38.78,-80.82,38.6,-80.6
Mixed-Humid,higher density urban,HDU,CBSA,12383,Mixed-Humid HDU catchment 16 (demo),1844000,753800,7240.0,3040.8,0.76,0.76,0.76,0.76,45,False,110.0,Mixed-Humid HDU Climate Station 1 (demo),732383,38.81,-80.85,38.63,-80.63
Mixed-Humid,higher density urban,HDU,CBSA,12384,Mixed-Humid HDU catchment 17 (demo),1868000,763600,7330.0,3078.6,0.77,0.77,0.77,0.77,39,False,18.0,Mixed-Humid HDU Climate Station 2 (demo),732384,38.84,-80.88,38.66,-80.66
Mixed-Humid,higher density urban,HDU,CBSA,12385,Mixed-Humid HDU catchment 18 (demo),1892000,773400,7420.0,3116.4,0.78,0.78,0.78,0.78,33,False,29.5,Mixed-Humid HDU Climate Station 3 (demo),732385,38.87,-80.91,38.69,-80.69
Mixed-Humid,higher density urban,HDU,CBSA,12386,Mixed-Humid HDU catchment 19 (demo),1916000,783200,7510.0,3154.2,0.79,0.79,0.79,0.79,27,False,41.0,Mixed-Humid HDU Climate Station 4 (demo),732386,38.9,-80.94,38.72,-80.72
Mixed-Humid,higher density urban,HDU,CBSA,12387,Mixed-Humid HDU catchment 20 (demo),1940000,793000,7600.0,3192.0,0.8,0.8,0.8,0.8,21,False,52.5,Mixed-Humid HDU Climate Station 5 (demo),732387,38.93,-80.97,38.75,-80.75
Mixed-Humid,higher density urban,HDU,CBSA,12388,Mixed-Humid HDU catchment 21 (demo),1964000,802800,7690.0,3229.8,0.81,0.81,0.81,0.81,15,False,64.0,Mixed-Humid HDU Climate Station 6 (demo),732388,38.96,-81.0,38.78,-80.78
Mixed-Humid,higher density urban,HDU,CBSA,12389,Mixed-Humid HDU catchment 22 (demo),1988000,812600,7780.0,3267.6,0.82,0.82,0.82,0.82,9,False,75.5,Mixed-Humid HDU Climate Station 7 (demo),732389,38.6,-80.64,38.42,-80.42
Mixed-Humid,higher density urban,HDU,CBSA,12390,Mixed-Humid HDU catchment 23 (demo),2012000,822400,7870.0,3305.4,0.83,0.83,0.83,0.83,3,False,87.0,Mixed-Humid HDU Climate Station 1 (demo),732390,38.63,-80.67,38.45,-80.45
Mixed-Humid,higher density urban,HDU,CBSA,12391,Mixed-Humid HDU catchment 24 (demo),1508000,616600,5980.0,2511.6,0.62,0.62,0.62,0.62,143,False,98.5,Mixed-Humid HDU Climate Station 2 (demo),732391,38.66,-80.7,38.48,-80.48
Mixed-Humid,higher density urban,HDU,CBSA,12392,Mixed-Humid HDU catchment 25 (demo),1532000,626400,6070.0,2549.4,0.63,0.63,0.63,0.63,137,False,110.0,Mixed-Humid HDU Climate Station 3 (demo),732392,38.69,-80.73,38.51,-80.51
Mixed-Humid,higher density urban,HDU,CBSA,12393,Mixed-Humid HDU catchment 26 (demo),1556000,636200,6160.0,2587.2,0.64,0.64,0.64,0.64,130,False,18.0,Mixed-Humid HDU Climate Station 4 (demo),732393,38.72,-80.76,38.54,-80.54
Mixed-Humid,higher density urban,HDU,CBSA,12394,Mixed-Humid HDU catchment 27 (demo),1580000,646000,6250.0,2625.0,0.65,0.65,0.65,0.65,123,False,29.5,Mixed-Humid HDU Climate Station 5 (demo),732394,38.75,-80.79,38.57,-80.57
Mixed-Humid,higher density urban,HDU,CBSA,12395,Mixed-Humid HDU catchment 28 (demo),1604000,655800,6340.0,2662.8,0.66,0.66,0.66,0.66,116,False,41.0,Mixed-Humid HDU Climate Station 6 (demo),732395,38.78,-80.82,38.6,-80.6
Mixed-Humid,higher density urban,HDU,CBSA,12396,Mixed-Humid HDU catchment 29 (demo),1628000,665600,6430.0,2700.6,0.67,0.67,0.67,0.67,109,False,52.5,Mixed-Humid HDU Climate Station 7 (demo),732396,38.81,-80.85,38.63,-80.63
Mixed-Humid,higher density urban,HDU,CBSA,12397,Mixed-Humid HDU catchment 30 (demo),1651999,675399,6520.0,2738.4,0.68,0.68,0.68,0.68,102,False,64.0,Mixed-Humid HDU Climate Station 1 (demo),732397,38.84,-80.88,38.66,-80.66
Mixed-Humid,higher density urban,HDU,CBSA,12398,Mixed-Humid HDU catchment 31 (demo),1675999,685200,6610.0,2776.2,0.69,0.69,0.69,0.69,95,False,75.5,Mixed-Humid HDU Climate Station 2 (demo),732398,38.87,-80.91,38.69,-80.69
Mixed-Humid,higher density urban,HDU,CBSA,12399,Mixed-Humid HDU catchment 32 (demo),1700000,695000,6700.0,2814.0,0.7,0.7,0.7,0.7,88,False,87.0,Mixed-Humid HDU Climate Station 3 (demo),732399,38.9,-80.94,38.72,-80.72
Mixed-Humid,higher density urban,HDU,CBSA,12400,Mixed-Humid HDU catchment 33 (demo),1724000,704800,6790.0,2851.8,0.71,0.71,0.71,0.71,81,False,98.5,Mixed-Humid HDU Climate Station 4 (demo),732400,38.93,-80.97,38.75,-80.75
Mixed-Humid,higher density urban,HDU,CBSA,12401,Mixed-Humid HDU catchment 34 (demo),1748000,714600,6880.0,2889.6,0.72,0.72,0.72,0.72,74,False,110.0,Mixed-Humid HDU Climate Station 5 (demo),732401,38.96,-81.0,38.78,-80.78
Mixed-Humid,higher density urban,HDU,CBSA,12402,Mixed-Humid HDU catchment 35 (demo),1772000,724400,6970.0,2927.4,0.73,0.73,0.73,0.73,67,False,18.0,Mixed-Humid HDU Climate Station 6 (demo),732402,38.6,-80.64,38.42,-80.42
Mixed-Humid,higher density urban,HDU,CBSA,12403,Mixed-Humid HDU catchment 36 (demo),1796000,734200,7060.0,2965.2,0.74,0.74,0.74,0.74,60,False,29.5,Mixed-Humid HDU Climate Station 7 (demo),732403,38.63,-80.67,38.45,-80.45
Mixed-Humid,higher density urban,HDU,CBSA,12404,Mixed-Humid HDU catchment 37 (demo),1820000,744000,7150.0,3003.0,0.75,0.75,0.75,0.75,53,False,41.0,Mixed-Humid HDU Climate Station 1 (demo),732404,38.66,-80.7,38.48,-80.48
Mixed-Humid,higher density urban,HDU,CBSA,12405,Mixed-Humid HDU catchment 38 (demo),1844000,753800,7240.0,3040.8,0.76,0.76,0.76,0.76,46,False,52.5,Mixed-Humid HDU Climate Station 2 (demo),732405,38.69,-80.73,38.51,-80.51
Mixed-Humid,higher density urban,HDU,CBSA,12406,Mixed-Humid HDU catchment 39 (demo),1868000,763600,7330.0,3078.6,0.77,0.77,0.77,0.77,40,False,64.0,Mixed-Humid HDU Climate Station 3 (demo),732406,38.72,-80.76,38.54,-80.54
Mixed-Humid,higher density urban,HDU,CBSA,12407,Mixed-Humid HDU catchment 40 (demo),1892000,773400,7420.0,3116.4,0.78,0.78,0.78,0.78,34,False,75.5,Mixed-Humid HDU Climate Station 4 (demo),732407,38.75,-80.79,38.57,-80.57
Mixed-Humid,higher density urban,HDU,CBSA,12408,Mixed-Humid HDU catchment 41 (demo),1916000,783200,7510.0,3154.2,0.79,0.79,0.79,0.79,28,False,87.0,Mixed-Humid HDU Climate Station 5 (demo),732408,38.78,-80.82,38.6,-80.6
Mixed-Humid,higher density urban,HDU,CBSA,12409,Mixed-Humid HDU catchment 42 (demo),1940000,793000,7600.0,3192.0,0.8,0.8,0.8,0.8,22,False,98.5,Mixed-Humid HDU Climate Station 6 (demo),732409,38.81,-80.85,38.63,-80.63
Mixed-Humid,higher density urban,HDU,CBSA,12410,Mixed-Humid HDU catchment 43 (demo),1964000,802800,7690.0,3229.8,0.81,0.81,0.81,0.81,16,False,110.0,Mixed-Humid HDU Climate Station 7 (demo),732410,38.84,-80.88,38.66,-80.66
Mixed-Humid,higher density urban,HDU,CBSA,12411,Mixed-Humid HDU catchment 44 (demo),1988000,812600,7780.0,3267.6,0.82,0.82,0.82,0.82,10,False,18.0,Mixed-Humid HDU Climate Station 1 (demo),732411,38.87,-80.91,38.69,-80.69
Mixed-Humid,higher density urban,HDU,CBSA,12412,Mixed-Humid HDU catchment 45 (demo),2012000,822400,7870.0,3305.4,0.83,0.83,0.83,0.83,4,False,29.5,Mixed-Humid HDU Climate Station 2 (demo),732412,38.9,-80.94,38.72,-80.72
Mixed-Humid,higher density urban,HDU,CBSA,12413,Mixed-Humid HDU catchment 46 (demo),1508000,616600,5980.0,2511.6,0.62,0.62,0.62,0.62,144,False,41.0,Mixed-Humid HDU Climate Station 3 (demo),732413,38.93,-80.97,38.75,-80.75
Mixed-Humid,higher density urban,HDU,CBSA,12414,Mixed-Humid HDU catchment 47 (demo),1532000,626400,6070.0,2549.4,0.63,0.63,0.63,0.63,138,False,52.5,Mixed-Humid HDU Climate Station 4 (demo),732414,38.96,-81.0,38.78,-80.78
Mixed-Humid,higher density urban,HDU,CBSA,12415,Mixed-Humid HDU catchment 48 (demo),1556000,636200,6160.0,2587.2,0.64,0.64,0.64,0.64,131,False,64.0,Mixed-Humid HDU Climate Station 5 (demo),732415,38.6,-80.64,38.42,-80.42
Mixed-Humid,higher density urban,HDU,CBSA,12416,Mixed-Humid HDU catchment 49 (demo),1580000,646000,6250.0,2625.0,0.65,0.65,0.65,0.65,124,False,75.5,Mixed-Humid HDU Climate Station 6 (demo),732416,38.63,-80.67,38.45,-80.45
Mixed-Humid,higher density urban,HDU,CBSA,12417,Mixed-Humid HDU catchment 50 (demo),1604000,655800,6340.0,2662.8,0.66,0.66,0.66,0.66,117,False,87.0,Mixed-Humid HDU Climate Station 7 (demo),732417,38.66,-80.7,38.48,-80.48
Mixed-Humid,higher density urban,HDU,CBSA,12418,Mixed-Humid HDU catchment 51 (demo),1628000,665600,6430.0,2700.6,0.67,0.67,0.67,0.67,110,False,98.5,Mixed-Humid HDU Climate Station 1 (demo),732418,38.69,-80.73,38.51,-80.51
Mixed-Humid,higher density urban,HDU,CBSA,12419,Mixed-Humid HDU catchment 52 (demo),1651999,675399,6520.0,2738.4,0.68,0.68,0.68,0.68,103,False,110.0,Mixed-Humid HDU Climate Station 2 (demo),732419,38.72,-80.76,38.54,-80.54
Mixed-Humid,higher density urban,HDU,CBSA,12420,Mixed-Humid HDU catchment 53 (demo),1675999,685200,6610.0,2776.2,0.69,0.69,0.69,0.69,96,False,18.0,Mixed-Humid HDU Climate Station 3 (demo),732420,38.75,-80.79,38.57,-80.57
Mixed-Humid,higher density urban,HDU,CBSA,12421,Mixed-Humid HDU catchment 54 (demo),1700000,695000,6700.0,2814.0,0.7,0.7,0.7,0.7,89,False,29.5,Mixed-Humid HDU Climate Station 4 (demo),732421,38.78,-80.82,38.6,-80.6
Mixed-Humid,higher density urban,HDU,CBSA,12422,Mixed-Humid HDU catchment 55 (demo),1724000,704800,6790.0,2851.8,0.71,0.71,0.71,0.71,82,False,41.0,Mixed-Humid HDU Climate Station 5 (demo),732422,38.81,-80.85,38.63,-80.63
Mixed-Humid,higher density urban,HDU,CBSA,12423,Mixed-Humid HDU catchment 56 (demo),1748000,714600,6880.0,2889.6,0.72,0.72,0.72,0.72,75,False,52.5,Mixed-Humid HDU Climate Station 6 (demo),732423,38.84,-80.88,38.66,-80.66
Mixed-Humid,higher density urban,HDU,CBSA,12424,Mixed-Humid HDU catchment 57 (demo),1772000,724400,6970.0,2927.4,0.73,0.73,0.73,0.73,68,False,64.0,Mixed-Humid HDU Climate Station 7 (demo),732424,38.87,-80.91,38.69,-80.69
Mixed-Humid,higher density urban,HDU,CBSA,12425,Mixed-Humid HDU catchment 58 (demo),1796000,734200,7060.0,2965.2,0.74,0.74,0.74,0.74,61,False,75.5,Mixed-Humid HDU Climate Station 1 (demo),732425,38.9,-80.94,38.72,-80.72
Mixed-Humid,higher density urban,HDU,CBSA,12426,Mixed-Humid HDU catchment 59 (demo),1820000,744000,7150.0,3003.0,0.75,0.75,0.75,0.75,54,False,87.0,Mixed-Humid HDU Climate Station 2 (demo),732426,38.93,-80.97,38.75,-80.75
Mixed-Humid,higher density urban,HDU,CBSA,12427,Mixed-Humid HDU catchment 60 (demo),1844000,753800,7240.0,3040.8,0.76,0.76,0.76,0.76,47,False,98.5,Mixed-Humid HDU Climate Station 3 (demo),732427,38.96,-81.0,38.78,-80.78
Mixed-Humid,higher density urban,HDU,CBSA,12428,Mixed-Humid HDU catchment 61 (demo),1868000,763600,7330.0,3078.6,0.77,0.77,0.77,0.77,41,False,110.0,Mixed-Humid HDU Climate Station 4 (demo),732428,38.6,-80.64,38.42,-80.42
Mixed-Humid,higher density urban,HDU,CBSA,12429,Mixed-Humid HDU catchment 62 (demo),1892000,773400,7420.0,3116.4,0.78,0.78,0.78,0.78,35,False,18.0,Mixed-Humid HDU Climate Station 5 (demo),732429,38.63,-80.67,38.45,-80.45
Mixed-Humid,higher density urban,HDU,CBSA,12430,Mixed-Humid HDU catchment 63 (demo),1916000,783200,7510.0,3154.2,0.79,0.79,0.79,0.79,29,False,29.5,Mixed-Humid HDU Climate Station 6 (demo),732430,38.66,-80.7,38.48,-80.48
Mixed-Humid,higher density urban,HDU,CBSA,12431,Mixed-Humid HDU catchment 64 (demo),1940000,793000,7600.0,3192.0,0.8,0.8,0.8,0.8,23,False,41.0,Mixed-Humid HDU Climate Station 7 (demo),732431,38.69,-80.73,38.51,-80.51
Mixed-Humid,higher density urban,HDU,CBSA,12432,Mixed-Humid HDU catchment 65 (demo),1964000,802800,7690.0,3229.8,0.81,0.81,0.81,0.81,17,False,52.5,Mixed-Humid HDU Climate Station 1 (demo),732432,38.72,-80.76,38.54,-80.54
Mixed-Humid,higher density urban,HDU,CBSA,12433,Mixed-Humid HDU catchment 66 (demo),1988000,812600,7780.0,3267.6,0.82,0.82,0.82,0.82,11,False,64.0,Mixed-Humid HDU Climate Station 2 (demo),732433,38.75,-80.79,38.57,-80.57
Mixed-Humid,higher density urban,HDU,CBSA,12434,Mixed-Humid HDU catchment 67 (demo),2012000,822400,7870.0,3305.4,0.83,0.83,0.83,0.83,5,False,75.5,Mixed-Humid HDU Climate Station 3 (demo),732434,38.78,-80.82,38.6,-80.6
Mixed-Humid,higher density urban,HDU,CBSA,12435,Mixed-Humid HDU catchment 68 (demo),1508000,616600,5980.0,2511.6,0.62,0.62,0.62,0.62,145,False,87.0,Mixed-Humid HDU Climate Station 4 (demo),732435,38.81,-80.85,38.63,-80.63
Mixed-Humid,higher density urban,HDU,CBSA,12436,Mixed-Humid HDU catchment 69 (demo),1532000,626400,6070.0,2549.4,0.63,0.63,0.63,0.63,139,False,98.5,Mixed-Humid HDU Climate Station 5 (demo),732436,38.84,-80.88,38.66,-80.66
Mixed-Humid,higher density urban,HDU,CBSA,12437,Mixed-Humid HDU catchment 70 (demo),1556000,636200,6160.0,2587.2,0.64,0.64,0.64,0.64,132,False,110.0,Mixed-Humid HDU Climate Station 6 (demo),732437,38.87,-80.91,38.69,-80.69
Mixed-Humid,higher density urban,HDU,CBSA,12438,Mixed-Humid HDU catchment 71 (demo),1580000,646000,6250.0,2625.0,0.65,0.65,0.65,0.65,125,False,18.0,Mixed-Humid HDU Climate Station 7 (demo),732438,38.9,-80.94,38.72,-80.72
Mixed-Humid,higher density urban,HDU,CBSA,12439,Mixed-Humid HDU catchment 72 (demo),1604000,655800,6340.0,2662.8,0.66,0.66,0.66,0.66,118,False,29.5,Mixed-Humid HDU Climate Station 1 (demo),732439,38.93,-80.97,38.75,-80.75
Mixed-Humid,higher density urban,HDU,CBSA,12440,Mixed-Humid HDU catchment 73 (demo),1628000,665600,6430.0,2700.6,0.67,0.67,0.67,0.67,111,False,41.0,Mixed-Humid HDU Climate Station 2 (demo),732440,38.96,-81.0,38.78,-80.78
Mixed-Humid,higher density urban,HDU,CBSA,12441,Mixed-Humid HDU catchment 74 (demo),1651999,675399,6520.0,2738.4,0.68,0.68,0.68,0.68,104,False,52.5,Mixed-Humid HDU Climate Station 3 (demo),732441,38.6,-80.64,38.42,-80.42
Mixed-Humid,higher density urban,HDU,CBSA,12442,Mixed-Humid HDU catchment 75 (demo),1675999,685200,6610.0,2776.2,0.69,0.69,0.69,0.69,97,False,64.0,Mixed-Humid HDU Climate Station 4 (demo),732442,38.63,-80.67,38.45,-80.45
Mixed-Humid,higher density urban,HDU,CBSA,12443,Mixed-Humid HDU catchment 76 (demo),1700000,695000,6700.0,2814.0,0.7,0.7,0.7,0.7,90,False,75.5,Mixed-Humid HDU Climate Station 5 (demo),732443,38.66,-80.7,38.48,-80.48
Mixed-Humid,higher density urban,HDU,CBSA,12444,Mixed-Humid HDU catchment 77 (demo),1724000,704800,6790.0,2851.8,0.71,0.71,0.71,0.71,83,False,87.0,Mixed-Humid HDU Climate Station 6 (demo),732444,38.69,-80.73,38.51,-80.51
Mixed-Humid,higher density urban,HDU,CBSA,12445,Mixed-Humid HDU catchment 78 (demo),1748000,714600,6880.0,2889.6,0.72,0.72,0.72,0.72,76,False,98.5,Mixed-Humid HDU Climate Station 7 (demo),732445,38.72,-80.76,38.54,-80.54
Mixed-Humid,higher density urban,HDU,CBSA,12446,Mixed-Humid HDU catchment 79 (demo),1772000,724400,6970.0,2927.4,0.73,0.73,0.73,0.73,69,False,110.0,Mixed-Humid HDU Climate Station 1 (demo),732446,38.75,-80.79,38.57,-80.57
Mixed-Humid,higher density urban,HDU,CBSA,12447,Mixed-Humid HDU catchment 80 (demo),1796000,734200,7060.0,2965.2,0.74,0.74,0.74,0.74,62,False,18.0,Mixed-Humid HDU Climate Station 2 (demo),732447,38.78,-80.82,38.6,-80.6
Mixed-Humid,higher density urban,HDU,CBSA,12448,Mixed-Humid HDU catchment 81 (demo),1820000,744000,7150.0,3003.0,0.75,0.75,0.75,0.75,55,False,29.5,Mixed-Humid HDU Climate Station 3 (demo),732448,38.81,-80.85,38.63,-80.63
Mixed-Humid,higher density urban,HDU,CBSA,12449,Mixed-Humid HDU catchment 82 (demo),1844000,753800,7240.0,3040.8,0.76,0.76,0.76,0.76,48,False,41.0,Mixed-Humid HDU Climate Station 4 (demo),732449,38.84,-80.88,38.66,-80.66
Mixed-Humid,higher density urban,HDU,CBSA,12450,Mixed-Humid HDU catchment 83 (demo),1868000,763600,7330.0,3078.6,0.77,0.77,0.77,0.77,42,False,52.5,Mixed-Humid HDU Climate Station 5 (demo),732450,38.87,-80.91,38.69,-80.69
Mixed-Humid,higher density urban,HDU,CBSA,12451,Mixed-Humid HDU catchment 84 (demo),1892000,773400,7420.0,3116.4,0.78,0.78,0.78,0.78,36,False,64.0,Mixed-Humid HDU Climate Station 6 (demo),732451,38.9,-80.94,38.72,-80.72
Mixed-Humid,higher density urban,HDU,CBSA,12452,Mixed-Humid HDU catchment 85 (demo),1916000,783200,7510.0,3154.2,0.79,0.79,0.79,0.79,30,False,75.5,Mixed-Humid HDU Climate Station 7 (demo),732452,38.93,-80.97,38.75,-80.75
Mixed-Humid,higher density urban,HDU,CBSA,12453,Mixed-Humid HDU catchment 86 (demo),1940000,793000,7600.0,3192.0,0.8,0.8,0.8,0.8,24,False,87.0,Mixed-Humid HDU Climate Station 1 (demo),732453,38.96,-81.0,38.78,-80.78
Mixed-Humid,higher density urban,HDU,CBSA,12454,Mixed-Humid HDU catchment 87 (demo),1964000,802800,7690.0,3229.8,0.81,0.81,0.81,0.81,18,False,98.5,Mixed-Humid HDU Climate Station 2 (demo),732454,38.6,-80.64,38.42,-80.42
Mixed-Humid,higher density urban,HDU,CBSA,12455,Mixed-Humid HDU catchment 88 (demo),1988000,812600,7780.0,3267.6,0.82,0.82,0.82,0.82,12,False,110.0,Mixed-Humid HDU Climate Station 3 (demo),732455,38.63,-80.67,38.45,-80.45
Mixed-Humid,higher density urban,HDU,CBSA,12456,Mixed-Humid HDU catchment 89 (demo),2012000,822400,7870.0,3305.4,0.83,0.83,0.83,0.83,6,False,18.0,Mixed-Humid HDU Climate Station 4 (demo),732456,38.66,-80.7,38.48,-80.48
Mixed-Humid,higher density urban,HDU,CBSA,12457,Mixed-Humid HDU catchment 90 (demo),1508000,616600,5980.0,2511.6,0.62,0.62,0.62,0.62,146,False,29.5,Mixed-Humid HDU Climate Station 5 (demo),732457,38.69,-80.73,38.51,-80.51
Mixed-Humid,higher density urban,HDU,CBSA,12458,Mixed-Humid HDU catchment 91 (demo),1532000,626400,6070.0,2549.4,0.63,0.63,0.63,0.63,140,False,41.0,Mixed-Humid HDU Climate Station 6 (demo),732458,38.72,-80.76,38.54,-80.54
Mixed-Humid,higher density urban,HDU,CBSA,12459,Mixed-Humid HDU catchment 92 (demo),1556000,636200,6160.0,2587.2,0.64,0.64,0.64,0.64,133,False,52.5,Mixed-Humid HDU Climate Station 7 (demo),732459,38.75,-80.79,38.57,-80.57
Mixed-Humid,higher density urban,HDU,CBSA,12460,Mixed-Humid HDU catchment 93 (demo),1580000,646000,6250.0,2625.0,0.65,0.65,0.65,0.65,126,False,64.0,Mixed-Humid HDU Climate Station 1 (demo),732460,38.78,-80.82,38.6,-80.6
Mixed-Humid,higher density urban,HDU,CBSA,12461,Mixed-Humid HDU catchment 94 (demo),1604000,655800,6340.0,2662.8,0.66,0.66,0.66,0.66,119,False,75.5,Mixed-Humid HDU Climate Station 2 (demo),732461,38.81,-80.85,38.63,-80.63
Mixed-Humid,higher density urban,HDU,CBSA,12462,Mixed-Humid HDU catchment 95 (demo),1628000,665600,6430.0,2700.6,0.67,0.67,0.67,0.67,112,False,87.0,Mixed-Humid HDU Climate Station 3 (demo),732462,38.84,-80.88,38.66,-80.66
Mixed-Humid,higher density urban,HDU,CBSA,12463,Mixed-Humid HDU catchment 96 (demo),1651999,675399,6520.0,2738.4,0.68,0.68,0.68,0.68,105,False,98.5,Mixed-Humid HDU Climate Station 4 (demo),732463,38.87,-80.91,38.69,-80.69
Mixed-Humid,higher density urban,HDU,CBSA,12464,Mixed-Humid HDU catchment 97 (demo),1675999,685200,6610.0,2776.2,0.69,0.69,0.69,0.69,98,False,110.0,Mixed-Humid HDU Climate Station 5 (demo),732464,38.9,-80.94,38.72,-80.72
Mixed-Humid,higher density urban,HDU,CBSA,12465,Mixed-Humid HDU catchment 98 (demo),1700000,695000,6700.0,2814.0,0.7,0.7,0.7,0.7,91,False,18.0,Mixed-Humid HDU Climate Station 6 (demo),732465,38.93,-80.97,38.75,-80.75
Mixed-Humid,higher density urban,HDU,CBSA,12466,Mixed-Humid HDU catchment 99 (demo),1724000,704800,6790.0,2851.8,0.71,0.71,0.71,0.71,84,False,29.5,Mixed-Humid HDU Climate Station 7 (demo),732466,38.96,-81.0,38.78,-80.78
Mixed-Humid,higher density urban,HDU,CBSA,12467,Mixed-Humid HDU catchment 100 (demo),1748000,714600,6880.0,2889.6,0.72,0.72,0.72,0.72,77,False,41.0,Mixed-Humid HDU Climate Station 1 (demo),732467,38.6,-80.64,38.42,-80.42
Mixed-Humid,higher density urban,HDU,CBSA,12468,Mixed-Humid HDU catchment 101 (demo),1772000,724400,6970.0,2927.4,0.73,0.73,0.73,0.73,70,False,52.5,Mixed-Humid HDU Climate Station 2 (demo),732468,38.63,-80.67,38.45,-80.45
Mixed-Humid,higher density urban,HDU,CBSA,12469,Mixed-Humid HDU catchment 102 (demo),1796000,734200,7060.0,2965.2,0.74,0.74,0.74,0.74,63,False,64.0,Mixed-Humid HDU Climate Station 3 (demo),732469,38.66,-80.7,38.48,-80.48
Mixed-Humid,higher density urban,HDU,CBSA,12470,Mixed-Humid HDU catchment 103 (demo),1820000,744000,7150.0,3003.0,0.75,0.75,0.75,0.75,56,False,75.5,Mixed-Humid HDU Climate Station 4 (demo),732470,38.69,-80.73,38.51,-80.51
Mixed-Humid,higher density urban,HDU,CBSA,12471,Mixed-Humid HDU catchment 104 (demo),1844000,753800,7240.0,3040.8,0.76,0.76,0.76,0.76,49,False,87.0,Mixed-Humid HDU Climate Station 5 (demo),732471,38.72,-80.76,38.54,-80.54
Mixed-Humid,higher density urban,HDU,CBSA,12472,Mixed-Humid HDU catchment 105 (demo),1868000,763600,7330.0,3078.6,0.77,0.77,0.77,0.77,43,False,98.5,Mixed-Humid HDU Climate Station 6 (demo),732472,38.75,-80.79,38.57,-80.57
Mixed-Humid,higher density urban,HDU,CBSA,12473,Mixed-Humid HDU catchment 106 (demo),1892000,773400,7420.0,3116.4,0.78,0.78,0.78,0.78,37,False,110.0,Mixed-Humid HDU Climate Station 7 (demo),732473,38.78,-80.82,38.6,-80.6
Mixed-Humid,higher density urban,HDU,CBSA,12474,Mixed-Humid HDU catchment 107 (demo),1916000,783200,7510.0,3154.2,0.79,0.79,0.79,0.79,31,False,18.0,Mixed-Humid HDU Climate Station 1 (demo),732474,38.81,-80.85,38.63,-80.63
Mixed-Humid,higher density urban,HDU,CBSA,12475,Mixed-Humid HDU catchment 108 (demo),1940000,793000,7600.0,3192.0,0.8,0.8,0.8,0.8,25,False,29.5,Mixed-Humid HDU Climate Station 2 (demo),732475,38.84,-80.88,38.66,-80.66
Mixed-Humid,higher density urban,HDU,CBSA,12476,Mixed-Humid HDU catchment 109 (demo),1964000,802800,7690.0,3229.8,0.81,0.81,0.81,0.81,19,False,41.0,Mixed-Humid HDU Climate Station 3 (demo),732476,38.87,-80.91,38.69,-80.69
Mixed-Humid,higher density urban,HDU,CBSA,12477,Mixed-Humid HDU catchment 110 (demo),1988000,812600,7780.0,3267.6,0.82,0.82,0.82,0.82,13,False,52.5,Mixed-Humid HDU Climate Station 4 (demo),732477,38.9,-80.94,38.72,-80.72
Mixed-Humid,higher density urban,HDU,CBSA,12478,Mixed-Humid HDU catchment 111 (demo),2012000,822400,7870.0,3305.4,0.83,0.83,0.83,0.83,7,False,64.0,Mixed-Humid HDU Climate Station 5 (demo),732478,38.93,-80.97,38.75,-80.75
Mixed-Humid,higher density urban,HDU,CBSA,12479,Mixed-Humid HDU catchment 112 (demo),1508000,616600,5980.0,2511.6,0.62,0.62,0.62,0.62,147,False,75.5,Mixed-Humid HDU Climate Station 6 (demo),732479,38.96,-81.0,38.78,-80.78
Mixed-Humid,higher density urban,HDU,CBSA,12480,Mixed-Humid HDU catchment 113 (demo),1532000,626400,6070.0,2549.4,0.63,0.63,0.63,0.63,141,False,87.0,Mixed-Humid HDU Climate Station 7 (demo),732480,38.6,-80.64,38.42,-80.42
Mixed-Humid,higher density urban,HDU,CBSA,12481,Mixed-Humid HDU catchment 114 (demo),1556000,636200,6160.0,2587.2,0.64,0.64,0.64,0.64,134,False,98.5,Mixed-Humid HDU Climate Station 1 (demo),732481,38.63,-80.67,38.45,-80.45
Mixed-Humid,higher density urban,HDU,CBSA,12482,Mixed-Humid HDU catchment 115 (demo),1580000,646000,6250.0,2625.0,0.65,0.65,0.65,0.65,127,False,110.0,Mixed-Humid HDU Climate Station 2 (demo),732482,38.66,-80.7,38.48,-80.48
Mixed-Humid,higher density urban,HDU,CBSA,12483,Mixed-Humid HDU catchment 116 (demo),1604000,655800,6340.0,2662.8,0.66,0.66,0.66,0.66,120,False,18.0,Mixed-Humid HDU Climate Station 3 (demo),732483,38.69,-80.73,38.51,-80.51
Mixed-Humid,higher density urban,HDU,CBSA,12484,Mixed-Humid HDU catchment 117 (demo),1628000,665600,6430.0,2700.6,0.67,0.67,0.67,0.67,113,False,29.5,Mixed-Humid HDU Climate Station 4 (demo),732484,38.72,-80.76,38.54,-80.54
Mixed-Humid,higher density urban,HDU,CBSA,12485,Mixed-Humid HDU catchment 118 (demo),1651999,675399,6520.0,2738.4,0.68,0.68,0.68,0.68,106,False,41.0,Mixed-Humid HDU Climate Station 5 (demo),732485,38.75,-80.79,38.57,-80.57
Mixed-Humid,higher density urban,HDU,CBSA,12486,Mixed-Humid HDU catchment 119 (demo),1675999,685200,6610.0,2776.2,0.69,0.69,0.69,0.69,99,False,52.5,Mixed-Humid HDU Climate Station 6 (demo),732486,38.78,-80.82,38.6,-80.6
Mixed-Humid,higher density urban,HDU,CBSA,12487,Mixed-Humid HDU catchment 120 (demo),1700000,695000,6700.0,2814.0,0.7,0.7,0.7,0.7,92,False,64.0,Mixed-Humid HDU Climate Station 7 (demo),732487,38.81,-80.85,38.63,-80.63
Mixed-Humid,higher density urban,HDU,CBSA,12488,Mixed-Humid HDU catchment 121 (demo),1724000,704800,6790.0,2851.8,0.71,0.71,0.71,0.71,85,False,75.5,Mixed-Humid HDU Climate Station 1 (demo),732488,38.84,-80.88,38.66,-80.66
Mixed-Humid,higher density urban,HDU,CBSA,12489,Mixed-Humid HDU catchment 122 (demo),1748000,714600,6880.0,2889.6,0.72,0.72,0.72,0.72,78,False,87.0,Mixed-Humid HDU Climate Station 2 (demo),732489,38.87,-80.91,38.69,-80.69
Mixed-Humid,higher density urban,HDU,CBSA,12490,Mixed-Humid HDU catchment 123 (demo),1772000,724400,6970.0,2927.4,0.73,0.73,0.73,0.73,71,False,98.5,Mixed-Humid HDU Climate Station 3 (demo),732490,38.9,-80.94,38.72,-80.72
Mixed-Humid,higher density urban,HDU,CBSA,12491,Mixed-Humid HDU catchment 124 (demo),1796000,734200,7060.0,2965.2,0.74,0.74,0.74,0.74,64,False,110.0,Mixed-Humid HDU Climate Station 4 (demo),732491,38.93,-80.97,38.75,-80.75
Mixed-Humid,higher density urban,HDU,CBSA,12492,Mixed-Humid HDU catchment 125 (demo),1820000,744000,7150.0,3003.0,0.75,0.75,0.75,0.75,57,False,18.0,Mixed-Humid HDU Climate Station 5 (demo),732492,38.96,-81.0,38.78,-80.78
Mixed-Humid,higher density urban,HDU,CBSA,12493,Mixed-Humid HDU catchment 126 (demo),1844000,753800,7240.0,3040.8,0.76,0.76,0.76,0.76,50,False,29.5,Mixed-Humid HDU Climate Station 6 (demo),732493,38.6,-80.64,38.42,-80.42
Mixed-Humid,higher density urban,HDU,CBSA,12494,Mixed-Humid HDU catchment 127 (demo),1868000,763600,7330.0,3078.6,0.77,0.77,0.77,0.77,44,False,41.0,Mixed-Humid HDU Climate Station 7 (demo),732494,38.63,-80.67,38.45,-80.45
Mixed-Humid,higher density urban,HDU,CBSA,12495,Mixed-Humid HDU catchment 128 (demo),1892000,773400,7420.0,3116.4,0.78,0.78,0.78,0.78,38,False,52.5,Mixed-Humid HDU Climate Station 1 (demo),732495,38.66,-80.7,38.48,-80.48
Mixed-Humid,higher density urban,HDU,CBSA,12496,Mixed-Humid HDU catchment 129 (demo),1916000,783200,7510.0,3154.2,0.79,0.79,0.79,0.79,32,False,64.0,Mixed-Humid HDU Climate Station 2 (demo),732496,38.69,-80.73,38.51,-80.51
Mixed-Humid,higher density urban,HDU,CBSA,12497,Mixed-Humid HDU catchment 130 (demo),1940000,793000,7600.0,3192.0,0.8,0.8,0.8,0.8,26,False,75.5,Mixed-Humid HDU Climate Station 3 (demo),732497,38.72,-80.76,38.54,-80.54
Mixed-Humid,higher density urban,HDU,CBSA,12498,Mixed-Humid HDU catchment 131 (demo),1964000,802800,7690.0,3229.8,0.81,0.81,0.81,0.81,20,False,87.0,Mixed-Humid HDU Climate Station 4 (demo),732498,38.75,-80.79,38.57,-80.57
Mixed-Humid,higher density urban,HDU,CBSA,12499,Mixed-Humid HDU catchment 132 (demo),1988000,812600,7780.0,3267.6,0.82,0.82,0.82,0.82,14,False,98.5,Mixed-Humid HDU Climate Station 5 (demo),732499,38.78,-80.82,38.6,-80.6
Mixed-Humid,higher density urban,HDU,CBSA,12500,Mixed-Humid HDU catchment 133 (demo),2012000,822400,7870.0,3305.4,0.83,0.83,0.83,0.83,8,False,110.0,Mixed-Humid HDU Climate Station 6 (demo),732500,38.81,-80.85,38.63,-80.63
Mixed-Humid,higher density urban,HDU,CBSA,12501,Mixed-Humid HDU catchment 134 (demo),1508000,616600,5980.0,2511.6,0.62,0.62,0.62,0.62,148,False,18.0,Mixed-Humid HDU Climate Station 7 (demo),732501,38.84,-80.88,38.66,-80.66
Mixed-Humid,higher density urban,HDU,CBSA,12502,Mixed-Humid HDU catchment 135 (demo),1532000,626400,6070.0,2549.4,0.63,0.63,0.63,0.63,142,False,29.5,Mixed-Humid HDU Climate Station 1 (demo),732502,38.87,-80.91,38.69,-80.69
Mixed-Humid,higher density urban,HDU,CBSA,12503,Mixed-Humid HDU catchment 136 (demo),1556000,636200,6160.0,2587.2,0.64,0.64,0.64,0.64,135,False,41.0,Mixed-Humid HDU Climate Station 2 (demo),732503,38.9,-80.94,38.72,-80.72
Mixed-Humid,higher density urban,HDU,CBSA,12504,Mixed-Humid HDU catchment 137 (demo),1580000,646000,6250.0,2625.0,0.65,0.65,0.65,0.65,128,False,52.5,Mixed-Humid HDU Climate Station 3 (demo),732504,38.93,-80.97,38.75,-80.75
Mixed-Humid,higher density urban,HDU,CBSA,12505,Mixed-Humid HDU catchment 138 (demo),1604000,655800,6340.0,2662.8,0.66,0.66,0.66,0.66,121,False,64.0,Mixed-Humid HDU Climate Station 4 (demo),732505,38.96,-81.0,38.78,-80.78
Mixed-Humid,higher density urban,HDU,CBSA,12506,Mixed-Humid HDU catchment 139 (demo),1628000,665600,6430.0,2700.6,0.67,0.67,0.67,0.67,114,False,75.5,Mixed-Humid HDU Climate Station 5 (demo),732506,38.6,-80.64,38.42,-80.42
Mixed-Humid,higher density urban,HDU,CBSA,12507,Mixed-Humid HDU catchment 140 (demo),1651999,675399,6520.0,2738.4,0.68,0.68,0.68,0.68,107,False,87.0,Mixed-Humid HDU Climate Station 6 (demo),732507,38.63,-80.67,38.45,-80.45
Mixed-Humid,higher density urban,HDU,CBSA,12508,Mixed-Humid HDU catchment 141 (demo),1675999,685200,6610.0,2776.2,0.69,0.69,0.69,0.69,100,False,98.5,Mixed-Humid HDU Climate Station 7 (demo),732508,38.66,-80.7,38.48,-80.48
Mixed-Humid,higher density urban,HDU,CBSA,12509,Mixed-Humid HDU catchment 142 (demo),1700000,695000,6700.0,2814.0,0.7,0.7,0.7,0.7,93,False,110.0,Mixed-Humid HDU Climate Station 1 (demo),732509,38.69,-80.73,38.51,-80.51
Mixed-Humid,higher density urban,HDU,CBSA,12510,Mixed-Humid HDU catchment 143 (demo),1724000,704800,6790.0,2851.8,0.71,0.71,0.71,0.71,86,False,18.0,Mixed-Humid HDU Climate Station 2 (demo),732510,38.72,-80.76,38.54,-80.54
Mixed-Humid,higher density urban,HDU,CBSA,12511,Mixed-Humid HDU catchment 144 (demo),1748000,714600,6880.0,2889.6,0.72,0.72,0.72,0.72,79,False,29.5,Mixed-Humid HDU Climate Station 3 (demo),732511,38.75,-80.79,38.57,-80.57
Mixed-Humid,higher density urban,HDU,CBSA,12512,Mixed-Humid HDU catchment 145 (demo),1772000,724400,6970.0,2927.4,0.73,0.73,0.73,0.73,72,False,41.0,Mixed-Humid HDU Climate Station 4 (demo),732512,38.78,-80.82,38.6,-80.6
Mixed-Humid,higher density urban,HDU,CBSA,12513,Mixed-Humid HDU catchment 146 (demo),1796000,734200,7060.0,2965.2,0.74,0.74,0.74,0.74,65,False,52.5,Mixed-Humid HDU Climate Station 5 (demo),732513,38.81,-80.85,38.63,-80.63
Mixed-Humid,higher density urban,HDU,CBSA,12514,Mixed-Humid HDU catchment 147 (demo),1820000,744000,7150.0,3003.0,0.75,0.75,0.75,0.75,58,False,64.0,Mixed-Humid HDU Climate Station 6 (demo),732514,38.84,-80.88,38.66,-80.66
Mixed-Humid,higher density urban,HDU,CBSA,12515,Mixed-Humid HDU catchment 148 (demo),1844000,753800,7240.0,3040.8,0.76,0.76,0.76,0.76,51,False,75.5,Mixed-Humid HDU Climate Station 7 (demo),732515,38.87,-80.91,38.69,-80.69
Mixed-Humid,lower density urban,LDU,CBSA,12516,Mixed-Humid LDU catchment 1 (demo),2180000,891000,8500.0,3570.0,0.9,0.9,0.9,0.9,1,True,87.0,Mixed-Humid LDU Climate Station 1 (demo),732516,39.5,-80.54,39.32,-80.32
Mixed-Humid,lower density urban,LDU,CBSA,12517,Mixed-Humid LDU catchment 2 (demo),1508000,616600,5980.0,2511.6,0.62,0.62,0.62,0.62,142,False,98.5,Mixed-Humid LDU Climate Station 2 (demo),732517,39.53,-80.57,39.35,-80.35
Mixed-Humid,lower density urban,LDU,CBSA,12518,Mixed-Humid LDU catchment 3 (demo),1532000,626400,6070.0,2549.4,0.63,0.63,0.63,0.63,135,False,110.0,Mixed-Humid LDU Climate Station 3 (demo),732518,39.56,-80.6,39.38,-80.38
Mixed-Humid,lower density urban,LDU,CBSA,12519,Mixed-Humid LDU catchment 4 (demo),1556000,636200,6160.0,2587.2,0.64,0.64,0.64,0.64,128,False,18.0,Mixed-Humid LDU Climate Station 4 (demo),732519,39.2,-80.24,39.02,-80.02
Mixed-Humid,lower density urban,LDU,CBSA,12520,Mixed-Humid LDU catchment 5 (demo),1580000,646000,6250.0,2625.0,0.65,0.65,0.65,0.65,121,False,29.5,Mixed-Humid LDU Climate Station 5 (demo),732520,39.23,-80.27,39.05,-80.05
Mixed-Humid,lower density urban,LDU,CBSA,12521,Mixed-Humid LDU catchment 6 (demo),1604000,655800,6340.0,2662.8,0.66,0.66,0.66,0.66,114,False,41.0,Mixed-Humid LDU Climate Station 6 (demo),732521,39.26,-80.3,39.08,-80.08
Mixed-Humid,lower density urban,LDU,CBSA,12522,Mixed-Humid LDU catchment 7 (demo),1628000,665600,6430.0,2700.6,0.67,0.67,0.67,0.67,107,False,52.5,Mixed-Humid LDU Climate Station 7 (demo),732522,39.29,-80.33,39.11,-80.11
Mixed-Humid,lower density urban,LDU,CBSA,12523,Mixed-Humid LDU catchment 8 (demo),1651999,675399,6520.0,2738.4,0.68,0.68,0.68,0.68,100,False,64.0,Mixed-Humid LDU Climate Station 1 (demo),732523,39.32,-80.36,39.14,-80.14
Mixed-Humid,lower density urban,LDU,CBSA,12524,Mixed-Humid LDU catchment 9 (demo),1675999,685200,6610.0,2776.2,0.69,0.69,0.69,0.69,93,False,75.5,Mixed-Humid LDU Climate Station 2 (demo),732524,39.35,-80.39,39.17,-80.17
Mixed-Humid,lower density urban,LDU,CBSA,12525,Mixed-Humid LDU catchment 10 (demo),1700000,695000,6700.0,2814.0,0.7,0.7,0.7,0.7,86,False,87.0,Mixed-Humid LDU Climate Station 3 (demo),732525,39.38,-80.42,39.2,-80.2
Mixed-Humid,lower density urban,LDU,CBSA,12526,Mixed-Humid LDU catchment 11 (demo),1724000,704800,6790.0,2851.8,0.71,0.71,0.71,0.71,79,False,98.5,Mixed-Humid LDU Climate Station 4 (demo),732526,39.41,-80.45,39.23,-80.23
Mixed-Humid,lower density urban,LDU,CBSA,12527,Mixed-Humid LDU catchment 12 (demo),1748000,714600,6880.0,2889.6,0.72,0.72,0.72,0.72,72,False,110.0,Mixed-Humid LDU Climate Station 5 (demo),732527,39.44,-80.48,39.26,-80.26
Mixed-Humid,lower density urban,LDU,CBSA,12528,Mixed-Humid LDU catchment 13 (demo),1772000,724400,6970.0,2927.4,0.73,0.73,0.73,0.73,65,False,18.0,Mixed-Humid LDU Climate Station 6 (demo),732528,39.47,-80.51,39.29,-80.29
Mixed-Humid,lower density urban,LDU,CBSA,12529,Mixed-Humid LDU catchment 14 (demo),1796000,734200,7060.0,2965.2,0.74,0.74,0.74,0.74,58,False,29.5,Mixed-Humid LDU Climate Station 7 (demo),732529,39.5,-80.54,39.32,-80.32
Mixed-Humid,lower density urban,LDU,CBSA,12530,Mixed-Humid LDU catchment 15 (demo),1820000,744000,7150.0,3003.0,0.75,0.75,0.75,0.75,51,False,41.0,Mixed-Humid LDU Climate Station 1 (demo),732530,39.53,-80.57,39.35,-80.35
Mixed-Humid,lower density urban,LDU,CBSA,12531,Mixed-Humid LDU catchment 16 (demo),1844000,753800,7240.0,3040.8,0.76,0.76,0.76,0.76,44,False,52.5,Mixed-Humid LDU Climate Station 2 (demo),732531,39.56,-80.6,39.38,-80.38
Mixed-Humid,lower density urban,LDU,CBSA,12532,Mixed-Humid LDU catchment 17 (demo),1868000,763600,7330.0,3078.6,0.77,0.77,0.77,0.77,38,False,64.0,Mixed-Humid LDU Climate Station 3 (demo),732532,39.2,-80.24,39.02,-80.02
Mixed-Humid,lower density urban,LDU,CBSA,12533,Mixed-Humid LDU catchment 18 (demo),1892000,773400,7420.0,3116.4,0.78,0.78,0.78,0.78,32,False,75.5,Mixed-Humid LDU Climate Station 4 (demo),732533,39.23,-80.27,39.05,-80.05
Mixed-Humid,lower density urban,LDU,CBSA,12534,Mixed-Humid LDU catchment 19 (demo),1916000,783200,7510.0,3154.2,0.79,0.79,0.79,0.79,26,False,87.0,Mixed-Humid LDU Climate Station 5 (demo),732534,39.26,-80.3,39.08,-80.08
Mixed-Humid,lower density urban,LDU,CBSA,12535,Mixed-Humid LDU catchment 20 (demo),1940000,793000,7600.0,3192.0,0.8,0.8,0.8,0.8,20,False,98.5,Mixed-Humid LDU Climate Station 6 (demo),732535,39.29,-80.33,39.11,-80.11
Mixed-Humid,lower density urban,LDU,CBSA,12536,Mixed-Humid LDU catchment 21 (demo),1964000,802800,7690.0,3229.8,0.81,0.81,0.81,0.81,14,False,110.0,Mixed-Humid LDU Climate Station 7 (demo),732536,39.32,-80.36,39.14,-80.14
Mixed-Humid,lower density urban,LDU,CBSA,12537,Mixed-Humid LDU catchment 22 (demo),1988000,812600,7780.0,3267.6,0.82,0.82,0.82,0.82,8,False,18.0,Mixed-Humid LDU Climate Station 1 (demo),732537,39.35,-80.39,39.17,-80.17
Mixed-Humid,lower density urban,LDU,CBSA,12538,Mixed-Humid LDU catchment 23 (demo),2012000,822400,7870.0,3305.4,0.83,0.83,0.83,0.83,2,False,29.5,Mixed-Humid LDU Climate Station 2 (demo),732538,39.38,-80.42,39.2,-80.2
Mixed-Humid,lower density urban,LDU,CBSA,12539,Mixed-Humid LDU catchment 24 (demo),1508000,616600,5980.0,2511.6,0.62,0.62,0.62,0.62,143,False,41.0,Mixed-Humid LDU Climate Station 3 (demo),732539,39.41,-80.45,39.23,-80.23
Mixed-Humid,lower density urban,LDU,CBSA,12540,Mixed-Humid LDU catchment 25 (demo),1532000,626400,6070.0,2549.4,0.63,0.63,0.63,0.63,136,False,52.5,Mixed-Humid LDU Climate Station 4 (demo),732540,39.44,-80.48,39.26,-80.26
Mixed-Humid,lower density urban,LDU,CBSA,12541,Mixed-Humid LDU catchment 26 (demo),1556000,636200,6160.0,2587.2,0.64,0.64,0.64,0.64,129,False,64.0,Mixed-Humid LDU Climate Station 5 (demo),732541,39.47,-80.51,39.29,-80.29
Mixed-Humid,lower density urban,LDU,CBSA,12542,Mixed-Humid LDU catchment 27 (demo),1580000,646000,6250.0,2625.0,0.65,0.65,0.65,0.65,122,False,75.5,Mixed-Humid LDU Climate Station 6 (demo),732542,39.5,-80.54,39.32,-80.32
Mixed-Humid,lower density urban,LDU,CBSA,12543,Mixed-Humid LDU catchment 28 (demo),1604000,655800,6340.0,2662.8,0.66,0.66,0.66,0.66,115,False,87.0,Mixed-Humid LDU Climate Station 7 (demo),732543,39.53,-80.57,39.35,-80.35
Mixed-Humid,lower density urban,LDU,CBSA,12544,Mixed-Humid LDU catchment 29 (demo),1628000,665600,6430.0,2700.6,0.67,0.67,0.67,0.67,108,False,98.5,Mixed-Humid LDU Climate Station 1 (demo),732544,39.56,-80.6,39.38,-80.38
Mixed-Humid,lower density urban,LDU,CBSA,12545,Mixed-Humid LDU catchment 30 (demo),1651999,675399,6520.0,2738.4,0.68,0.68,0.68,0.68,101,False,110.0,Mixed-Humid LDU Climate Station 2 (demo),732545,39.2,-80.24,39.02,-80.02
Mixed-Humid,lower density urban,LDU,CBSA,12546,Mixed-Humid LDU catchment 31 (demo),1675999,685200,6610.0,2776.2,0.69,0.69,0.69,0.69,94,False,18.0,Mixed-Humid LDU Climate Station 3 (demo),732546,39.23,-80.27,39.05,-80.05
Mixed-Humid,lower density urban,LDU,CBSA,12547,Mixed-Humid LDU catchment 32 (demo),1700000,695000,6700.0,2814.0,0.7,0.7,0.7,0.7,87,False,29.5,Mixed-Humid LDU Climate Station 4 (demo),732547,39.26,-80.3,39.08,-80.08
Mixed-Humid,lower density urban,LDU,CBSA,12548,Mixed-Humid LDU catchment 33 (demo),1724000,704800,6790.0,2851.8,0.71,0.71,0.71,0.71,80,False,41.0,Mixed-Humid LDU Climate Station 5 (demo),732548,39.29,-80.33,39.11,-80.11
Mixed-Humid,lower density urban,LDU,CBSA,12549,Mixed-Humid LDU catchment 34 (demo),1748000,714600,6880.0,2889.6,0.72,0.72,0.72,0.72,73,False,52.5,Mixed-Humid LDU Climate Station 6 (demo),732549,39.32,-80.36,39.14,-80.14
Mixed-Humid,lower density urban,LDU,CBSA,12550,Mixed-Humid LDU catchment 35 (demo),1772000,724400,6970.0,2927.4,0.73,0.73,0.73,0.73,66,False,64.0,Mixed-Humid LDU Climate Station 7 (demo),732550,39.35,-80.39,39.17,-80.17
Mixed-Humid,lower density urban,LDU,CBSA,12551,Mixed-Humid LDU catchment 36 (demo),1796000,734200,7060.0,2965.2,0.74,0.74,0.74,0.74,59,False,75.5,Mixed-Humid LDU Climate Station 1 (demo),732551,39.38,-80.42,39.2,-80.2
Mixed-Humid,lower density urban,LDU,CBSA,12552,Mixed-Humid LDU catchment 37 (demo),1820000,744000,7150.0,3003.0,0.75,0.75,0.75,0.75,52,False,87.0,Mixed-Humid LDU Climate Station 2 (demo),732552,39.41,-80.45,39.23,-80.23
Mixed-Humid,lower density urban,LDU,CBSA,12553,Mixed-Humid LDU catchment 38 (demo),1844000,753800,7240.0,3040.8,0.76,0.76,0.76,0.76,45,False,98.5,Mixed-Humid LDU Climate Station 3 (demo),732553,39.44,-80.48,39.26,-80.26
Mixed-Humid,lower density urban,LDU,CBSA,12554,Mixed-Humid LDU catchment 39 (demo),1868000,763600,7330.0,3078.6,0.77,0.77,0.77,0.77,39,False,110.0,Mixed-Humid LDU Climate Station 4 (demo),732554,39.47,-80.51,39.29,-80.29
Mixed-Humid,lower density urban,LDU,CBSA,12555,Mixed-Humid LDU catchment 40 (demo),1892000,773400,7420.0,3116.4,0.78,0.78,0.78,0.78,33,False,18.0,Mixed-Humid LDU Climate Station 5 (demo),732555,39.5,-80.54,39.32,-80.32
Mixed-Humid,lower density urban,LDU,CBSA,12556,Mixed-Humid LDU catchment 41 (demo),1916000,783200,7510.0,3154.2,0.79,0.79,0.79,0.79,27,False,29.5,Mixed-Humid LDU Climate Station 6 (demo),732556,39.53,-80.57,39.35,-80.35
Mixed-Humid,lower density urban,LDU,CBSA,12557,Mixed-Humid LDU catchment 42 (demo),1940000,793000,7600.0,3192.0,0.8,0.8,0.8,0.8,21,False,41.0,Mixed-Humid LDU Climate Station 7 (demo),732557,39.56,-80.6,39.38,-80.38
Mixed-Humid,lower density urban,LDU,CBSA,12558,Mixed-Humid LDU catchment 43 (demo),1964000,802800,7690.0,3229.8,0.81,0.81,0.81,0.81,15,False,52.5,Mixed-Humid LDU Climate Station 1 (demo),732558,39.2,-80.24,39.02,-80.02
Mixed-Humid,lower density urban,LDU,CBSA,12559,Mixed-Humid LDU catchment 44 (demo),1988000,812600,7780.0,3267.6,0.82,0.82,0.82,0.82,9,False,64.0,Mixed-Humid LDU Climate Station 2 (demo),732559,39.23,-80.27,39.05,-80.05
Mixed-Humid,lower density urban,LDU,CBSA,12560,Mixed-Humid LDU catchment 45 (demo),2012000,822400,7870.0,3305.4,0.83,0.83,0.83,0.83,3,False,75.5,Mixed-Humid LDU Climate Station 3 (demo),732560,39.26,-80.3,39.08,-80.08
Mixed-Humid,lower density urban,LDU,CBSA,12561,Mixed-Humid LDU catchment 46 (demo),1508000,616600,5980.0,2511.6,0.62,0.62,0.62,0.62,144,False,87.0,Mixed-Humid LDU Climate Station 4 (demo),732561,39.29,-80.33,39.11,-80.11
Mixed-Humid,lower density urban,LDU,CBSA,12562,Mixed-Humid LDU catchment 47 (demo),1532000,626400,6070.0,2549.4,0.63,0.63,0.63,0.63,137,False,98.5,Mixed-Humid LDU Climate Station 5 (demo),732562,39.32,-80.36,39.14,-80.14
Mixed-Humid,lower density urban,LDU,CBSA,12563,Mixed-Humid LDU catchment 48 (demo),1556000,636200,6160.0,2587.2,0.64,0.64,0.64,0.64,130,False,110.0,Mixed-Humid LDU Climate Station 6 (demo),732563,39.35,-80.39,39.17,-80.17
Mixed-Humid,lower density urban,LDU,CBSA,12564,Mixed-Humid LDU catchment 49 (demo),1580000,646000,6250.0,2625.0,0.65,0.65,0.65,0.65,123,False,18.0,Mixed-Humid LDU Climate Station 7 (demo),732564,39.38,-80.42,39.2,-80.2
Mixed-Humid,lower density urban,LDU,CBSA,12565,Mixed-Humid LDU catchment 50 (demo),1604000,655800,6340.0,2662.8,0.66,0.66,0.66,0.66,116,False,29.5,Mixed-Humid LDU Climate Station 1 (demo),732565,39.41,-80.45,39.23,-80.23
Mixed-Humid,lower density urban,LDU,CBSA,12566,Mixed-Humid LDU catchment 51 (demo),1628000,665600,6430.0,2700.6,0.67,0.67,0.67,0.67,109,False,41.0,Mixed-Humid LDU Climate Station 2 (demo),732566,39.44,-80.48,39.26,-80.26
Mixed-Humid,lower density urban,LDU,CBSA,12567,Mixed-Humid LDU catchment 52 (demo),1651999,675399,6520.0,2738.4,0.68,0.68,0.68,0.68,102,False,52.5,Mixed-Humid LDU Climate Station 3 (demo),732567,39.47,-80.51,39.29,-80.29
Mixed-Humid,lower density urban,LDU,CBSA,12568,Mixed-Humid LDU catchment 53 (demo),1675999,685200,6610.0,2776.2,0.69,0.69,0.69,0.69,95,False,64.0,Mixed-Humid LDU Climate Station 4 (demo),732568,39.5,-80.54,39.32,-80.32
Mixed-Humid,lower density urban,LDU,CBSA,12569,Mixed-Humid LDU catchment 54 (demo),1700000,695000,6700.0,2814.0,0.7,0.7,0.7,0.7,88,False,75.5,Mixed-Humid LDU Climate Station 5 (demo),732569,39.53,-80.57,39.35,-80.35
Mixed-Humid,lower density urban,LDU,CBSA,12570,Mixed-Humid LDU catchment 55 (demo),1724000,704800,6790.0,2851.8,0.71,0.71,0.71,0.71,81,False,87.0,Mixed-Humid LDU Climate Station 6 (demo),732570,39.56,-80.6,39.38,-80.38
Mixed-Humid,lower density urban,LDU,CBSA,12571,Mixed-Humid LDU catchment 56 (demo),1748000,714600,6880.0,2889.6,0.72,0.72,0.72,0.72,74,False,98.5,Mixed-Humid LDU Climate Station 7 (demo),732571,39.2,-80.24,39.02,-80.02
Mixed-Humid,lower density urban,LDU,CBSA,12572,Mixed-Humid LDU catchment 57 (demo),1772000,724400,6970.0,2927.4,0.73,0.73,0.73,0.73,67,False,110.0,Mixed-Humid LDU Climate Station 1 (demo),732572,39.23,-80.27,39.05,-80.05
Mixed-Humid,lower density urban,LDU,CBSA,12573,Mixed-Humid LDU catchment 58 (demo),1796000,734200,7060.0,2965.2,0.74,0.74,0.74,0.74,60,False,18.0,Mixed-Humid LDU Climate Station 2 (demo),732573,39.26,-80.3,39.08,-80.08
Mixed-Humid,lower density urban,LDU,CBSA,12574,Mixed-Humid LDU catchment 59 (demo),1820000,744000,7150.0,3003.0,0.75,0.75,0.75,0.75,53,False,29.5,Mixed-Humid LDU Climate Station 3 (demo),732574,39.29,-80.33,39.11,-80.11
Mixed-Humid,lower density urban,LDU,CBSA,12575,Mixed-Humid LDU catchment 60 (demo),1844000,753800,7240.0,3040.8,0.76,0.76,0.76,0.76,46,False,41.0,Mixed-Humid LDU Climate Station 4 (demo),732575,39.32,-80.36,39.14,-80.14
Mixed-Humid,lower density urban,LDU,CBSA,12576,Mixed-Humid LDU catchment 61 (demo),1868000,763600,7330.0,3078.6,0.77,0.77,0.77,0.77,40,False,52.5,Mixed-Humid LDU Climate Station 5 (demo),732576,39.35,-80.39,39.17,-80.17
Mixed-Humid,lower density urban,LDU,CBSA,12577,Mixed-Humid LDU catchment 62 (demo),1892000,773400,7420.0,3116.4,0.78,0.78,0.78,0.78,34,False,64.0,Mixed-Humid LDU Climate Station 6 (demo),732577,39.38,-80.42,39.2,-80.2
Mixed-Humid,lower density urban,LDU,CBSA,12578,Mixed-Humid LDU catchment 63 (demo),1916000,783200,7510.0,3154.2,0.79,0.79,0.79,0.79,28,False,75.5,Mixed-Humid LDU Climate Station 7 (demo),732578,39.41,-80.45,39.23,-80.23
Mixed-Humid,lower density urban,LDU,CBSA,12579,Mixed-Humid LDU catchment 64 (demo),1940000,793000,7600.0,3192.0,0.8,0.8,0.8,0.8,22,False,87.0,Mixed-Humid LDU Climate Station 1 (demo),732579,39.44,-80.48,39.26,-80.26
Mixed-Humid,lower density urban,LDU,CBSA,12580,Mixed-Humid LDU catchment 65 (demo),1964000,802800,7690.0,3229.8,0.81,0.81,0.81,0.81,16,False,98.5,Mixed-Humid LDU Climate Station 2 (demo),732580,39.47,-80.51,39.29,-80.29
Mixed-Humid,lower density urban,LDU,CBSA,12581,Mixed-Humid LDU catchment 66 (demo),1988000,812600,7780.0,3267.6,0.82,0.82,0.82,0.82,10,False,110.0,Mixed-Humid LDU Climate Station 3 (demo),732581,39.5,-80.54,39.32,-80.32
Mixed-Humid,lower density urban,LDU,CBSA,12582,Mixed-Humid LDU catchment 67 (demo),2012000,822400,7870.0,3305.4,0.83,0.83,0.83,0.83,4,False,18.0,Mixed-Humid LDU Climate Station 4 (demo),732582,39.53,-80.57,39.35,-80.35
Mixed-Humid,lower density urban,LDU,CBSA,12583,Mixed-Humid LDU catchment 68 (demo),1508000,616600,5980.0,2511.6,0.62,0.62,0.62,0.62,145,False,29.5,Mixed-Humid LDU Climate Station 5 (demo),732583,39.56,-80.6,39.38,-80.38
Mixed-Humid,lower density urban,LDU,CBSA,12584,Mixed-Humid LDU catchment 69 (demo),1532000,626400,6070.0,2549.4,0.63,0.63,0.63,0.63,138,False,41.0,Mixed-Humid LDU Climate Station 6 (demo),732584,39.2,-80.24,39.02,-80.02
Mixed-Humid,lower density urban,LDU,CBSA,12585,Mixed-Humid LDU catchment 70 (demo),1556000,636200,6160.0,2587.2,0.64,0.64,0.64,0.64,131,False,52.5,Mixed-Humid LDU Climate Station 7 (demo),732585,39.23,-80.27,39.05,-80.05
Mixed-Humid,lower density urban,LDU,CBSA,12586,Mixed-Humid LDU catchment 71 (demo),1580000,646000,6250.0,2625.0,0.65,0.65,0.65,0.65,124,False,64.0,Mixed-Humid LDU Climate Station 1 (demo),732586,39.26,-80.3,39.08,-80.08
Mixed-Humid,lower density urban,LDU,CBSA,12587,Mixed-Humid LDU catchment 72 (demo),1604000,655800,6340.0,2662.8,0.66,0.66,0.66,0.66,117,False,75.5,Mixed-Humid LDU Climate Station 2 (demo),732587,39.29,-80.33,39.11,-80.11
Mixed-Humid,lower density urban,LDU,CBSA,12588,Mixed-Humid LDU catchment 73 (demo),1628000,665600,6430.0,2700.6,0.67,0.67,0.67,0.67,110,False,87.0,Mixed-Humid LDU Climate Station 3 (demo),732588,39.32,-80.36,39.14,-80.14
Mixed-Humid,lower density urban,LDU,CBSA,12589,Mixed-Humid LDU catchment 74 (demo),1651999,675399,6520.0,2738.4,0.68,0.68,0.68,0.68,103,False,98.5,Mixed-Humid LDU Climate Station 4 (demo),732589,39.35,-80.39,39.17,-80.17
Mixed-Humid,lower density urban,LDU,CBSA,12590,Mixed-Humid LDU catchment 75 (demo),1675999,685200,6610.0,2776.2,0.69,0.69,0.69,0.69,96,False,110.0,Mixed-Humid LDU Climate Station 5 (demo),732590,39.38,-80.42,39.2,-80.2
Mixed-Humid,lower density urban,LDU,CBSA,12591,Mixed-Humid LDU catchment 76 (demo),1700000,695000,6700.0,2814.0,0.7,0.7,0.7,0.7,89,False,18.0,Mixed-Humid LDU Climate Station 6 (demo),732591,39.41,-80.45,39.23,-80.23
Mixed-Humid,lower density urban,LDU,CBSA,12592,Mixed-Humid LDU catchment 77 (demo),1724000,704800,6790.0,2851.8,0.71,0.71,0.71,0.71,82,False,29.5,Mixed-Humid LDU Climate Station 7 (demo),732592,39.44,-80.48,39.26,-80.26
Mixed-Humid,lower density urban,LDU,CBSA,12593,Mixed-Humid LDU catchment 78 (demo),1748000,714600,6880.0,2889.6,0.72,0.72,0.72,0.72,75,False,41.0,Mixed-Humid LDU Climate Station 1 (demo),732593,39.47,-80.51,39.29,-80.29
Mixed-Humid,lower density urban,LDU,CBSA,12594,Mixed-Humid LDU catchment 79 (demo),1772000,724400,6970.0,2927.4,0.73,0.73,0.73,0.73,68,False,52.5,Mixed-Humid LDU Climate Station 2 (demo),732594,39.5,-80.54,39.32,-80.32
Mixed-Humid,lower density urban,LDU,CBSA,12595,Mixed-Humid LDU catchment 80 (demo),1796000,734200,7060.0,2965.2,0.74,0.74,0.74,0.74,61,False,64.0,Mixed-Humid LDU Climate Station 3 (demo),732595,39.53,-80.57,39.35,-80.35
Mixed-Humid,lower density urban,LDU,CBSA,12596,Mixed-Humid LDU catchment 81 (demo),1820000,744000,7150.0,3003.0,0.75,0.75,0.75,0.75,54,False,75.5,Mixed-Humid LDU Climate Station 4 (demo),732596,39.56,-80.6,39.38,-80.38
Mixed-Humid,lower density urban,LDU,CBSA,12597,Mixed-Humid LDU catchment 82 (demo),1844000,753800,7240.0,3040.8,0.76,0.76,0.76,0.76,47,False,87.0,Mixed-Humid LDU Climate Station 5 (demo),732597,39.2,-80.24,39.02,-80.02
Mixed-Humid,lower density urban,LDU,CBSA,12598,Mixed-Humid LDU catchment 83 (demo),1868000,763600,7330.0,3078.6,0.77,0.77,0.77,0.77,41,False,98.5,Mixed-Humid LDU Climate Station 6 (demo),732598,39.23,-80.27,39.05,-80.05
Mixed-Humid,lower density urban,LDU,CBSA,12599,Mixed-Humid LDU catchment 84 (demo),1892000,773400,7420.0,3116.4,0.78,0.78,0.78,0.78,35,False,110.0,Mixed-Humid LDU Climate Station 7 (demo),732599,39.26,-80.3,39.08,-80.08
Mixed-Humid,lower density urban,LDU,CBSA,12600,Mixed-Humid LDU catchment 85 (demo),1916000,783200,7510.0,3154.2,0.79,0.79,0.79,0.79,29,False,18.0,Mixed-Humid LDU Climate Station 1 (demo),732600,39.29,-80.33,39.11,-80.11
Mixed-Humid,lower density urban,LDU,CBSA,12601,Mixed-Humid LDU catchment 86 (demo),1940000,793000,7600.0,3192.0,0.8,0.8,0.8,0.8,23,False,29.5,Mixed-Humid LDU Climate Station 2 (demo),732601,39.32,-80.36,39.14,-80.14
Mixed-Humid,lower density urban,LDU,CBSA,12602,Mixed-Humid LDU catchment 87 (demo),1964000,802800,7690.0,3229.8,0.81,0.81,0.81,0.81,17,False,41.0,Mixed-Humid LDU Climate Station 3 (demo),732602,39.35,-80.39,39.17,-80.17
Mixed-Humid,lower density urban,LDU,CBSA,12603,Mixed-Humid LDU catchment 88 (demo),1988000,812600,7780.0,3267.6,0.82,0.82,0.82,0.82,11,False,52.5,Mixed-Humid LDU Climate Station 4 (demo),732603,39.38,-80.42,39.2,-80.2
Mixed-Humid,lower density urban,LDU,CBSA,12604,Mixed-Humid LDU catchment 89 (demo),2012000,822400,7870.0,3305.4,0.83,0.83,0.83,0.83,5,False,64.0,Mixed-Humid LDU Climate Station 5 (demo),732604,39.41,-80.45,39.23,-80.23
Mixed-Humid,lower density urban,LDU,CBSA,12605,Mixed-Humid LDU catchment 90 (demo),1508000,616600,5980.0,2511.6,0.62,0.62,0.62,0.62,146,False,75.5,Mixed-Humid LDU Climate Station 6 (demo),732605,39.44,-80.48,39.26,-80.26
Mixed-Humid,lower density urban,LDU,CBSA,12606,Mixed-Humid LDU catchment 91 (demo),1532000,626400,6070.0,2549.4,0.63,0.63,0.63,0.63,139,False,87.0,Mixed-Humid LDU Climate Station 7 (demo),732606,39.47,-80.51,39.29,-80.29
Mixed-Humid,lower density urban,LDU,CBSA,12607,Mixed-Humid LDU catchment 92 (demo),1556000,636200,6160.0,2587.2,0.64,0.64,0.64,0.64,132,False,98.5,Mixed-Humid LDU Climate Station 1 (demo),732607,39.5,-80.54,39.32,-80.32
Mixed-Humid,lower density urban,LDU,CBSA,12608,Mixed-Humid LDU catchment 93 (demo),1580000,646000,6250.0,2625.0,0.65,0.65,0.65,0.65,125,False,110.0,Mixed-Humid LDU Climate Station 2 (demo),732608,39.53,-80.57,39.35,-80.35
Mixed-Humid,lower density urban,LDU,CBSA,12609,Mixed-Humid LDU catchment 94 (demo),1604000,655800,6340.0,2662.8,0.66,0.66,0.66,0.66,118,False,18.0,Mixed-Humid LDU Climate Station 3 (demo),732609,39.56,-80.6,39.38,-80.38
Mixed-Humid,lower density urban,LDU,CBSA,12610,Mixed-Humid LDU catchment 95 (demo),1628000,665600,6430.0,2700.6,0.67,0.67,0.67,0.67,111,False,29.5,Mixed-Humid LDU Climate Station 4 (demo),732610,39.2,-80.24,39.02,-80.02
Mixed-Humid,lower density urban,LDU,CBSA,12611,Mixed-Humid LDU catchment 96 (demo),1651999,675399,6520.0,2738.4,0.68,0.68,0.68,0.68,104,False,41.0,Mixed-Humid LDU Climate Station 5 (demo),732611,39.23,-80.27,39.05,-80.05
Mixed-Humid,lower density urban,LDU,CBSA,12612,Mixed-Humid LDU catchment 97 (demo),1675999,685200,6610.0,2776.2,0.69,0.69,0.69,0.69,97,False,52.5,Mixed-Humid LDU Climate Station 6 (demo),732612,39.26,-80.3,39.08,-80.08
Mixed-Humid,lower density urban,LDU,CBSA,12613,Mixed-Humid LDU catchment 98 (demo),1700000,695000,6700.0,2814.0,0.7,0.7,0.7,0.7,90,False,64.0,Mixed-Humid LDU Climate Station 7 (demo),732613,39.29,-80.33,39.11,-80.11
Mixed-Humid,lower density urban,LDU,CBSA,12614,Mixed-Humid LDU catchment 99 (demo),1724000,704800,6790.0,2851.8,0.71,0.71,0.71,0.71,83,False,75.5,Mixed-Humid LDU Climate Station 1 (demo),732614,39.32,-80.36,39.14,-80.14
Mixed-Humid,lower density urban,LDU,CBSA,12615,Mixed-Humid LDU catchment 100 (demo),1748000,714600,6880.0,2889.6,0.72,0.72,0.72,0.72,76,False,87.0,Mixed-Humid LDU Climate Station 2 (demo),732615,39.35,-80.39,39.17,-80.17
Mixed-Humid,lower density urban,LDU,CBSA,12616,Mixed-Humid LDU catchment 101 (demo),1772000,724400,6970.0,2927.4,0.73,0.73,0.73,0.73,69,False,98.5,Mixed-Humid LDU Climate Station 3 (demo),732616,39.38,-80.42,39.2,-80.2
Mixed-Humid,lower density urban,LDU,CBSA,12617,Mixed-Humid LDU catchment 102 (demo),1796000,734200,7060.0,2965.2,0.74,0.74,0.74,0.74,62,False,110.0,Mixed-Humid LDU Climate Station 4 (demo),732617,39.41,-80.45,39.23,-80.23
Mixed-Humid,lower density urban,LDU,CBSA,12618,Mixed-Humid LDU catchment 103 (demo),1820000,744000,7150.0,3003.0,0.75,0.75,0.75,0.75,55,False,18.0,Mixed-Humid LDU Climate Station 5 (demo),732618,39.44,-80.48,39.26,-80.26
Mixed-Humid,lower density urban,LDU,CBSA,12619,Mixed-Humid LDU catchment 104 (demo),1844000,753800,7240.0,3040.8,0.76,0.76,0.76,0.76,48,False,29.5,Mixed-Humid LDU Climate Station 6 (demo),732619,39.47,-80.51,39.29,-80.29
Mixed-Humid,lower density urban,LDU,CBSA,12620,Mixed-Humid LDU catchment 105 (demo),1868000,763600,7330.0,3078.6,0.77,0.77,0.77,0.77,42,False,41.0,Mixed-Humid LDU Climate Station 7 (demo),732620,39.5,-80.54,39.32,-80.32
Mixed-Humid,lower density urban,LDU,CBSA,12621,Mixed-Humid LDU catchment 106 (demo),1892000,773400,7420.0,3116.4,0.78,0.78,0.78,0.78,36,False,52.5,Mixed-Humid LDU Climate Station 1 (demo),732621,39.53,-80.57,39.35,-80.35
Mixed-Humid,lower density urban,LDU,CBSA,12622,Mixed-Humid LDU catchment 107 (demo),1916000,783200,7510.0,3154.2,0.79,0.79,0.79,0.79,30,False,64.0,Mixed-Humid LDU Climate Station 2 (demo),732622,39.56,-80.6,39.38,-80.38
Mixed-Humid,lower density urban,LDU,CBSA,12623,Mixed-Humid LDU catchment 108 (demo),1940000,793000,7600.0,3192.0,0.8,0.8,0.8,0.8,24,False,75.5,Mixed-Humid LDU Climate Station 3 (demo),732623,39.2,-80.24,39.02,-80.02
Mixed-Humid,lower density urban,LDU,CBSA,12624,Mixed-Humid LDU catchment 109 (demo),1964000,802800,7690.0,3229.8,0.81,0.81,0.81,0.81,18,False,87.0,Mixed-Humid LDU Climate Station 4 (demo),732624,39.23,-80.27,39.05,-80.05
Mixed-Humid,lower density urban,LDU,CBSA,12625,Mixed-Humid LDU catchment 110 (demo),1988000,812600,7780.0,3267.6,0.82,0.82,0.82,0.82,12,False,98.5,Mixed-Humid LDU Climate Station 5 (demo),732625,39.26,-80.3,39.08,-80.08
Mixed-Humid,lower density urban,LDU,CBSA,12626,Mixed-Humid LDU catchment 111 (demo),2012000,822400,7870.0,3305.4,0.83,0.83,0.83,0.83,6,False,110.0,Mixed-Humid LDU Climate Station 6 (demo),732626,39.29,-80.33,39.11,-80.11
Mixed-Humid,lower density urban,LDU,CBSA,12627,Mixed-Humid LDU catchment 112 (demo),1508000,616600,5980.0,2511.6,0.62,0.62,0.62,0.62,147,False,18.0,Mixed-Humid LDU Climate Station 7 (demo),732627,39.32,-80.36,39.14,-80.14
Mixed-Humid,lower density urban,LDU,CBSA,12628,Mixed-Humid LDU catchment 113 (demo),1532000,626400,6070.0,2549.4,0.63,0.63,0.63,0.63,140,False,29.5,Mixed-Humid LDU Climate Station 1 (demo),732628,39.35,-80.39,39.17,-80.17
Mixed-Humid,lower density urban,LDU,CBSA,12629,Mixed-Humid LDU catchment 114 (demo),1556000,636200,6160.0,2587.2,0.64,0.64,0.64,0.64,133,False,41.0,Mixed-Humid LDU Climate Station 2 (demo),732629,39.38,-80.42,39.2,-80.2
Mixed-Humid,lower density urban,LDU,CBSA,12630,Mixed-Humid LDU catchment 115 (demo),1580000,646000,6250.0,2625.0,0.65,0.65,0.65,0.65,126,False,52.5,Mixed-Humid LDU Climate Station 3 (demo),732630,39.41,-80.45,39.23,-80.23
Mixed-Humid,lower density urban,LDU,CBSA,12631,Mixed-Humid LDU catchment 116 (demo),1604000,655800,6340.0,2662.8,0.66,0.66,0.66,0.66,119,False,64.0,Mixed-Humid LDU Climate Station 4 (demo),732631,39.44,-80.48,39.26,-80.26
Mixed-Humid,lower density urban,LDU,CBSA,12632,Mixed-Humid LDU catchment 117 (demo),1628000,665600,6430.0,2700.6,0.67,0.67,0.67,0.67,112,False,75.5,Mixed-Humid LDU Climate Station 5 (demo),732632,39.47,-80.51,39.29,-80.29
Mixed-Humid,lower density urban,LDU,CBSA,12633,Mixed-Humid LDU catchment 118 (demo),1651999,675399,6520.0,2738.4,0.68,0.68,0.68,0.68,105,False,87.0,Mixed-Humid LDU Climate Station 6 (demo),732633,39.5,-80.54,39.32,-80.32
Mixed-Humid,lower density urban,LDU,CBSA,12634,Mixed-Humid LDU catchment 119 (demo),1675999,685200,6610.0,2776.2,0.69,0.69,0.69,0.69,98,False,98.5,Mixed-Humid LDU Climate Station 7 (demo),732634,39.53,-80.57,39.35,-80.35
Mixed-Humid,lower density urban,LDU,CBSA,12635,Mixed-Humid LDU catchment 120 (demo),1700000,695000,6700.0,2814.0,0.7,0.7,0.7,0.7,91,False,110.0,Mixed-Humid LDU Climate Station 1 (demo),732635,39.56,-80.6,39.38,-80.38
Mixed-Humid,lower density urban,LDU,CBSA,12636,Mixed-Humid LDU catchment 121 (demo),1724000,704800,6790.0,2851.8,0.71,0.71,0.71,0.71,84,False,18.0,Mixed-Humid LDU Climate Station 2 (demo),732636,39.2,-80.24,39.02,-80.02
Mixed-Humid,lower density urban,LDU,CBSA,12637,Mixed-Humid LDU catchment 122 (demo),1748000,714600,6880.0,2889.6,0.72,0.72,0.72,0.72,77,False,29.5,Mixed-Humid LDU Climate Station 3 (demo),732637,39.23,-80.27,39.05,-80.05
Mixed-Humid,lower density urban,LDU,CBSA,12638,Mixed-Humid LDU catchment 123 (demo),1772000,724400,6970.0,2927.4,0.73,0.73,0.73,0.73,70,False,41.0,Mixed-Humid LDU Climate Station 4 (demo),732638,39.26,-80.3,39.08,-80.08
Mixed-Humid,lower density urban,LDU,CBSA,12639,Mixed-Humid LDU catchment 124 (demo),1796000,734200,7060.0,2965.2,0.74,0.74,0.74,0.74,63,False,52.5,Mixed-Humid LDU Climate Station 5 (demo),732639,39.29,-80.33,39.11,-80.11
Mixed-Humid,lower density urban,LDU,CBSA,12640,Mixed-Humid LDU catchment 125 (demo),1820000,744000,7150.0,3003.0,0.75,0.75,0.75,0.75,56,False,64.0,Mixed-Humid LDU Climate Station 6 (demo),732640,39.32,-80.36,39.14,-80.14
Mixed-Humid,lower density urban,LDU,CBSA,12641,Mixed-Humid LDU catchment 126 (demo),1844000,753800,7240.0,3040.8,0.76,0.76,0.76,0.76,49,False,75.5,Mixed-Humid LDU Climate Station 7 (demo),732641,39.35,-80.39,39.17,-80.17
Mixed-Humid,lower density urban,LDU,CBSA,12642,Mixed-Humid LDU catchment 127 (demo),1868000,763600,7330.0,3078.6,0.77,0.77,0.77,0.77,43,False,87.0,Mixed-Humid LDU Climate Station 1 (demo),732642,39.38,-80.42,39.2,-80.2
Mixed-Humid,lower density urban,LDU,CBSA,12643,Mixed-Humid LDU catchment 128 (demo),1892000,773400,7420.0,3116.4,0.78,0.78,0.78,0.78,37,False,98.5,Mixed-Humid LDU Climate Station 2 (demo),732643,39.41,-80.45,39.23,-80.23
Mixed-Humid,lower density urban,LDU,CBSA,12644,Mixed-Humid LDU catchment 129 (demo),1916000,783200,7510.0,3154.2,0.79,0.79,0.79,0.79,31,False,110.0,Mixed-Humid LDU Climate Station 3 (demo),732644,39.44,-80.48,39.26,-80.26
Mixed-Humid,lower density urban,LDU,CBSA,12645,Mixed-Humid LDU catchment 130 (demo),1940000,793000,7600.0,3192.0,0.8,0.8,0.8,0.8,25,False,18.0,Mixed-Humid LDU Climate Station 4 (demo),732645,39.47,-80.51,39.29,-80.29
Mixed-Humid,lower density urban,LDU,CBSA,12646,Mixed-Humid LDU catchment 131 (demo),1964000,802800,7690.0,3229.8,0.81,0.81,0.81,0.81,19,False,29.5,Mixed-Humid LDU Climate Station 5 (demo),732646,39.5,-80.54,39.32,-80.32
Mixed-Humid,lower density urban,LDU,CBSA,12647,Mixed-Humid LDU catchment 132 (demo),1988000,812600,7780.0,3267.6,0.82,0.82,0.82,0.82,13,False,41.0,Mixed-Humid LDU Climate Station 6 (demo),732647,39.53,-80.57,39.35,-80.35
Mixed-Humid,lower density urban,LDU,CBSA,12648,Mixed-Humid LDU catchment 133 (demo),2012000,822400,7870.0,3305.4,0.83,0.83,0.83,0.83,7,False,52.5,Mixed-Humid LDU Climate Station 7 (demo),732648,39.56,-80.6,39.38,-80.38
Mixed-Humid,lower density urban,LDU,CBSA,12649,Mixed-Humid LDU catchment 134 (demo),1508000,616600,5980.0,2511.6,0.62,0.62,0.62,0.62,148,False,64.0,Mixed-Humid LDU Climate Station 1 (demo),732649,39.2,-80.24,39.02,-80.02
Mixed-Humid,lower density urban,LDU,CBSA,12650,Mixed-Humid LDU catchment 135 (demo),1532000,626400,6070.0,2549.4,0.63,0.63,0.63,0.63,141,False,75.5,Mixed-Humid LDU Climate Station 2 (demo),732650,39.23,-80.27,39.05,-80.05
Mixed-Humid,lower density urban,LDU,CBSA,12651,Mixed-Humid LDU catchment 136 (demo),1556000,636200,6160.0,2587.2,0.64,0.64,0.64,0.64,134,False,87.0,Mixed-Humid LDU Climate Station 3 (demo),732651,39.26,-80.3,39.08,-80.08
Mixed-Humid,lower density urban,LDU,CBSA,12652,Mixed-Humid LDU catchment 137 (demo),1580000,646000,6250.0,2625.0,0.65,0.65,0.65,0.65,127,False,98.5,Mixed-Humid LDU Climate Station 4 (demo),732652,39.29,-80.33,39.11,-80.11
Mixed-Humid,lower density urban,LDU,CBSA,12653,Mixed-Humid LDU catchment 138 (demo),1604000,655800,6340.0,2662.8,0.66,0.66,0.66,0.66,120,False,110.0,Mixed-Humid LDU Climate Station 5 (demo),732653,39.32,-80.36,39.14,-80.14
Mixed-Humid,lower density urban,LDU,CBSA,12654,Mixed-Humid LDU catchment 139 (demo),1628000,665600,6430.0,2700.6,0.67,0.67,0.67,0.67,113,False,18.0,Mixed-Humid LDU Climate Station 6 (demo),732654,39.35,-80.39,39.17,-80.17
Mixed-Humid,lower density urban,LDU,CBSA,12655,Mixed-Humid LDU catchment 140 (demo),1651999,675399,6520.0,2738.4,0.68,0.68,0.68,0.68,106,False,29.5,Mixed-Humid LDU Climate Station 7 (demo),732655,39.38,-80.42,39.2,-80.2
Mixed-Humid,lower density urban,LDU,CBSA,12656,Mixed-Humid LDU catchment 141 (demo),1675999,685200,6610.0,2776.2,0.69,0.69,0.69,0.69,99,False,41.0,Mixed-Humid LDU Climate Station 1 (demo),732656,39.41,-80.45,39.23,-80.23
Mixed-Humid,lower density urban,LDU,CBSA,12657,Mixed-Humid LDU catchment 142 (demo),1700000,695000,6700.0,2814.0,0.7,0.7,0.7,0.7,92,False,52.5,Mixed-Humid LDU Climate Station 2 (demo),732657,39.44,-80.48,39.26,-80.26
Mixed-Humid,lower density urban,LDU,CBSA,12658,Mixed-Humid LDU catchment 143 (demo),1724000,704800,6790.0,2851.8,0.71,0.71,0.71,0.71,85,False,64.0,Mixed-Humid LDU Climate Station 3 (demo),732658,39.47,-80.51,39.29,-80.29
Mixed-Humid,lower density urban,LDU,CBSA,12659,Mixed-Humid LDU catchment 144 (demo),1748000,714600,6880.0,2889.6,0.72,0.72,0.72,0.72,78,False,75.5,Mixed-Humid LDU Climate Station 4 (demo),732659,39.5,-80.54,39.32,-80.32
Mixed-Humid,lower density urban,LDU,CBSA,12660,Mixed-Humid LDU catchment 145 (demo),1772000,724400,6970.0,2927.4,0.73,0.73,0.73,0.73,71,False,87.0,Mixed-Humid LDU Climate Station 5 (demo),732660,39.53,-80.57,39.35,-80.35
Mixed-Humid,lower density urban,LDU,CBSA,12661,Mixed-Humid LDU catchment 146 (demo),1796000,734200,7060.0,2965.2,0.74,0.74,0.74,0.74,64,False,98.5,Mixed-Humid LDU Climate Station 6 (demo),732661,39.56,-80.6,39.38,-80.38
Mixed-Humid,lower density urban,LDU,CBSA,12662,Mixed-Humid LDU catchment 147 (demo),1820000,744000,7150.0,3003.0,0.75,0.75,0.75,0.75,57,False,110.0,Mixed-Humid LDU Climate Station 7 (demo),732662,39.2,-80.24,39.02,-80.02
Mixed-Humid,lower density urban,LDU,CBSA,12663,Mixed-Humid LDU catchment 148 (demo),1844000,753800,7240.0,3040.8,0.76,0.76,0.76,0.76,50,False,18.0,Mixed-Humid LDU Climate Station 1 (demo),732663,39.23,-80.27,39.05,-80.05
Mixed-Humid,suburban/small town,Suburban,CBSA,12664,Mixed-Humid Suburban catchment 1 (demo),2180000,891000,8500.0,3570.0,0.9,0.9,0.9,0.9,1,True,29.5,Mixed-Humid Suburban Climate Station 2 (demo),732664,38.16,-80.0,37.98,-79.78
Mixed-Humid,suburban/small town,Suburban,CBSA,12665,Mixed-Humid Suburban catchment 2 (demo),1508000,616600,5980.0,2511.6,0.62,0.62,0.62,0.62,142,False,41.0,Mixed-Humid Suburban Climate Station 3 (demo),732665,38.19,-80.03,38.01,-79.81
Mixed-Humid,suburban/small town,Suburban,CBSA,12666,Mixed-Humid Suburban catchment 3 (demo),1532000,626400,6070.0,2549.4,0.63,0.63,0.63,0.63,135,False,52.5,Mixed-Humid Suburban Climate Station 4 (demo),732666,38.22,-80.06,38.04,-79.84
Mixed-Humid,suburban/small town,Suburban,CBSA,12667,Mixed-Humid Suburban catchment 4 (demo),1556000,636200,6160.0,2587.2,0.64,0.64,0.64,0.64,128,False,64.0,Mixed-Humid Suburban Climate Station 5 (demo),732667,38.25,-80.09,38.07,-79.87
Mixed-Humid,suburban/small town,Suburban,CBSA,12668,Mixed-Humid Suburban catchment 5 (demo),1580000,646000,6250.0,2625.0,0.65,0.65,0.65,0.65,121,False,75.5,Mixed-Humid Suburban Climate Station 6 (demo),732668,38.28,-80.12,38.1,-79.9
Mixed-Humid,suburban/small town,Suburban,CBSA,12669,Mixed-Humid Suburban catchment 6 (demo),1604000,655800,6340.0,2662.8,0.66,0.66,0.66,0.66,114,False,87.0,Mixed-Humid Suburban Climate Station 7 (demo),732669,38.31,-80.15,38.13,-79.93
Mixed-Humid,suburban/small town,Suburban,CBSA,12670,Mixed-Humid Suburban catchment 7 (demo),1628000,665600,6430.0,2700.6,0.67,0.67,0.67,0.67,107,False,98.5,Mixed-Humid Suburban Climate Station 1 (demo),732670,38.34,-80.18,38.16,-79.96
Mixed-Humid,suburban/small town,Suburban,CBSA,12671,Mixed-Humid Suburban catchment 8 (demo),1651999,675399,6520.0,2738.4,0.68,0.68,0.68,0.68,100,False,110.0,Mixed-Humid Suburban Climate Station 2 (demo),732671,38.37,-80.21,38.19,-79.99
Mixed-Humid,suburban/small town,Suburban,CBSA,12672,Mixed-Humid Suburban catchment 9 (demo),1675999,685200,6610.0,2776.2,0.69,0.69,0.69,0.69,93,False,18.0,Mixed-Humid Suburban Climate Station 3 (demo),732672,38.4,-80.24,38.22,-80.02
Mixed-Humid,suburban/small town,Suburban,CBSA,12673,Mixed-Humid Suburban catchment 10 (demo),1700000,695000,6700.0,2814.0,0.7,0.7,0.7,0.7,86,False,29.5,Mixed-Humid Suburban Climate Station 4 (demo),732673,38.43,-80.27,38.25,-80.05
Mixed-Humid,suburban/small town,Suburban,CBSA,12674,Mixed-Humid Suburban catchment 11 (demo),1724000,704800,6790.0,2851.8,0.71,0.71,0.71,0.71,79,False,41.0,Mixed-Humid Suburban Climate Station 5 (demo),732674,38.46,-80.3,38.28,-80.08
Mixed-Humid,suburban/small town,Suburban,CBSA,12675,Mixed-Humid Suburban catchment 12 (demo),1748000,714600,6880.0,2889.6,0.72,0.72,0.72,0.72,72,False,52.5,Mixed-Humid Suburban Climate Station 6 (demo),732675,38.1,-79.94,37.92,-79.72
Mixed-Humid,suburban/small town,Suburban,CBSA,12676,Mixed-Humid Suburban catchment 13 (demo),1772000,724400,6970.0,2927.4,0.73,0.73,0.73,0.73,65,False,64.0,Mixed-Humid Suburban Climate Station 7 (demo),732676,38.13,-79.97,37.95,-79.75
Mixed-Humid,suburban/small town,Suburban,CBSA,12677,Mixed-Humid Suburban catchment 14 (demo),1796000,734200,7060.0,2965.2,0.74,0.74,0.74,0.74,58,False,75.5,Mixed-Humid Suburban Climate Station 1 (demo),732677,38.16,-80.0,37.98,-79.78
Mixed-Humid,suburban/small town,Suburban,CBSA,12678,Mixed-Humid Suburban catchment 15 (demo),1820000,744000,7150.0,3003.0,0.75,0.75,0.75,0.75,51,False,87.0,Mixed-Humid Suburban Climate Station 2 (demo),732678,38.19,-80.03,38.01,-79.81
Mixed-Humid,suburban/small town,Suburban,CBSA,12679,Mixed-Humid Suburban catchment 16 (demo),1844000,753800,7240.0,3040.8,0.76,0.76,0.76,0.76,44,False,98.5,Mixed-Humid Suburban Climate Station 3 (demo),732679,38.22,-80.06,38.04,-79.84
Mixed-Humid,suburban/small town,Suburban,CBSA,12680,Mixed-Humid Suburban catchment 17 (demo),1868000,763600,7330.0,3078.6,0.77,0.77,0.77,0.77,38,False,110.0,Mixed-Humid Suburban Climate Station 4 (demo),732680,38.25,-80.09,38.07,-79.87
Mixed-Humid,suburban/small town,Suburban,CBSA,12681,Mixed-Humid Suburban catchment 18 (demo),1892000,773400,7420.0,3116.4,0.78,0.78,0.78,0.78,32,False,18.0,Mixed-Humid Suburban Climate Station 5 (demo),732681,38.28,-80.12,38.1,-79.9
Mixed-Humid,suburban/small town,Suburban,CBSA,12682,Mixed-Humid Suburban catchment 19 (demo),1916000,783200,7510.0,3154.2,0.79,0.79,0.79,0.79,26,False,29.5,Mixed-Humid Suburban Climate Station 6 (demo),732682,38.31,-80.15,38.13,-79.93
Mixed-Humid,suburban/small town,Suburban,CBSA,12683,Mixed-Humid Suburban catchment 20 (demo),1940000,793000,7600.0,3192.0,0.8,0.8,0.8,0.8,20,False,41.0,Mixed-Humid Suburban Climate Station 7 (demo),732683,38.34,-80.18,38.16,-79.96
Mixed-Humid,suburban/small town,Suburban,CBSA,12684,Mixed-Humid Suburban catchment 21 (demo),1964000,802800,7690.0,3229.8,0.81,0.81,0.81,0.81,14,False,52.5,Mixed-Humid Suburban Climate Station 1 (demo),732684,38.37,-80.21,38.19,-79.99
Mixed-Humid,suburban/small town,Suburban,CBSA,12685,Mixed-Humid Suburban catchment 22 (demo),1988000,812600,7780.0,3267.6,0.82,0.82,0.82,0.82,8,False,64.0,Mixed-Humid Suburban Climate Station 2 (demo),732685,38.4,-80.24,38.22,-80.02
Mixed-Humid,suburban/small town,Suburban,CBSA,12686,Mixed-Humid Suburban catchment 23 (demo),2012000,822400,7870.0,3305.4,0.83,0.83,0.83,0.83,2,False,75.5,Mixed-Humid Suburban Climate Station 3 (demo),732686,38.43,-80.27,38.25,-80.05
Mixed-Humid,suburban/small town,Suburban,CBSA,12687,Mixed-Humid Suburban catchment 24 (demo),1508000,616600,5980.0,2511.6,0.62,0.62,0.62,0.62,143,False,87.0,Mixed-Humid Suburban Climate Station 4 (demo),732687,38.46,-80.3,38.28,-80.08
Mixed-Humid,suburban/small town,Suburban,CBSA,12688,Mixed-Humid Suburban catchment 25 (demo),1532000,626400,6070.0,2549.4,0.63,0.63,0.63,0.63,136,False,98.5,Mixed-Humid Suburban Climate Station 5 (demo),732688,38.1,-79.94,37.92,-79.72
Mixed-Humid,suburban/small town,Suburban,CBSA,12689,Mixed-Humid Suburban catchment 26 (demo),1556000,636200,6160.0,2587.2,0.64,0.64,0.64,0.64,129,False,110.0,Mixed-Humid Suburban Climate Station 6 (demo),732689,38.13,-79.97,37.95,-79.75
Mixed-Humid,suburban/small town,Suburban,CBSA,12690,Mixed-Humid Suburban catchment 27 (demo),1580000,646000,6250.0,2625.0,0.65,0.65,0.65,0.65,122,False,18.0,Mixed-Humid Suburban Climate Station 7 (demo),732690,38.16,-80.0,37.98,-79.78
Mixed-Humid,suburban/small town,Suburban,CBSA,12691,Mixed-Humid Suburban catchment 28 (demo),1604000,655800,6340.0,2662.8,0.66,0.66,0.66,0.66,115,False,29.5,Mixed-Humid Suburban Climate Station 1 (demo),732691,38.19,-80.03,38.01,-79.81
Mixed-Humid,suburban/small town,Suburban,CBSA,12692,Mixed-Humid Suburban catchment 29 (demo),1628000,665600,6430.0,2700.6,0.67,0.67,0.67,0.67,108,False,41.0,Mixed-Humid Suburban Climate Station 2 (demo),732692,38.22,-80.06,38.04,-79.84
Mixed-Humid,suburban/small town,Suburban,CBSA,12693,Mixed-Humid Suburban catchment 30 (demo),1651999,675399,6520.0,2738.4,0.68,0.68,0.68,0.68,101,False,52.5,Mixed-Humid Suburban Climate Station 3 (demo),732693,38.25,-80.09,38.07,-79.87
Mixed-Humid,suburban/small town,Suburban,CBSA,12694,Mixed-Humid Suburban catchment 31 (demo),1675999,685200,6610.0,2776.2,0.69,0.69,0.69,0.69,94,False,64.0,Mixed-Humid Suburban Climate Station 4 (demo),732694,38.28,-80.12,38.1,-79.9
Mixed-Humid,suburban/small town,Suburban,CBSA,12695,Mixed-Humid Suburban catchment 32 (demo),1700000,695000,6700.0,2814.0,0.7,0.7,0.7,0.7,87,False,75.5,Mixed-Humid Suburban Climate Station 5 (demo),732695,38.31,-80.15,38.13,-79.93
Mixed-Humid,suburban/small town,Suburban,CBSA,12696,Mixed-Humid Suburban catchment 33 (demo),1724000,704800,6790.0,2851.8,0.71,0.71,0.71,0.71,80,False,87.0,Mixed-Humid Suburban Climate Station 6 (demo),732696,38.34,-80.18,38.16,-79.96
Mixed-Humid,suburban/small town,Suburban,CBSA,12697,Mixed-Humid Suburban catchment 34 (demo),1748000,714600,6880.0,2889.6,0.72,0.72,0.72,0.72,73,False,98.5,Mixed-Humid Suburban Climate Station 7 (demo),732697,38.37,-80.21,38.19,-79.99
Mixed-Humid,suburban/small town,Suburban,CBSA,12698,Mixed-Humid Suburban catchment 35 (demo),1772000,724400,6970.0,2927.4,0.73,0.73,0.73,0.73,66,False,110.0,Mixed-Humid Suburban Climate Station 1 (demo),732698,38.4,-80.24,38.22,-80.02
Mixed-Humid,suburban/small town,Suburban,CBSA,12699,Mixed-Humid Suburban catchment 36 (demo),1796000,734200,7060.0,2965.2,0.74,0.74,0.74,0.74,59,False,18.0,Mixed-Humid Suburban Climate Station 2 (demo),732699,38.43,-80.27,38.25,-80.05
Mixed-Humid,suburban/small town,Suburban,CBSA,12700,Mixed-Humid Suburban catchment 37 (demo),1820000,744000,7150.0,3003.0,0.75,0.75,0.75,0.75,52,False,29.5,Mixed-Humid Suburban Climate Station 3 (demo),732700,38.46,-80.3,38.28,-80.08
Mixed-Humid,suburban/small town,Suburban,CBSA,12701,Mixed-Humid Suburban catchment 38 (demo),1844000,753800,7240.0,3040.8,0.76,0.76,0.76,0.76,45,False,41.0,Mixed-Humid Suburban Climate Station 4 (demo),732701,38.1,-79.94,37.92,-79.72
Mixed-Humid,suburban/small town,Suburban,CBSA,12702,Mixed-Humid Suburban catchment 39 (demo),1868000,763600,7330.0,3078.6,0.77,0.77,0.77,0.77,39,False,52.5,Mixed-Humid Suburban Climate Station 5 (demo),732702,38.13,-79.97,37.95,-79.75
Mixed-Humid,suburban/small town,Suburban,CBSA,12703,Mixed-Humid Suburban catchment 40 (demo),1892000,773400,7420.0,3116.4,0.78,0.78,0.78,0.78,33,False,64.0,Mixed-Humid Suburban Climate Station 6 (demo),732703,38.16,-80.0,37.98,-79.78
Mixed-Humid,suburban/small town,Suburban,CBSA,12704,Mixed-Humid Suburban catchment 41 (demo),1916000,783200,7510.0,3154.2,0.79,0.79,0.79,0.79,27,False,75.5,Mixed-Humid Suburban Climate Station 7 (demo),732704,38.19,-80.03,38.01,-79.81
Mixed-Humid,suburban/small town,Suburban,CBSA,12705,Mixed-Humid Suburban catchment 42 (demo),1940000,793000,7600.0,3192.0,0.8,0.8,0.8,0.8,21,False,87.0,Mixed-Humid Suburban Climate Station 1 (demo),732705,38.22,-80.06,38.04,-79.84
Mixed-Humid,suburban/small town,Suburban,CBSA,12706,Mixed-Humid Suburban catchment 43 (demo),1964000,802800,7690.0,3229.8,0.81,0.81,0.81,0.81,15,False,98.5,Mixed-Humid Suburban Climate Station 2 (demo),732706,38.25,-80.09,38.07,-79.87
Mixed-Humid,suburban/small town,Suburban,CBSA,12707,Mixed-Humid Suburban catchment 44 (demo),1988000,812600,7780.0,3267.6,0.82,0.82,0.82,0.82,9,False,110.0,Mixed-Humid Suburban Climate Station 3 (demo),732707,38.28,-80.12,38.1,-79.9
Mixed-Humid,suburban/small town,Suburban,CBSA,12708,Mixed-Humid Suburban catchment 45 (demo),2012000,822400,7870.0,3305.4,0.83,0.83,0.83,0.83,3,False,18.0,Mixed-Humid Suburban Climate Station 4 (demo),732708,38.31,-80.15,38.13,-79.93
Mixed-Humid,suburban/small town,Suburban,CBSA,12709,Mixed-Humid Suburban catchment 46 (demo),1508000,616600,5980.0,2511.6,0.62,0.62,0.62,0.62,144,False,29.5,Mixed-Humid Suburban Climate Station 5 (demo),732709,38.34,-80.18,38.16,-79.96
Mixed-Humid,suburban/small town,Suburban,CBSA,12710,Mixed-Humid Suburban catchment 47 (demo),1532000,626400,6070.0,2549.4,0.63,0.63,0.63,0.63,137,False,41.0,Mixed-Humid Suburban Climate Station 6 (demo),732710,38.37,-80.21,38.19,-79.99
Mixed-Humid,suburban/small town,Suburban,CBSA,12711,Mixed-Humid Suburban catchment 48 (demo),1556000,636200,6160.0,2587.2,0.64,0.64,0.64,0.64,130,False,52.5,Mixed-Humid Suburban Climate Station 7 (demo),732711,38.4,-80.24,38.22,-80.02
Mixed-Humid,suburban/small town,Suburban,CBSA,12712,Mixed-Humid Suburban catchment 49 (demo),1580000,646000,6250.0,2625.0,0.65,0.65,0.65,0.65,123,False,64.0,Mixed-Humid Suburban Climate Station 1 (demo),732712,38.43,-80.27,38.25,-80.05
Mixed-Humid,suburban/small town,Suburban,CBSA,12713,Mixed-Humid Suburban catchment 50 (demo),1604000,655800,6340.0,2662.8,0.66,0.66,0.66,0.66,116,False,75.5,Mixed-Humid Suburban Climate Station 2 (demo),732713,38.46,-80.3,38.28,-80.08
Mixed-Humid,suburban/small town,Suburban,CBSA,12714,Mixed-Humid Suburban catchment 51 (demo),1628000,665600,6430.0,2700.6,0.67,0.67,0.67,0.67,109,False,87.0,Mixed-Humid Suburban Climate Station 3 (demo),732714,38.1,-79.94,37.92,-79.72
Mixed-Humid,suburban/small town,Suburban,CBSA,12715,Mixed-Humid Suburban catchment 52 (demo),1651999,675399,6520.0,2738.4,0.68,0.68,0.68,0.68,102,False,98.5,Mixed-Humid Suburban Climate Station 4 (demo),732715,38.13,-79.97,37.95,-79.75
Mixed-Humid,suburban/small town,Suburban,CBSA,12716,Mixed-Humid Suburban catchment 53 (demo),1675999,685200,6610.0,2776.2,0.69,0.69,0.69,0.69,95,False,110.0,Mixed-Humid Suburban Climate Station 5 (demo),732716,38.16,-80.0,37.98,-79.78
Mixed-Humid,suburban/small town,Suburban,CBSA,12717,Mixed-Humid Suburban catchment 54 (demo),1700000,695000,6700.0,2814.0,0.7,0.7,0.7,0.7,88,False,18.0,Mixed-Humid Suburban Climate Station 6 (demo),732717,38.19,-80.03,38.01,-79.81
Mixed-Humid,suburban/small town,Suburban,CBSA,12718,Mixed-Humid Suburban catchment 55 (demo),1724000,704800,6790.0,2851.8,0.71,0.71,0.71,0.71,81,False,29.5,Mixed-Humid Suburban Climate Station 7 (demo),732718,38.22,-80.06,38.04,-79.84
Mixed-Humid,suburban/small town,Suburban,CBSA,12719,Mixed-Humid Suburban catchment 56 (demo),1748000,714600,6880.0,2889.6,0.72,0.72,0.72,0.72,74,False,41.0,Mixed-Humid Suburban Climate Station 1 (demo),732719,38.25,-80.09,38.07,-79.87
Mixed-Humid,suburban/small town,Suburban,CBSA,12720,Mixed-Humid Suburban catchment 57 (demo),1772000,724400,6970.0,2927.4,0.73,0.73,0.73,0.73,67,False,52.5,Mixed-Humid Suburban Climate Station 2 (demo),732720,38.28,-80.12,38.1,-79.9
Mixed-Humid,suburban/small town,Suburban,CBSA,12721,Mixed-Humid Suburban catchment 58 (demo),1796000,734200,7060.0,2965.2,0.74,0.74,0.74,0.74,60,False,64.0,Mixed-Humid Suburban Climate Station 3 (demo),732721,38.31,-80.15,38.13,-79.93
Mixed-Humid,suburban/small town,Suburban,CBSA,12722,Mixed-Humid Suburban catchment 59 (demo),1820000,744000,7150.0,3003.0,0.75,0.75,0.75,0.75,53,False,75.5,Mixed-Humid Suburban Climate Station 4 (demo),732722,38.34,-80.18,38.16,-79.96
Mixed-Humid,suburban/small town,Suburban,CBSA,12723,Mixed-Humid Suburban catchment 60 (demo),1844000,753800,7240.0,3040.8,0.76,0.76,0.76,0.76,46,False,87.0,Mixed-Humid Suburban Climate Station 5 (demo),732723,38.37,-80.21,38.19,-79.99
Mixed-Humid,suburban/small town,Suburban,CBSA,12724,Mixed-Humid Suburban catchment 61 (demo),1868000,763600,7330.0,3078.6,0.77,0.77,0.77,0.77,40,False,98.5,Mixed-Humid Suburban Climate Station 6 (demo),732724,38.4,-80.24,38.22,-80.02
Mixed-Humid,suburban/small town,Suburban,CBSA,12725,Mixed-Humid Suburban catchment 62 (demo),1892000,773400,7420.0,3116.4,0.78,0.78,0.78,0.78,34,False,110.0,Mixed-Humid Suburban Climate Station 7 (demo),732725,38.43,-80.27,38.25,-80.05
Mixed-Humid,suburban/small town,Suburban,CBSA,12726,Mixed-Humid Suburban catchment 63 (demo),1916000,783200,7510.0,3154.2,0.79,0.79,0.79,0.79,28,False,18.0,Mixed-Humid Suburban Climate Station 1 (demo),732726,38.46,-80.3,38.28,-80.08
Mixed-Humid,suburban/small town,Suburban,CBSA,12727,Mixed-Humid Suburban catchment 64 (demo),1940000,793000,7600.0,3192.0,0.8,0.8,0.8,0.8,22,False,29.5,Mixed-Humid Suburban Climate Station 2 (demo),732727,38.1,-79.94,37.92,-79.72
Mixed-Humid,suburban/small town,Suburban,CBSA,12728,Mixed-Humid Suburban catchment 65 (demo),1964000,802800,7690.0,3229.8,0.81,0.81,0.81,0.81,16,False,41.0,Mixed-Humid Suburban Climate Station 3 (demo),732728,38.13,-79.97,37.95,-79.75
Mixed-Humid,suburban/small town,Suburban,CBSA,12729,Mixed-Humid Suburban catchment 66 (demo),1988000,812600,7780.0,3267.6,0.82,0.82,0.82,0.82,10,False,52.5,Mixed-Humid Suburban Climate Station 4 (demo),732729,38.16,-80.0,37.98,-79.78
Mixed-Humid,suburban/small town,Suburban,CBSA,12730,Mixed-Humid Suburban catchment 67 (demo),2012000,822400,7870.0,3305.4,0.83,0.83,0.83,0.83,4,False,64.0,Mixed-Humid Suburban Climate Station 5 (demo),732730,38.19,-80.03,38.01,-79.81
Mixed-Humid,suburban/small town,Suburban,CBSA,12731,Mixed-Humid Suburban catchment 68 (demo),1508000,616600,5980.0,2511.6,0.62,0.62,0.62,0.62,145,False,75.5,Mixed-Humid Suburban Climate Station 6 (demo),732731,38.22,-80.06,38.04,-79.84
Mixed-Humid,suburban/small town,Suburban,CBSA,12732,Mixed-Humid Suburban catchment 69 (demo),1532000,626400,6070.0,2549.4,0.63,0.63,0.63,0.63,138,False,87.0,Mixed-Humid Suburban Climate Station 7 (demo),732732,38.25,-80.09,38.07,-79.87
Mixed-Humid,suburban/small town,Suburban,CBSA,12733,Mixed-Humid Suburban catchment 70 (demo),1556000,636200,6160.0,2587.2,0.64,0.64,0.64,0.64,131,False,98.5,Mixed-Humid Suburban Climate Station 1 (demo),732733,38.28,-80.12,38.1,-79.9
Mixed-Humid,suburban/small town,Suburban,CBSA,12734,Mixed-Humid Suburban catchment 71 (demo),1580000,646000,6250.0,2625.0,0.65,0.65,0.65,0.65,124,False,110.0,Mixed-Humid Suburban Climate Station 2 (demo),732734,38.31,-80.15,38.13,-79.93
Mixed-Humid,suburban/small town,Suburban,CBSA,12735,Mixed-Humid Suburban catchment 72 (demo),1604000,655800,6340.0,2662.8,0.66,0.66,0.66,0.66,117,False,18.0,Mixed-Humid Suburban Climate Station 3 (demo),732735,38.34,-80.18,38.16,-79.96
Mixed-Humid,suburban/small town,Suburban,CBSA,12736,Mixed-Humid Suburban catchment 73 (demo),1628000,665600,6430.0,2700.6,0.67,0.67,0.67,0.67,110,False,29.5,Mixed-Humid Suburban Climate Station 4 (demo),732736,38.37,-80.21,38.19,-79.99
Mixed-Humid,suburban/small town,Suburban,CBSA,12737,Mixed-Humid Suburban catchment 74 (demo),1651999,675399,6520.0,2738.4,0.68,0.68,0.68,0.68,103,False,41.0,Mixed-Humid Suburban Climate Station 5 (demo),732737,38.4,-80.24,38.22,-80.02
Mixed-Humid,suburban/small town,Suburban,CBSA,12738,Mixed-Humid Suburban catchment 75 (demo),1675999,685200,6610.0,2776.2,0.69,0.69,0.69,0.69,96,False,52.5,Mixed-Humid Suburban Climate Station 6 (demo),732738,38.43,-80.27,38.25,-80.05
Mixed-Humid,suburban/small town,Suburban,CBSA,12739,Mixed-Humid Suburban catchment 76 (demo),1700000,695000,6700.0,2814.0,0.7,0.7,0.7,0.7,89,False,64.0,Mixed-Humid Suburban Climate Station 7 (demo),732739,38.46,-80.3,38.28,-80.08
Mixed-Humid,suburban/small town,Suburban,CBSA,12740,Mixed-Humid Suburban catchment 77 (demo),1724000,704800,6790.0,2851.8,0.71,0.71,0.71,0.71,82,False,75.5,Mixed-Humid Suburban Climate Station 1 (demo),732740,38.1,-79.94,37.92,-79.72
Mixed-Humid,suburban/small town,Suburban,CBSA,12741,Mixed-Humid Suburban catchment 78 (demo),1748000,714600,6880.0,2889.6,0.72,0.72,0.72,0.72,75,False,87.0,Mixed-Humid Suburban Climate Station 2 (demo),732741,38.13,-79.97,37.95,-79.75
Mixed-Humid,suburban/small town,Suburban,CBSA,12742,Mixed-Humid Suburban catchment 79 (demo),1772000,724400,6970.0,2927.4,0.73,0.73,0.73,0.73,68,False,98.5,Mixed-Humid Suburban Climate Station 3 (demo),732742,38.16,-80.0,37.98,-79.78
Mixed-Humid,suburban/small town,Suburban,CBSA,12743,Mixed-Humid Suburban catchment 80 (demo),1796000,734200,7060.0,2965.2,0.74,0.74,0.74,0.74,61,False,110.0,Mixed-Humid Suburban Climate Station 4 (demo),732743,38.19,-80.03,38.01,-79.81
Mixed-Humid,suburban/small town,Suburban,CBSA,12744,Mixed-Humid Suburban catchment 81 (demo),1820000,744000,7150.0,3003.0,0.75,0.75,0.75,0.75,54,False,18.0,Mixed-Humid Suburban Climate Station 5 (demo),732744,38.22,-80.06,38.04,-79.84
Mixed-Humid,suburban/small town,Suburban,CBSA,12745,Mixed-Humid Suburban catchment 82 (demo),1844000,753800,7240.0,3040.8,0.76,0.76,0.76,0.76,47,False,29.5,Mixed-Humid Suburban Climate Station 6 (demo),732745,38.25,-80.09,38.07,-79.87
Mixed-Humid,suburban/small town,Suburban,CBSA,12746,Mixed-Humid Suburban catchment 83 (demo),1868000,763600,7330.0,3078.6,0.77,0.77,0.77,0.77,41,False,41.0,Mixed-Humid Suburban Climate Station 7 (demo),732746,38.28,-80.12,38.1,-79.9
Mixed-Humid,suburban/small town,Suburban,CBSA,12747,Mixed-Humid Suburban catchment 84 (demo),1892000,773400,7420.0,3116.4,0.78,0.78,0.78,0.78,35,False,52.5,Mixed-Humid Suburban Climate Station 1 (demo),732747,38.31,-80.15,38.13,-79.93
Mixed-Humid,suburban/small town,Suburban,CBSA,12748,Mixed-Humid Suburban catchment 85 (demo),1916000,783200,7510.0,3154.2,0.79,0.79,0.79,0.79,29,False,64.0,Mixed-Humid Suburban Climate Station 2 (demo),732748,38.34,-80.18,38.16,-79.96
Mixed-Humid,suburban/small town,Suburban,CBSA,12749,Mixed-Humid Suburban catchment 86 (demo),1940000,793000,7600.0,3192.0,0.8,0.8,0.8,0.8,23,False,75.5,Mixed-Humid Suburban Climate Station 3 (demo),732749,38.37,-80.21,38.19,-79.99
Mixed-Humid,suburban/small town,Suburban,CBSA,12750,Mixed-Humid Suburban catchment 87 (demo),1964000,802800,7690.0,3229.8,0.81,0.81,0.81,0.81,17,False,87.0,Mixed-Humid Suburban Climate Station 4 (demo),732750,38.4,-80.24,38.22,-80.02
Mixed-Humid,suburban/small town,Suburban,CBSA,12751,Mixed-Humid Suburban catchment 88 (demo),1988000,812600,7780.0,3267.6,0.82,0.82,0.82,0.82,11,False,98.5,Mixed-Humid Suburban Climate Station 5 (demo),732751,38.43,-80.27,38.25,-80.05
Mixed-Humid,suburban/small town,Suburban,CBSA,12752,Mixed-Humid Suburban catchment 89 (demo),2012000,822400,7870.0,3305.4,0.83,0.83,0.83,0.83,5,False,110.0,Mixed-Humid Suburban Climate Station 6 (demo),732752,38.46,-80.3,38.28,-80.08
Mixed-Humid,suburban/small town,Suburban,CBSA,12753,Mixed-Humid Suburban catchment 90 (demo),1508000,616600,5980.0,2511.6,0.62,0.62,0.62,0.62,146,False,18.0,Mixed-Humid Suburban Climate Station 7 (demo),732753,38.1,-79.94,37.92,-79.72
Mixed-Humid,suburban/small town,Suburban,CBSA,12754,Mixed-Humid Suburban catchment 91 (demo),1532000,626400,6070.0,2549.4,0.63,0.63,0.63,0.63,139,False,29.5,Mixed-Humid Suburban Climate Station 1 (demo),732754,38.13,-79.97,37.95,-79.75
Mixed-Humid,suburban/small town,Suburban,CBSA,12755,Mixed-Humid Suburban catchment 92 (demo),1556000,636200,6160.0,2587.2,0.64,0.64,0.64,0.64,132,False,41.0,Mixed-Humid Suburban Climate Station 2 (demo),732755,38.16,-80.0,37.98,-79.78
Mixed-Humid,suburban/small town,Suburban,CBSA,12756,Mixed-Humid Suburban catchment 93 (demo),1580000,646000,6250.0,2625.0,0.65,0.65,0.65,0.65,125,False,52.5,Mixed-Humid Suburban Climate Station 3 (demo),732756,38.19,-80.03,38.01,-79.81
Mixed-Humid,suburban/small town,Suburban,CBSA,12757,Mixed-Humid Suburban catchment 94 (demo),1604000,655800,6340.0,2662.8,0.66,0.66,0.66,0.66,118,False,64.0,Mixed-Humid Suburban Climate Station 4 (demo),732757,38.22,-80.06,38.04,-79.84
Mixed-Humid,suburban/small town,Suburban,CBSA,12758,Mixed-Humid Suburban catchment 95 (demo),1628000,665600,6430.0,2700.6,0.67,0.67,0.67,0.67,111,False,75.5,Mixed-Humid Suburban Climate Station 5 (demo),732758,38.25,-80.09,38.07,-79.87
Mixed-Humid,suburban/small town,Suburban,CBSA,12759,Mixed-Humid Suburban catchment 96 (demo),1651999,675399,6520.0,2738.4,0.68,0.68,0.68,0.68,104,False,87.0,Mixed-Humid Suburban Climate Station 6 (demo),732759,38.28,-80.12,38.1,-79.9
Mixed-Humid,suburban/small town,Suburban,CBSA,12760,Mixed-Humid Suburban catchment 97 (demo),1675999,685200,6610.0,2776.2,0.69,0.69,0.69,0.69,97,False,98.5,Mixed-Humid Suburban Climate Station 7 (demo),732760,38.31,-80.15,38.13,-79.93
Mixed-Humid,suburban/small town,Suburban,CBSA,12761,Mixed-Humid Suburban catchment 98 (demo),1700000,695000,6700.0,2814.0,0.7,0.7,0.7,0.7,90,False,110.0,Mixed-Humid Suburban Climate Station 1 (demo),732761,38.34,-80.18,38.16,-79.96
Mixed-Humid,suburban/small town,Suburban,CBSA,12762,Mixed-Humid Suburban catchment 99 (demo),1724000,704800,6790.0,2851.8,0.71,0.71,0.71,0.71,83,False,18.0,Mixed-Humid Suburban Climate Station 2 (demo),732762,38.37,-80.21,38.19,-79.99
Mixed-Humid,suburban/small town,Suburban,CBSA,12763,Mixed-Humid Suburban catchment 100 (demo),1748000,714600,6880.0,2889.6,0.72,0.72,0.72,0.72,76,False,29.5,Mixed-Humid Suburban Climate Station 3 (demo),732763,38.4,-80.24,38.22,-80.02
Mixed-Humid,suburban/small town,Suburban,CBSA,12764,Mixed-Humid Suburban catchment 101 (demo),1772000,724400,6970.0,2927.4,0.73,0.73,0.73,0.73,69,False,41.0,Mixed-Humid Suburban Climate Station 4 (demo),732764,38.43,-80.27,38.25,-80.05
Mixed-Humid,suburban/small town,Suburban,CBSA,12765,Mixed-Humid Suburban catchment 102 (demo),1796000,734200,7060.0,2965.2,0.74,0.74,0.74,0.74,62,False,52.5,Mixed-Humid Suburban Climate Station 5 (demo),732765,38.46,-80.3,38.28,-80.08
Mixed-Humid,suburban/small town,Suburban,CBSA,12766,Mixed-Humid Suburban catchment 103 (demo),1820000,744000,7150.0,3003.0,0.75,0.75,0.75,0.75,55,False,64.0,Mixed-Humid Suburban Climate Station 6 (demo),732766,38.1,-79.94,37.92,-79.72
Mixed-Humid,suburban/small town,Suburban,CBSA,12767,Mixed-Humid Suburban catchment 104 (demo),1844000,753800,7240.0,3040.8,0.76,0.76,0.76,0.76,48,False,75.5,Mixed-Humid Suburban Climate Station 7 (demo),732767,38.13,-79.97,37.95,-79.75
Mixed-Humid,suburban/small town,Suburban,CBSA,12768,Mixed-Humid Suburban catchment 105 (demo),1868000,763600,7330.0,3078.6,0.77,0.77,0.77,0.77,42,False,87.0,Mixed-Humid Suburban Climate Station 1 (demo),732768,38.16,-80.0,37.98,-79.78
Mixed-Humid,suburban/small town,Suburban,CBSA,12769,Mixed-Humid Suburban catchment 106 (demo),1892000,773400,7420.0,3116.4,0.78,0.78,0.78,0.78,36,False,98.5,Mixed-Humid Suburban Climate Station 2 (demo),732769,38.19,-80.03,38.01,-79.81
Mixed-Humid,suburban/small town,Suburban,CBSA,12770,Mixed-Humid Suburban catchment 107 (demo),1916000,783200,7510.0,3154.2,0.79,0.79,0.79,0.79,30,False,110.0,Mixed-Humid Suburban Climate Station 3 (demo),732770,38.22,-80.06,38.04,-79.84
Mixed-Humid,suburban/small town,Suburban,CBSA,12771,Mixed-Humid Suburban catchment 108 (demo),1940000,793000,7600.0,3192.0,0.8,0.8,0.8,0.8,24,False,18.0,Mixed-Humid Suburban Climate Station 4 (demo),732771,38.25,-80.09,38.07,-79.87
Mixed-Humid,suburban/small town,Suburban,CBSA,12772,Mixed-Humid Suburban catchment 109 (demo),1964000,802800,7690.0,3229.8,0.81,0.81,0.81,0.81,18,False,29.5,Mixed-Humid Suburban Climate Station 5 (demo),732772,38.28,-80.12,38.1,-79.9
Mixed-Humid,suburban/small town,Suburban,CBSA,12773,Mixed-Humid Suburban catchment 110 (demo),1988000,812600,7780.0,3267.6,0.82,0.82,0.82,0.82,12,False,41.0,Mixed-Humid Suburban Climate Station 6 (demo),732773,38.31,-80.15,38.13,-79.93
Mixed-Humid,suburban/small town,Suburban,CBSA,12774,Mixed-Humid Suburban catchment 111 (demo),2012000,822400,7870.0,3305.4,0.83,0.83,0.83,0.83,6,False,52.5,Mixed-Humid Suburban Climate Station 7 (demo),732774,38.34,-80.18,38.16,-79.96
Mixed-Humid,suburban/small town,Suburban,CBSA,12775,Mixed-Humid Suburban catchment 112 (demo),1508000,616600,5980.0,2511.6,0.62,0.62,0.62,0.62,147,False,64.0,Mixed-Humid Suburban Climate Station 1 (demo),732775,38.37,-80.21,38.19,-79.99
Mixed-Humid,suburban/small town,Suburban,CBSA,12776,Mixed-Humid Suburban catchment 113 (demo),1532000,626400,6070.0,2549.4,0.63,0.63,0.63,0.63,140,False,75.5,Mixed-Humid Suburban Climate Station 2 (demo),732776,38.4,-80.24,38.22,-80.02
Mixed-Humid,suburban/small town,Suburban,CBSA,12777,Mixed-Humid Suburban catchment 114 (demo),1556000,636200,6160.0,2587.2,0.64,0.64,0.64,0.64,133,False,87.0,Mixed-Humid Suburban Climate Station 3 (demo),732777,38.43,-80.27,38.25,-80.05
Mixed-Humid,suburban/small town,Suburban,CBSA,12778,Mixed-Humid Suburban catchment 115 (demo),1580000,646000,6250.0,2625.0,0.65,0.65,0.65,0.65,126,False,98.5,Mixed-Humid Suburban Climate Station 4 (demo),732778,38.46,-80.3,38.28,-80.08
Mixed-Humid,suburban/small town,Suburban,CBSA,12779,Mixed-Humid Suburban catchment 116 (demo),1604000,655800,6340.0,2662.8,0.66,0.66,0.66,0.66,119,False,110.0,Mixed-Humid Suburban Climate Station 5 (demo),732779,38.1,-79.94,37.92,-79.72
Mixed-Humid,suburban/small town,Suburban,CBSA,12780,Mixed-Humid Suburban catchment 117 (demo),1628000,665600,6430.0,2700.6,0.67,0.67,0.67,0.67,112,False,18.0,Mixed-Humid Suburban Climate Station 6 (demo),732780,38.13,-79.97,37.95,-79.75
Mixed-Humid,suburban/small town,Suburban,CBSA,12781,Mixed-Humid Suburban catchment 118 (demo),1651999,675399,6520.0,2738.4,0.68,0.68,0.68,0.68,105,False,29.5,Mixed-Humid Suburban Climate Station 7 (demo),732781,38.16,-80.0,37.98,-79.78
Mixed-Humid,suburban/small town,Suburban,CBSA,12782,Mixed-Humid Suburban catchment 119 (demo),1675999,685200,6610.0,2776.2,0.69,0.69,0.69,0.69,98,False,41.0,Mixed-Humid Suburban Climate Station 1 (demo),732782,38.19,-80.03,38.01,-79.81
Mixed-Humid,suburban/small town,Suburban,CBSA,12783,Mixed-Humid Suburban catchment 120 (demo),1700000,695000,6700.0,2814.0,0.7,0.7,0.7,0.7,91,False,52.5,Mixed-Humid Suburban Climate Station 2 (demo),732783,38.22,-80.06,38.04,-79.84
Mixed-Humid,suburban/small town,Suburban,CBSA,12784,Mixed-Humid Suburban catchment 121 (demo),1724000,704800,6790.0,2851.8,0.71,0.71,0.71,0.71,84,False,64.0,Mixed-Humid Suburban Climate Station 3 (demo),732784,38.25,-80.09,38.07,-79.87
Mixed-Humid,suburban/small town,Suburban,CBSA,12785,Mixed-Humid Suburban catchment 122 (demo),1748000,714600,6880.0,2889.6,0.72,0.72,0.72,0.72,77,False,75.5,Mixed-Humid Suburban Climate Station 4 (demo),732785,38.28,-80.12,38.1,-79.9
Mixed-Humid,suburban/small town,Suburban,CBSA,12786,Mixed-Humid Suburban catchment 123 (demo),1772000,724400,6970.0,2927.4,0.73,0.73,0.73,0.73,70,False,87.0,Mixed-Humid Suburban Climate Station 5 (demo),732786,38.31,-80.15,38.13,-79.93
Mixed-Humid,suburban/small town,Suburban,CBSA,12787,Mixed-Humid Suburban catchment 124 (demo),1796000,734200,7060.0,2965.2,0.74,0.74,0.74,0.74,63,False,98.5,Mixed-Humid Suburban Climate Station 6 (demo),732787,38.34,-80.18,38.16,-79.96
Mixed-Humid,suburban/small town,Suburban,CBSA,12788,Mixed-Humid Suburban catchment 125 (demo),1820000,744000,7150.0,3003.0,0.75,0.75,0.75,0.75,56,False,110.0,Mixed-Humid Suburban Climate Station 7 (demo),732788,38.37,-80.21,38.19,-79.99
Mixed-Humid,suburban/small town,Suburban,CBSA,12789,Mixed-Humid Suburban catchment 126 (demo),1844000,753800,7240.0,3040.8,0.76,0.76,0.76,0.76,49,False,18.0,Mixed-Humid Suburban Climate Station 1 (demo),732789,38.4,-80.24,38.22,-80.02
Mixed-Humid,suburban/small town,Suburban,CBSA,12790,Mixed-Humid Suburban catchment 127 (demo),1868000,763600,7330.0,3078.6,0.77,0.77,0.77,0.77,43,False,29.5,Mixed-Humid Suburban Climate Station 2 (demo),732790,38.43,-80.27,38.25,-80.05
Mixed-Humid,suburban/small town,Suburban,CBSA,12791,Mixed-Humid Suburban catchment 128 (demo),1892000,773400,7420.0,3116.4,0.78,0.78,0.78,0.78,37,False,41.0,Mixed-Humid Suburban Climate Station 3 (demo),732791,38.46,-80.3,38.28,-80.08
Mixed-Humid,suburban/small town,Suburban,CBSA,12792,Mixed-Humid Suburban catchment 129 (demo),1916000,783200,7510.0,3154.2,0.79,0.79,0.79,0.79,31,False,52.5,Mixed-Humid Suburban Climate Station 4 (demo),732792,38.1,-79.94,37.92,-79.72
Mixed-Humid,suburban/small town,Suburban,CBSA,12793,Mixed-Humid Suburban catchment 130 (demo),1940000,793000,7600.0,3192.0,0.8,0.8,0.8,0.8,25,False,64.0,Mixed-Humid Suburban Climate Station 5 (demo),732793,38.13,-79.97,37.95,-79.75
Mixed-Humid,suburban/small town,Suburban,CBSA,12794,Mixed-Humid Suburban catchment 131 (demo),1964000,802800,7690.0,3229.8,0.81,0.81,0.81,0.81,19,False,75.5,Mixed-Humid Suburban Climate Station 6 (demo),732794,38.16,-80.0,37.98,-79.78
Mixed-Humid,suburban/small town,Suburban,CBSA,12795,Mixed-Humid Suburban catchment 132 (demo),1988000,812600,7780.0,3267.6,0.82,0.82,0.82,0.82,13,False,87.0,Mixed-Humid Suburban Climate Station 7 (demo),732795,38.19,-80.03,38.01,-79.81
Mixed-Humid,suburban/small town,Suburban,CBSA,12796,Mixed-Humid Suburban catchment 133 (demo),2012000,822400,7870.0,3305.4,0.83,0.83,0.83,0.83,7,False,98.5,Mixed-Humid Suburban Climate Station 1 (demo),732796,38.22,-80.06,38.04,-79.84
Mixed-Humid,suburban/small town,Suburban,CBSA,12797,Mixed-Humid Suburban catchment 134 (demo),1508000,616600,5980.0,2511.6,0.62,0.62,0.62,0.62,148,False,110.0,Mixed-Humid Suburban Climate Station 2 (demo),732797,38.25,-80.09,38.07,-79.87
Mixed-Humid,suburban/small town,Suburban,CBSA,12798,Mixed-Humid Suburban catchment 135 (demo),1532000,626400,6070.0,2549.4,0.63,0.63,0.63,0.63,141,False,18.0,Mixed-Humid Suburban Climate Station 3 (demo),732798,38.28,-80.12,38.1,-79.9
Mixed-Humid,suburban/small town,Suburban,CBSA,12799,Mixed-Humid Suburban catchment 136 (demo),1556000,636200,6160.0,2587.2,0.64,0.64,0.64,0.64,134,False,29.5,Mixed-Humid Suburban Climate Station 4 (demo),732799,38.31,-80.15,38.13,-79.93
Mixed-Humid,suburban/small town,Suburban,CBSA,12800,Mixed-Humid Suburban catchment 137 (demo),1580000,646000,6250.0,2625.0,0.65,0.65,0.65,0.65,127,False,41.0,Mixed-Humid Suburban Climate Station 5 (demo),732800,38.34,-80.18,38.16,-79.96
Mixed-Humid,suburban/small town,Suburban,CBSA,12801,Mixed-Humid Suburban catchment 138 (demo),1604000,655800,6340.0,2662.8,0.66,0.66,0.66,0.66,120,False,52.5,Mixed-Humid Suburban Climate Station 6 (demo),732801,38.37,-80.21,38.19,-79.99
Mixed-Humid,suburban/small town,Suburban,CBSA,12802,Mixed-Humid Suburban catchment 139 (demo),1628000,665600,6430.0,2700.6,0.67,0.67,0.67,0.67,113,False,64.0,Mixed-Humid Suburban Climate Station 7 (demo),732802,38.4,-80.24,38.22,-80.02
Mixed-Humid,suburban/small town,Suburban,CBSA,12803,Mixed-Humid Suburban catchment 140 (demo),1651999,675399,6520.0,2738.4,0.68,0.68,0.68,0.68,106,False,75.5,Mixed-Humid Suburban Climate Station 1 (demo),732803,38.43,-80.27,38.25,-80.05
Mixed-Humid,suburban/small town,Suburban,CBSA,12804,Mixed-Humid Suburban catchment 141 (demo),1675999,685200,6610.0,2776.2,0.69,0.69,0.69,0.69,99,False,87.0,Mixed-Humid Suburban Climate Station 2 (demo),732804,38.46,-80.3,38.28,-80.08
Mixed-Humid,suburban/small town,Suburban,CBSA,12805,Mixed-Humid Suburban catchment 142 (demo),1700000,695000,6700.0,2814.0,0.7,0.7,0.7,0.7,92,False,98.5,Mixed-Humid Suburban Climate Station 3 (demo),732805,38.1,-79.94,37.92,-79.72
Mixed-Humid,suburban/small town,Suburban,CBSA,12806,Mixed-Humid Suburban catchment 143 (demo),1724000,704800,6790.0,2851.8,0.71,0.71,0.71,0.71,85,False,110.0,Mixed-Humid Suburban Climate Station 4 (demo),732806,38.13,-79.97,37.95,-79.75
Mixed-Humid,suburban/small town,Suburban,CBSA,12807,Mixed-Humid Suburban catchment 144 (demo),1748000,714600,6880.0,2889.6,0.72,0.72,0.72,0.72,78,False,18.0,Mixed-Humid Suburban Climate Station 5 (demo),732807,38.16,-80.0,37.98,-79.78
Mixed-Humid,suburban/small town,Suburban,CBSA,12808,Mixed-Humid Suburban catchment 145 (demo),1772000,724400,6970.0,2927.4,0.73,0.73,0.73,0.73,71,False,29.5,Mixed-Humid Suburban Climate Station 6 (demo),732808,38.19,-80.03,38.01,-79.81
Mixed-Humid,suburban/small town,Suburban,CBSA,12809,Mixed-Humid Suburban catchment 146 (demo),1796000,734200,7060.0,2965.2,0.74,0.74,0.74,0.74,64,False,41.0,Mixed-Humid Suburban Climate Station 7 (demo),732809,38.22,-80.06,38.04,-79.84
Mixed-Humid,suburban/small town,Suburban,CBSA,12810,Mixed-Humid Suburban catchment 147 (demo),1820000,744000,7150.0,3003.0,0.75,0.75,0.75,0.75,57,False,52.5,Mixed-Humid Suburban Climate Station 1 (demo),732810,38.25,-80.09,38.07,-79.87
Mixed-Humid,suburban/small town,Suburban,CBSA,12811,Mixed-Humid Suburban catchment 148 (demo),1844000,753800,7240.0,3040.8,0.76,0.76,0.76,0.76,50,False,64.0,Mixed-Humid Suburban Climate Station 2 (demo),732811,38.28,-80.12,38.1,-79.9
Mixed-Humid,rural,Rural,County,12812,Mixed-Humid Rural catchment 1 (demo),2180000,891000,8500.0,3570.0,0.9,0.9,0.9,0.9,1,True,75.5,Mixed-Humid Rural Climate Station 3 (demo),732812,39.91,-81.75,39.73,-81.53
Mixed-Humid,rural,Rural,County,12813,Mixed-Humid Rural catchment 2 (demo),1508000,616600,5980.0,2511.6,0.62,0.62,0.62,0.62,141,False,87.0,Mixed-Humid Rural Climate Station 4 (demo),732813,39.94,-81.78,39.76,-81.56
Mixed-Humid,rural,Rural,County,12814,Mixed-Humid Rural catchment 3 (demo),1532000,626400,6070.0,2549.4,0.63,0.63,0.63,0.63,134,False,98.5,Mixed-Humid Rural Climate Station 5 (demo),732814,39.97,-81.81,39.79,-81.59
Mixed-Humid,rural,Rural,County,12815,Mixed-Humid Rural catchment 4 (demo),1556000,636200,6160.0,2587.2,0.64,0.64,0.64,0.64,127,False,110.0,Mixed-Humid Rural Climate Station 6 (demo),732815,40.0,-81.84,39.82,-81.62
Mixed-Humid,rural,Rural,County,12816,Mixed-Humid Rural catchment 5 (demo),1580000,646000,6250.0,2625.0,0.65,0.65,0.65,0.65,120,False,18.0,Mixed-Humid Rural Climate Station 7 (demo),732816,40.03,-81.87,39.85,-81.65
Mixed-Humid,rural,Rural,County,12817,Mixed-Humid Rural catchment 6 (demo),1604000,655800,6340.0,2662.8,0.66,0.66,0.66,0.66,113,False,29.5,Mixed-Humid Rural Climate Station 1 (demo),732817,40.06,-81.9,39.88,-81.68
Mixed-Humid,rural,Rural,County,12818,Mixed-Humid Rural catchment 7 (demo),1628000,665600,6430.0,2700.6,0.67,0.67,0.67,0.67,106,False,41.0,Mixed-Humid Rural Climate Station 2 (demo),732818,39.7,-81.54,39.52,-81.32
Mixed-Humid,rural,Rural,County,12819,Mixed-Humid Rural catchment 8 (demo),1651999,675399,6520.0,2738.4,0.68,0.68,0.68,0.68,99,False,52.5,Mixed-Humid Rural Climate Station 3 (demo),732819,39.73,-81.57,39.55,-81.35
Mixed-Humid,rural,Rural,County,12820,Mixed-Humid Rural catchment 9 (demo),1675999,685200,6610.0,2776.2,0.69,0.69,0.69,0.69,92,False,64.0,Mixed-Humid Rural Climate Station 4 (demo),732820,39.76,-81.6,39.58,-81.38
Mixed-Humid,rural,Rural,County,12821,Mixed-Humid Rural catchment 10 (demo),1700000,695000,6700.0,2814.0,0.7,0.7,0.7,0.7,85,False,75.5,Mixed-Humid Rural Climate Station 5 (demo),732821,39.79,-81.63,39.61,-81.41
Mixed-Humid,rural,Rural,County,12822,Mixed-Humid Rural catchment 11 (demo),1724000,704800,6790.0,2851.8,0.71,0.71,0.71,0.71,78,False,87.0,Mixed-Humid Rural Climate Station 6 (demo),732822,39.82,-81.66,39.64,-81.44
Mixed-Humid,rural,Rural,County,12823,Mixed-Humid Rural catchment 12 (demo),1748000,714600,6880.0,2889.6,0.72,0.72,0.72,0.72,71,False,98.5,Mixed-Humid Rural Climate Station 7 (demo),732823,39.85,-81.69,39.67,-81.47
Mixed-Humid,rural,Rural,County,12824,Mixed-Humid Rural catchment 13 (demo),1772000,724400,6970.0,2927.4,0.73,0.73,0.73,0.73,64,False,110.0,Mixed-Humid Rural Climate Station 1 (demo),732824,39.88,-81.72,39.7,-81.5
Mixed-Humid,rural,Rural,County,12825,Mixed-Humid Rural catchment 14 (demo),1796000,734200,7060.0,2965.2,0.74,0.74,0.74,0.74,57,False,18.0,Mixed-Humid Rural Climate Station 2 (demo),732825,39.91,-81.75,39.73,-81.53
Mixed-Humid,rural,Rural,County,12826,Mixed-Humid Rural catchment 15 (demo),1820000,744000,7150.0,3003.0,0.75,0.75,0.75,0.75,50,False,29.5,Mixed-Humid Rural Climate Station 3 (demo),732826,39.94,-81.78,39.76,-81.56
Mixed-Humid,rural,Rural,County,12827,Mixed-Humid Rural catchment 16 (demo),1844000,753800,7240.0,3040.8,0.76,0.76,0.76,0.76,44,False,41.0,Mixed-Humid Rural Climate Station 4 (demo),732827,39.97,-81.81,39.79,-81.59
Mixed-Humid,rural,Rural,County,12828,Mixed-Humid Rural catchment 17 (demo),1868000,763600,7330.0,3078.6,0.77,0.77,0.77,0.77,38,False,52.5,Mixed-Humid Rural Climate Station 5 (demo),732828,40.0,-81.84,39.82,-81.62
Mixed-Humid,rural,Rural,County,12829,Mixed-Humid Rural catchment 18 (demo),1892000,773400,7420.0,3116.4,0.78,0.78,0.78,0.78,32,False,64.0,Mixed-Humid Rural Climate Station 6 (demo),732829,40.03,-81.87,39.85,-81.65
Mixed-Humid,rural,Rural,County,12830,Mixed-Humid Rural catchment 19 (demo),1916000,783200,7510.0,3154.2,0.79,0.79,0.79,0.79,26,False,75.5,Mixed-Humid Rural Climate Station 7 (demo),732830,40.06,-81.9,39.88,-81.68
Mixed-Humid,rural,Rural,County,12831,Mixed-Humid Rural catchment 20 (demo),1940000,793000,7600.0,3192.0,0.8,0.8,0.8,0.8,20,False,87.0,Mixed-Humid Rural Climate Station 1 (demo),732831,39.7,-81.54,39.52,-81.32
Mixed-Humid,rural,Rural,County,12832,Mixed-Humid Rural catchment 21 (demo),1964000,802800,7690.0,3229.8,0.81,0.81,0.81,0.81,14,False,98.5,Mixed-Humid Rural Climate Station 2 (demo),732832,39.73,-81.57,39.55,-81.35
Mixed-Humid,rural,Rural,County,12833,Mixed-Humid Rural catchment 22 (demo),1988000,812600,7780.0,3267.6,0.82,0.82,0.82,0.82,8,False,110.0,Mixed-Humid Rural Climate Station 3 (demo),732833,39.76,-81.6,39.58,-81.38
Mixed-Humid,rural,Rural,County,12834,Mixed-Humid Rural catchment 23 (demo),2012000,822400,7870.0,3305.4,0.83,0.83,0.83,0.83,2,False,18.0,Mixed-Humid Rural Climate Station 4 (demo),732834,39.79,-81.63,39.61,-81.41
Mixed-Humid,rural,Rural,County,12835,Mixed-Humid Rural catchment 24 (demo),1508000,616600,5980.0,2511.6,0.62,0.62,0.62,0.62,142,False,29.5,Mixed-Humid Rural Climate Station 5 (demo),732835,39.82,-81.66,39.64,-81.44
Mixed-Humid,rural,Rural,County,12836,Mixed-Humid Rural catchment 25 (demo),1532000,626400,6070.0,2549.4,0.63,0.63,0.63,0.63,135,False,41.0,Mixed-Humid Rural Climate Station 6 (demo),732836,39.85,-81.69,39.67,-81.47
Mixed-Humid,rural,Rural,County,12837,Mixed-Humid Rural catchment 26 (demo),1556000,636200,6160.0,2587.2,0.64,0.64,0.64,0.64,128,False,52.5,Mixed-Humid Rural Climate Station 7 (demo),732837,39.88,-81.72,39.7,-81.5
Mixed-Humid,rural,Rural,County,12838,Mixed-Humid Rural catchment 27 (demo),1580000,646000,6250.0,2625.0,0.65,0.65,0.65,0.65,121,False,64.0,Mixed-Humid Rural Climate Station 1 (demo),732838,39.91,-81.75,39.73,-81.53
Mixed-Humid,rural,Rural,County,12839,Mixed-Humid Rural catchment 28 (demo),1604000,655800,6340.0,2662.8,0.66,0.66,0.66,0.66,114,False,75.5,Mixed-Humid Rural Climate Station 2 (demo),732839,39.94,-81.78,39.76,-81.56
Mixed-Humid,rural,Rural,County,12840,Mixed-Humid Rural catchment 29 (demo),1628000,665600,6430.0,2700.6,0.67,0.67,0.67,0.67,107,False,87.0,Mixed-Humid Rural Climate Station 3 (demo),732840,39.97,-81.81,39.79,-81.59
Mixed-Humid,rural,Rural,County,12841,Mixed-Humid Rural catchment 30 (demo),1651999,675399,6520.0,2738.4,0.68,0.68,0.68,0.68,100,False,98.5,Mixed-Humid Rural Climate Station 4 (demo),732841,40.0,-81.84,39.82,-81.62
Mixed-Humid,rural,Rural,County,12842,Mixed-Humid Rural catchment 31 (demo),1675999,685200,6610.0,2776.2,0.69,0.69,0.69,0.69,93,False,110.0,Mixed-Humid Rural Climate Station 5 (demo),732842,40.03,-81.87,39.85,-81.65
Mixed-Humid,rural,Rural,County,12843,Mixed-Humid Rural catchment 32 (demo),1700000,695000,6700.0,2814.0,0.7,0.7,0.7,0.7,86,False,18.0,Mixed-Humid Rural Climate Station 6 (demo),732843,40.06,-81.9,39.88,-81.68
Mixed-Humid,rural,Rural,County,12844,Mixed-Humid Rural catchment 33 (demo),1724000,704800,6790.0,2851.8,0.71,0.71,0.71,0.71,79,False,29.5,Mixed-Humid Rural Climate Station 7 (demo),732844,39.7,-81.54,39.52,-81.32
Mixed-Humid,rural,Rural,County,12845,Mixed-Humid Rural catchment 34 (demo),1748000,714600,6880.0,2889.6,0.72,0.72,0.72,0.72,72,False,41.0,Mixed-Humid Rural Climate Station 1 (demo),732845,39.73,-81.57,39.55,-81.35
Mixed-Humid,rural,Rural,County,12846,Mixed-Humid Rural catchment 35 (demo),1772000,724400,6970.0,2927.4,0.73,0.73,0.73,0.73,65,False,52.5,Mixed-Humid Rural Climate Station 2 (demo),732846,39.76,-81.6,39.58,-81.38
Mixed-Humid,rural,Rural,County,12847,Mixed-Humid Rural catchment 36 (demo),1796000,734200,7060.0,2965.2,0.74,0.74,0.74,0.74,58,False,64.0,Mixed-Humid Rural Climate Station 3 (demo),732847,39.79,-81.63,39.61,-81.41
Mixed-Humid,rural,Rural,County,12848,Mixed-Humid Rural catchment 37 (demo),1820000,744000,7150.0,3003.0,0.75,0.75,0.75,0.75,51,False,75.5,Mixed-Humid Rural Climate Station 4 (demo),732848,39.82,-81.66,39.64,-81.44
Mixed-Humid,rural,Rural,County,12849,Mixed-Humid Rural catchment 38 (demo),1844000,753800,7240.0,3040.8,0.76,0.76,0.76,0.76,45,False,87.0,Mixed-Humid Rural Climate Station 5 (demo),732849,39.85,-81.69,39.67,-81.47
Mixed-Humid,rural,Rural,County,12850,Mixed-Humid Rural catchment 39 (demo),1868000,763600,7330.0,3078.6,0.77,0.77,0.77,0.77,39,False,98.5,Mixed-Humid Rural Climate Station 6 (demo),732850,39.88,-81.72,39.7,-81.5
Mixed-Humid,rural,Rural,County,12851,Mixed-Humid Rural catchment 40 (demo),1892000,773400,7420.0,3116.4,0.78,0.78,0.78,0.78,33,False,110.0,Mixed-Humid Rural Climate Station 7 (demo),732851,39.91,-81.75,39.73,-81.53
Mixed-Humid,rural,Rural,County,12852,Mixed-Humid Rural catchment 41 (demo),1916000,783200,7510.0,3154.2,0.79,0.79,0.79,0.79,27,False,18.0,Mixed-Humid Rural Climate Station 1 (demo),732852,39.94,-81.78,39.76,-81.56
Mixed-Humid,rural,Rural,County,12853,Mixed-Humid Rural catchment 42 (demo),1940000,793000,7600.0,3192.0,0.8,0.8,0.8,0.8,21,False,29.5,Mixed-Humid Rural Climate Station 2 (demo),732853,39.97,-81.81,39.79,-81.59
Mixed-Humid,rural,Rural,County,12854,Mixed-Humid Rural catchment 43 (demo),1964000,802800,7690.0,3229.8,0.81,0.81,0.81,0.81,15,False,41.0,Mixed-Humid Rural Climate Station 3 (demo),732854,40.0,-81.84,39.82,-81.62
Mixed-Humid,rural,Rural,County,12855,Mixed-Humid Rural catchment 44 (demo),1988000,812600,7780.0,3267.6,0.82,0.82,0.82,0.82,9,False,52.5,Mixed-Humid Rural Climate Station 4 (demo),732855,40.03,-81.87,39.85,-81.65
Mixed-Humid,rural,Rural,County,12856,Mixed-Humid Rural catchment 45 (demo),2012000,822400,7870.0,3305.4,0.83,0.83,0.83,0.83,3,False,64.0,Mixed-Humid Rural Climate Station 5 (demo),732856,40.06,-81.9,39.88,-81.68
Mixed-Humid,rural,Rural,County,12857,Mixed-Humid Rural catchment 46 (demo),1508000,616600,5980.0,2511.6,0.62,0.62,0.62,0.62,143,False,75.5,Mixed-Humid Rural Climate Station 6 (demo),732857,39.7,-81.54,39.52,-81.32
Mixed-Humid,rural,Rural,County,12858,Mixed-Humid Rural catchment 47 (demo),1532000,626400,6070.0,2549.4,0.63,0.63,0.63,0.63,136,False,87.0,Mixed-Humid Rural Climate Station 7 (demo),732858,39.73,-81.57,39.55,-81.35
Mixed-Humid,rural,Rural,County,12859,Mixed-Humid Rural catchment 48 (demo),1556000,636200,6160.0,2587.2,0.64,0.64,0.64,0.64,129,False,98.5,Mixed-Humid Rural Climate Station 1 (demo),732859,39.76,-81.6,39.58,-81.38
Mixed-Humid,rural,Rural,County,12860,Mixed-Humid Rural catchment 49 (demo),1580000,646000,6250.0,2625.0,0.65,0.65,0.65,0.65,122,False,110.0,Mixed-Humid Rural Climate Station 2 (demo),732860,39.79,-81.63,39.61,-81.41
Mixed-Humid,rural,Rural,County,12861,Mixed-Humid Rural catchment 50 (demo),1604000,655800,6340.0,2662.8,0.66,0.66,0.66,0.66,115,False,18.0,Mixed-Humid Rural Climate Station 3 (demo),732861,39.82,-81.66,39.64,-81.44
Mixed-Humid,rural,Rural,County,12862,Mixed-Humid Rural catchment 51 (demo),1628000,665600,6430.0,2700.6,0.67,0.67,0.67,0.67,108,False,29.5,Mixed-Humid Rural Climate Station 4 (demo),732862,39.85,-81.69,39.67,-81.47
Mixed-Humid,rural,Rural,County,12863,Mixed-Humid Rural catchment 52 (demo),1651999,675399,6520.0,2738.4,0.68,0.68,0.68,0.68,101,False,41.0,Mixed-Humid Rural Climate Station 5 (demo),732863,39.88,-81.72,39.7,-81.5
Mixed-Humid,rural,Rural,County,12864,Mixed-Humid Rural catchment 53 (demo),1675999,685200,6610.0,2776.2,0.69,0.69,0.69,0.69,94,False,52.5,Mixed-Humid Rural Climate Station 6 (demo),732864,39.91,-81.75,39.73,-81.53
Mixed-Humid,rural,Rural,County,12865,Mixed-Humid Rural catchment 54 (demo),1700000,695000,6700.0,2814.0,0.7,0.7,0.7,0.7,87,False,64.0,Mixed-Humid Rural Climate Station 7 (demo),732865,39.94,-81.78,39.76,-81.56
Mixed-Humid,rural,Rural,County,12866,Mixed-Humid Rural catchment 55 (demo),1724000,704800,6790.0,2851.8,0.71,0.71,0.71,0.71,80,False,75.5,Mixed-Humid Rural Climate Station 1 (demo),732866,39.97,-81.81,39.79,-81.59
Mixed-Humid,rural,Rural,County,12867,Mixed-Humid Rural catchment 56 (demo),1748000,714600,6880.0,2889.6,0.72,0.72,0.72,0.72,73,False,87.0,Mixed-Humid Rural Climate Station 2 (demo),732867,40.0,-81.84,39.82,-81.62
Mixed-Humid,rural,Rural,County,12868,Mixed-Humid Rural catchment 57 (demo),1772000,724400,6970.0,2927.4,0.73,0.73,0.73,0.73,66,False,98.5,Mixed-Humid Rural Climate Station 3 (demo),732868,40.03,-81.87,39.85,-81.65
Mixed-Humid,rural,Rural,County,12869,Mixed-Humid Rural catchment 58 (demo),1796000,734200,7060.0,2965.2,0.74,0.74,0.74,0.74,59,False,110.0,Mixed-Humid Rural Climate Station 4 (demo),732869,40.06,-81.9,39.88,-81.68
Mixed-Humid,rural,Rural,County,12870,Mixed-Humid Rural catchment 59 (demo),1820000,744000,7150.0,3003.0,0.75,0.75,0.75,0.75,52,False,18.0,Mixed-Humid Rural Climate Station 5 (demo),732870,39.7,-81.54,39.52,-81.32
Mixed-Humid,rural,Rural,County,12871,Mixed-Humid Rural catchment 60 (demo),1844000,753800,7240.0,3040.8,0.76,0.76,0.76,0.76,46,False,29.5,Mixed-Humid Rural Climate Station 6 (demo),732871,39.73,-81.57,39.55,-81.35
Mixed-Humid,rural,Rural,County,12872,Mixed-Humid Rural catchment 61 (demo),1868000,763600,7330.0,3078.6,0.77,0.77,0.77,0.77,40,False,41.0,Mixed-Humid Rural Climate Station 7 (demo),732872,39.76,-81.6,39.58,-81.38
Mixed-Humid,rural,Rural,County,12873,Mixed-Humid Rural catchment 62 (demo),1892000,773400,7420.0,3116.4,0.78,0.78,0.78,0.78,34,False,52.5,Mixed-Humid Rural Climate Station 1 (demo),732873,39.79,-81.63,39.61,-81.41
Mixed-Humid,rural,Rural,County,12874,Mixed-Humid Rural catchment 63 (demo),1916000,783200,7510.0,3154.2,0.79,0.79,0.79,0.79,28,False,64.0,Mixed-Humid Rural Climate Station 2 (demo),732874,39.82,-81.66,39.64,-81.44
Mixed-Humid,rural,Rural,County,12875,Mixed-Humid Rural catchment 64 (demo),1940000,793000,7600.0,3192.0,0.8,0.8,0.8,0.8,22,False,75.5,Mixed-Humid Rural Climate Station 3 (demo),732875,39.85,-81.69,39.67,-81.47
Mixed-Humid,rural,Rural,County,12876,Mixed-Humid Rural catchment 65 (demo),1964000,802800,7690.0,3229.8,0.81,0.81,0.81,0.81,16,False,87.0,Mixed-Humid Rural Climate Station 4 (demo),732876,39.88,-81.72,39.7,-81.5
Mixed-Humid,rural,Rural,County,12877,Mixed-Humid Rural catchment 66 (demo),1988000,812600,7780.0,3267.6,0.82,0.82,0.82,0.82,10,False,98.5,Mixed-Humid Rural Climate Station 5 (demo),732877,39.91,-81.75,39.73,-81.53
Mixed-Humid,rural,Rural,County,12878,Mixed-Humid Rural catchment 67 (demo),2012000,822400,7870.0,3305.4,0.83,0.83,0.83,0.83,4,False,110.0,Mixed-Humid Rural Climate Station 6 (demo),732878,39.94,-81.78,39.76,-81.56
Mixed-Humid,rural,Rural,County,12879,Mixed-Humid Rural catchment 68 (demo),1508000,616600,5980.0,2511.6,0.62,0.62,0.62,0.62,144,False,18.0,Mixed-Humid Rural Climate Station 7 (demo),732879,39.97,-81.81,39.79,-81.59
Mixed-Humid,rural,Rural,County,12880,Mixed-Humid Rural catchment 69 (demo),1532000,626400,6070.0,2549.4,0.63,0.63,0.63,0.63,137,False,29.5,Mixed-Humid Rural Climate Station 1 (demo),732880,40.0,-81.84,39.82,-81.62
Mixed-Humid,rural,Rural,County,12881,Mixed-Humid Rural catchment 70 (demo),1556000,636200,6160.0,2587.2,0.64,0.64,0.64,0.64,130,False,41.0,Mixed-Humid Rural Climate Station 2 (demo),732881,40.03,-81.87,39.85,-81.65
Mixed-Humid,rural,Rural,County,12882,Mixed-Humid Rural catchment 71 (demo),1580000,646000,6250.0,2625.0,0.65,0.65,0.65,0.65,123,False,52.5,Mixed-Humid Rural Climate Station 3 (demo),732882,40.06,-81.9,39.88,-81.68
Mixed-Humid,rural,Rural,County,12883,Mixed-Humid Rural catchment 72 (demo),1604000,655800,6340.0,2662.8,0.66,0.66,0.66,0.66,116,False,64.0,Mixed-Humid Rural Climate Station 4 (demo),732883,39.7,-81.54,39.52,-81.32
Mixed-Humid,rural,Rural,County,12884,Mixed-Humid Rural catchment 73 (demo),1628000,665600,6430.0,2700.6,0.67,0.67,0.67,0.67,109,False,75.5,Mixed-Humid Rural Climate Station 5 (demo),732884,39.73,-81.57,39.55,-81.35
Mixed-Humid,rural,Rural,County,12885,Mixed-Humid Rural catchment 74 (demo),1651999,675399,6520.0,2738.4,0.68,0.68,0.68,0.68,102,False,87.0,Mixed-Humid Rural Climate Station 6 (demo),732885,39.76,-81.6,39.58,-81.38
Mixed-Humid,rural,Rural,County,12886,Mixed-Humid Rural catchment 75 (demo),1675999,685200,6610.0,2776.2,0.69,0.69,0.69,0.69,95,False,98.5,Mixed-Humid Rural Climate Station 7 (demo),732886,39.79,-81.63,39.61,-81.41
Mixed-Humid,rural,Rural,County,12887,Mixed-Humid Rural catchment 76 (demo),1700000,695000,6700.0,2814.0,0.7,0.7,0.7,0.7,88,False,110.0,Mixed-Humid Rural Climate Station 1 (demo),732887,39.82,-81.66,39.64,-81.44
Mixed-Humid,rural,Rural,County,12888,Mixed-Humid Rural catchment 77 (demo),1724000,704800,6790.0,2851.8,0.71,0.71,0.71,0.71,81,False,18.0,Mixed-Humid Rural Climate Station 2 (demo),732888,39.85,-81.69,39.67,-81.47
Mixed-Humid,rural,Rural,County,12889,Mixed-Humid Rural catchment 78 (demo),1748000,714600,6880.0,2889.6,0.72,0.72,0.72,0.72,74,False,29.5,Mixed-Humid Rural Climate Station 3 (demo),732889,39.88,-81.72,39.7,-81.5
Mixed-Humid,rural,Rural,County,12890,Mixed-Humid Rural catchment 79 (demo),1772000,724400,6970.0,2927.4,0.73,0.73,0.73,0.73,67,False,41.0,Mixed-Humid Rural Climate Station 4 (demo),732890,39.91,-81.75,39.73,-81.53
Mixed-Humid,rural,Rural,County,12891,Mixed-Humid Rural catchment 80 (demo),1796000,734200,7060.0,2965.2,0.74,0.74,0.74,0.74,60,False,52.5,Mixed-Humid Rural Climate Station 5 (demo),732891,39.94,-81.78,39.76,-81.56
Mixed-Humid,rural,Rural,County,12892,Mixed-Humid Rural catchment 81 (demo),1820000,744000,7150.0,3003.0,0.75,0.75,0.75,0.75,53,False,64.0,Mixed-Humid Rural Climate Station 6 (demo),732892,39.97,-81.81,39.79,-81.59
Mixed-Humid,rural,Rural,County,12893,Mixed-Humid Rural catchment 82 (demo),1844000,753800,7240.0,3040.8,0.76,0.76,0.76,0.76,47,False,75.5,Mixed-Humid Rural Climate Station 7 (demo),732893,40.0,-81.84,39.82,-81.62
Mixed-Humid,rural,Rural,County,12894,Mixed-Humid Rural catchment 83 (demo),1868000,763600,7330.0,3078.6,0.77,0.77,0.77,0.77,41,False,87.0,Mixed-Humid Rural Climate Station 1 (demo),732894,40.03,-81.87,39.85,-81.65
Mixed-Humid,rural,Rural,County,12895,Mixed-Humid Rural catchment 84 (demo),1892000,773400,7420.0,3116.4,0.78,0.78,0.78,0.78,35,False,98.5,Mixed-Humid Rural Climate Station 2 (demo),732895,40.06,-81.9,39.88,-81.68
Mixed-Humid,rural,Rural,County,12896,Mixed-Humid Rural catchment 85 (demo),1916000,783200,7510.0,3154.2,0.79,0.79,0.79,0.79,29,False,110.0,Mixed-Humid Rural Climate Station 3 (demo),732896,39.7,-81.54,39.52,-81.32
Mixed-Humid,rural,Rural,County,12897,Mixed-Humid Rural catchment 86 (demo),1940000,793000,7600.0,3192.0,0.8,0.8,0.8,0.8,23,False,18.0,Mixed-Humid Rural Climate Station 4 (demo),732897,39.73,-81.57,39.55,-81.35
Mixed-Humid,rural,Rural,County,12898,Mixed-Humid Rural catchment 87 (demo),1964000,802800,7690.0,3229.8,0.81,0.81,0.81,0.81,17,False,29.5,Mixed-Humid Rural Climate Station 5 (demo),732898,39.76,-81.6,39.58,-81.38
Mixed-Humid,rural,Rural,County,12899,Mixed-Humid Rural catchment 88 (demo),1988000,812600,7780.0,3267.6,0.82,0.82,0.82,0.82,11,False,41.0,Mixed-Humid Rural Climate Station 6 (demo),732899,39.79,-81.63,39.61,-81.41
Mixed-Humid,rural,Rural,County,12900,Mixed-Humid Rural catchment 89 (demo),2012000,822400,7870.0,3305.4,0.83,0.83,0.83,0.83,5,False,52.5,Mixed-Humid Rural Climate Station 7 (demo),732900,39.82,-81.66,39.64,-81.44
Mixed-Humid,rural,Rural,County,12901,Mixed-Humid Rural catchment 90 (demo),1508000,616600,5980.0,2511.6,0.62,0.62,0.62,0.62,145,False,64.0,Mixed-Humid Rural Climate Station 1 (demo),732901,39.85,-81.69,39.67,-81.47
Mixed-Humid,rural,Rural,County,12902,Mixed-Humid Rural catchment 91 (demo),1532000,626400,6070.0,2549.4,0.63,0.63,0.63,0.63,138,False,75.5,Mixed-Humid Rural Climate Station 2 (demo),732902,39.88,-81.72,39.7,-81.5
Mixed-Humid,rural,Rural,County,12903,Mixed-Humid Rural catchment 92 (demo),1556000,636200,6160.0,2587.2,0.64,0.64,0.64,0.64,131,False,87.0,Mixed-Humid Rural Climate Station 3 (demo),732903,39.91,-81.75,39.73,-81.53
Mixed-Humid,rural,Rural,County,12904,Mixed-Humid Rural catchment 93 (demo),1580000,646000,6250.0,2625.0,0.65,0.65,0.65,0.65,124,False,98.5,Mixed-Humid Rural Climate Station 4 (demo),732904,39.94,-81.78,39.76,-81.56
Mixed-Humid,rural,Rural,County,12905,Mixed-Humid Rural catchment 94 (demo),1604000,655800,6340.0,2662.8,0.66,0.66,0.66,0.66,117,False,110.0,Mixed-Humid Rural Climate Station 5 (demo),732905,39.97,-81.81,39.79,-81.59
Mixed-Humid,rural,Rural,County,12906,Mixed-Humid Rural catchment 95 (demo),1628000,665600,6430.0,2700.6,0.67,0.67,0.67,0.67,110,False,18.0,Mixed-Humid Rural Climate Station 6 (demo),732906,40.0,-81.84,39.82,-81.62
Mixed-Humid,rural,Rural,County,12907,Mixed-Humid Rural catchment 96 (demo),1651999,675399,6520.0,2738.4,0.68,0.68,0.68,0.68,103,False,29.5,Mixed-Humid Rural Climate Station 7 (demo),732907,40.03,-81.87,39.85,-81.65
Mixed-Humid,rural,Rural,County,12908,Mixed-Humid Rural catchment 97 (demo),1675999,685200,6610.0,2776.2,0.69,0.69,0.69,0.69,96,False,41.0,Mixed-Humid Rural Climate Station 1 (demo),732908,40.06,-81.9,39.88,-81.68
Mixed-Humid,rural,Rural,County,12909,Mixed-Humid Rural catchment 98 (demo),1700000,695000,6700.0,2814.0,0.7,0.7,0.7,0.7,89,False,52.5,Mixed-Humid Rural Climate Station 2 (demo),732909,39.7,-81.54,39.52,-81.32
Mixed-Humid,rural,Rural,County,12910,Mixed-Humid Rural catchment 99 (demo),1724000,704800,6790.0,2851.8,0.71,0.71,0.71,0.71,82,False,64.0,Mixed-Humid Rural Climate Station 3 (demo),732910,39.73,-81.57,39.55,-81.35
Mixed-Humid,rural,Rural,County,12911,Mixed-Humid Rural catchment 100 (demo),1748000,714600,6880.0,2889.6,0.72,0.72,0.72,0.72,75,False,75.5,Mixed-Humid Rural Climate Station 4 (demo),732911,39.76,-81.6,39.58,-81.38
Mixed-Humid,rural,Rural,County,12912,Mixed-Humid Rural catchment 101 (demo),1772000,724400,6970.0,2927.4,0.73,0.73,0.73,0.73,68,False,87.0,Mixed-Humid Rural Climate Station 5 (demo),732912,39.79,-81.63,39.61,-81.41
Mixed-Humid,rural,Rural,County,12913,Mixed-Humid Rural catchment 102 (demo),1796000,734200,7060.0,2965.2,0.74,0.74,0.74,0.74,61,False,98.5,Mixed-Humid Rural Climate Station 6 (demo),732913,39.82,-81.66,39.64,-81.44
Mixed-Humid,rural,Rural,County,12914,Mixed-Humid Rural catchment 103 (demo),1820000,744000,7150.0,3003.0,0.75,0.75,0.75,0.75,54,False,110.0,Mixed-Humid Rural Climate Station 7 (demo),732914,39.85,-81.69,39.67,-81.47
Mixed-Humid,rural,Rural,County,12915,Mixed-Humid Rural catchment 104 (demo),1844000,753800,7240.0,3040.8,0.76,0.76,0.76,0.76,48,False,18.0,Mixed-Humid Rural Climate Station 1 (demo),732915,39.88,-81.72,39.7,-81.5
Mixed-Humid,rural,Rural,County,12916,Mixed-Humid Rural catchment 105 (demo),1868000,763600,7330.0,3078.6,0.77,0.77,0.77,0.77,42,False,29.5,Mixed-Humid Rural Climate Station 2 (demo),732916,39.91,-81.75,39.73,-81.53
Mixed-Humid,rural,Rural,County,12917,Mixed-Humid Rural catchment 106 (demo),1892000,773400,7420.0,3116.4,0.78,0.78,0.78,0.78,36,False,41.0,Mixed-Humid Rural Climate Station 3 (demo),732917,39.94,-81.78,39.76,-81.56
Mixed-Humid,rural,Rural,County,12918,Mixed-Humid Rural catchment 107 (demo),1916000,783200,7510.0,3154.2,0.79,0.79,0.79,0.79,30,False,52.5,Mixed-Humid Rural Climate Station 4 (demo),732918,39.97,-81.81,39.79,-81.59
Mixed-Humid,rural,Rural,County,12919,Mixed-Humid Rural catchment 108 (demo),1940000,793000,7600.0,3192.0,0.8,0.8,0.8,0.8,24,False,64.0,Mixed-Humid Rural Climate Station 5 (demo),732919,40.0,-81.84,39.82,-81.62
Mixed-Humid,rural,Rural,County,12920,Mixed-Humid Rural catchment 109 (demo),1964000,802800,7690.0,3229.8,0.81,0.81,0.81,0.81,18,False,75.5,Mixed-Humid Rural Climate Station 6 (demo),732920,40.03,-81.87,39.85,-81.65
Mixed-Humid,rural,Rural,County,12921,Mixed-Humid Rural catchment 110 (demo),1988000,812600,7780.0,3267.6,0.82,0.82,0.82,0.82,12,False,87.0,Mixed-Humid Rural Climate Station 7 (demo),732921,40.06,-81.9,39.88,-81.68
Mixed-Humid,rural,Rural,County,12922,Mixed-Humid Rural catchment 111 (demo),2012000,822400,7870.0,3305.4,0.83,0.83,0.83,0.83,6,False,98.5,Mixed-Humid Rural Climate Station 1 (demo),732922,39.7,-81.54,39.52,-81.32
Mixed-Humid,rural,Rural,County,12923,Mixed-Humid Rural catchment 112 (demo),1508000,616600,5980.0,2511.6,0.62,0.62,0.62,0.62,146,False,110.0,Mixed-Humid Rural Climate Station 2 (demo),732923,39.73,-81.57,39.55,-81.35
Mixed-Humid,rural,Rural,County,12924,Mixed-Humid Rural catchment 113 (demo),1532000,626400,6070.0,2549.4,0.63,0.63,0.63,0.63,139,False,18.0,Mixed-Humid Rural Climate Station 3 (demo),732924,39.76,-81.6,39.58,-81.38
Mixed-Humid,rural,Rural,County,12925,Mixed-Humid Rural catchment 114 (demo),1556000,636200,6160.0,2587.2,0.64,0.64,0.64,0.64,132,False,29.5,Mixed-Humid Rural Climate Station 4 (demo),732925,39.79,-81.63,39.61,-81.41
Mixed-Humid,rural,Rural,County,12926,Mixed-Humid Rural catchment 115 (demo),1580000,646000,6250.0,2625.0,0.65,0.65,0.65,0.65,125,False,41.0,Mixed-Humid Rural Climate Station 5 (demo),732926,39.82,-81.66,39.64,-81.44
Mixed-Humid,rural,Rural,County,12927,Mixed-Humid Rural catchment 116 (demo),1604000,655800,6340.0,2662.8,0.66,0.66,0.66,0.66,118,False,52.5,Mixed-Humid Rural Climate Station 6 (demo),732927,39.85,-81.69,39.67,-81.47
Mixed-Humid,rural,Rural,County,12928,Mixed-Humid Rural catchment 117 (demo),1628000,665600,6430.0,2700.6,0.67,0.67,0.67,0.67,111,False,64.0,Mixed-Humid Rural Climate Station 7 (demo),732928,39.88,-81.72,39.7,-81.5
Mixed-Humid,rural,Rural,County,12929,Mixed-Humid Rural catchment 118 (demo),1651999,675399,6520.0,2738.4,0.68,0.68,0.68,0.68,104,False,75.5,Mixed-Humid Rural Climate Station 1 (demo),732929,39.91,-81.75,39.73,-81.53
Mixed-Humid,rural,Rural,County,12930,Mixed-Humid Rural catchment 119 (demo),1675999,685200,6610.0,2776.2,0.69,0.69,0.69,0.69,97,False,87.0,Mixed-Humid Rural Climate Station 2 (demo),732930,39.94,-81.78,39.76,-81.56
Mixed-Humid,rural,Rural,County,12931,Mixed-Humid Rural catchment 120 (demo),1700000,695000,6700.0,2814.0,0.7,0.7,0.7,0.7,90,False,98.5,Mixed-Humid Rural Climate Station 3 (demo),732931,39.97,-81.81,39.79,-81.59
Mixed-Humid,rural,Rural,County,12932,Mixed-Humid Rural catchment 121 (demo),1724000,704800,6790.0,2851.8,0.71,0.71,0.71,0.71,83,False,110.0,Mixed-Humid Rural Climate Station 4 (demo),732932,40.0,-81.84,39.82,-81.62
Mixed-Humid,rural,Rural,County,12933,Mixed-Humid Rural catchment 122 (demo),1748000,714600,6880.0,2889.6,0.72,0.72,0.72,0.72,76,False,18.0,Mixed-Humid Rural Climate Station 5 (demo),732933,40.03,-81.87,39.85,-81.65
Mixed-Humid,rural,Rural,County,12934,Mixed-Humid Rural catchment 123 (demo),1772000,724400,6970.0,2927.4,0.73,0.73,0.73,0.73,69,False,29.5,Mixed-Humid Rural Climate Station 6 (demo),732934,40.06,-81.9,39.88,-81.68
Mixed-Humid,rural,Rural,County,12935,Mixed-Humid Rural catchment 124 (demo),1796000,734200,7060.0,2965.2,0.74,0.74,0.74,0.74,62,False,41.0,Mixed-Humid Rural Climate Station 7 (demo),732935,39.7,-81.54,39.52,-81.32
Mixed-Humid,rural,Rural,County,12936,Mixed-Humid Rural catchment 125 (demo),1820000,744000,7150.0,3003.0,0.75,0.75,0.75,0.75,55,False,52.5,Mixed-Humid Rural Climate Station 1 (demo),732936,39.73,-81.57,39.55,-81.35
Mixed-Humid,rural,Rural,County,12937,Mixed-Humid Rural catchment 126 (demo),1844000,753800,7240.0,3040.8,0.76,0.76,0.76,0.76,49,False,64.0,Mixed-Humid Rural Climate Station 2 (demo),732937,39.76,-81.6,39.58,-81.38
Mixed-Humid,rural,Rural,County,12938,Mixed-Humid Rural catchment 127 (demo),1868000,763600,7330.0,3078.6,0.77,0.77,0.77,0.77,43,False,75.5,Mixed-Humid Rural Climate Station 3 (demo),732938,39.79,-81.63,39.61,-81.41
Mixed-Humid,rural,Rural,County,12939,Mixed-Humid Rural catchment 128 (demo),1892000,773400,7420.0,3116.4,0.78,0.78,0.78,0.78,37,False,87.0,Mixed-Humid Rural Climate Station 4 (demo),732939,39.82,-81.66,39.64,-81.44
Mixed-Humid,rural,Rural,County,12940,Mixed-Humid Rural catchment 129 (demo),1916000,783200,7510.0,3154.2,0.79,0.79,0.79,0.79,31,False,98.5,Mixed-Humid Rural Climate Station 5 (demo),732940,39.85,-81.69,39.67,-81.47
Mixed-Humid,rural,Rural,County,12941,Mixed-Humid Rural catchment 130 (demo),1940000,793000,7600.0,3192.0,0.8,0.8,0.8,0.8,25,False,110.0,Mixed-Humid Rural Climate Station 6 (demo),732941,39.88,-81.72,39.7,-81.5
Mixed-Humid,rural,Rural,County,12942,Mixed-Humid Rural catchment 131 (demo),1964000,802800,7690.0,3229.8,0.81,0.81,0.81,0.81,19,False,18.0,Mixed-Humid Rural Climate Station 7 (demo),732942,39.91,-81.75,39.73,-81.53
Mixed-Humid,rural,Rural,County,12943,Mixed-Humid Rural catchment 132 (demo),1988000,812600,7780.0,3267.6,0.82,0.82,0.82,0.82,13,False,29.5,Mixed-Humid Rural Climate Station 1 (demo),732943,39.94,-81.78,39.76,-81.56
Mixed-Humid,rural,Rural,County,12944,Mixed-Humid Rural catchment 133 (demo),2012000,822400,7870.0,3305.4,0.83,0.83,0.83,0.83,7,False,41.0,Mixed-Humid Rural Climate Station 2 (demo),732944,39.97,-81.81,39.79,-81.59
Mixed-Humid,rural,Rural,County,12945,Mixed-Humid Rural catchment 134 (demo),1508000,616600,5980.0,2511.6,0.62,0.62,0.62,0.62,147,False,52.5,Mixed-Humid Rural Climate Station 3 (demo),732945,40.0,-81.84,39.82,-81.62
Mixed-Humid,rural,Rural,County,12946,Mixed-Humid Rural catchment 135 (demo),1532000,626400,6070.0,2549.4,0.63,0.63,0.63,0.63,140,False,64.0,Mixed-Humid Rural Climate Station 4 (demo),732946,40.03,-81.87,39.85,-81.65
Mixed-Humid,rural,Rural,County,12947,Mixed-Humid Rural catchment 136 (demo),1556000,636200,6160.0,2587.2,0.64,0.64,0.64,0.64,133,False,75.5,Mixed-Humid Rural Climate Station 5 (demo),732947,40.06,-81.9,39.88,-81.68
Mixed-Humid,rural,Rural,County,12948,Mixed-Humid Rural catchment 137 (demo),1580000,646000,6250.0,2625.0,0.65,0.65,0.65,0.65,126,False,87.0,Mixed-Humid Rural Climate Station 6 (demo),732948,39.7,-81.54,39.52,-81.32
Mixed-Humid,rural,Rural,County,12949,Mixed-Humid Rural catchment 138 (demo),1604000,655800,6340.0,2662.8,0.66,0.66,0.66,0.66,119,False,98.5,Mixed-Humid Rural Climate Station 7 (demo),732949,39.73,-81.57,39.55,-81.35
Mixed-Humid,rural,Rural,County,12950,Mixed-Humid Rural catchment 139 (demo),1628000,665600,6430.0,2700.6,0.67,0.67,0.67,0.67,112,False,110.0,Mixed-Humid Rural Climate Station 1 (demo),732950,39.76,-81.6,39.58,-81.38
Mixed-Humid,rural,Rural,County,12951,Mixed-Humid Rural catchment 140 (demo),1651999,675399,6520.0,2738.4,0.68,0.68,0.68,0.68,105,False,18.0,Mixed-Humid Rural Climate Station 2 (demo),732951,39.79,-81.63,39.61,-81.41
Mixed-Humid,rural,Rural,County,12952,Mixed-Humid Rural catchment 141 (demo),1675999,685200,6610.0,2776.2,0.69,0.69,0.69,0.69,98,False,29.5,Mixed-Humid Rural Climate Station 3 (demo),732952,39.82,-81.66,39.64,-81.44
Mixed-Humid,rural,Rural,County,12953,Mixed-Humid Rural catchment 142 (demo),1700000,695000,6700.0,2814.0,0.7,0.7,0.7,0.7,91,False,41.0,Mixed-Humid Rural Climate Station 4 (demo),732953,39.85,-81.69,39.67,-81.47
Mixed-Humid,rural,Rural,County,12954,Mixed-Humid Rural catchment 143 (demo),1724000,704800,6790.0,2851.8,0.71,0.71,0.71,0.71,84,False,52.5,Mixed-Humid Rural Climate Station 5 (demo),732954,39.88,-81.72,39.7,-81.5
Mixed-Humid,rural,Rural,County,12955,Mixed-Humid Rural catchment 144 (demo),1748000,714600,6880.0,2889.6,0.72,0.72,0.72,0.72,77,False,64.0,Mixed-Humid Rural Climate Station 6 (demo),732955,39.91,-81.75,39.73,-81.53
Mixed-Humid,rural,Rural,County,12956,Mixed-Humid Rural catchment 145 (demo),1772000,724400,6970.0,2927.4,0.73,0.73,0.73,0.73,70,False,75.5,Mixed-Humid Rural Climate Station 7 (demo),732956,39.94,-81.78,39.76,-81.56
Mixed-Humid,rural,Rural,County,12957,Mixed-Humid Rural catchment 146 (demo),1796000,734200,7060.0,2965.2,0.74,0.74,0.74,0.74,63,False,87.0,Mixed-Humid Rural Climate Station 1 (demo),732957,39.97,-81.81,39.79,-81.59
Mixed-Humid,rural,Rural,County,12958,Mixed-Humid Rural catchment 147 (demo),1820000,744000,7150.0,3003.0,0.75,0.75,0.75,0.75,56,False,98.5,Mixed-Humid Rural Climate Station 2 (demo),732958,40.0,-81.84,39.82,-81.62
