station_number,station_name,year,expected_hours,present_hours,coverage_fraction,hourly_weather_qc_status,source
730000,Cold HDU Climate Station 5 (demo),2023,8760,7271,0.83,INCOMPLETE,fixture
730001,Cold HDU Climate Station 6 (demo),2023,8760,7096,0.81,INCOMPLETE,fixture
730002,Cold HDU Climate Station 7 (demo),2023,8760,7096,0.81,INCOMPLETE,fixture
730003,Cold HDU Climate Station 1 (demo),2023,8760,8760,1.0,COMPLETE,fixture
730004,Cold HDU Climate Station 2 (demo),2023,8760,8585,0.98,COMPLETE,fixture
730005,Cold HDU Climate Station 3 (demo),2023,8760,8585,0.98,COMPLETE,fixture
730006,Cold HDU Climate Station 4 (demo),2023,8760,8410,0.96,COMPLETE,fixture
730007,Cold HDU Climate Station 5 (demo),2023,8760,8410,0.96,COMPLETE,fixture
730008,Cold HDU Climate Station 6 (demo),2023,8760,8234,0.94,COMPLETE,fixture
730009,Cold HDU Climate Station 7 (demo),2023,8760,8234,0.94,COMPLETE,fixture
730010,Cold HDU Climate Station 1 (demo),2023,8760,8059,0.92,COMPLETE,fixture
730011,Cold HDU Climate Station 2 (demo),2023,8760,8059,0.92,COMPLETE,fixture
730012,Cold HDU Climate Station 3 (demo),2023,8760,7884,0.9,COMPLETE,fixture
730013,Cold HDU Climate Station 4 (demo),2023,8760,7884,0.9,COMPLETE,fixture
730014,Cold HDU Climate Station 5 (demo),2023,8760,7709,0.88,INCOMPLETE,fixture
730015,Cold HDU Climate Station 6 (demo),2023,8760,7709,0.88,INCOMPLETE,fixture
730016,Cold HDU Climate Station 7 (demo),2023,8760,7534,0.86,INCOMPLETE,fixture
730017,Cold HDU Climate Station 1 (demo),2023,8760,7534,0.86,INCOMPLETE,fixture
730018,Cold HDU Climate Station 2 (demo),2023,8760,7358,0.84,INCOMPLETE,fixture
730019,Cold HDU Climate Station 3 (demo),2023,8760,7358,0.84,INCOMPLETE,fixture
730020,Cold HDU Climate Station 4 (demo),2023,8760,7183,0.82,INCOMPLETE,fixture
730021,Cold HDU Climate Station 5 (demo),2023,8760,7183,0.82,INCOMPLETE,fixture
730022,Cold HDU Climate Station 6 (demo),2023,8760,7008,0.8,INCOMPLETE,fixture
730023,Cold HDU Climate Station 7 (demo),2023,8760,7008,0.8,INCOMPLETE,fixture
730024,Cold HDU Climate Station 1 (demo),2023,8760,8672,0.99,COMPLETE,fixture
730025,Cold HDU Climate Station 2 (demo),2023,8760,8672,0.99,COMPLETE,fixture
730026,Cold HDU Climate Station 3 (demo),2023,8760,8497,0.97,COMPLETE,fixture
730027,Cold HDU Climate Station 4 (demo),2023,8760,8497,0.97,COMPLETE,fixture
730028,Cold HDU Climate Station 5 (demo),2023,8760,8322,0.95,COMPLETE,fixture
730029,Cold HDU Climate Station 6 (demo),2023,8760,8322,0.95,COMPLETE,fixture
730030,Cold HDU Climate Station 7 (demo),2023,8760,8147,0.93,COMPLETE,fixture
730031,Cold HDU Climate Station 1 (demo),2023,8760,8147,0.93,COMPLETE,fixture
730032,Cold HDU Climate Station 2 (demo),2023,8760,7972,0.91,COMPLETE,fixture
730033,Cold HDU Climate Station 3 (demo),2023,8760,7972,0.91,COMPLETE,fixture
730034,Cold HDU Climate Station 4 (demo),2023,8760,7796,0.89,INCOMPLETE,fixture
730035,Cold HDU Climate Station 5 (demo),2023,8760,7796,0.89,INCOMPLETE,fixture
730036,Cold HDU Climate Station 6 (demo),2023,8760,7621,0.87,INCOMPLETE,fixture
730037,Cold HDU Climate Station 7 (demo),2023,8760,7621,0.87,INCOMPLETE,fixture
730038,Cold HDU Climate Station 1 (demo),2023,8760,7446,0.85,INCOMPLETE,fixture
730039,Cold HDU Climate Station 2 (demo),2023,8760,7271,0.83,INCOMPLETE,fixture
730040,Cold HDU Climate Station 3 (demo),2023,8760,7271,0.83,INCOMPLETE,fixture
730041,Cold HDU Climate Station 4 (demo),2023,8760,7096,0.81,INCOMPLETE,fixture
730042,Cold HDU Climate Station 5 (demo),2023,8760,7096,0.81,INCOMPLETE,fixture
730043,Cold HDU Climate Station 6 (demo),2023,8760,8760,1.0,COMPLETE,fixture
730044,Cold HDU Climate Station 7 (demo),2023,8760,8760,1.0,COMPLETE,fixture
730045,Cold HDU Climate Station 1 (demo),2023,8760,8585,0.98,COMPLETE,fixture
730046,Cold HDU Climate Station 2 (demo),2023,8760,8585,0.98,COMPLETE,fixture
730047,Cold HDU Climate Station 3 (demo),2023,8760,8410,0.96,COMPLETE,fixture
730048,Cold HDU Climate Station 4 (demo),2023,8760,8410,0.96,COMPLETE,fixture
730049,Cold HDU Climate Station 5 (demo),2023,8760,8234,0.94,COMPLETE,fixture
730050,Cold HDU Climate Station 6 (demo),2023,8760,8234,0.94,COMPLETE,fixture
730051,Cold HDU Climate Station 7 (demo),2023,8760,8059,0.92,COMPLETE,fixture
730052,Cold HDU Climate Station 1 (demo),2023,8760,8059,0.92,COMPLETE,fixture
730053,Cold HDU Climate Station 2 (demo),2023,8760,7884,0.9,COMPLETE,fixture
730054,Cold HDU Climate Station 3 (demo),2023,8760,7884,0.9,COMPLETE,fixture
730055,Cold HDU Climate Station 4 (demo),2023,8760,7709,0.88,INCOMPLETE,fixture
730056,Cold HDU Climate Station 5 (demo),2023,8760,7709,0.88,INCOMPLETE,fixture
730057,Cold HDU Climate Station 6 (demo),2023,8760,7534,0.86,INCOMPLETE,fixture
730058,Cold HDU Climate Station 7 (demo),2023,8760,7534,0.86,INCOMPLETE,fixture
730059,Cold HDU Climate Station 1 (demo),2023,8760,7358,0.84,INCOMPLETE,fixture
730060,Cold HDU Climate Station 2 (demo),2023,8760,7358,0.84,INCOMPLETE,fixture
730061,Cold HDU Climate Station 3 (demo),2023,8760,7183,0.82,INCOMPLETE,fixture
730062,Cold HDU Climate Station 4 (demo),2023,8760,7183,0.82,INCOMPLETE,fixture
730063,Cold HDU Climate Station 5 (demo),2023,8760,7008,0.8,INCOMPLETE,fixture
730064,Cold HDU Climate Station 6 (demo),2023,8760,7008,0.8,INCOMPLETE,fixture
730065,Cold HDU Climate Station 7 (demo),2023,8760,8672,0.99,COMPLETE,fixture
730066,Cold HDU Climate Station 1 (demo),2023,8760,8672,0.99,COMPLETE,fixture
730067,Cold HDU Climate Station 2 (demo),2023,8760,8497,0.97,COMPLETE,fixture
730068,Cold HDU Climate Station 3 (demo),2023,8760,8497,0.97,COMPLETE,fixture
730069,Cold HDU Climate Station 4 (demo),2023,8760,8322,0.95,COMPLETE,fixture
730070,Cold HDU Climate Station 5 (demo),2023,8760,8322,0.95,COMPLETE,fixture
730071,Cold HDU Climate Station 6 (demo),2023,8760,8147,0.93,COMPLETE,fixture
730072,Cold HDU Climate Station 7 (demo),2023,8760,8147,0.93,COMPLETE,fixture
730073,Cold HDU Climate Station 1 (demo),2023,8760,7972,0.91,COMPLETE,fixture
730074,Cold HDU Climate Station 2 (demo),2023,8760,7972,0.91,COMPLETE,fixture
730075,Cold HDU Climate Station 3 (demo),2023,8760,7796,0.89,INCOMPLETE,fixture
730076,Cold HDU Climate Station 4 (demo),2023,8760,7621,0.87,INCOMPLETE,fixture
730077,Cold HDU Climate Station 5 (demo),2023,8760,7621,0.87,INCOMPLETE,fixture
730078,Cold HDU Climate Station 6 (demo),2023,8760,7446,0.85,INCOMPLETE,fixture
730079,Cold HDU Climate Station 7 (demo),2023,8760,7446,0.85,INCOMPLETE,fixture
730080,Cold HDU Climate Station 1 (demo),2023,8760,7271,0.83,INCOMPLETE,fixture
730081,Cold HDU Climate Station 2 (demo),2023,8760,7271,0.83,INCOMPLETE,fixture
730082,Cold HDU Climate Station 3 (demo),2023,8760,7096,0.81,INCOMPLETE,fixture
730083,Cold HDU Climate Station 4 (demo),2023,8760,7096,0.81,INCOMPLETE,fixture
730084,Cold HDU Climate Station 5 (demo),2023,8760,8760,1.0,COMPLETE,fixture
730085,Cold HDU Climate Station 6 (demo),2023,8760,8760,1.0,COMPLETE,fixture
730086,Cold HDU Climate Station 7 (demo),2023,8760,8585,0.98,COMPLETE,fixture
730087,Cold HDU Climate Station 1 (demo),2023,8760,8585,0.98,COMPLETE,fixture
730088,Cold HDU Climate Station 2 (demo),2023,8760,8410,0.96,COMPLETE,fixture
730089,Cold HDU Climate Station 3 (demo),2023,8760,8410,0.96,COMPLETE,fixture
730090,Cold HDU Climate Station 4 (demo),2023,8760,8234,0.94,COMPLETE,fixture
730091,Cold HDU Climate Station 5 (demo),2023,8760,8234,0.94,COMPLETE,fixture
730092,Cold HDU Climate Station 6 (demo),2023,8760,8059,0.92,COMPLETE,fixture
730093,Cold HDU Climate Station 7 (demo),2023,8760,8059,0.92,COMPLETE,fixture
730094,Cold HDU Climate Station 1 (demo),2023,8760,7884,0.9,COMPLETE,fixture
730095,Cold HDU Climate Station 2 (demo),2023,8760,7884,0.9,COMPLETE,fixture
730096,Cold HDU Climate Station 3 (demo),2023,8760,7709,0.88,INCOMPLETE,fixture
730097,Cold HDU Climate Station 4 (demo),2023,8760,7709,0.88,INCOMPLETE,fixture
730098,Cold HDU Climate Station 5 (demo),2023,8760,7534,0.86,INCOMPLETE,fixture
730099,Cold HDU Climate Station 6 (demo),2023,8760,7534,0.86,INCOMPLETE,fixture
730100,Cold HDU Climate Station 7 (demo),2023,8760,7358,0.84,INCOMPLETE,fixture
730101,Cold HDU Climate Station 1 (demo),2023,8760,7358,0.84,INCOMPLETE,fixture
730102,Cold HDU Climate Station 2 (demo),2023,8760,7183,0.82,INCOMPLETE,fixture
730103,Cold HDU Climate Station 3 (demo),2023,8760,7183,0.82,INCOMPLETE,fixture
730104,Cold HDU Climate Station 4 (demo),2023,8760,7008,0.8,INCOMPLETE,fixture
730105,Cold HDU Climate Station 5 (demo),2023,8760,7008,0.8,INCOMPLETE,fixture
730106,Cold HDU Climate Station 6 (demo),2023,8760,8672,0.99,COMPLETE,fixture
730107,Cold HDU Climate Station 7 (demo),2023,8760,8672,0.99,COMPLETE,fixture
730108,Cold HDU Climate Station 1 (demo),2023,8760,8497,0.97,COMPLETE,fixture
730109,Cold HDU Climate Station 2 (demo),2023,8760,8497,0.97,COMPLETE,fixture
730110,Cold HDU Climate Station 3 (demo),2023,8760,8322,0.95,COMPLETE,fixture
730111,Cold HDU Climate Station 4 (demo),2023,8760,8322,0.95,COMPLETE,fixture
730112,Cold HDU Climate Station 5 (demo),2023,8760,8147,0.93,COMPLETE,fixture
730113,Cold HDU Climate Station 6 (demo),2023,8760,7972,0.91,COMPLETE,fixture
730114,Cold HDU Climate Station 7 (demo),2023,8760,7972,0.91,COMPLETE,fixture
730115,Cold HDU Climate Station 1 (demo),2023,8760,7796,0.89,INCOMPLETE,fixture
730116,Cold HDU Climate Station 2 (demo),2023,8760,7796,0.89,INCOMPLETE,fixture
730117,Cold HDU Climate Station 3 (demo),2023,8760,7621,0.87,INCOMPLETE,fixture
730118,Cold HDU Climate Station 4 (demo),2023,8760,7621,0.87,INCOMPLETE,fixture
730119,Cold HDU Climate Station 5 (demo),2023,8760,7446,0.85,INCOMPLETE,fixture
730120,Cold HDU Climate Station 6 (demo),2023,8760,7446,0.85,INCOMPLETE,fixture
730121,Cold HDU Climate Station 7 (demo),2023,8760,7271,0.83,INCOMPLETE,fixture
730122,Cold HDU Climate Station 1 (demo),2023,8760,7271,0.83,INCOMPLETE,fixture
730123,Cold HDU Climate Station 2 (demo),2023,8760,7096,0.81,INCOMPLETE,fixture
730124,Cold HDU Climate Station 3 (demo),2023,8760,7096,0.81,INCOMPLETE,fixture
730125,Cold HDU Climate Station 4 (demo),2023,8760,8760,1.0,COMPLETE,fixture
730126,Cold HDU Climate Station 5 (demo),2023,8760,8760,1.0,COMPLETE,fixture
730127,Cold HDU Climate Station 6 (demo),2023,8760,8585,0.98,COMPLETE,fixture
730128,Cold HDU Climate Station 7 (demo),2023,8760,8585,0.98,COMPLETE,fixture
730129,Cold HDU Climate Station 1 (demo),2023,8760,8410,0.96,COMPLETE,fixture
730130,Cold HDU Climate Station 2 (demo),2023,8760,8410,0.96,COMPLETE,fixture
730131,Cold HDU Climate Station 3 (demo),2023,8760,8234,0.94,COMPLETE,fixture
730132,Cold HDU Climate Station 4 (demo),2023,8760,8234,0.94,COMPLETE,fixture
730133,Cold HDU Climate Station 5 (demo),2023,8760,8059,0.92,COMPLETE,fixture
730134,Cold HDU Climate Station 6 (demo),2023,8760,8059,0.92,COMPLETE,fixture
730135,Cold HDU Climate Station 7 (demo),2023,8760,7884,0.9,COMPLETE,fixture
730136,Cold HDU Climate Station 1 (demo),2023,8760,7884,0.9,COMPLETE,fixture
730137,Cold HDU Climate Station 2 (demo),2023,8760,7709,0.88,INCOMPLETE,fixture
730138,Cold HDU Climate Station 3 (demo),2023,8760,7709,0.88,INCOMPLETE,fixture
730139,Cold HDU Climate Station 4 (demo),2023,8760,7534,0.86,INCOMPLETE,fixture
730140,Cold HDU Climate Station 5 (demo),2023,8760,7534,0.86,INCOMPLETE,fixture
730141,Cold HDU Climate Station 6 (demo),2023,8760,7358,0.84,INCOMPLETE,fixture
730142,Cold HDU Climate Station 7 (demo),2023,8760,7358,0.84,INCOMPLETE,fixture
730143,Cold HDU Climate Station 1 (demo),2023,8760,7183,0.82,INCOMPLETE,fixture
730144,Cold HDU Climate Station 2 (demo),2023,8760,7183,0.82,INCOMPLETE,fixture
730145,Cold HDU Climate Station 3 (demo),2023,8760,7008,0.8,INCOMPLETE,fixture
730146,Cold HDU Climate Station 4 (demo),2023,8760,7008,0.8,INCOMPLETE,fixture
730147,Cold HDU Climate Station 5 (demo),2023,8760,8672,0.99,COMPLETE,fixture
730148,Cold LDU Climate Station 6 (demo),2023,8760,8497,0.97,COMPLETE,fixture
730149,Cold LDU Climate Station 7 (demo),2023,8760,8497,0.97,COMPLETE,fixture
730150,Cold LDU Climate Station 1 (demo),2023,8760,8322,0.95,COMPLETE,fixture
730151,Cold LDU Climate Station 2 (demo),2023,8760,8322,0.95,COMPLETE,fixture
730152,Cold LDU Climate Station 3 (demo),2023,8760,8147,0.93,COMPLETE,fixture
730153,Cold LDU Climate Station 4 (demo),2023,8760,8147,0.93,COMPLETE,fixture
730154,Cold LDU Climate Station 5 (demo),2023,8760,7972,0.91,COMPLETE,fixture
730155,Cold LDU Climate Station 6 (demo),2023,8760,7972,0.91,COMPLETE,fixture
730156,Cold LDU Climate Station 7 (demo),2023,8760,7796,0.89,INCOMPLETE,fixture
730157,Cold LDU Climate Station 1 (demo),2023,8760,7796,0.89,INCOMPLETE,fixture
730158,Cold LDU Climate Station 2 (demo),2023,8760,7621,0.87,INCOMPLETE,fixture
730159,Cold LDU Climate Station 3 (demo),2023,8760,7621,0.87,INCOMPLETE,fixture
730160,Cold LDU Climate Station 4 (demo),2023,8760,7446,0.85,INCOMPLETE,fixture
730161,Cold LDU Climate Station 5 (demo),2023,8760,7446,0.85,INCOMPLETE,fixture
730162,Cold LDU Climate Station 6 (demo),2023,8760,7271,0.83,INCOMPLETE,fixture
730163,Cold LDU Climate Station 7 (demo),2023,8760,7271,0.83,INCOMPLETE,fixture
730164,Cold LDU Climate Station 1 (demo),2023,8760,7096,0.81,INCOMPLETE,fixture
730165,Cold LDU Climate Station 2 (demo),2023,8760,7096,0.81,INCOMPLETE,fixture
730166,Cold LDU Climate Station 3 (demo),2023,8760,8760,1.0,COMPLETE,fixture
730167,Cold LDU Climate Station 4 (demo),2023,8760,8760,1.0,COMPLETE,fixture
730168,Cold LDU Climate Station 5 (demo),2023,8760,8585,0.98,COMPLETE,fixture
730169,Cold LDU Climate Station 6 (demo),2023,8760,8585,0.98,COMPLETE,fixture
730170,Cold LDU Climate Station 7 (demo),2023,8760,8410,0.96,COMPLETE,fixture
730171,Cold LDU Climate Station 1 (demo),2023,8760,8410,0.96,COMPLETE,fixture
730172,Cold LDU Climate Station 2 (demo),2023,8760,8234,0.94,COMPLETE,fixture
730173,Cold LDU Climate Station 3 (demo),2023,8760,8234,0.94,COMPLETE,fixture
730174,Cold LDU Climate Station 4 (demo),2023,8760,8059,0.92,COMPLETE,fixture
730175,Cold LDU Climate Station 5 (demo),2023,8760,8059,0.92,COMPLETE,fixture
730176,Cold LDU Climate Station 6 (demo),2023,8760,7884,0.9,COMPLETE,fixture
730177,Cold LDU Climate Station 7 (demo),2023,8760,7884,0.9,COMPLETE,fixture
730178,Cold LDU Climate Station 1 (demo),2023,8760,7709,0.88,INCOMPLETE,fixture
730179,Cold LDU Climate Station 2 (demo),2023,8760,7709,0.88,INCOMPLETE,fixture
730180,Cold LDU Climate Station 3 (demo),2023,8760,7534,0.86,INCOMPLETE,fixture
730181,Cold LDU Climate Station 4 (demo),2023,8760,7534,0.86,INCOMPLETE,fixture
730182,Cold LDU Climate Station 5 (demo),2023,8760,7358,0.84,INCOMPLETE,fixture
730183,Cold LDU Climate Station 6 (demo),2023,8760,7358,0.84,INCOMPLETE,fixture
730184,Cold LDU Climate Station 7 (demo),2023,8760,7183,0.82,INCOMPLETE,fixture
730185,Cold LDU Climate Station 1 (demo),2023,8760,7008,0.8,INCOMPLETE,fixture
730186,Cold LDU Climate Station 2 (demo),2023,8760,7008,0.8,INCOMPLETE,fixture
730187,Cold LDU Climate Station 3 (demo),2023,8760,8672,0.99,COMPLETE,fixture
730188,Cold LDU Climate Station 4 (demo),2023,8760,8672,0.99,COMPLETE,fixture
730189,Cold LDU Climate Station 5 (demo),2023,8760,8497,0.97,COMPLETE,fixture
730190,Cold LDU Climate Station 6 (demo),2023,8760,8497,0.97,COMPLETE,fixture
730191,Cold LDU Climate Station 7 (demo),2023,8760,8322,0.95,COMPLETE,fixture
730192,Cold LDU Climate Station 1 (demo),2023,8760,8322,0.95,COMPLETE,fixture
730193,Cold LDU Climate Station 2 (demo),2023,8760,8147,0.93,COMPLETE,fixture
730194,Cold LDU Climate Station 3 (demo),2023,8760,8147,0.93,COMPLETE,fixture
730195,Cold LDU Climate Station 4 (demo),2023,8760,7972,0.91,COMPLETE,fixture
730196,Cold LDU Climate Station 5 (demo),2023,8760,7972,0.91,COMPLETE,fixture
730197,Cold LDU Climate Station 6 (demo),2023,8760,7796,0.89,INCOMPLETE,fixture
730198,Cold LDU Climate Station 7 (demo),2023,8760,7796,0.89,INCOMPLETE,fixture
730199,Cold LDU Climate Station 1 (demo),2023,8760,7621,0.87,INCOMPLETE,fixture
730200,Cold LDU Climate Station 2 (demo),2023,8760,7621,0.87,INCOMPLETE,fixture
730201,Cold LDU Climate Station 3 (demo),2023,8760,7446,0.85,INCOMPLETE,fixture
730202,Cold LDU Climate Station 4 (demo),2023,8760,7446,0.85,INCOMPLETE,fixture
730203,Cold LDU Climate Station 5 (demo),2023,8760,7271,0.83,INCOMPLETE,fixture
730204,Cold LDU Climate Station 6 (demo),2023,8760,7271,0.83,INCOMPLETE,fixture
730205,Cold LDU Climate Station 7 (demo),2023,8760,7096,0.81,INCOMPLETE,fixture
730206,Cold LDU Climate Station 1 (demo),2023,8760,7096,0.81,INCOMPLETE,fixture
730207,Cold LDU Climate Station 2 (demo),2023,8760,8760,1.0,COMPLETE,fixture
730208,Cold LDU Climate Station 3 (demo),2023,8760,8760,1.0,COMPLETE,fixture
730209,Cold LDU Climate Station 4 (demo),2023,8760,8585,0.98,COMPLETE,fixture
730210,Cold LDU Climate Station 5 (demo),2023,8760,8585,0.98,COMPLETE,fixture
730211,Cold LDU Climate Station 6 (demo),2023,8760,8410,0.96,COMPLETE,fixture
730212,Cold LDU Climate Station 7 (demo),2023,8760,8410,0.96,COMPLETE,fixture
730213,Cold LDU Climate Station 1 (demo),2023,8760,8234,0.94,COMPLETE,fixture
730214,Cold LDU Climate Station 2 (demo),2023,8760,8234,0.94,COMPLETE,fixture
730215,Cold LDU Climate Station 3 (demo),2023,8760,8059,0.92,COMPLETE,fixture
730216,Cold LDU Climate Station 4 (demo),2023,8760,8059,0.92,COMPLETE,fixture
730217,Cold LDU Climate Station 5 (demo),2023,8760,7884,0.9,COMPLETE,fixture
730218,Cold LDU Climate Station 6 (demo),2023,8760,7884,0.9,COMPLETE,fixture
730219,Cold LDU Climate Station 7 (demo),2023,8760,7709,0.88,INCOMPLETE,fixture
730220,Cold LDU Climate Station 1 (demo),2023,8760,7534,0.86,INCOMPLETE,fixture
730221,Cold LDU Climate Station 2 (demo),2023,8760,7534,0.86,INCOMPLETE,fixture
730222,Cold LDU Climate Station 3 (demo),2023,8760,7358,0.84,INCOMPLETE,fixture
730223,Cold LDU Climate Station 4 (demo),2023,8760,7358,0.84,INCOMPLETE,fixture
730224,Cold LDU Climate Station 5 (demo),2023,8760,7183,0.82,INCOMPLETE,fixture
730225,Cold LDU Climate Station 6 (demo),2023,8760,7183,0.82,INCOMPLETE,fixture
730226,Cold LDU Climate Station 7 (demo),2023,8760,7008,0.8,INCOMPLETE,fixture
730227,Cold LDU Climate Station 1 (demo),2023,8760,7008,0.8,INCOMPLETE,fixture
730228,Cold LDU Climate Station 2 (demo),2023,8760,8672,0.99,COMPLETE,fixture
730229,Cold LDU Climate Station 3 (demo),2023,8760,8672,0.99,COMPLETE,fixture
730230,Cold LDU Climate Station 4 (demo),2023,8760,8497,0.97,COMPLETE,fixture
730231,Cold LDU Climate Station 5 (demo),2023,8760,8497,0.97,COMPLETE,fixture
730232,Cold LDU Climate Station 6 (demo),2023,8760,8322,0.95,COMPLETE,fixture
730233,Cold LDU Climate Station 7 (demo),2023,8760,8322,0.95,COMPLETE,fixture
730234,Cold LDU Climate Station 1 (demo),2023,8760,8147,0.93,COMPLETE,fixture
730235,Cold LDU Climate Station 2 (demo),2023,8760,8147,0.93,COMPLETE,fixture
730236,Cold LDU Climate Station 3 (demo),2023,8760,7972,0.91,COMPLETE,fixture
730237,Cold LDU Climate Station 4 (demo),2023,8760,7972,0.91,COMPLETE,fixture
730238,Cold LDU Climate Station 5 (demo),2023,8760,7796,0.89,INCOMPLETE,fixture
730239,Cold LDU Climate Station 6 (demo),2023,8760,7796,0.89,INCOMPLETE,fixture
730240,Cold LDU Climate Station 7 (demo),2023,8760,7621,0.87,INCOMPLETE,fixture
730241,Cold LDU Climate Station 1 (demo),2023,8760,7621,0.87,INCOMPLETE,fixture
730242,Cold LDU Climate Station 2 (demo),2023,8760,7446,0.85,INCOMPLETE,fixture
730243,Cold LDU Climate Station 3 (demo),2023,8760,7446,0.85,INCOMPLETE,fixture
730244,Cold LDU Climate Station 4 (demo),2023,8760,7271,0.83,INCOMPLETE,fixture
730245,Cold LDU Climate Station 5 (demo),2023,8760,7271,0.83,INCOMPLETE,fixture
730246,Cold LDU Climate Station 6 (demo),2023,8760,7096,0.81,INCOMPLETE,fixture
730247,Cold LDU Climate Station 7 (demo),2023,8760,7096,0.81,INCOMPLETE,fixture
730248,Cold LDU Climate Station 1 (demo),2023,8760,8760,1.0,COMPLETE,fixture
730249,Cold LDU Climate Station 2 (demo),2023,8760,8760,1.0,COMPLETE,fixture
730250,Cold LDU Climate Station 3 (demo),2023,8760,8585,0.98,COMPLETE,fixture
730251,Cold LDU Climate Station 4 (demo),2023,8760,8585,0.98,COMPLETE,fixture
730252,Cold LDU Climate Station 5 (demo),2023,8760,8410,0.96,COMPLETE,fixture
730253,Cold LDU Climate Station 6 (demo),2023,8760,8410,0.96,COMPLETE,fixture
730254,Cold LDU Climate Station 7 (demo),2023,8760,8234,0.94,COMPLETE,fixture
730255,Cold LDU Climate Station 1 (demo),2023,8760,8234,0.94,COMPLETE,fixture
730256,Cold LDU Climate Station 2 (demo),2023,8760,8059,0.92,COMPLETE,fixture
730257,Cold LDU Climate Station 3 (demo),2023,8760,7884,0.9,COMPLETE,fixture
730258,Cold LDU Climate Station 4 (demo),2023,8760,7884,0.9,COMPLETE,fixture
730259,Cold LDU Climate Station 5 (demo),2023,8760,7709,0.88,INCOMPLETE,fixture
730260,Cold LDU Climate Station 6 (demo),2023,8760,7709,0.88,INCOMPLETE,fixture
730261,Cold LDU Climate Station 7 (demo),2023,8760,7534,0.86,INCOMPLETE,fixture
730262,Cold LDU Climate Station 1 (demo),2023,8760,7534,0.86,INCOMPLETE,fixture
730263,Cold LDU Climate Station 2 (demo),2023,8760,7358,0.84,INCOMPLETE,fixture
730264,Cold LDU Climate Station 3 (demo),2023,8760,7358,0.84,INCOMPLETE,fixture
730265,Cold LDU Climate Station 4 (demo),2023,8760,7183,0.82,INCOMPLETE,fixture
730266,Cold LDU Climate Station 5 (demo),2023,8760,7183,0.82,INCOMPLETE,fixture
730267,Cold LDU Climate Station 6 (demo),2023,8760,7008,0.8,INCOMPLETE,fixture
730268,Cold LDU Climate Station 7 (demo),2023,8760,7008,0.8,INCOMPLETE,fixture
730269,Cold LDU Climate Station 1 (demo),2023,8760,8672,0.99,COMPLETE,fixture
730270,Cold LDU Climate Station 2 (demo),2023,8760,8672,0.99,COMPLETE,fixture
730271,Cold LDU Climate Station 3 (demo),2023,8760,8497,0.97,COMPLETE,fixture
730272,Cold LDU Climate Station 4 (demo),2023,8760,8497,0.97,COMPLETE,fixture
730273,Cold LDU Climate Station 5 (demo),2023,8760,8322,0.95,COMPLETE,fixture
730274,Cold LDU Climate Station 6 (demo),2023,8760,8322,0.95,COMPLETE,fixture
730275,Cold LDU Climate Station 7 (demo),2023,8760,8147,0.93,COMPLETE,fixture
730276,Cold LDU Climate Station 1 (demo),2023,8760,8147,0.93,COMPLETE,fixture
730277,Cold LDU Climate Station 2 (demo),2023,8760,7972,0.91,COMPLETE,fixture
730278,Cold LDU Climate Station 3 (demo),2023,8760,7972,0.91,COMPLETE,fixture
730279,Cold LDU Climate Station 4 (demo),2023,8760,7796,0.89,INCOMPLETE,fixture
730280,Cold LDU Climate Station 5 (demo),2023,8760,7796,0.89,INCOMPLETE,fixture
730281,Cold LDU Climate Station 6 (demo),2023,8760,7621,0.87,INCOMPLETE,fixture
730282,Cold LDU Climate Station 7 (demo),2023,8760,7621,0.87,INCOMPLETE,fixture
730283,Cold LDU Climate Station 1 (demo),2023,8760,7446,0.85,INCOMPLETE,fixture
730284,Cold LDU Climate Station 2 (demo),2023,8760,7446,0.85,INCOMPLETE,fixture
730285,Cold LDU Climate Station 3 (demo),2023,8760,7271,0.83,INCOMPLETE,fixture
730286,Cold LDU Climate Station 4 (demo),2023,8760,7271,0.83,INCOMPLETE,fixture
730287,Cold LDU Climate Station 5 (demo),2023,8760,7096,0.81,INCOMPLETE,fixture
730288,Cold LDU Climate Station 6 (demo),2023,8760,7096,0.81,INCOMPLETE,fixture
730289,Cold LDU Climate Station 7 (demo),2023,8760,8760,1.0,COMPLETE,fixture
730290,Cold LDU Climate Station 1 (demo),2023,8760,8760,1.0,COMPLETE,fixture
730291,Cold LDU Climate Station 2 (demo),2023,8760,8585,0.98,COMPLETE,fixture
730292,Cold LDU Climate Station 3 (demo),2023,8760,8410,0.96,COMPLETE,fixture
730293,Cold LDU Climate Station 4 (demo),2023,8760,8410,0.96,COMPLETE,fixture
730294,Cold LDU Climate Station 5 (demo),2023,8760,8234,0.94,COMPLETE,fixture
730295,Cold LDU Climate Station 6 (demo),2023,8760,8234,0.94,COMPLETE,fixture
730296,Cold Suburban Climate Station 7 (demo),2023,8760,8059,0.92,COMPLETE,fixture
730297,Cold Suburban Climate Station 1 (demo),2023,8760,8059,0.92,COMPLETE,fixture
730298,Cold Suburban Climate Station 2 (demo),2023,8760,7884,0.9,COMPLETE,fixture
730299,Cold Suburban Climate Station 3 (demo),2023,8760,7884,0.9,COMPLETE,fixture
730300,Cold Suburban Climate Station 4 (demo),2023,8760,7709,0.88,INCOMPLETE,fixture
730301,Cold Suburban Climate Station 5 (demo),2023,8760,7709,0.88,INCOMPLETE,fixture
730302,Cold Suburban Climate Station 6 (demo),2023,8760,7534,0.86,INCOMPLETE,fixture
730303,Cold Suburban Climate Station 7 (demo),2023,8760,7534,0.86,INCOMPLETE,fixture
730304,Cold Suburban Climate Station 1 (demo),2023,8760,7358,0.84,INCOMPLETE,fixture
730305,Cold Suburban Climate Station 2 (demo),2023,8760,7358,0.84,INCOMPLETE,fixture
730306,Cold Suburban Climate Station 3 (demo),2023,8760,7183,0.82,INCOMPLETE,fixture
730307,Cold Suburban Climate Station 4 (demo),2023,8760,7183,0.82,INCOMPLETE,fixture
730308,Cold Suburban Climate Station 5 (demo),2023,8760,7008,0.8,INCOMPLETE,fixture
730309,Cold Suburban Climate Station 6 (demo),2023,8760,7008,0.8,INCOMPLETE,fixture
730310,Cold Suburban Climate Station 7 (demo),2023,8760,8672,0.99,COMPLETE,fixture
730311,Cold Suburban Climate Station 1 (demo),2023,8760,8672,0.99,COMPLETE,fixture
730312,Cold Suburban Climate Station 2 (demo),2023,8760,8497,0.97,COMPLETE,fixture
730313,Cold Suburban Climate Station 3 (demo),2023,8760,8497,0.97,COMPLETE,fixture
730314,Cold Suburban Climate Station 4 (demo),2023,8760,8322,0.95,COMPLETE,fixture
730315,Cold Suburban Climate Station 5 (demo),2023,8760,8322,0.95,COMPLETE,fixture
730316,Cold Suburban Climate Station 6 (demo),2023,8760,8147,0.93,COMPLETE,fixture
730317,Cold Suburban Climate Station 7 (demo),2023,8760,8147,0.93,COMPLETE,fixture
730318,Cold Suburban Climate Station 1 (demo),2023,8760,7972,0.91,COMPLETE,fixture
730319,Cold Suburban Climate Station 2 (demo),2023,8760,7972,0.91,COMPLETE,fixture
730320,Cold Suburban Climate Station 3 (demo),2023,8760,7796,0.89,INCOMPLETE,fixture
730321,Cold Suburban Climate Station 4 (demo),2023,8760,7796,0.89,INCOMPLETE,fixture
730322,Cold Suburban Climate Station 5 (demo),2023,8760,7621,0.87,INCOMPLETE,fixture
730323,Cold Suburban Climate Station 6 (demo),2023,8760,7621,0.87,INCOMPLETE,fixture
730324,Cold Suburban Climate Station 7 (demo),2023,8760,7446,0.85,INCOMPLETE,fixture
730325,Cold Suburban Climate Station 1 (demo),2023,8760,7446,0.85,INCOMPLETE,fixture
730326,Cold Suburban Climate Station 2 (demo),2023,8760,7271,0.83,INCOMPLETE,fixture
730327,Cold Suburban Climate Station 3 (demo),2023,8760,7271,0.83,INCOMPLETE,fixture
730328,Cold Suburban Climate Station 4 (demo),2023,8760,7096,0.81,INCOMPLETE,fixture
730329,Cold Suburban Climate Station 5 (demo),2023,8760,8760,1.0,COMPLETE,fixture
730330,Cold Suburban Climate Station 6 (demo),2023,8760,8760,1.0,COMPLETE,fixture
730331,Cold Suburban Climate Station 7 (demo),2023,8760,8585,0.98,COMPLETE,fixture
730332,Cold Suburban Climate Station 1 (demo),2023,8760,8585,0.98,COMPLETE,fixture
730333,Cold Suburban Climate Station 2 (demo),2023,8760,8410,0.96,COMPLETE,fixture
730334,Cold Suburban Climate Station 3 (demo),2023,8760,8410,0.96,COMPLETE,fixture
730335,Cold Suburban Climate Station 4 (demo),2023,8760,8234,0.94,COMPLETE,fixture
730336,Cold Suburban Climate Station 5 (demo),2023,8760,8234,0.94,COMPLETE,fixture
730337,Cold Suburban Climate Station 6 (demo),2023,8760,8059,0.92,COMPLETE,fixture
730338,Cold Suburban Climate Station 7 (demo),2023,8760,8059,0.92,COMPLETE,fixture
730339,Cold Suburban Climate Station 1 (demo),2023,8760,7884,0.9,COMPLETE,fixture
730340,Cold Suburban Climate Station 2 (demo),2023,8760,7884,0.9,COMPLETE,fixture
730341,Cold Suburban Climate Station 3 (demo),2023,8760,7709,0.88,INCOMPLETE,fixture
730342,Cold Suburban Climate Station 4 (demo),2023,8760,7709,0.88,INCOMPLETE,fixture
730343,Cold Suburban Climate Station 5 (demo),2023,8760,7534,0.86,INCOMPLETE,fixture
730344,Cold Suburban Climate Station 6 (demo),2023,8760,7534,0.86,INCOMPLETE,fixture
730345,Cold Suburban Climate Station 7 (demo),2023,8760,7358,0.84,INCOMPLETE,fixture
730346,Cold Suburban Climate Station 1 (demo),2023,8760,7358,0.84,INCOMPLETE,fixture
730347,Cold Suburban Climate Station 2 (demo),2023,8760,7183,0.82,INCOMPLETE,fixture
730348,Cold Suburban Climate Station 3 (demo),2023,8760,7183,0.82,INCOMPLETE,fixture
730349,Cold Suburban Climate Station 4 (demo),2023,8760,7008,0.8,INCOMPLETE,fixture
730350,Cold Suburban Climate Station 5 (demo),2023,8760,7008,0.8,INCOMPLETE,fixture
730351,Cold Suburban Climate Station 6 (demo),2023,8760,8672,0.99,COMPLETE,fixture
730352,Cold Suburban Climate Station 7 (demo),2023,8760,8672,0.99,COMPLETE,fixture
730353,Cold Suburban Climate Station 1 (demo),2023,8760,8497,0.97,COMPLETE,fixture
730354,Cold Suburban Climate Station 2 (demo),2023,8760,8497,0.97,COMPLETE,fixture
730355,Cold Suburban Climate Station 3 (demo),2023,8760,8322,0.95,COMPLETE,fixture
730356,Cold Suburban Climate Station 4 (demo),2023,8760,8322,0.95,COMPLETE,fixture
730357,Cold Suburban Climate Station 5 (demo),2023,8760,8147,0.93,COMPLETE,fixture
730358,Cold Suburban Climate Station 6 (demo),2023,8760,8147,0.93,COMPLETE,fixture
730359,Cold Suburban Climate Station 7 (demo),2023,8760,7972,0.91,COMPLETE,fixture
730360,Cold Suburban Climate Station 1 (demo),2023,8760,7972,0.91,COMPLETE,fixture
730361,Cold Suburban Climate Station 2 (demo),2023,8760,7796,0.89,INCOMPLETE,fixture
730362,Cold Suburban Climate Station 3 (demo),2023,8760,7796,0.89,INCOMPLETE,fixture
730363,Cold Suburban Climate Station 4 (demo),2023,8760,7621,0.87,INCOMPLETE,fixture
730364,Cold Suburban Climate Station 5 (demo),2023,8760,7446,0.85,INCOMPLETE,fixture
730365,Cold Suburban Climate Station 6 (demo),2023,8760,7446,0.85,INCOMPLETE,fixture
730366,Cold Suburban Climate Station 7 (demo),2023,8760,7271,0.83,INCOMPLETE,fixture
730367,Cold Suburban Climate Station 1 (demo),2023,8760,7271,0.83,INCOMPLETE,fixture
730368,Cold Suburban Climate Station 2 (demo),2023,8760,7096,0.81,INCOMPLETE,fixture
730369,Cold Suburban Climate Station 3 (demo),2023,8760,7096,0.81,INCOMPLETE,fixture
730370,Cold Suburban Climate Station 4 (demo),2023,8760,8760,1.0,COMPLETE,fixture
730371,Cold Suburban Climate Station 5 (demo),2023,8760,8760,1.0,COMPLETE,fixture
730372,Cold Suburban Climate Station 6 (demo),2023,8760,8585,0.98,COMPLETE,fixture
730373,Cold Suburban Climate Station 7 (demo),2023,8760,8585,0.98,COMPLETE,fixture
730374,Cold Suburban Climate Station 1 (demo),2023,8760,8410,0.96,COMPLETE,fixture
730375,Cold Suburban Climate Station 2 (demo),2023,8760,8410,0.96,COMPLETE,fixture
730376,Cold Suburban Climate Station 3 (demo),2023,8760,8234,0.94,COMPLETE,fixture
730377,Cold Suburban Climate Station 4 (demo),2023,8760,8234,0.94,COMPLETE,fixture
730378,Cold Suburban Climate Station 5 (demo),2023,8760,8059,0.92,COMPLETE,fixture
730379,Cold Suburban Climate Station 6 (demo),2023,8760,8059,0.92,COMPLETE,fixture
730380,Cold Suburban Climate Station 7 (demo),2023,8760,7884,0.9,COMPLETE,fixture
730381,Cold Suburban Climate Station 1 (demo),2023,8760,7884,0.9,COMPLETE,fixture
730382,Cold Suburban Climate Station 2 (demo),2023,8760,7709,0.88,INCOMPLETE,fixture
730383,Cold Suburban Climate Station 3 (demo),2023,8760,7709,0.88,INCOMPLETE,fixture
730384,Cold Suburban Climate Station 4 (demo),2023,8760,7534,0.86,INCOMPLETE,fixture
730385,Cold Suburban Climate Station 5 (demo),2023,8760,7534,0.86,INCOMPLETE,fixture
730386,Cold Suburban Climate Station 6 (demo),2023,8760,7358,0.84,INCOMPLETE,fixture
730387,Cold Suburban Climate Station 7 (demo),2023,8760,7358,0.84,INCOMPLETE,fixture
730388,Cold Suburban Climate Station 1 (demo),2023,8760,7183,0.82,INCOMPLETE,fixture
730389,Cold Suburban Climate Station 2 (demo),2023,8760,7183,0.82,INCOMPLETE,fixture
730390,Cold Suburban Climate Station 3 (demo),2023,8760,7008,0.8,INCOMPLETE,fixture
730391,Cold Suburban Climate Station 4 (demo),2023,8760,7008,0.8,INCOMPLETE,fixture
730392,Cold Suburban Climate Station 5 (demo),2023,8760,8672,0.99,COMPLETE,fixture
730393,Cold Suburban Climate Station 6 (demo),2023,8760,8672,0.99,COMPLETE,fixture
730394,Cold Suburban Climate Station 7 (demo),2023,8760,8497,0.97,COMPLETE,fixture
730395,Cold Suburban Climate Station 1 (demo),2023,8760,8497,0.97,COMPLETE,fixture
730396,Cold Suburban Climate Station 2 (demo),2023,8760,8322,0.95,COMPLETE,fixture
730397,Cold Suburban Climate Station 3 (demo),2023,8760,8322,0.95,COMPLETE,fixture
730398,Cold Suburban Climate Station 4 (demo),2023,8760,8147,0.93,COMPLETE,fixture
730399,Cold Suburban Climate Station 5 (demo),2023,8760,8147,0.93,COMPLETE,fixture
730400,Cold Suburban Climate Station 6 (demo),2023,8760,7972,0.91,COMPLETE,fixture
730401,Cold Suburban Climate Station 7 (demo),2023,8760,7796,0.89,INCOMPLETE,fixture
730402,Cold Suburban Climate Station 1 (demo),2023,8760,7796,0.89,INCOMPLETE,fixture
730403,Cold Suburban Climate Station 2 (demo),2023,8760,7621,0.87,INCOMPLETE,fixture
730404,Cold Suburban Climate Station 3 (demo),2023,8760,7621,0.87,INCOMPLETE,fixture
730405,Cold Suburban Climate Station 4 (demo),2023,8760,7446,0.85,INCOMPLETE,fixture
730406,Cold Suburban Climate Station 5 (demo),2023,8760,7446,0.85,INCOMPLETE,fixture
730407,Cold Suburban Climate Station 6 (demo),2023,8760,7271,0.83,INCOMPLETE,fixture
730408,Cold Suburban Climate Station 7 (demo),2023,8760,7271,0.83,INCOMPLETE,fixture
730409,Cold Suburban Climate Station 1 (demo),2023,8760,7096,0.81,INCOMPLETE,fixture
730410,Cold Suburban Climate Station 2 (demo),2023,8760,7096,0.81,INCOMPLETE,fixture
730411,Cold Suburban Climate Station 3 (demo),2023,8760,8760,1.0,COMPLETE,fixture
730412,Cold Suburban Climate Station 4 (demo),2023,8760,8760,1.0,COMPLETE,fixture
730413,Cold Suburban Climate Station 5 (demo),2023,8760,8585,0.98,COMPLETE,fixture
730414,Cold Suburban Climate Station 6 (demo),2023,8760,8585,0.98,COMPLETE,fixture
730415,Cold Suburban Climate Station 7 (demo),2023,8760,8410,0.96,COMPLETE,fixture
730416,Cold Suburban Climate Station 1 (demo),2023,8760,8410,0.96,COMPLETE,fixture
730417,Cold Suburban Climate Station 2 (demo),2023,8760,8234,0.94,COMPLETE,fixture
730418,Cold Suburban Climate Station 3 (demo),2023,8760,8234,0.94,COMPLETE,fixture
730419,Cold Suburban Climate Station 4 (demo),2023,8760,8059,0.92,COMPLETE,fixture
730420,Cold Suburban Climate Station 5 (demo),2023,8760,8059,0.92,COMPLETE,fixture
730421,Cold Suburban Climate Station 6 (demo),2023,8760,7884,0.9,COMPLETE,fixture
730422,Cold Suburban Climate Station 7 (demo),2023,8760,7884,0.9,COMPLETE,fixture
730423,Cold Suburban Climate Station 1 (demo),2023,8760,7709,0.88,INCOMPLETE,fixture
730424,Cold Suburban Climate Station 2 (demo),2023,8760,7709,0.88,INCOMPLETE,fixture
730425,Cold Suburban Climate Station 3 (demo),2023,8760,7534,0.86,INCOMPLETE,fixture
730426,Cold Suburban Climate Station 4 (demo),2023,8760,7534,0.86,INCOMPLETE,fixture
730427,Cold Suburban Climate Station 5 (demo),2023,8760,7358,0.84,INCOMPLETE,fixture
730428,Cold Suburban Climate Station 6 (demo),2023,8760,7358,0.84,INCOMPLETE,fixture
730429,Cold Suburban Climate Station 7 (demo),2023,8760,7183,0.82,INCOMPLETE,fixture
730430,Cold Suburban Climate Station 1 (demo),2023,8760,7183,0.82,INCOMPLETE,fixture
730431,Cold Suburban Climate Station 2 (demo),2023,8760,7008,0.8,INCOMPLETE,fixture
730432,Cold Suburban Climate Station 3 (demo),2023,8760,7008,0.8,INCOMPLETE,fixture
730433,Cold Suburban Climate Station 4 (demo),2023,8760,8672,0.99,COMPLETE,fixture
730434,Cold Suburban Climate Station 5 (demo),2023,8760,8672,0.99,COMPLETE,fixture
730435,Cold Suburban Climate Station 6 (demo),2023,8760,8497,0.97,COMPLETE,fixture
730436,Cold Suburban Climate Station 7 (demo),2023,8760,8322,0.95,COMPLETE,fixture
730437,Cold Suburban Climate Station 1 (demo),2023,8760,8322,0.95,COMPLETE,fixture
730438,Cold Suburban Climate Station 2 (demo),2023,8760,8147,0.93,COMPLETE,fixture
730439,Cold Suburban Climate Station 3 (demo),2023,8760,8147,0.93,COMPLETE,fixture
730440,Cold Suburban Climate Station 4 (demo),2023,8760,7972,0.91,COMPLETE,fixture
730441,Cold Suburban Climate Station 5 (demo),2023,8760,7972,0.91,COMPLETE,fixture
730442,Cold Suburban Climate Station 6 (demo),2023,8760,7796,0.89,INCOMPLETE,fixture
730443,Cold Suburban Climate Station 7 (demo),2023,8760,7796,0.89,INCOMPLETE,fixture
730444,Cold Rural Climate Station 1 (demo),2023,8760,7621,0.87,INCOMPLETE,fixture
730445,Cold Rural Climate Station 2 (demo),2023,8760,7621,0.87,INCOMPLETE,fixture
730446,Cold Rural Climate Station 3 (demo),2023,8760,7446,0.85,INCOMPLETE,fixture
730447,Cold Rural Climate Station 4 (demo),2023,8760,7446,0.85,INCOMPLETE,fixture
730448,Cold Rural Climate Station 5 (demo),2023,8760,7271,0.83,INCOMPLETE,fixture
730449,Cold Rural Climate Station 6 (demo),2023,8760,7271,0.83,INCOMPLETE,fixture
730450,Cold Rural Climate Station 7 (demo),2023,8760,7096,0.81,INCOMPLETE,fixture
730451,Cold Rural Climate Station 1 (demo),2023,8760,7096,0.81,INCOMPLETE,fixture
730452,Cold Rural Climate Station 2 (demo),2023,8760,8760,1.0,COMPLETE,fixture
730453,Cold Rural Climate Station 3 (demo),2023,8760,8760,1.0,COMPLETE,fixture
730454,Cold Rural Climate Station 4 (demo),2023,8760,8585,0.98,COMPLETE,fixture
730455,Cold Rural Climate Station 5 (demo),2023,8760,8585,0.98,COMPLETE,fixture
730456,Cold Rural Climate Station 6 (demo),2023,8760,8410,0.96,COMPLETE,fixture
730457,Cold Rural Climate Station 7 (demo),2023,8760,8410,0.96,COMPLETE,fixture
730458,Cold Rural Climate Station 1 (demo),2023,8760,8234,0.94,COMPLETE,fixture
730459,Cold Rural Climate Station 2 (demo),2023,8760,8234,0.94,COMPLETE,fixture
730460,Cold Rural Climate Station 3 (demo),2023,8760,8059,0.92,COMPLETE,fixture
730461,Cold Rural Climate Station 4 (demo),2023,8760,8059,0.92,COMPLETE,fixture
730462,Cold Rural Climate Station 5 (demo),2023,8760,7884,0.9,COMPLETE,fixture
730463,Cold Rural Climate Station 6 (demo),2023,8760,7884,0.9,COMPLETE,fixture
730464,Cold Rural Climate Station 7 (demo),2023,8760,7709,0.88,INCOMPLETE,fixture
730465,Cold Rural Climate Station 1 (demo),2023,8760,7709,0.88,INCOMPLETE,fixture
730466,Cold Rural Climate Station 2 (demo),2023,8760,7534,0.86,INCOMPLETE,fixture
730467,Cold Rural Climate Station 3 (demo),2023,8760,7534,0.86,INCOMPLETE,fixture
730468,Cold Rural Climate Station 4 (demo),2023,8760,7358,0.84,INCOMPLETE,fixture
730469,Cold Rural Climate Station 5 (demo),2023,8760,7358,0.84,INCOMPLETE,fixture
730470,Cold Rural Climate Station 6 (demo),2023,8760,7183,0.82,INCOMPLETE,fixture
730471,Cold Rural Climate Station 7 (demo),2023,8760,7183,0.82,INCOMPLETE,fixture
730472,Cold Rural Climate Station 1 (demo),2023,8760,7008,0.8,INCOMPLETE,fixture
730473,Cold Rural Climate Station 2 (demo),2023,8760,8672,0.99,COMPLETE,fixture
730474,Cold Rural Climate Station 3 (demo),2023,8760,8672,0.99,COMPLETE,fixture
730475,Cold Rural Climate Station 4 (demo),2023,8760,8497,0.97,COMPLETE,fixture
730476,Cold Rural Climate Station 5 (demo),2023,8760,8497,0.97,COMPLETE,fixture
730477,Cold Rural Climate Station 6 (demo),2023,8760,8322,0.95,COMPLETE,fixture
730478,Cold Rural Climate Station 7 (demo),2023,8760,8322,0.95,COMPLETE,fixture
730479,Cold Rural Climate Station 1 (demo),2023,8760,8147,0.93,COMPLETE,fixture
730480,Cold Rural Climate Station 2 (demo),2023,8760,8147,0.93,COMPLETE,fixture
730481,Cold Rural Climate Station 3 (demo),2023,8760,7972,0.91,COMPLETE,fixture
730482,Cold Rural Climate Station 4 (demo),2023,8760,7972,0.91,COMPLETE,fixture
730483,Cold Rural Climate Station 5 (demo),2023,8760,7796,0.89,INCOMPLETE,fixture
730484,Cold Rural Climate Station 6 (demo),2023,8760,7796,0.89,INCOMPLETE,fixture
730485,Cold Rural Climate Station 7 (demo),2023,8760,7621,0.87,INCOMPLETE,fixture
730486,Cold Rural Climate Station 1 (demo),2023,8760,7621,0.87,INCOMPLETE,fixture
730487,Cold Rural Climate Station 2 (demo),2023,8760,7446,0.85,INCOMPLETE,fixture
730488,Cold Rural Climate Station 3 (demo),2023,8760,7446,0.85,INCOMPLETE,fixture
730489,Cold Rural Climate Station 4 (demo),2023,8760,7271,0.83,INCOMPLETE,fixture
730490,Cold Rural Climate Station 5 (demo),2023,8760,7271,0.83,INCOMPLETE,fixture
730491,Cold Rural Climate Station 6 (demo),2023,8760,7096,0.81,INCOMPLETE,fixture
730492,Cold Rural Climate Station 7 (demo),2023,8760,7096,0.81,INCOMPLETE,fixture
730493,Cold Rural Climate Station 1 (demo),2023,8760,8760,1.0,COMPLETE,fixture
730494,Cold Rural Climate Station 2 (demo),2023,8760,8760,1.0,COMPLETE,fixture
730495,Cold Rural Climate Station 3 (demo),2023,8760,8585,0.98,COMPLETE,fixture
730496,Cold Rural Climate Station 4 (demo),2023,8760,8585,0.98,COMPLETE,fixture
730497,Cold Rural Climate Station 5 (demo),2023,8760,8410,0.96,COMPLETE,fixture
730498,Cold Rural Climate Station 6 (demo),2023,8760,8410,0.96,COMPLETE,fixture
730499,Cold Rural Climate Station 7 (demo),2023,8760,8234,0.94,COMPLETE,fixture
730500,Cold Rural Climate Station 1 (demo),2023,8760,8234,0.94,COMPLETE,fixture
730501,Cold Rural Climate Station 2 (demo),2023,8760,8059,0.92,COMPLETE,fixture
730502,Cold Rural Climate Station 3 (demo),2023,8760,8059,0.92,COMPLETE,fixture
730503,Cold Rural Climate Station 4 (demo),2023,8760,7884,0.9,COMPLETE,fixture
730504,Cold Rural Climate Station 5 (demo),2023,8760,7884,0.9,COMPLETE,fixture
730505,Cold Rural Climate Station 6 (demo),2023,8760,7709,0.88,INCOMPLETE,fixture
730506,Cold Rural Climate Station 7 (demo),2023,8760,7709,0.88,INCOMPLETE,fixture
730507,Cold Rural Climate Station 1 (demo),2023,8760,7534,0.86,INCOMPLETE,fixture
730508,Cold Rural Climate Station 2 (demo),2023,8760,7358,0.84,INCOMPLETE,fixture
730509,Cold Rural Climate Station 3 (demo),2023,8760,7358,0.84,INCOMPLETE,fixture
730510,Cold Rural Climate Station 4 (demo),2023,8760,7183,0.82,INCOMPLETE,fixture
730511,Cold Rural Climate Station 5 (demo),2023,8760,7183,0.82,INCOMPLETE,fixture
730512,Cold Rural Climate Station 6 (demo),2023,8760,7008,0.8,INCOMPLETE,fixture
730513,Cold Rural Climate Station 7 (demo),2023,8760,7008,0.8,INCOMPLETE,fixture
730514,Cold Rural Climate Station 1 (demo),2023,8760,8672,0.99,COMPLETE,fixture
730515,Cold Rural Climate Station 2 (demo),2023,8760,8672,0.99,COMPLETE,fixture
730516,Cold Rural Climate Station 3 (demo),2023,8760,8497,0.97,COMPLETE,fixture
730517,Cold Rural Climate Station 4 (demo),2023,8760,8497,0.97,COMPLETE,fixture
730518,Cold Rural Climate Station 5 (demo),2023,8760,8322,0.95,COMPLETE,fixture
730519,Cold Rural Climate Station 6 (demo),2023,8760,8322,0.95,COMPLETE,fixture
730520,Cold Rural Climate Station 7 (demo),2023,8760,8147,0.93,COMPLETE,fixture
730521,Cold Rural Climate Station 1 (demo),2023,8760,8147,0.93,COMPLETE,fixture
730522,Cold Rural Climate Station 2 (demo),2023,8760,7972,0.91,COMPLETE,fixture
730523,Cold Rural Climate Station 3 (demo),2023,8760,7972,0.91,COMPLETE,fixture
730524,Cold Rural Climate Station 4 (demo),2023,8760,7796,0.89,INCOMPLETE,fixture
730525,Cold Rural Climate Station 5 (demo),2023,8760,7796,0.89,INCOMPLETE,fixture
730526,Cold Rural Climate Station 6 (demo),2023,8760,7621,0.87,INCOMPLETE,fixture
730527,Cold Rural Climate Station 7 (demo),2023,8760,7621,0.87,INCOMPLETE,fixture
730528,Cold Rural Climate Station 1 (demo),2023,8760,7446,0.85,INCOMPLETE,fixture
730529,Cold Rural Climate Station 2 (demo),2023,8760,7446,0.85,INCOMPLETE,fixture
730530,Cold Rural Climate Station 3 (demo),2023,8760,7271,0.83,INCOMPLETE,fixture
730531,Cold Rural Climate Station 4 (demo),2023,8760,7271,0.83,INCOMPLETE,fixture
730532,Cold Rural Climate Station 5 (demo),2023,8760,7096,0.81,INCOMPLETE,fixture
730533,Cold Rural Climate Station 6 (demo),2023,8760,7096,0.81,INCOMPLETE,fixture
730534,Cold Rural Climate Station 7 (demo),2023,8760,8760,1.0,COMPLETE,fixture
730535,Cold Rural Climate Station 1 (demo),2023,8760,8760,1.0,COMPLETE,fixture
730536,Cold Rural Climate Station 2 (demo),2023,8760,8585,0.98,COMPLETE,fixture
730537,Cold Rural Climate Station 3 (demo),2023,8760,8585,0.98,COMPLETE,fixture
730538,Cold Rural Climate Station 4 (demo),2023,8760,8410,0.96,COMPLETE,fixture
730539,Cold Rural Climate Station 5 (demo),2023,8760,8410,0.96,COMPLETE,fixture
730540,Cold Rural Climate Station 6 (demo),2023,8760,8234,0.94,COMPLETE,fixture
730541,Cold Rural Climate Station 7 (demo),2023,8760,8234,0.94,COMPLETE,fixture
730542,Cold Rural Climate Station 1 (demo),2023,8760,8059,0.92,COMPLETE,fixture
730543,Cold Rural Climate Station 2 (demo),2023,8760,8059,0.92,COMPLETE,fixture
730544,Cold Rural Climate Station 3 (demo),2023,8760,7884,0.9,COMPLETE,fixture
730545,Cold Rural Climate Station 4 (demo),2023,8760,7709,0.88,INCOMPLETE,fixture
730546,Cold Rural Climate Station 5 (demo),2023,8760,7709,0.88,INCOMPLETE,fixture
730547,Cold Rural Climate Station 6 (demo),2023,8760,7534,0.86,INCOMPLETE,fixture
730548,Cold Rural Climate Station 7 (demo),2023,8760,7534,0.86,INCOMPLETE,fixture
730549,Cold Rural Climate Station 1 (demo),2023,8760,7358,0.84,INCOMPLETE,fixture
730550,Cold Rural Climate Station 2 (demo),2023,8760,7358,0.84,INCOMPLETE,fixture
730551,Cold Rural Climate Station 3 (demo),2023,8760,7183,0.82,INCOMPLETE,fixture
730552,Cold Rural Climate Station 4 (demo),2023,8760,7183,0.82,INCOMPLETE,fixture
730553,Cold Rural Climate Station 5 (demo),2023,8760,7008,0.8,INCOMPLETE,fixture
730554,Cold Rural Climate Station 6 (demo),2023,8760,7008,0.8,INCOMPLETE,fixture
730555,Cold Rural Climate Station 7 (demo),2023,8760,8672,0.99,COMPLETE,fixture
730556,Cold Rural Climate Station 1 (demo),2023,8760,8672,0.99,COMPLETE,fixture
730557,Cold Rural Climate Station 2 (demo),2023,8760,8497,0.97,COMPLETE,fixture
730558,Cold Rural Climate Station 3 (demo),2023,8760,8497,0.97,COMPLETE,fixture
730559,Cold Rural Climate Station 4 (demo),2023,8760,8322,0.95,COMPLETE,fixture
730560,Cold Rural Climate Station 5 (demo),2023,8760,8322,0.95,COMPLETE,fixture
730561,Cold Rural Climate Station 6 (demo),2023,8760,8147,0.93,COMPLETE,fixture
730562,Cold Rural Climate Station 7 (demo),2023,8760,8147,0.93,COMPLETE,fixture
730563,Cold Rural Climate Station 1 (demo),2023,8760,7972,0.91,COMPLETE,fixture
730564,Cold Rural Climate Station 2 (demo),2023,8760,7972,0.91,COMPLETE,fixture
730565,Cold Rural Climate Station 3 (demo),2023,8760,7796,0.89,INCOMPLETE,fixture
730566,Cold Rural Climate Station 4 (demo),2023,8760,7796,0.89,INCOMPLETE,fixture
730567,Cold Rural Climate Station 5 (demo),2023,8760,7621,0.87,INCOMPLETE,fixture
730568,Cold Rural Climate Station 6 (demo),2023,8760,7621,0.87,INCOMPLETE,fixture
730569,Cold Rural Climate Station 7 (demo),2023,8760,7446,0.85,INCOMPLETE,fixture
730570,Cold Rural Climate Station 1 (demo),2023,8760,7446,0.85,INCOMPLETE,fixture
730571,Cold Rural Climate Station 2 (demo),2023,8760,7271,0.83,INCOMPLETE,fixture
730572,Cold Rural Climate Station 3 (demo),2023,8760,7271,0.83,INCOMPLETE,fixture
730573,Cold Rural Climate Station 4 (demo),2023,8760,7096,0.81,INCOMPLETE,fixture
730574,Cold Rural Climate Station 5 (demo),2023,8760,7096,0.81,INCOMPLETE,fixture
730575,Cold Rural Climate Station 6 (demo),2023,8760,8760,1.0,COMPLETE,fixture
730576,Cold Rural Climate Station 7 (demo),2023,8760,8760,1.0,COMPLETE,fixture
730577,Cold Rural Climate Station 1 (demo),2023,8760,8585,0.98,COMPLETE,fixture
730578,Cold Rural Climate Station 2 (demo),2023,8760,8585,0.98,COMPLETE,fixture
730579,Cold Rural Climate Station 3 (demo),2023,8760,8410,0.96,COMPLETE,fixture
730580,Cold Rural Climate Station 4 (demo),2023,8760,8234,0.94,COMPLETE,fixture
730581,Cold Rural Climate Station 5 (demo),2023,8760,8234,0.94,COMPLETE,fixture
730582,Cold Rural Climate Station 6 (demo),2023,8760,8059,0.92,COMPLETE,fixture
730583,Cold Rural Climate Station 7 (demo),2023,8760,8059,0.92,COMPLETE,fixture
730584,Cold Rural Climate Station 1 (demo),2023,8760,7884,0.9,COMPLETE,fixture
730585,Cold Rural Climate Station 2 (demo),2023,8760,7884,0.9,COMPLETE,fixture
730586,Cold Rural Climate Station 3 (demo),2023,8760,7709,0.88,INCOMPLETE,fixture
730587,Cold Rural Climate Station 4 (demo),2023,8760,7709,0.88,INCOMPLETE,fixture
730588,Cold Rural Climate Station 5 (demo),2023,8760,7534,0.86,INCOMPLETE,fixture
730589,Cold Rural Climate Station 6 (demo),2023,8760,7534,0.86,INCOMPLETE,fixture
730590,Cold Rural Climate Station 7 (demo),2023,8760,7358,0.84,INCOMPLETE,fixture
730591,Cold Rural Climate Station 1 (demo),2023,8760,7358,0.84,INCOMPLETE,fixture
730592,Hot-Dry HDU Climate Station 2 (demo),2023,8760,7183,0.82,INCOMPLETE,fixture
730593,Hot-Dry HDU Climate Station 3 (demo),2023,8760,7183,0.82,INCOMPLETE,fixture
730594,Hot-Dry HDU Climate Station 4 (demo),2023,8760,7008,0.8,INCOMPLETE,fixture
730595,Hot-Dry HDU Climate Station 5 (demo),2023,8760,7008,0.8,INCOMPLETE,fixture
730596,Hot-Dry HDU Climate Station 6 (demo),2023,8760,8672,0.99,COMPLETE,fixture
730597,Hot-Dry HDU Climate Station 7 (demo),2023,8760,8672,0.99,COMPLETE,fixture
730598,Hot-Dry HDU Climate Station 1 (demo),2023,8760,8497,0.97,COMPLETE,fixture
730599,Hot-Dry HDU Climate Station 2 (demo),2023,8760,8497,0.97,COMPLETE,fixture
730600,Hot-Dry HDU Climate Station 3 (demo),2023,8760,8322,0.95,COMPLETE,fixture
730601,Hot-Dry HDU Climate Station 4 (demo),2023,8760,8322,0.95,COMPLETE,fixture
730602,Hot-Dry HDU Climate Station 5 (demo),2023,8760,8147,0.93,COMPLETE,fixture
730603,Hot-Dry HDU Climate Station 6 (demo),2023,8760,8147,0.93,COMPLETE,fixture
730604,Hot-Dry HDU Climate Station 7 (demo),2023,8760,7972,0.91,COMPLETE,fixture
730605,Hot-Dry HDU Climate Station 1 (demo),2023,8760,7972,0.91,COMPLETE,fixture
730606,Hot-Dry HDU Climate Station 2 (demo),2023,8760,7796,0.89,INCOMPLETE,fixture
730607,Hot-Dry HDU Climate Station 3 (demo),2023,8760,7796,0.89,INCOMPLETE,fixture
730608,Hot-Dry HDU Climate Station 4 (demo),2023,8760,7621,0.87,INCOMPLETE,fixture
730609,Hot-Dry HDU Climate Station 5 (demo),2023,8760,7621,0.87,INCOMPLETE,fixture
730610,Hot-Dry HDU Climate Station 6 (demo),2023,8760,7446,0.85,INCOMPLETE,fixture
730611,Hot-Dry HDU Climate Station 7 (demo),2023,8760,7446,0.85,INCOMPLETE,fixture
730612,Hot-Dry HDU Climate Station 1 (demo),2023,8760,7271,0.83,INCOMPLETE,fixture
730613,Hot-Dry HDU Climate Station 2 (demo),2023,8760,7271,0.83,INCOMPLETE,fixture
730614,Hot-Dry HDU Climate Station 3 (demo),2023,8760,7096,0.81,INCOMPLETE,fixture
730615,Hot-Dry HDU Climate Station 4 (demo),2023,8760,7096,0.81,INCOMPLETE,fixture
730616,Hot-Dry HDU Climate Station 5 (demo),2023,8760,8760,1.0,COMPLETE,fixture
730617,Hot-Dry HDU Climate Station 6 (demo),2023,8760,8585,0.98,COMPLETE,fixture
730618,Hot-Dry HDU Climate Station 7 (demo),2023,8760,8585,0.98,COMPLETE,fixture
730619,Hot-Dry HDU Climate Station 1 (demo),2023,8760,8410,0.96,COMPLETE,fixture
730620,Hot-Dry HDU Climate Station 2 (demo),2023,8760,8410,0.96,COMPLETE,fixture
730621,Hot-Dry HDU Climate Station 3 (demo),2023,8760,8234,0.94,COMPLETE,fixture
730622,Hot-Dry HDU Climate Station 4 (demo),2023,8760,8234,0.94,COMPLETE,fixture
730623,Hot-Dry HDU Climate Station 5 (demo),2023,8760,8059,0.92,COMPLETE,fixture
730624,Hot-Dry HDU Climate Station 6 (demo),2023,8760,8059,0.92,COMPLETE,fixture
730625,Hot-Dry HDU Climate Station 7 (demo),2023,8760,7884,0.9,COMPLETE,fixture
730626,Hot-Dry HDU Climate Station 1 (demo),2023,8760,7884,0.9,COMPLETE,fixture
730627,Hot-Dry HDU Climate Station 2 (demo),2023,8760,7709,0.88,INCOMPLETE,fixture
730628,Hot-Dry HDU Climate Station 3 (demo),2023,8760,7709,0.88,INCOMPLETE,fixture
730629,Hot-Dry HDU Climate Station 4 (demo),2023,8760,7534,0.86,INCOMPLETE,fixture
730630,Hot-Dry HDU Climate Station 5 (demo),2023,8760,7534,0.86,INCOMPLETE,fixture
730631,Hot-Dry HDU Climate Station 6 (demo),2023,8760,7358,0.84,INCOMPLETE,fixture
730632,Hot-Dry HDU Climate Station 7 (demo),2023,8760,7358,0.84,INCOMPLETE,fixture
730633,Hot-Dry HDU Climate Station 1 (demo),2023,8760,7183,0.82,INCOMPLETE,fixture
730634,Hot-Dry HDU Climate Station 2 (demo),2023,8760,7183,0.82,INCOMPLETE,fixture
730635,Hot-Dry HDU Climate Station 3 (demo),2023,8760,7008,0.8,INCOMPLETE,fixture
730636,Hot-Dry HDU Climate Station 4 (demo),2023,8760,7008,0.8,INCOMPLETE,fixture
730637,Hot-Dry HDU Climate Station 5 (demo),2023,8760,8672,0.99,COMPLETE,fixture
730638,Hot-Dry HDU Climate Station 6 (demo),2023,8760,8672,0.99,COMPLETE,fixture
730639,Hot-Dry HDU Climate Station 7 (demo),2023,8760,8497,0.97,COMPLETE,fixture
730640,Hot-Dry HDU Climate Station 1 (demo),2023,8760,8497,0.97,COMPLETE,fixture
730641,Hot-Dry HDU Climate Station 2 (demo),2023,8760,8322,0.95,COMPLETE,fixture
730642,Hot-Dry HDU Climate Station 3 (demo),2023,8760,8322,0.95,COMPLETE,fixture
730643,Hot-Dry HDU Climate Station 4 (demo),2023,8760,8147,0.93,COMPLETE,fixture
730644,Hot-Dry HDU Climate Station 5 (demo),2023,8760,8147,0.93,COMPLETE,fixture
730645,Hot-Dry HDU Climate Station 6 (demo),2023,8760,7972,0.91,COMPLETE,fixture
730646,Hot-Dry HDU Climate Station 7 (demo),2023,8760,7972,0.91,COMPLETE,fixture
730647,Hot-Dry HDU Climate Station 1 (demo),2023,8760,7796,0.89,INCOMPLETE,fixture
730648,Hot-Dry HDU Climate Station 2 (demo),2023,8760,7796,0.89,INCOMPLETE,fixture
730649,Hot-Dry HDU Climate Station 3 (demo),2023,8760,7621,0.87,INCOMPLETE,fixture
730650,Hot-Dry HDU Climate Station 4 (demo),2023,8760,7621,0.87,INCOMPLETE,fixture
730651,Hot-Dry HDU Climate Station 5 (demo),2023,8760,7446,0.85,INCOMPLETE,fixture
730652,Hot-Dry HDU Climate Station 6 (demo),2023,8760,7271,0.83,INCOMPLETE,fixture
730653,Hot-Dry HDU Climate Station 7 (demo),2023,8760,7271,0.83,INCOMPLETE,fixture
730654,Hot-Dry HDU Climate Station 1 (demo),2023,8760,7096,0.81,INCOMPLETE,fixture
730655,Hot-Dry HDU Climate Station 2 (demo),2023,8760,7096,0.81,INCOMPLETE,fixture
730656,Hot-Dry HDU Climate Station 3 (demo),2023,8760,8760,1.0,COMPLETE,fixture
730657,Hot-Dry HDU Climate Station 4 (demo),2023,8760,8760,1.0,COMPLETE,fixture
730658,Hot-Dry HDU Climate Station 5 (demo),2023,8760,8585,0.98,COMPLETE,fixture
730659,Hot-Dry HDU Climate Station 6 (demo),2023,8760,8585,0.98,COMPLETE,fixture
730660,Hot-Dry HDU Climate Station 7 (demo),2023,8760,8410,0.96,COMPLETE,fixture
730661,Hot-Dry HDU Climate Station 1 (demo),2023,8760,8410,0.96,COMPLETE,fixture
730662,Hot-Dry HDU Climate Station 2 (demo),2023,8760,8234,0.94,COMPLETE,fixture
730663,Hot-Dry HDU Climate Station 3 (demo),2023,8760,8234,0.94,COMPLETE,fixture
730664,Hot-Dry HDU Climate Station 4 (demo),2023,8760,8059,0.92,COMPLETE,fixture
730665,Hot-Dry HDU Climate Station 5 (demo),2023,8760,8059,0.92,COMPLETE,fixture
730666,Hot-Dry HDU Climate Station 6 (demo),2023,8760,7884,0.9,COMPLETE,fixture
730667,Hot-Dry HDU Climate Station 7 (demo),2023,8760,7884,0.9,COMPLETE,fixture
730668,Hot-Dry HDU Climate Station 1 (demo),2023,8760,7709,0.88,INCOMPLETE,fixture
730669,Hot-Dry HDU Climate Station 2 (demo),2023,8760,7709,0.88,INCOMPLETE,fixture
730670,Hot-Dry HDU Climate Station 3 (demo),2023,8760,7534,0.86,INCOMPLETE,fixture
730671,Hot-Dry HDU Climate Station 4 (demo),2023,8760,7534,0.86,INCOMPLETE,fixture
730672,Hot-Dry HDU Climate Station 5 (demo),2023,8760,7358,0.84,INCOMPLETE,fixture
730673,Hot-Dry HDU Climate Station 6 (demo),2023,8760,7358,0.84,INCOMPLETE,fixture
730674,Hot-Dry HDU Climate Station 7 (demo),2023,8760,7183,0.82,INCOMPLETE,fixture
730675,Hot-Dry HDU Climate Station 1 (demo),2023,8760,7183,0.82,INCOMPLETE,fixture
730676,Hot-Dry HDU Climate Station 2 (demo),2023,8760,7008,0.8,INCOMPLETE,fixture
730677,Hot-Dry HDU Climate Station 3 (demo),2023,8760,7008,0.8,INCOMPLETE,fixture
730678,Hot-Dry HDU Climate Station 4 (demo),2023,8760,8672,0.99,COMPLETE,fixture
730679,Hot-Dry HDU Climate Station 5 (demo),2023,8760,8672,0.99,COMPLETE,fixture
730680,Hot-Dry HDU Climate Station 6 (demo),2023,8760,8497,0.97,COMPLETE,fixture
730681,Hot-Dry HDU Climate Station 7 (demo),2023,8760,8497,0.97,COMPLETE,fixture
730682,Hot-Dry HDU Climate Station 1 (demo),2023,8760,8322,0.95,COMPLETE,fixture
730683,Hot-Dry HDU Climate Station 2 (demo),2023,8760,8322,0.95,COMPLETE,fixture
730684,Hot-Dry HDU Climate Station 3 (demo),2023,8760,8147,0.93,COMPLETE,fixture
730685,Hot-Dry HDU Climate Station 4 (demo),2023,8760,8147,0.93,COMPLETE,fixture
730686,Hot-Dry HDU Climate Station 5 (demo),2023,8760,7972,0.91,COMPLETE,fixture
730687,Hot-Dry HDU Climate Station 6 (demo),2023,8760,7972,0.91,COMPLETE,fixture
730688,Hot-Dry HDU Climate Station 7 (demo),2023,8760,7796,0.89,INCOMPLETE,fixture
730689,Hot-Dry HDU Climate Station 1 (demo),2023,8760,7621,0.87,INCOMPLETE,fixture
730690,Hot-Dry HDU Climate Station 2 (demo),2023,8760,7621,0.87,INCOMPLETE,fixture
730691,Hot-Dry HDU Climate Station 3 (demo),2023,8760,7446,0.85,INCOMPLETE,fixture
730692,Hot-Dry HDU Climate Station 4 (demo),2023,8760,7446,0.85,INCOMPLETE,fixture
730693,Hot-Dry HDU Climate Station 5 (demo),2023,8760,7271,0.83,INCOMPLETE,fixture
730694,Hot-Dry HDU Climate Station 6 (demo),2023,8760,7271,0.83,INCOMPLETE,fixture
730695,Hot-Dry HDU Climate Station 7 (demo),2023,8760,7096,0.81,INCOMPLETE,fixture
730696,Hot-Dry HDU Climate Station 1 (demo),2023,8760,7096,0.81,INCOMPLETE,fixture
730697,Hot-Dry HDU Climate Station 2 (demo),2023,8760,8760,1.0,COMPLETE,fixture
730698,Hot-Dry HDU Climate Station 3 (demo),2023,8760,8760,1.0,COMPLETE,fixture
730699,Hot-Dry HDU Climate Station 4 (demo),2023,8760,8585,0.98,COMPLETE,fixture
730700,Hot-Dry HDU Climate Station 5 (demo),2023,8760,8585,0.98,COMPLETE,fixture
730701,Hot-Dry HDU Climate Station 6 (demo),2023,8760,8410,0.96,COMPLETE,fixture
730702,Hot-Dry HDU Climate Station 7 (demo),2023,8760,8410,0.96,COMPLETE,fixture
730703,Hot-Dry HDU Climate Station 1 (demo),2023,8760,8234,0.94,COMPLETE,fixture
730704,Hot-Dry HDU Climate Station 2 (demo),2023,8760,8234,0.94,COMPLETE,fixture
730705,Hot-Dry HDU Climate Station 3 (demo),2023,8760,8059,0.92,COMPLETE,fixture
730706,Hot-Dry HDU Climate Station 4 (demo),2023,8760,8059,0.92,COMPLETE,fixture
730707,Hot-Dry HDU Climate Station 5 (demo),2023,8760,7884,0.9,COMPLETE,fixture
730708,Hot-Dry HDU Climate Station 6 (demo),2023,8760,7884,0.9,COMPLETE,fixture
730709,Hot-Dry HDU Climate Station 7 (demo),2023,8760,7709,0.88,INCOMPLETE,fixture
730710,Hot-Dry HDU Climate Station 1 (demo),2023,8760,7709,0.88,INCOMPLETE,fixture
730711,Hot-Dry HDU Climate Station 2 (demo),2023,8760,7534,0.86,INCOMPLETE,fixture
730712,Hot-Dry HDU Climate Station 3 (demo),2023,8760,7534,0.86,INCOMPLETE,fixture
730713,Hot-Dry HDU Climate Station 4 (demo),2023,8760,7358,0.84,INCOMPLETE,fixture
730714,Hot-Dry HDU Climate Station 5 (demo),2023,8760,7358,0.84,INCOMPLETE,fixture
730715,Hot-Dry HDU Climate Station 6 (demo),2023,8760,7183,0.82,INCOMPLETE,fixture
730716,Hot-Dry HDU Climate Station 7 (demo),2023,8760,7183,0.82,INCOMPLETE,fixture
730717,Hot-Dry HDU Climate Station 1 (demo),2023,8760,7008,0.8,INCOMPLETE,fixture
730718,Hot-Dry HDU Climate Station 2 (demo),2023,8760,7008,0.8,INCOMPLETE,fixture
730719,Hot-Dry HDU Climate Station 3 (demo),2023,8760,8672,0.99,COMPLETE,fixture
730720,Hot-Dry HDU Climate Station 4 (demo),2023,8760,8672,0.99,COMPLETE,fixture
730721,Hot-Dry HDU Climate Station 5 (demo),2023,8760,8497,0.97,COMPLETE,fixture
730722,Hot-Dry HDU Climate Station 6 (demo),2023,8760,8497,0.97,COMPLETE,fixture
730723,Hot-Dry HDU Climate Station 7 (demo),2023,8760,8322,0.95,COMPLETE,fixture
730724,Hot-Dry HDU Climate Station 1 (demo),2023,8760,8322,0.95,COMPLETE,fixture
730725,Hot-Dry HDU Climate Station 2 (demo),2023,8760,8147,0.93,COMPLETE,fixture
730726,Hot-Dry HDU Climate Station 3 (demo),2023,8760,7972,0.91,COMPLETE,fixture
730727,Hot-Dry HDU Climate Station 4 (demo),2023,8760,7972,0.91,COMPLETE,fixture
730728,Hot-Dry HDU Climate Station 5 (demo),2023,8760,7796,0.89,INCOMPLETE,fixture
730729,Hot-Dry HDU Climate Station 6 (demo),2023,8760,7796,0.89,INCOMPLETE,fixture
730730,Hot-Dry HDU Climate Station 7 (demo),2023,8760,7621,0.87,INCOMPLETE,fixture
730731,Hot-Dry HDU Climate Station 1 (demo),2023,8760,7621,0.87,INCOMPLETE,fixture
730732,Hot-Dry HDU Climate Station 2 (demo),2023,8760,7446,0.85,INCOMPLETE,fixture
730733,Hot-Dry HDU Climate Station 3 (demo),2023,8760,7446,0.85,INCOMPLETE,fixture
730734,Hot-Dry HDU Climate Station 4 (demo),2023,8760,7271,0.83,INCOMPLETE,fixture
730735,Hot-Dry HDU Climate Station 5 (demo),2023,8760,7271,0.83,INCOMPLETE,fixture
730736,Hot-Dry HDU Climate Station 6 (demo),2023,8760,7096,0.81,INCOMPLETE,fixture
730737,Hot-Dry HDU Climate Station 7 (demo),2023,8760,7096,0.81,INCOMPLETE,fixture
730738,Hot-Dry HDU Climate Station 1 (demo),2023,8760,8760,1.0,COMPLETE,fixture
730739,Hot-Dry HDU Climate Station 2 (demo),2023,8760,8760,1.0,COMPLETE,fixture
730740,Hot-Dry LDU Climate Station 3 (demo),2023,8760,8585,0.98,COMPLETE,fixture
730741,Hot-Dry LDU Climate Station 4 (demo),2023,8760,8585,0.98,COMPLETE,fixture
730742,Hot-Dry LDU Climate Station 5 (demo),2023,8760,8410,0.96,COMPLETE,fixture
730743,Hot-Dry LDU Climate Station 6 (demo),2023,8760,8410,0.96,COMPLETE,fixture
730744,Hot-Dry LDU Climate Station 7 (demo),2023,8760,8234,0.94,COMPLETE,fixture
730745,Hot-Dry LDU Climate Station 1 (demo),2023,8760,8234,0.94,COMPLETE,fixture
730746,Hot-Dry LDU Climate Station 2 (demo),2023,8760,8059,0.92,COMPLETE,fixture
730747,Hot-Dry LDU Climate Station 3 (demo),2023,8760,8059,0.92,COMPLETE,fixture
730748,Hot-Dry LDU Climate Station 4 (demo),2023,8760,7884,0.9,COMPLETE,fixture
730749,Hot-Dry LDU Climate Station 5 (demo),2023,8760,7884,0.9,COMPLETE,fixture
730750,Hot-Dry LDU Climate Station 6 (demo),2023,8760,7709,0.88,INCOMPLETE,fixture
730751,Hot-Dry LDU Climate Station 7 (demo),2023,8760,7709,0.88,INCOMPLETE,fixture
730752,Hot-Dry LDU Climate Station 1 (demo),2023,8760,7534,0.86,INCOMPLETE,fixture
730753,Hot-Dry LDU Climate Station 2 (demo),2023,8760,7534,0.86,INCOMPLETE,fixture
730754,Hot-Dry LDU Climate Station 3 (demo),2023,8760,7358,0.84,INCOMPLETE,fixture
730755,Hot-Dry LDU Climate Station 4 (demo),2023,8760,7358,0.84,INCOMPLETE,fixture
730756,Hot-Dry LDU Climate Station 5 (demo),2023,8760,7183,0.82,INCOMPLETE,fixture
730757,Hot-Dry LDU Climate Station 6 (demo),2023,8760,7183,0.82,INCOMPLETE,fixture
730758,Hot-Dry LDU Climate Station 7 (demo),2023,8760,7008,0.8,INCOMPLETE,fixture
730759,Hot-Dry LDU Climate Station 1 (demo),2023,8760,7008,0.8,INCOMPLETE,fixture
730760,Hot-Dry LDU Climate Station 2 (demo),2023,8760,8672,0.99,COMPLETE,fixture
730761,Hot-Dry LDU Climate Station 3 (demo),2023,8760,8497,0.97,COMPLETE,fixture
730762,Hot-Dry LDU Climate Station 4 (demo),2023,8760,8497,0.97,COMPLETE,fixture
730763,Hot-Dry LDU Climate Station 5 (demo),2023,8760,8322,0.95,COMPLETE,fixture
730764,Hot-Dry LDU Climate Station 6 (demo),2023,8760,8322,0.95,COMPLETE,fixture
730765,Hot-Dry LDU Climate Station 7 (demo),2023,8760,8147,0.93,COMPLETE,fixture
730766,Hot-Dry LDU Climate Station 1 (demo),2023,8760,8147,0.93,COMPLETE,fixture
730767,Hot-Dry LDU Climate Station 2 (demo),2023,8760,7972,0.91,COMPLETE,fixture
730768,Hot-Dry LDU Climate Station 3 (demo),2023,8760,7972,0.91,COMPLETE,fixture
730769,Hot-Dry LDU Climate Station 4 (demo),2023,8760,7796,0.89,INCOMPLETE,fixture
730770,Hot-Dry LDU Climate Station 5 (demo),2023,8760,7796,0.89,INCOMPLETE,fixture
730771,Hot-Dry LDU Climate Station 6 (demo),2023,8760,7621,0.87,INCOMPLETE,fixture
730772,Hot-Dry LDU Climate Station 7 (demo),2023,8760,7621,0.87,INCOMPLETE,fixture
730773,Hot-Dry LDU Climate Station 1 (demo),2023,8760,7446,0.85,INCOMPLETE,fixture
730774,Hot-Dry LDU Climate Station 2 (demo),2023,8760,7446,0.85,INCOMPLETE,fixture
730775,Hot-Dry LDU Climate Station 3 (demo),2023,8760,7271,0.83,INCOMPLETE,fixture
730776,Hot-Dry LDU Climate Station 4 (demo),2023,8760,7271,0.83,INCOMPLETE,fixture
730777,Hot-Dry LDU Climate Station 5 (demo),2023,8760,7096,0.81,INCOMPLETE,fixture
730778,Hot-Dry LDU Climate Station 6 (demo),2023,8760,7096,0.81,INCOMPLETE,fixture
730779,Hot-Dry LDU Climate Station 7 (demo),2023,8760,8760,1.0,COMPLETE,fixture
730780,Hot-Dry LDU Climate Station 1 (demo),2023,8760,8760,1.0,COMPLETE,fixture
730781,Hot-Dry LDU Climate Station 2 (demo),2023,8760,8585,0.98,COMPLETE,fixture
730782,Hot-Dry LDU Climate Station 3 (demo),2023,8760,8585,0.98,COMPLETE,fixture
730783,Hot-Dry LDU Climate Station 4 (demo),2023,8760,8410,0.96,COMPLETE,fixture
730784,Hot-Dry LDU Climate Station 5 (demo),2023,8760,8410,0.96,COMPLETE,fixture
730785,Hot-Dry LDU Climate Station 6 (demo),2023,8760,8234,0.94,COMPLETE,fixture
730786,Hot-Dry LDU Climate Station 7 (demo),2023,8760,8234,0.94,COMPLETE,fixture
730787,Hot-Dry LDU Climate Station 1 (demo),2023,8760,8059,0.92,COMPLETE,fixture
730788,Hot-Dry LDU Climate Station 2 (demo),2023,8760,8059,0.92,COMPLETE,fixture
730789,Hot-Dry LDU Climate Station 3 (demo),2023,8760,7884,0.9,COMPLETE,fixture
730790,Hot-Dry LDU Climate Station 4 (demo),2023,8760,7884,0.9,COMPLETE,fixture
730791,Hot-Dry LDU Climate Station 5 (demo),2023,8760,7709,0.88,INCOMPLETE,fixture
730792,Hot-Dry LDU Climate Station 6 (demo),2023,8760,7709,0.88,INCOMPLETE,fixture
730793,Hot-Dry LDU Climate Station 7 (demo),2023,8760,7534,0.86,INCOMPLETE,fixture
730794,Hot-Dry LDU Climate Station 1 (demo),2023,8760,7534,0.86,INCOMPLETE,fixture
730795,Hot-Dry LDU Climate Station 2 (demo),2023,8760,7358,0.84,INCOMPLETE,fixture
730796,Hot-Dry LDU Climate Station 3 (demo),2023,8760,7358,0.84,INCOMPLETE,fixture
730797,Hot-Dry LDU Climate Station 4 (demo),2023,8760,7183,0.82,INCOMPLETE,fixture
730798,Hot-Dry LDU Climate Station 5 (demo),2023,8760,7008,0.8,INCOMPLETE,fixture
730799,Hot-Dry LDU Climate Station 6 (demo),2023,8760,7008,0.8,INCOMPLETE,fixture
730800,Hot-Dry LDU Climate Station 7 (demo),2023,8760,8672,0.99,COMPLETE,fixture
730801,Hot-Dry LDU Climate Station 1 (demo),2023,8760,8672,0.99,COMPLETE,fixture
730802,Hot-Dry LDU Climate Station 2 (demo),2023,8760,8497,0.97,COMPLETE,fixture
730803,Hot-Dry LDU Climate Station 3 (demo),2023,8760,8497,0.97,COMPLETE,fixture
730804,Hot-Dry LDU Climate Station 4 (demo),2023,8760,8322,0.95,COMPLETE,fixture
730805,Hot-Dry LDU Climate Station 5 (demo),2023,8760,8322,0.95,COMPLETE,fixture
730806,Hot-Dry LDU Climate Station 6 (demo),2023,8760,8147,0.93,COMPLETE,fixture
730807,Hot-Dry LDU Climate Station 7 (demo),2023,8760,8147,0.93,COMPLETE,fixture
730808,Hot-Dry LDU Climate Station 1 (demo),2023,8760,7972,0.91,COMPLETE,fixture
730809,Hot-Dry LDU Climate Station 2 (demo),2023,8760,7972,0.91,COMPLETE,fixture
730810,Hot-Dry LDU Climate Station 3 (demo),2023,8760,7796,0.89,INCOMPLETE,fixture
730811,Hot-Dry LDU Climate Station 4 (demo),2023,8760,7796,0.89,INCOMPLETE,fixture
730812,Hot-Dry LDU Climate Station 5 (demo),2023,8760,7621,0.87,INCOMPLETE,fixture
730813,Hot-Dry LDU Climate Station 6 (demo),2023,8760,7621,0.87,INCOMPLETE,fixture
730814,Hot-Dry LDU Climate Station 7 (demo),2023,8760,7446,0.85,INCOMPLETE,fixture
730815,Hot-Dry LDU Climate Station 1 (demo),2023,8760,7446,0.85,INCOMPLETE,fixture
730816,Hot-Dry LDU Climate Station 2 (demo),2023,8760,7271,0.83,INCOMPLETE,fixture
730817,Hot-Dry LDU Climate Station 3 (demo),2023,8760,7271,0.83,INCOMPLETE,fixture
730818,Hot-Dry LDU Climate Station 4 (demo),2023,8760,7096,0.81,INCOMPLETE,fixture
730819,Hot-Dry LDU Climate Station 5 (demo),2023,8760,7096,0.81,INCOMPLETE,fixture
730820,Hot-Dry LDU Climate Station 6 (demo),2023,8760,8760,1.0,COMPLETE,fixture
730821,Hot-Dry LDU Climate Station 7 (demo),2023,8760,8760,1.0,COMPLETE,fixture
730822,Hot-Dry LDU Climate Station 1 (demo),2023,8760,8585,0.98,COMPLETE,fixture
730823,Hot-Dry LDU Climate Station 2 (demo),2023,8760,8585,0.98,COMPLETE,fixture
730824,Hot-Dry LDU Climate Station 3 (demo),2023,8760,8410,0.96,COMPLETE,fixture
730825,Hot-Dry LDU Climate Station 4 (demo),2023,8760,8410,0.96,COMPLETE,fixture
730826,Hot-Dry LDU Climate Station 5 (demo),2023,8760,8234,0.94,COMPLETE,fixture
730827,Hot-Dry LDU Climate Station 6 (demo),2023,8760,8234,0.94,COMPLETE,fixture
730828,Hot-Dry LDU Climate Station 7 (demo),2023,8760,8059,0.92,COMPLETE,fixture
730829,Hot-Dry LDU Climate Station 1 (demo),2023,8760,8059,0.92,COMPLETE,fixture
730830,Hot-Dry LDU Climate Station 2 (demo),2023,8760,7884,0.9,COMPLETE,fixture
730831,Hot-Dry LDU Climate Station 3 (demo),2023,8760,7884,0.9,COMPLETE,fixture
730832,Hot-Dry LDU Climate Station 4 (demo),2023,8760,7709,0.88,INCOMPLETE,fixture
730833,Hot-Dry LDU Climate Station 5 (demo),2023,8760,7534,0.86,INCOMPLETE,fixture
730834,Hot-Dry LDU Climate Station 6 (demo),2023,8760,7534,0.86,INCOMPLETE,fixture
730835,Hot-Dry LDU Climate Station 7 (demo),2023,8760,7358,0.84,INCOMPLETE,fixture
730836,Hot-Dry LDU Climate Station 1 (demo),2023,8760,7358,0.84,INCOMPLETE,fixture
730837,Hot-Dry LDU Climate Station 2 (demo),2023,8760,7183,0.82,INCOMPLETE,fixture
730838,Hot-Dry LDU Climate Station 3 (demo),2023,8760,7183,0.82,INCOMPLETE,fixture
730839,Hot-Dry LDU Climate Station 4 (demo),2023,8760,7008,0.8,INCOMPLETE,fixture
730840,Hot-Dry LDU Climate Station 5 (demo),2023,8760,7008,0.8,INCOMPLETE,fixture
730841,Hot-Dry LDU Climate Station 6 (demo),2023,8760,8672,0.99,COMPLETE,fixture
730842,Hot-Dry LDU Climate Station 7 (demo),2023,8760,8672,0.99,COMPLETE,fixture
730843,Hot-Dry LDU Climate Station 1 (demo),2023,8760,8497,0.97,COMPLETE,fixture
730844,Hot-Dry LDU Climate Station 2 (demo),2023,8760,8497,0.97,COMPLETE,fixture
730845,Hot-Dry LDU Climate Station 3 (demo),2023,8760,8322,0.95,COMPLETE,fixture
730846,Hot-Dry LDU Climate Station 4 (demo),2023,8760,8322,0.95,COMPLETE,fixture
730847,Hot-Dry LDU Climate Station 5 (demo),2023,8760,8147,0.93,COMPLETE,fixture
730848,Hot-Dry LDU Climate Station 6 (demo),2023,8760,8147,0.93,COMPLETE,fixture
730849,Hot-Dry LDU Climate Station 7 (demo),2023,8760,7972,0.91,COMPLETE,fixture
730850,Hot-Dry LDU Climate Station 1 (demo),2023,8760,7972,0.91,COMPLETE,fixture
730851,Hot-Dry LDU Climate Station 2 (demo),2023,8760,7796,0.89,INCOMPLETE,fixture
730852,Hot-Dry LDU Climate Station 3 (demo),2023,8760,7796,0.89,INCOMPLETE,fixture
730853,Hot-Dry LDU Climate Station 4 (demo),2023,8760,7621,0.87,INCOMPLETE,fixture
730854,Hot-Dry LDU Climate Station 5 (demo),2023,8760,7621,0.87,INCOMPLETE,fixture
730855,Hot-Dry LDU Climate Station 6 (demo),2023,8760,7446,0.85,INCOMPLETE,fixture
730856,Hot-Dry LDU Climate Station 7 (demo),2023,8760,7446,0.85,INCOMPLETE,fixture
730857,Hot-Dry LDU Climate Station 1 (demo),2023,8760,7271,0.83,INCOMPLETE,fixture
730858,Hot-Dry LDU Climate Station 2 (demo),2023,8760,7271,0.83,INCOMPLETE,fixture
730859,Hot-Dry LDU Climate Station 3 (demo),2023,8760,7096,0.81,INCOMPLETE,fixture
730860,Hot-Dry LDU Climate Station 4 (demo),2023,8760,7096,0.81,INCOMPLETE,fixture
730861,Hot-Dry LDU Climate Station 5 (demo),2023,8760,8760,1.0,COMPLETE,fixture
730862,Hot-Dry LDU Climate Station 6 (demo),2023,8760,8760,1.0,COMPLETE,fixture
730863,Hot-Dry LDU Climate Station 7 (demo),2023,8760,8585,0.98,COMPLETE,fixture
730864,Hot-Dry LDU Climate Station 1 (demo),2023,8760,8585,0.98,COMPLETE,fixture
730865,Hot-Dry LDU Climate Station 2 (demo),2023,8760,8410,0.96,COMPLETE,fixture
730866,Hot-Dry LDU Climate Station 3 (demo),2023,8760,8410,0.96,COMPLETE,fixture
730867,Hot-Dry LDU Climate Station 4 (demo),2023,8760,8234,0.94,COMPLETE,fixture
730868,Hot-Dry LDU Climate Station 5 (demo),2023,8760,8234,0.94,COMPLETE,fixture
730869,Hot-Dry LDU Climate Station 6 (demo),2023,8760,8059,0.92,COMPLETE,fixture
730870,Hot-Dry LDU Climate Station 7 (demo),2023,8760,7884,0.9,COMPLETE,fixture
730871,Hot-Dry LDU Climate Station 1 (demo),2023,8760,7884,0.9,COMPLETE,fixture
730872,Hot-Dry LDU Climate Station 2 (demo),2023,8760,7709,0.88,INCOMPLETE,fixture
730873,Hot-Dry LDU Climate Station 3 (demo),2023,8760,7709,0.88,INCOMPLETE,fixture
730874,Hot-Dry LDU Climate Station 4 (demo),2023,8760,7534,0.86,INCOMPLETE,fixture
730875,Hot-Dry LDU Climate Station 5 (demo),2023,8760,7534,0.86,INCOMPLETE,fixture
730876,Hot-Dry LDU Climate Station 6 (demo),2023,8760,7358,0.84,INCOMPLETE,fixture
730877,Hot-Dry LDU Climate Station 7 (demo),2023,8760,7358,0.84,INCOMPLETE,fixture
730878,Hot-Dry LDU Climate Station 1 (demo),2023,8760,7183,0.82,INCOMPLETE,fixture
730879,Hot-Dry LDU Climate Station 2 (demo),2023,8760,7183,0.82,INCOMPLETE,fixture
730880,Hot-Dry LDU Climate Station 3 (demo),2023,8760,7008,0.8,INCOMPLETE,fixture
730881,Hot-Dry LDU Climate Station 4 (demo),2023,8760,7008,0.8,INCOMPLETE,fixture
730882,Hot-Dry LDU Climate Station 5 (demo),2023,8760,8672,0.99,COMPLETE,fixture
730883,Hot-Dry LDU Climate Station 6 (demo),2023,8760,8672,0.99,COMPLETE,fixture
730884,Hot-Dry LDU Climate Station 7 (demo),2023,8760,8497,0.97,COMPLETE,fixture
730885,Hot-Dry LDU Climate Station 1 (demo),2023,8760,8497,0.97,COMPLETE,fixture
730886,Hot-Dry LDU Climate Station 2 (demo),2023,8760,8322,0.95,COMPLETE,fixture
730887,Hot-Dry LDU Climate Station 3 (demo),2023,8760,8322,0.95,COMPLETE,fixture
730888,Hot-Dry Suburban Climate Station 4 (demo),2023,8760,8147,0.93,COMPLETE,fixture
730889,Hot-Dry Suburban Climate Station 5 (demo),2023,8760,8147,0.93,COMPLETE,fixture
730890,Hot-Dry Suburban Climate Station 6 (demo),2023,8760,7972,0.91,COMPLETE,fixture
730891,Hot-Dry Suburban Climate Station 7 (demo),2023,8760,7972,0.91,COMPLETE,fixture
730892,Hot-Dry Suburban Climate Station 1 (demo),2023,8760,7796,0.89,INCOMPLETE,fixture
730893,Hot-Dry Suburban Climate Station 2 (demo),2023,8760,7796,0.89,INCOMPLETE,fixture
730894,Hot-Dry Suburban Climate Station 3 (demo),2023,8760,7621,0.87,INCOMPLETE,fixture
730895,Hot-Dry Suburban Climate Station 4 (demo),2023,8760,7621,0.87,INCOMPLETE,fixture
730896,Hot-Dry Suburban Climate Station 5 (demo),2023,8760,7446,0.85,INCOMPLETE,fixture
730897,Hot-Dry Suburban Climate Station 6 (demo),2023,8760,7446,0.85,INCOMPLETE,fixture
730898,Hot-Dry Suburban Climate Station 7 (demo),2023,8760,7271,0.83,INCOMPLETE,fixture
730899,Hot-Dry Suburban Climate Station 1 (demo),2023,8760,7271,0.83,INCOMPLETE,fixture
730900,Hot-Dry Suburban Climate Station 2 (demo),2023,8760,7096,0.81,INCOMPLETE,fixture
730901,Hot-Dry Suburban Climate Station 3 (demo),2023,8760,7096,0.81,INCOMPLETE,fixture
730902,Hot-Dry Suburban Climate Station 4 (demo),2023,8760,8760,1.0,COMPLETE,fixture
730903,Hot-Dry Suburban Climate Station 5 (demo),2023,8760,8760,1.0,COMPLETE,fixture
730904,Hot-Dry Suburban Climate Station 6 (demo),2023,8760,8585,0.98,COMPLETE,fixture
730905,Hot-Dry Suburban Climate Station 7 (demo),2023,8760,8410,0.96,COMPLETE,fixture
730906,Hot-Dry Suburban Climate Station 1 (demo),2023,8760,8410,0.96,COMPLETE,fixture
730907,Hot-Dry Suburban Climate Station 2 (demo),2023,8760,8234,0.94,COMPLETE,fixture
730908,Hot-Dry Suburban Climate Station 3 (demo),2023,8760,8234,0.94,COMPLETE,fixture
730909,Hot-Dry Suburban Climate Station 4 (demo),2023,8760,8059,0.92,COMPLETE,fixture
730910,Hot-Dry Suburban Climate Station 5 (demo),2023,8760,8059,0.92,COMPLETE,fixture
730911,Hot-Dry Suburban Climate Station 6 (demo),2023,8760,7884,0.9,COMPLETE,fixture
730912,Hot-Dry Suburban Climate Station 7 (demo),2023,8760,7884,0.9,COMPLETE,fixture
730913,Hot-Dry Suburban Climate Station 1 (demo),2023,8760,7709,0.88,INCOMPLETE,fixture
730914,Hot-Dry Suburban Climate Station 2 (demo),2023,8760,7709,0.88,INCOMPLETE,fixture
730915,Hot-Dry Suburban Climate Station 3 (demo),2023,8760,7534,0.86,INCOMPLETE,fixture
730916,Hot-Dry Suburban Climate Station 4 (demo),2023,8760,7534,0.86,INCOMPLETE,fixture
730917,Hot-Dry Suburban Climate Station 5 (demo),2023,8760,7358,0.84,INCOMPLETE,fixture
730918,Hot-Dry Suburban Climate Station 6 (demo),2023,8760,7358,0.84,INCOMPLETE,fixture
730919,Hot-Dry Suburban Climate Station 7 (demo),2023,8760,7183,0.82,INCOMPLETE,fixture
730920,Hot-Dry Suburban Climate Station 1 (demo),2023,8760,7183,0.82,INCOMPLETE,fixture
730921,Hot-Dry Suburban Climate Station 2 (demo),2023,8760,7008,0.8,INCOMPLETE,fixture
730922,Hot-Dry Suburban Climate Station 3 (demo),2023,8760,7008,0.8,INCOMPLETE,fixture
730923,Hot-Dry Suburban Climate Station 4 (demo),2023,8760,8672,0.99,COMPLETE,fixture
730924,Hot-Dry Suburban Climate Station 5 (demo),2023,8760,8672,0.99,COMPLETE,fixture
730925,Hot-Dry Suburban Climate Station 6 (demo),2023,8760,8497,0.97,COMPLETE,fixture
730926,Hot-Dry Suburban Climate Station 7 (demo),2023,8760,8497,0.97,COMPLETE,fixture
730927,Hot-Dry Suburban Climate Station 1 (demo),2023,8760,8322,0.95,COMPLETE,fixture
730928,Hot-Dry Suburban Climate Station 2 (demo),2023,8760,8322,0.95,COMPLETE,fixture
730929,Hot-Dry Suburban Climate Station 3 (demo),2023,8760,8147,0.93,COMPLETE,fixture
730930,Hot-Dry Suburban Climate Station 4 (demo),2023,8760,8147,0.93,COMPLETE,fixture
730931,Hot-Dry Suburban Climate Station 5 (demo),2023,8760,7972,0.91,COMPLETE,fixture
730932,Hot-Dry Suburban Climate Station 6 (demo),2023,8760,7972,0.91,COMPLETE,fixture
730933,Hot-Dry Suburban Climate Station 7 (demo),2023,8760,7796,0.89,INCOMPLETE,fixture
730934,Hot-Dry Suburban Climate Station 1 (demo),2023,8760,7796,0.89,INCOMPLETE,fixture
730935,Hot-Dry Suburban Climate Station 2 (demo),2023,8760,7621,0.87,INCOMPLETE,fixture
730936,Hot-Dry Suburban Climate Station 3 (demo),2023,8760,7621,0.87,INCOMPLETE,fixture
730937,Hot-Dry Suburban Climate Station 4 (demo),2023,8760,7446,0.85,INCOMPLETE,fixture
730938,Hot-Dry Suburban Climate Station 5 (demo),2023,8760,7446,0.85,INCOMPLETE,fixture
730939,Hot-Dry Suburban Climate Station 6 (demo),2023,8760,7271,0.83,INCOMPLETE,fixture
730940,Hot-Dry Suburban Climate Station 7 (demo),2023,8760,7271,0.83,INCOMPLETE,fixture
730941,Hot-Dry Suburban Climate Station 1 (demo),2023,8760,7096,0.81,INCOMPLETE,fixture
730942,Hot-Dry Suburban Climate Station 2 (demo),2023,8760,8760,1.0,COMPLETE,fixture
730943,Hot-Dry Suburban Climate Station 3 (demo),2023,8760,8760,1.0,COMPLETE,fixture
730944,Hot-Dry Suburban Climate Station 4 (demo),2023,8760,8585,0.98,COMPLETE,fixture
730945,Hot-Dry Suburban Climate Station 5 (demo),2023,8760,8585,0.98,COMPLETE,fixture
730946,Hot-Dry Suburban Climate Station 6 (demo),2023,8760,8410,0.96,COMPLETE,fixture
730947,Hot-Dry Suburban Climate Station 7 (demo),2023,8760,8410,0.96,COMPLETE,fixture
730948,Hot-Dry Suburban Climate Station 1 (demo),2023,8760,8234,0.94,COMPLETE,fixture
730949,Hot-Dry Suburban Climate Station 2 (demo),2023,8760,8234,0.94,COMPLETE,fixture
730950,Hot-Dry Suburban Climate Station 3 (demo),2023,8760,8059,0.92,COMPLETE,fixture
730951,Hot-Dry Suburban Climate Station 4 (demo),2023,8760,8059,0.92,COMPLETE,fixture
730952,Hot-Dry Suburban Climate Station 5 (demo),2023,8760,7884,0.9,COMPLETE,fixture
730953,Hot-Dry Suburban Climate Station 6 (demo),2023,8760,7884,0.9,COMPLETE,fixture
730954,Hot-Dry Suburban Climate Station 7 (demo),2023,8760,7709,0.88,INCOMPLETE,fixture
730955,Hot-Dry Suburban Climate Station 1 (demo),2023,8760,7709,0.88,INCOMPLETE,fixture
730956,Hot-Dry Suburban Climate Station 2 (demo),2023,8760,7534,0.86,INCOMPLETE,fixture
730957,Hot-Dry Suburban Climate Station 3 (demo),2023,8760,7534,0.86,INCOMPLETE,fixture
730958,Hot-Dry Suburban Climate Station 4 (demo),2023,8760,7358,0.84,INCOMPLETE,fixture
730959,Hot-Dry Suburban Climate Station 5 (demo),2023,8760,7358,0.84,INCOMPLETE,fixture
730960,Hot-Dry Suburban Climate Station 6 (demo),2023,8760,7183,0.82,INCOMPLETE,fixture
730961,Hot-Dry Suburban Climate Station 7 (demo),2023,8760,7183,0.82,INCOMPLETE,fixture
730962,Hot-Dry Suburban Climate Station 1 (demo),2023,8760,7008,0.8,INCOMPLETE,fixture
730963,Hot-Dry Suburban Climate Station 2 (demo),2023,8760,7008,0.8,INCOMPLETE,fixture
730964,Hot-Dry Suburban Climate Station 3 (demo),2023,8760,8672,0.99,COMPLETE,fixture
730965,Hot-Dry Suburban Climate Station 4 (demo),2023,8760,8672,0.99,COMPLETE,fixture
730966,Hot-Dry Suburban Climate Station 5 (demo),2023,8760,8497,0.97,COMPLETE,fixture
730967,Hot-Dry Suburban Climate Station 6 (demo),2023,8760,8497,0.97,COMPLETE,fixture
730968,Hot-Dry Suburban Climate Station 7 (demo),2023,8760,8322,0.95,COMPLETE,fixture
730969,Hot-Dry Suburban Climate Station 1 (demo),2023,8760,8322,0.95,COMPLETE,fixture
730970,Hot-Dry Suburban Climate Station 2 (demo),2023,8760,8147,0.93,COMPLETE,fixture
730971,Hot-Dry Suburban Climate Station 3 (demo),2023,8760,8147,0.93,COMPLETE,fixture
730972,Hot-Dry Suburban Climate Station 4 (demo),2023,8760,7972,0.91,COMPLETE,fixture
730973,Hot-Dry Suburban Climate Station 5 (demo),2023,8760,7972,0.91,COMPLETE,fixture
730974,Hot-Dry Suburban Climate Station 6 (demo),2023,8760,7796,0.89,INCOMPLETE,fixture
730975,Hot-Dry Suburban Climate Station 7 (demo),2023,8760,7796,0.89,INCOMPLETE,fixture
730976,Hot-Dry Suburban Climate Station 1 (demo),2023,8760,7621,0.87,INCOMPLETE,fixture
730977,Hot-Dry Suburban Climate Station 2 (demo),2023,8760,7446,0.85,INCOMPLETE,fixture
730978,Hot-Dry Suburban Climate Station 3 (demo),2023,8760,7446,0.85,INCOMPLETE,fixture
730979,Hot-Dry Suburban Climate Station 4 (demo),2023,8760,7271,0.83,INCOMPLETE,fixture
730980,Hot-Dry Suburban Climate Station 5 (demo),2023,8760,7271,0.83,INCOMPLETE,fixture
730981,Hot-Dry Suburban Climate Station 6 (demo),2023,8760,7096,0.81,INCOMPLETE,fixture
730982,Hot-Dry Suburban Climate Station 7 (demo),2023,8760,7096,0.81,INCOMPLETE,fixture
730983,Hot-Dry Suburban Climate Station 1 (demo),2023,8760,8760,1.0,COMPLETE,fixture
730984,Hot-Dry Suburban Climate Station 2 (demo),2023,8760,8760,1.0,COMPLETE,fixture
730985,Hot-Dry Suburban Climate Station 3 (demo),2023,8760,8585,0.98,COMPLETE,fixture
730986,Hot-Dry Suburban Climate Station 4 (demo),2023,8760,8585,0.98,COMPLETE,fixture
730987,Hot-Dry Suburban Climate Station 5 (demo),2023,8760,8410,0.96,COMPLETE,fixture
730988,Hot-Dry Suburban Climate Station 6 (demo),2023,8760,8410,0.96,COMPLETE,fixture
730989,Hot-Dry Suburban Climate Station 7 (demo),2023,8760,8234,0.94,COMPLETE,fixture
730990,Hot-Dry Suburban Climate Station 1 (demo),2023,8760,8234,0.94,COMPLETE,fixture
730991,Hot-Dry Suburban Climate Station 2 (demo),2023,8760,8059,0.92,COMPLETE,fixture
730992,Hot-Dry Suburban Climate Station 3 (demo),2023,8760,8059,0.92,COMPLETE,fixture
730993,Hot-Dry Suburban Climate Station 4 (demo),2023,8760,7884,0.9,COMPLETE,fixture
730994,Hot-Dry Suburban Climate Station 5 (demo),2023,8760,7884,0.9,COMPLETE,fixture
730995,Hot-Dry Suburban Climate Station 6 (demo),2023,8760,7709,0.88,INCOMPLETE,fixture
730996,Hot-Dry Suburban Climate Station 7 (demo),2023,8760,7709,0.88,INCOMPLETE,fixture
730997,Hot-Dry Suburban Climate Station 1 (demo),2023,8760,7534,0.86,INCOMPLETE,fixture
730998,Hot-Dry Suburban Climate Station 2 (demo),2023,8760,7534,0.86,INCOMPLETE,fixture
730999,Hot-Dry Suburban Climate Station 3 (demo),2023,8760,7358,0.84,INCOMPLETE,fixture
731000,Hot-Dry Suburban Climate Station 4 (demo),2023,8760,7358,0.84,INCOMPLETE,fixture
731001,Hot-Dry Suburban Climate Station 5 (demo),2023,8760,7183,0.82,INCOMPLETE,fixture
731002,Hot-Dry Suburban Climate Station 6 (demo),2023,8760,7183,0.82,INCOMPLETE,fixture
731003,Hot-Dry Suburban Climate Station 7 (demo),2023,8760,7008,0.8,INCOMPLETE,fixture
731004,Hot-Dry Suburban Climate Station 1 (demo),2023,8760,7008,0.8,INCOMPLETE,fixture
731005,Hot-Dry Suburban Climate Station 2 (demo),2023,8760,8672,0.99,COMPLETE,fixture
731006,Hot-Dry Suburban Climate Station 3 (demo),2023,8760,8672,0.99,COMPLETE,fixture
731007,Hot-Dry Suburban Climate Station 4 (demo),2023,8760,8497,0.97,COMPLETE,fixture
731008,Hot-Dry Suburban Climate Station 5 (demo),2023,8760,8497,0.97,COMPLETE,fixture
731009,Hot-Dry Suburban Climate Station 6 (demo),2023,8760,8322,0.95,COMPLETE,fixture
731010,Hot-Dry Suburban Climate Station 7 (demo),2023,8760,8322,0.95,COMPLETE,fixture
731011,Hot-Dry Suburban Climate Station 1 (demo),2023,8760,8147,0.93,COMPLETE,fixture
731012,Hot-Dry Suburban Climate Station 2 (demo),2023,8760,8147,0.93,COMPLETE,fixture
731013,Hot-Dry Suburban Climate Station 3 (demo),2023,8760,7972,0.91,COMPLETE,fixture
731014,Hot-Dry Suburban Climate Station 4 (demo),2023,8760,7796,0.89,INCOMPLETE,fixture
731015,Hot-Dry Suburban Climate Station 5 (demo),2023,8760,7796,0.89,INCOMPLETE,fixture
731016,Hot-Dry Suburban Climate Station 6 (demo),2023,8760,7621,0.87,INCOMPLETE,fixture
731017,Hot-Dry Suburban Climate Station 7 (demo),2023,8760,7621,0.87,INCOMPLETE,fixture
731018,Hot-Dry Suburban Climate Station 1 (demo),2023,8760,7446,0.85,INCOMPLETE,fixture
731019,Hot-Dry Suburban Climate Station 2 (demo),2023,8760,7446,0.85,INCOMPLETE,fixture
731020,Hot-Dry Suburban Climate Station 3 (demo),2023,8760,7271,0.83,INCOMPLETE,fixture
731021,Hot-Dry Suburban Climate Station 4 (demo),2023,8760,7271,0.83,INCOMPLETE,fixture
731022,Hot-Dry Suburban Climate Station 5 (demo),2023,8760,7096,0.81,INCOMPLETE,fixture
731023,Hot-Dry Suburban Climate Station 6 (demo),2023,8760,7096,0.81,INCOMPLETE,fixture
731024,Hot-Dry Suburban Climate Station 7 (demo),2023,8760,8760,1.0,COMPLETE,fixture
731025,Hot-Dry Suburban Climate Station 1 (demo),2023,8760,8760,1.0,COMPLETE,fixture
731026,Hot-Dry Suburban Climate Station 2 (demo),2023,8760,8585,0.98,COMPLETE,fixture
731027,Hot-Dry Suburban Climate Station 3 (demo),2023,8760,8585,0.98,COMPLETE,fixture
731028,Hot-Dry Suburban Climate Station 4 (demo),2023,8760,8410,0.96,COMPLETE,fixture
731029,Hot-Dry Suburban Climate Station 5 (demo),2023,8760,8410,0.96,COMPLETE,fixture
731030,Hot-Dry Suburban Climate Station 6 (demo),2023,8760,8234,0.94,COMPLETE,fixture
731031,Hot-Dry Suburban Climate Station 7 (demo),2023,8760,8234,0.94,COMPLETE,fixture
731032,Hot-Dry Suburban Climate Station 1 (demo),2023,8760,8059,0.92,COMPLETE,fixture
731033,Hot-Dry Suburban Climate Station 2 (demo),2023,8760,8059,0.92,COMPLETE,fixture
731034,Hot-Dry Suburban Climate Station 3 (demo),2023,8760,7884,0.9,COMPLETE,fixture
731035,Hot-Dry Suburban Climate Station 4 (demo),2023,8760,7884,0.9,COMPLETE,fixture
731036,Hot-Dry Rural Climate Station 5 (demo),2023,8760,7709,0.88,INCOMPLETE,fixture
731037,Hot-Dry Rural Climate Station 6 (demo),2023,8760,7709,0.88,INCOMPLETE,fixture
731038,Hot-Dry Rural Climate Station 7 (demo),2023,8760,7534,0.86,INCOMPLETE,fixture
731039,Hot-Dry Rural Climate Station 1 (demo),2023,8760,7534,0.86,INCOMPLETE,fixture
731040,Hot-Dry Rural Climate Station 2 (demo),2023,8760,7358,0.84,INCOMPLETE,fixture
731041,Hot-Dry Rural Climate Station 3 (demo),2023,8760,7358,0.84,INCOMPLETE,fixture
731042,Hot-Dry Rural Climate Station 4 (demo),2023,8760,7183,0.82,INCOMPLETE,fixture
731043,Hot-Dry Rural Climate Station 5 (demo),2023,8760,7183,0.82,INCOMPLETE,fixture
731044,Hot-Dry Rural Climate Station 6 (demo),2023,8760,7008,0.8,INCOMPLETE,fixture
731045,Hot-Dry Rural Climate Station 7 (demo),2023,8760,7008,0.8,INCOMPLETE,fixture
731046,Hot-Dry Rural Climate Station 1 (demo),2023,8760,8672,0.99,COMPLETE,fixture
731047,Hot-Dry Rural Climate Station 2 (demo),2023,8760,8672,0.99,COMPLETE,fixture
731048,Hot-Dry Rural Climate Station 3 (demo),2023,8760,8497,0.97,COMPLETE,fixture
731049,Hot-Dry Rural Climate Station 4 (demo),2023,8760,8322,0.95,COMPLETE,fixture
731050,Hot-Dry Rural Climate Station 5 (demo),2023,8760,8322,0.95,COMPLETE,fixture
731051,Hot-Dry Rural Climate Station 6 (demo),2023,8760,8147,0.93,COMPLETE,fixture
731052,Hot-Dry Rural Climate Station 7 (demo),2023,8760,8147,0.93,COMPLETE,fixture
731053,Hot-Dry Rural Climate Station 1 (demo),2023,8760,7972,0.91,COMPLETE,fixture
731054,Hot-Dry Rural Climate Station 2 (demo),2023,8760,7972,0.91,COMPLETE,fixture
731055,Hot-Dry Rural Climate Station 3 (demo),2023,8760,7796,0.89,INCOMPLETE,fixture
731056,Hot-Dry Rural Climate Station 4 (demo),2023,8760,7796,0.89,INCOMPLETE,fixture
731057,Hot-Dry Rural Climate Station 5 (demo),2023,8760,7621,0.87,INCOMPLETE,fixture
731058,Hot-Dry Rural Climate Station 6 (demo),2023,8760,7621,0.87,INCOMPLETE,fixture
731059,Hot-Dry Rural Climate Station 7 (demo),2023,8760,7446,0.85,INCOMPLETE,fixture
731060,Hot-Dry Rural Climate Station 1 (demo),2023,8760,7446,0.85,INCOMPLETE,fixture
731061,Hot-Dry Rural Climate Station 2 (demo),2023,8760,7271,0.83,INCOMPLETE,fixture
731062,Hot-Dry Rural Climate Station 3 (demo),2023,8760,7271,0.83,INCOMPLETE,fixture
731063,Hot-Dry Rural Climate Station 4 (demo),2023,8760,7096,0.81,INCOMPLETE,fixture
731064,Hot-Dry Rural Climate Station 5 (demo),2023,8760,7096,0.81,INCOMPLETE,fixture
731065,Hot-Dry Rural Climate Station 6 (demo),2023,8760,8760,1.0,COMPLETE,fixture
731066,Hot-Dry Rural Climate Station 7 (demo),2023,8760,8760,1.0,COMPLETE,fixture
731067,Hot-Dry Rural Climate Station 1 (demo),2023,8760,8585,0.98,COMPLETE,fixture
731068,Hot-Dry Rural Climate Station 2 (demo),2023,8760,8585,0.98,COMPLETE,fixture
731069,Hot-Dry Rural Climate Station 3 (demo),2023,8760,8410,0.96,COMPLETE,fixture
731070,Hot-Dry Rural Climate Station 4 (demo),2023,8760,8410,0.96,COMPLETE,fixture
731071,Hot-Dry Rural Climate Station 5 (demo),2023,8760,8234,0.94,COMPLETE,fixture
731072,Hot-Dry Rural Climate Station 6 (demo),2023,8760,8234,0.94,COMPLETE,fixture
731073,Hot-Dry Rural Climate Station 7 (demo),2023,8760,8059,0.92,COMPLETE,fixture
731074,Hot-Dry Rural Climate Station 1 (demo),2023,8760,8059,0.92,COMPLETE,fixture
731075,Hot-Dry Rural Climate Station 2 (demo),2023,8760,7884,0.9,COMPLETE,fixture
731076,Hot-Dry Rural Climate Station 3 (demo),2023,8760,7884,0.9,COMPLETE,fixture
731077,Hot-Dry Rural Climate Station 4 (demo),2023,8760,7709,0.88,INCOMPLETE,fixture
731078,Hot-Dry Rural Climate Station 5 (demo),2023,8760,7709,0.88,INCOMPLETE,fixture
731079,Hot-Dry Rural Climate Station 6 (demo),2023,8760,7534,0.86,INCOMPLETE,fixture
731080,Hot-Dry Rural Climate Station 7 (demo),2023,8760,7534,0.86,INCOMPLETE,fixture
731081,Hot-Dry Rural Climate Station 1 (demo),2023,8760,7358,0.84,INCOMPLETE,fixture
731082,Hot-Dry Rural Climate Station 2 (demo),2023,8760,7358,0.84,INCOMPLETE,fixture
731083,Hot-Dry Rural Climate Station 3 (demo),2023,8760,7183,0.82,INCOMPLETE,fixture
731084,Hot-Dry Rural Climate Station 4 (demo),2023,8760,7183,0.82,INCOMPLETE,fixture
731085,Hot-Dry Rural Climate Station 5 (demo),2023,8760,7008,0.8,INCOMPLETE,fixture
731086,Hot-Dry Rural Climate Station 6 (demo),2023,8760,8672,0.99,COMPLETE,fixture
731087,Hot-Dry Rural Climate Station 7 (demo),2023,8760,8672,0.99,COMPLETE,fixture
731088,Hot-Dry Rural Climate Station 1 (demo),2023,8760,8497,0.97,COMPLETE,fixture
731089,Hot-Dry Rural Climate Station 2 (demo),2023,8760,8497,0.97,COMPLETE,fixture
731090,Hot-Dry Rural Climate Station 3 (demo),2023,8760,8322,0.95,COMPLETE,fixture
731091,Hot-Dry Rural Climate Station 4 (demo),2023,8760,8322,0.95,COMPLETE,fixture
731092,Hot-Dry Rural Climate Station 5 (demo),2023,8760,8147,0.93,COMPLETE,fixture
731093,Hot-Dry Rural Climate Station 6 (demo),2023,8760,8147,0.93,COMPLETE,fixture
731094,Hot-Dry Rural Climate Station 7 (demo),2023,8760,7972,0.91,COMPLETE,fixture
731095,Hot-Dry Rural Climate Station 1 (demo),2023,8760,7972,0.91,COMPLETE,fixture
731096,Hot-Dry Rural Climate Station 2 (demo),2023,8760,7796,0.89,INCOMPLETE,fixture
731097,Hot-Dry Rural Climate Station 3 (demo),2023,8760,7796,0.89,INCOMPLETE,fixture
731098,Hot-Dry Rural Climate Station 4 (demo),2023,8760,7621,0.87,INCOMPLETE,fixture
731099,Hot-Dry Rural Climate Station 5 (demo),2023,8760,7621,0.87,INCOMPLETE,fixture
731100,Hot-Dry Rural Climate Station 6 (demo),2023,8760,7446,0.85,INCOMPLETE,fixture
731101,Hot-Dry Rural Climate Station 7 (demo),2023,8760,7446,0.85,INCOMPLETE,fixture
731102,Hot-Dry Rural Climate Station 1 (demo),2023,8760,7271,0.83,INCOMPLETE,fixture
731103,Hot-Dry Rural Climate Station 2 (demo),2023,8760,7271,0.83,INCOMPLETE,fixture
731104,Hot-Dry Rural Climate Station 3 (demo),2023,8760,7096,0.81,INCOMPLETE,fixture
731105,Hot-Dry Rural Climate Station 4 (demo),2023,8760,7096,0.81,INCOMPLETE,fixture
731106,Hot-Dry Rural Climate Station 5 (demo),2023,8760,8760,1.0,COMPLETE,fixture
731107,Hot-Dry Rural Climate Station 6 (demo),2023,8760,8760,1.0,COMPLETE,fixture
731108,Hot-Dry Rural Climate Station 7 (demo),2023,8760,8585,0.98,COMPLETE,fixture
731109,Hot-Dry Rural Climate Station 1 (demo),2023,8760,8585,0.98,COMPLETE,fixture
731110,Hot-Dry Rural Climate Station 2 (demo),2023,8760,8410,0.96,COMPLETE,fixture
731111,Hot-Dry Rural Climate Station 3 (demo),2023,8760,8410,0.96,COMPLETE,fixture
731112,Hot-Dry Rural Climate Station 4 (demo),2023,8760,8234,0.94,COMPLETE,fixture
731113,Hot-Dry Rural Climate Station 5 (demo),2023,8760,8234,0.94,COMPLETE,fixture
731114,Hot-Dry Rural Climate Station 6 (demo),2023,8760,8059,0.92,COMPLETE,fixture
731115,Hot-Dry Rural Climate Station 7 (demo),2023,8760,8059,0.92,COMPLETE,fixture
731116,Hot-Dry Rural Climate Station 1 (demo),2023,8760,7884,0.9,COMPLETE,fixture
731117,Hot-Dry Rural Climate Station 2 (demo),2023,8760,7884,0.9,COMPLETE,fixture
731118,Hot-Dry Rural Climate Station 3 (demo),2023,8760,7709,0.88,INCOMPLETE,fixture
731119,Hot-Dry Rural Climate Station 4 (demo),2023,8760,7709,0.88,INCOMPLETE,fixture
731120,Hot-Dry Rural Climate Station 5 (demo),2023,8760,7534,0.86,INCOMPLETE,fixture
731121,Hot-Dry Rural Climate Station 6 (demo),2023,8760,7358,0.84,INCOMPLETE,fixture
731122,Hot-Dry Rural Climate Station 7 (demo),2023,8760,7358,0.84,INCOMPLETE,fixture
731123,Hot-Dry Rural Climate Station 1 (demo),2023,8760,7183,0.82,INCOMPLETE,fixture
731124,Hot-Dry Rural Climate Station 2 (demo),2023,8760,7183,0.82,INCOMPLETE,fixture
731125,Hot-Dry Rural Climate Station 3 (demo),2023,8760,7008,0.8,INCOMPLETE,fixture
731126,Hot-Dry Rural Climate Station 4 (demo),2023,8760,7008,0.8,INCOMPLETE,fixture
731127,Hot-Dry Rural Climate Station 5 (demo),2023,8760,8672,0.99,COMPLETE,fixture
731128,Hot-Dry Rural Climate Station 6 (demo),2023,8760,8672,0.99,COMPLETE,fixture
731129,Hot-Dry Rural Climate Station 7 (demo),2023,8760,8497,0.97,COMPLETE,fixture
731130,Hot-Dry Rural Climate Station 1 (demo),2023,8760,8497,0.97,COMPLETE,fixture
731131,Hot-Dry Rural Climate Station 2 (demo),2023,8760,8322,0.95,COMPLETE,fixture
731132,Hot-Dry Rural Climate Station 3 (demo),2023,8760,8322,0.95,COMPLETE,fixture
731133,Hot-Dry Rural Climate Station 4 (demo),2023,8760,8147,0.93,COMPLETE,fixture
731134,Hot-Dry Rural Climate Station 5 (demo),2023,8760,8147,0.93,COMPLETE,fixture
731135,Hot-Dry Rural Climate Station 6 (demo),2023,8760,7972,0.91,COMPLETE,fixture
731136,Hot-Dry Rural Climate Station 7 (demo),2023,8760,7972,0.91,COMPLETE,fixture
731137,Hot-Dry Rural Climate Station 1 (demo),2023,8760,7796,0.89,INCOMPLETE,fixture
731138,Hot-Dry Rural Climate Station 2 (demo),2023,8760,7796,0.89,INCOMPLETE,fixture
731139,Hot-Dry Rural Climate Station 3 (demo),2023,8760,7621,0.87,INCOMPLETE,fixture
731140,Hot-Dry Rural Climate Station 4 (demo),2023,8760,7621,0.87,INCOMPLETE,fixture
731141,Hot-Dry Rural Climate Station 5 (demo),2023,8760,7446,0.85,INCOMPLETE,fixture
731142,Hot-Dry Rural Climate Station 6 (demo),2023,8760,7446,0.85,INCOMPLETE,fixture
731143,Hot-Dry Rural Climate Station 7 (demo),2023,8760,7271,0.83,INCOMPLETE,fixture
731144,Hot-Dry Rural Climate Station 1 (demo),2023,8760,7271,0.83,INCOMPLETE,fixture
731145,Hot-Dry Rural Climate Station 2 (demo),2023,8760,7096,0.81,INCOMPLETE,fixture
731146,Hot-Dry Rural Climate Station 3 (demo),2023,8760,7096,0.81,INCOMPLETE,fixture
731147,Hot-Dry Rural Climate Station 4 (demo),2023,8760,8760,1.0,COMPLETE,fixture
731148,Hot-Dry Rural Climate Station 5 (demo),2023,8760,8760,1.0,COMPLETE,fixture
731149,Hot-Dry Rural Climate Station 6 (demo),2023,8760,8585,0.98,COMPLETE,fixture
731150,Hot-Dry Rural Climate Station 7 (demo),2023,8760,8585,0.98,COMPLETE,fixture
731151,Hot-Dry Rural Climate Station 1 (demo),2023,8760,8410,0.96,COMPLETE,fixture
731152,Hot-Dry Rural Climate Station 2 (demo),2023,8760,8410,0.96,COMPLETE,fixture
731153,Hot-Dry Rural Climate Station 3 (demo),2023,8760,8234,0.94,COMPLETE,fixture
731154,Hot-Dry Rural Climate Station 4 (demo),2023,8760,8234,0.94,COMPLETE,fixture
731155,Hot-Dry Rural Climate Station 5 (demo),2023,8760,8059,0.92,COMPLETE,fixture
731156,Hot-Dry Rural Climate Station 6 (demo),2023,8760,8059,0.92,COMPLETE,fixture
731157,Hot-Dry Rural Climate Station 7 (demo),2023,8760,7884,0.9,COMPLETE,fixture
731158,Hot-Dry Rural Climate Station 1 (demo),2023,8760,7709,0.88,INCOMPLETE,fixture
731159,Hot-Dry Rural Climate Station 2 (demo),2023,8760,7709,0.88,INCOMPLETE,fixture
731160,Hot-Dry Rural Climate Station 3 (demo),2023,8760,7534,0.86,INCOMPLETE,fixture
731161,Hot-Dry Rural Climate Station 4 (demo),2023,8760,7534,0.86,INCOMPLETE,fixture
731162,Hot-Dry Rural Climate Station 5 (demo),2023,8760,7358,0.84,INCOMPLETE,fixture
731163,Hot-Dry Rural Climate Station 6 (demo),2023,8760,7358,0.84,INCOMPLETE,fixture
731164,Hot-Dry Rural Climate Station 7 (demo),2023,8760,7183,0.82,INCOMPLETE,fixture
731165,Hot-Dry Rural Climate Station 1 (demo),2023,8760,7183,0.82,INCOMPLETE,fixture
731166,Hot-Dry Rural Climate Station 2 (demo),2023,8760,7008,0.8,INCOMPLETE,fixture
731167,Hot-Dry Rural Climate Station 3 (demo),2023,8760,7008,0.8,INCOMPLETE,fixture
731168,Hot-Dry Rural Climate Station 4 (demo),2023,8760,8672,0.99,COMPLETE,fixture
731169,Hot-Dry Rural Climate Station 5 (demo),2023,8760,8672,0.99,COMPLETE,fixture
731170,Hot-Dry Rural Climate Station 6 (demo),2023,8760,8497,0.97,COMPLETE,fixture
731171,Hot-Dry Rural Climate Station 7 (demo),2023,8760,8497,0.97,COMPLETE,fixture
731172,Hot-Dry Rural Climate Station 1 (demo),2023,8760,8322,0.95,COMPLETE,fixture
731173,Hot-Dry Rural Climate Station 2 (demo),2023,8760,8322,0.95,COMPLETE,fixture
731174,Hot-Dry Rural Climate Station 3 (demo),2023,8760,8147,0.93,COMPLETE,fixture
731175,Hot-Dry Rural Climate Station 4 (demo),2023,8760,8147,0.93,COMPLETE,fixture
731176,Hot-Dry Rural Climate Station 5 (demo),2023,8760,7972,0.91,COMPLETE,fixture
731177,Hot-Dry Rural Climate Station 6 (demo),2023,8760,7972,0.91,COMPLETE,fixture
731178,Hot-Dry Rural Climate Station 7 (demo),2023,8760,7796,0.89,INCOMPLETE,fixture
731179,Hot-Dry Rural Climate Station 1 (demo),2023,8760,7796,0.89,INCOMPLETE,fixture
731180,Hot-Dry Rural Climate Station 2 (demo),2023,8760,7621,0.87,INCOMPLETE,fixture
731181,Hot-Dry Rural Climate Station 3 (demo),2023,8760,7621,0.87,INCOMPLETE,fixture
731182,Hot-Dry Rural Climate Station 4 (demo),2023,8760,7446,0.85,INCOMPLETE,fixture
731183,Hot-Dry Rural Climate Station 5 (demo),2023,8760,7446,0.85,INCOMPLETE,fixture
731184,Hot-Humid HDU Climate Station 6 (demo),2023,8760,7271,0.83,INCOMPLETE,fixture
731185,Hot-Humid HDU Climate Station 7 (demo),2023,8760,7271,0.83,INCOMPLETE,fixture
731186,Hot-Humid HDU Climate Station 1 (demo),2023,8760,7096,0.81,INCOMPLETE,fixture
731187,Hot-Humid HDU Climate Station 2 (demo),2023,8760,7096,0.81,INCOMPLETE,fixture
731188,Hot-Humid HDU Climate Station 3 (demo),2023,8760,8760,1.0,COMPLETE,fixture
731189,Hot-Humid HDU Climate Station 4 (demo),2023,8760,8760,1.0,COMPLETE,fixture
731190,Hot-Humid HDU Climate Station 5 (demo),2023,8760,8585,0.98,COMPLETE,fixture
731191,Hot-Humid HDU Climate Station 6 (demo),2023,8760,8585,0.98,COMPLETE,fixture
731192,Hot-Humid HDU Climate Station 7 (demo),2023,8760,8410,0.96,COMPLETE,fixture
731193,Hot-Humid HDU Climate Station 1 (demo),2023,8760,8234,0.94,COMPLETE,fixture
731194,Hot-Humid HDU Climate Station 2 (demo),2023,8760,8234,0.94,COMPLETE,fixture
731195,Hot-Humid HDU Climate Station 3 (demo),2023,8760,8059,0.92,COMPLETE,fixture
731196,Hot-Humid HDU Climate Station 4 (demo),2023,8760,8059,0.92,COMPLETE,fixture
731197,Hot-Humid HDU Climate Station 5 (demo),2023,8760,7884,0.9,COMPLETE,fixture
731198,Hot-Humid HDU Climate Station 6 (demo),2023,8760,7884,0.9,COMPLETE,fixture
731199,Hot-Humid HDU Climate Station 7 (demo),2023,8760,7709,0.88,INCOMPLETE,fixture
731200,Hot-Humid HDU Climate Station 1 (demo),2023,8760,7709,0.88,INCOMPLETE,fixture
731201,Hot-Humid HDU Climate Station 2 (demo),2023,8760,7534,0.86,INCOMPLETE,fixture
731202,Hot-Humid HDU Climate Station 3 (demo),2023,8760,7534,0.86,INCOMPLETE,fixture
731203,Hot-Humid HDU Climate Station 4 (demo),2023,8760,7358,0.84,INCOMPLETE,fixture
731204,Hot-Humid HDU Climate Station 5 (demo),2023,8760,7358,0.84,INCOMPLETE,fixture
731205,Hot-Humid HDU Climate Station 6 (demo),2023,8760,7183,0.82,INCOMPLETE,fixture
731206,Hot-Humid HDU Climate Station 7 (demo),2023,8760,7183,0.82,INCOMPLETE,fixture
731207,Hot-Humid HDU Climate Station 1 (demo),2023,8760,7008,0.8,INCOMPLETE,fixture
731208,Hot-Humid HDU Climate Station 2 (demo),2023,8760,7008,0.8,INCOMPLETE,fixture
731209,Hot-Humid HDU Climate Station 3 (demo),2023,8760,8672,0.99,COMPLETE,fixture
731210,Hot-Humid HDU Climate Station 4 (demo),2023,8760,8672,0.99,COMPLETE,fixture
731211,Hot-Humid HDU Climate Station 5 (demo),2023,8760,8497,0.97,COMPLETE,fixture
731212,Hot-Humid HDU Climate Station 6 (demo),2023,8760,8497,0.97,COMPLETE,fixture
731213,Hot-Humid HDU Climate Station 7 (demo),2023,8760,8322,0.95,COMPLETE,fixture
731214,Hot-Humid HDU Climate Station 1 (demo),2023,8760,8322,0.95,COMPLETE,fixture
731215,Hot-Humid HDU Climate Station 2 (demo),2023,8760,8147,0.93,COMPLETE,fixture
731216,Hot-Humid HDU Climate Station 3 (demo),2023,8760,8147,0.93,COMPLETE,fixture
731217,Hot-Humid HDU Climate Station 4 (demo),2023,8760,7972,0.91,COMPLETE,fixture
731218,Hot-Humid HDU Climate Station 5 (demo),2023,8760,7972,0.91,COMPLETE,fixture
731219,Hot-Humid HDU Climate Station 6 (demo),2023,8760,7796,0.89,INCOMPLETE,fixture
731220,Hot-Humid HDU Climate Station 7 (demo),2023,8760,7796,0.89,INCOMPLETE,fixture
731221,Hot-Humid HDU Climate Station 1 (demo),2023,8760,7621,0.87,INCOMPLETE,fixture
731222,Hot-Humid HDU Climate Station 2 (demo),2023,8760,7621,0.87,INCOMPLETE,fixture
731223,Hot-Humid HDU Climate Station 3 (demo),2023,8760,7446,0.85,INCOMPLETE,fixture
731224,Hot-Humid HDU Climate Station 4 (demo),2023,8760,7446,0.85,INCOMPLETE,fixture
731225,Hot-Humid HDU Climate Station 5 (demo),2023,8760,7271,0.83,INCOMPLETE,fixture
731226,Hot-Humid HDU Climate Station 6 (demo),2023,8760,7271,0.83,INCOMPLETE,fixture
731227,Hot-Humid HDU Climate Station 7 (demo),2023,8760,7096,0.81,INCOMPLETE,fixture
731228,Hot-Humid HDU Climate Station 1 (demo),2023,8760,7096,0.81,INCOMPLETE,fixture
731229,Hot-Humid HDU Climate Station 2 (demo),2023,8760,8760,1.0,COMPLETE,fixture
731230,Hot-Humid HDU Climate Station 3 (demo),2023,8760,8585,0.98,COMPLETE,fixture
731231,Hot-Humid HDU Climate Station 4 (demo),2023,8760,8585,0.98,COMPLETE,fixture
731232,Hot-Humid HDU Climate Station 5 (demo),2023,8760,8410,0.96,COMPLETE,fixture
731233,Hot-Humid HDU Climate Station 6 (demo),2023,8760,8410,0.96,COMPLETE,fixture
731234,Hot-Humid HDU Climate Station 7 (demo),2023,8760,8234,0.94,COMPLETE,fixture
731235,Hot-Humid HDU Climate Station 1 (demo),2023,8760,8234,0.94,COMPLETE,fixture
731236,Hot-Humid HDU Climate Station 2 (demo),2023,8760,8059,0.92,COMPLETE,fixture
731237,Hot-Humid HDU Climate Station 3 (demo),2023,8760,8059,0.92,COMPLETE,fixture
731238,Hot-Humid HDU Climate Station 4 (demo),2023,8760,7884,0.9,COMPLETE,fixture
731239,Hot-Humid HDU Climate Station 5 (demo),2023,8760,7884,0.9,COMPLETE,fixture
731240,Hot-Humid HDU Climate Station 6 (demo),2023,8760,7709,0.88,INCOMPLETE,fixture
731241,Hot-Humid HDU Climate Station 7 (demo),2023,8760,7709,0.88,INCOMPLETE,fixture
731242,Hot-Humid HDU Climate Station 1 (demo),2023,8760,7534,0.86,INCOMPLETE,fixture
731243,Hot-Humid HDU Climate Station 2 (demo),2023,8760,7534,0.86,INCOMPLETE,fixture
731244,Hot-Humid HDU Climate Station 3 (demo),2023,8760,7358,0.84,INCOMPLETE,fixture
731245,Hot-Humid HDU Climate Station 4 (demo),2023,8760,7358,0.84,INCOMPLETE,fixture
731246,Hot-Humid HDU Climate Station 5 (demo),2023,8760,7183,0.82,INCOMPLETE,fixture
731247,Hot-Humid HDU Climate Station 6 (demo),2023,8760,7183,0.82,INCOMPLETE,fixture
731248,Hot-Humid HDU Climate Station 7 (demo),2023,8760,7008,0.8,INCOMPLETE,fixture
731249,Hot-Humid HDU Climate Station 1 (demo),2023,8760,7008,0.8,INCOMPLETE,fixture
731250,Hot-Humid HDU Climate Station 2 (demo),2023,8760,8672,0.99,COMPLETE,fixture
731251,Hot-Humid HDU Climate Station 3 (demo),2023,8760,8672,0.99,COMPLETE,fixture
731252,Hot-Humid HDU Climate Station 4 (demo),2023,8760,8497,0.97,COMPLETE,fixture
731253,Hot-Humid HDU Climate Station 5 (demo),2023,8760,8497,0.97,COMPLETE,fixture
731254,Hot-Humid HDU Climate Station 6 (demo),2023,8760,8322,0.95,COMPLETE,fixture
731255,Hot-Humid HDU Climate Station 7 (demo),2023,8760,8322,0.95,COMPLETE,fixture
731256,Hot-Humid HDU Climate Station 1 (demo),2023,8760,8147,0.93,COMPLETE,fixture
731257,Hot-Humid HDU Climate Station 2 (demo),2023,8760,8147,0.93,COMPLETE,fixture
731258,Hot-Humid HDU Climate Station 3 (demo),2023,8760,7972,0.91,COMPLETE,fixture
731259,Hot-Humid HDU Climate Station 4 (demo),2023,8760,7972,0.91,COMPLETE,fixture
731260,Hot-Humid HDU Climate Station 5 (demo),2023,8760,7796,0.89,INCOMPLETE,fixture
731261,Hot-Humid HDU Climate Station 6 (demo),2023,8760,7796,0.89,INCOMPLETE,fixture
731262,Hot-Humid HDU Climate Station 7 (demo),2023,8760,7621,0.87,INCOMPLETE,fixture
731263,Hot-Humid HDU Climate Station 1 (demo),2023,8760,7621,0.87,INCOMPLETE,fixture
731264,Hot-Humid HDU Climate Station 2 (demo),2023,8760,7446,0.85,INCOMPLETE,fixture
731265,Hot-Humid HDU Climate Station 3 (demo),2023,8760,7446,0.85,INCOMPLETE,fixture
731266,Hot-Humid HDU Climate Station 4 (demo),2023,8760,7271,0.83,INCOMPLETE,fixture
731267,Hot-Humid HDU Climate Station 5 (demo),2023,8760,7096,0.81,INCOMPLETE,fixture
731268,Hot-Humid HDU Climate Station 6 (demo),2023,8760,7096,0.81,INCOMPLETE,fixture
731269,Hot-Humid HDU Climate Station 7 (demo),2023,8760,8760,1.0,COMPLETE,fixture
731270,Hot-Humid HDU Climate Station 1 (demo),2023,8760,8760,1.0,COMPLETE,fixture
731271,Hot-Humid HDU Climate Station 2 (demo),2023,8760,8585,0.98,COMPLETE,fixture
731272,Hot-Humid HDU Climate Station 3 (demo),2023,8760,8585,0.98,COMPLETE,fixture
731273,Hot-Humid HDU Climate Station 4 (demo),2023,8760,8410,0.96,COMPLETE,fixture
731274,Hot-Humid HDU Climate Station 5 (demo),2023,8760,8410,0.96,COMPLETE,fixture
731275,Hot-Humid HDU Climate Station 6 (demo),2023,8760,8234,0.94,COMPLETE,fixture
731276,Hot-Humid HDU Climate Station 7 (demo),2023,8760,8234,0.94,COMPLETE,fixture
731277,Hot-Humid HDU Climate Station 1 (demo),2023,8760,8059,0.92,COMPLETE,fixture
731278,Hot-Humid HDU Climate Station 2 (demo),2023,8760,8059,0.92,COMPLETE,fixture
731279,Hot-Humid HDU Climate Station 3 (demo),2023,8760,7884,0.9,COMPLETE,fixture
731280,Hot-Humid HDU Climate Station 4 (demo),2023,8760,7884,0.9,COMPLETE,fixture
731281,Hot-Humid HDU Climate Station 5 (demo),2023,8760,7709,0.88,INCOMPLETE,fixture
731282,Hot-Humid HDU Climate Station 6 (demo),2023,8760,7709,0.88,INCOMPLETE,fixture
731283,Hot-Humid HDU Climate Station 7 (demo),2023,8760,7534,0.86,INCOMPLETE,fixture
731284,Hot-Humid HDU Climate Station 1 (demo),2023,8760,7534,0.86,INCOMPLETE,fixture
731285,Hot-Humid HDU Climate Station 2 (demo),2023,8760,7358,0.84,INCOMPLETE,fixture
731286,Hot-Humid HDU Climate Station 3 (demo),2023,8760,7358,0.84,INCOMPLETE,fixture
731287,Hot-Humid HDU Climate Station 4 (demo),2023,8760,7183,0.82,INCOMPLETE,fixture
731288,Hot-Humid HDU Climate Station 5 (demo),2023,8760,7183,0.82,INCOMPLETE,fixture
731289,Hot-Humid HDU Climate Station 6 (demo),2023,8760,7008,0.8,INCOMPLETE,fixture
731290,Hot-Humid HDU Climate Station 7 (demo),2023,8760,7008,0.8,INCOMPLETE,fixture
731291,Hot-Humid HDU Climate Station 1 (demo),2023,8760,8672,0.99,COMPLETE,fixture
731292,Hot-Humid HDU Climate Station 2 (demo),2023,8760,8672,0.99,COMPLETE,fixture
731293,Hot-Humid HDU Climate Station 3 (demo),2023,8760,8497,0.97,COMPLETE,fixture
731294,Hot-Humid HDU Climate Station 4 (demo),2023,8760,8497,0.97,COMPLETE,fixture
731295,Hot-Humid HDU Climate Station 5 (demo),2023,8760,8322,0.95,COMPLETE,fixture
731296,Hot-Humid HDU Climate Station 6 (demo),2023,8760,8322,0.95,COMPLETE,fixture
731297,Hot-Humid HDU Climate Station 7 (demo),2023,8760,8147,0.93,COMPLETE,fixture
731298,Hot-Humid HDU Climate Station 1 (demo),2023,8760,8147,0.93,COMPLETE,fixture
731299,Hot-Humid HDU Climate Station 2 (demo),2023,8760,7972,0.91,COMPLETE,fixture
731300,Hot-Humid HDU Climate Station 3 (demo),2023,8760,7972,0.91,COMPLETE,fixture
731301,Hot-Humid HDU Climate Station 4 (demo),2023,8760,7796,0.89,INCOMPLETE,fixture
731302,Hot-Humid HDU Climate Station 5 (demo),2023,8760,7621,0.87,INCOMPLETE,fixture
731303,Hot-Humid HDU Climate Station 6 (demo),2023,8760,7621,0.87,INCOMPLETE,fixture
731304,Hot-Humid HDU Climate Station 7 (demo),2023,8760,7446,0.85,INCOMPLETE,fixture
731305,Hot-Humid HDU Climate Station 1 (demo),2023,8760,7446,0.85,INCOMPLETE,fixture
731306,Hot-Humid HDU Climate Station 2 (demo),2023,8760,7271,0.83,INCOMPLETE,fixture
731307,Hot-Humid HDU Climate Station 3 (demo),2023,8760,7271,0.83,INCOMPLETE,fixture
731308,Hot-Humid HDU Climate Station 4 (demo),2023,8760,7096,0.81,INCOMPLETE,fixture
731309,Hot-Humid HDU Climate Station 5 (demo),2023,8760,7096,0.81,INCOMPLETE,fixture
731310,Hot-Humid HDU Climate Station 6 (demo),2023,8760,8760,1.0,COMPLETE,fixture
731311,Hot-Humid HDU Climate Station 7 (demo),2023,8760,8760,1.0,COMPLETE,fixture
731312,Hot-Humid HDU Climate Station 1 (demo),2023,8760,8585,0.98,COMPLETE,fixture
731313,Hot-Humid HDU Climate Station 2 (demo),2023,8760,8585,0.98,COMPLETE,fixture
731314,Hot-Humid HDU Climate Station 3 (demo),2023,8760,8410,0.96,COMPLETE,fixture
731315,Hot-Humid HDU Climate Station 4 (demo),2023,8760,8410,0.96,COMPLETE,fixture
731316,Hot-Humid HDU Climate Station 5 (demo),2023,8760,8234,0.94,COMPLETE,fixture
731317,Hot-Humid HDU Climate Station 6 (demo),2023,8760,8234,0.94,COMPLETE,fixture
731318,Hot-Humid HDU Climate Station 7 (demo),2023,8760,8059,0.92,COMPLETE,fixture
731319,Hot-Humid HDU Climate Station 1 (demo),2023,8760,8059,0.92,COMPLETE,fixture
731320,Hot-Humid HDU Climate Station 2 (demo),2023,8760,7884,0.9,COMPLETE,fixture
731321,Hot-Humid HDU Climate Station 3 (demo),2023,8760,7884,0.9,COMPLETE,fixture
731322,Hot-Humid HDU Climate Station 4 (demo),2023,8760,7709,0.88,INCOMPLETE,fixture
731323,Hot-Humid HDU Climate Station 5 (demo),2023,8760,7709,0.88,INCOMPLETE,fixture
731324,Hot-Humid HDU Climate Station 6 (demo),2023,8760,7534,0.86,INCOMPLETE,fixture
731325,Hot-Humid HDU Climate Station 7 (demo),2023,8760,7534,0.86,INCOMPLETE,fixture
731326,Hot-Humid HDU Climate Station 1 (demo),2023,8760,7358,0.84,INCOMPLETE,fixture
731327,Hot-Humid HDU Climate Station 2 (demo),2023,8760,7358,0.84,INCOMPLETE,fixture
731328,Hot-Humid HDU Climate Station 3 (demo),2023,8760,7183,0.82,INCOMPLETE,fixture
731329,Hot-Humid HDU Climate Station 4 (demo),2023,8760,7183,0.82,INCOMPLETE,fixture
731330,Hot-Humid HDU Climate Station 5 (demo),2023,8760,7008,0.8,INCOMPLETE,fixture
731331,Hot-Humid HDU Climate Station 6 (demo),2023,8760,7008,0.8,INCOMPLETE,fixture
731332,Hot-Humid LDU Climate Station 7 (demo),2023,8760,8672,0.99,COMPLETE,fixture
731333,Hot-Humid LDU Climate Station 1 (demo),2023,8760,8672,0.99,COMPLETE,fixture
731334,Hot-Humid LDU Climate Station 2 (demo),2023,8760,8497,0.97,COMPLETE,fixture
731335,Hot-Humid LDU Climate Station 3 (demo),2023,8760,8497,0.97,COMPLETE,fixture
731336,Hot-Humid LDU Climate Station 4 (demo),2023,8760,8322,0.95,COMPLETE,fixture
731337,Hot-Humid LDU Climate Station 5 (demo),2023,8760,8322,0.95,COMPLETE,fixture
731338,Hot-Humid LDU Climate Station 6 (demo),2023,8760,8147,0.93,COMPLETE,fixture
731339,Hot-Humid LDU Climate Station 7 (demo),2023,8760,7972,0.91,COMPLETE,fixture
731340,Hot-Humid LDU Climate Station 1 (demo),2023,8760,7972,0.91,COMPLETE,fixture
731341,Hot-Humid LDU Climate Station 2 (demo),2023,8760,7796,0.89,INCOMPLETE,fixture
731342,Hot-Humid LDU Climate Station 3 (demo),2023,8760,7796,0.89,INCOMPLETE,fixture
731343,Hot-Humid LDU Climate Station 4 (demo),2023,8760,7621,0.87,INCOMPLETE,fixture
731344,Hot-Humid LDU Climate Station 5 (demo),2023,8760,7621,0.87,INCOMPLETE,fixture
731345,Hot-Humid LDU Climate Station 6 (demo),2023,8760,7446,0.85,INCOMPLETE,fixture
731346,Hot-Humid LDU Climate Station 7 (demo),2023,8760,7446,0.85,INCOMPLETE,fixture
731347,Hot-Humid LDU Climate Station 1 (demo),2023,8760,7271,0.83,INCOMPLETE,fixture
731348,Hot-Humid LDU Climate Station 2 (demo),2023,8760,7271,0.83,INCOMPLETE,fixture
731349,Hot-Humid LDU Climate Station 3 (demo),2023,8760,7096,0.81,INCOMPLETE,fixture
731350,Hot-Humid LDU Climate Station 4 (demo),2023,8760,7096,0.81,INCOMPLETE,fixture
731351,Hot-Humid LDU Climate Station 5 (demo),2023,8760,8760,1.0,COMPLETE,fixture
731352,Hot-Humid LDU Climate Station 6 (demo),2023,8760,8760,1.0,COMPLETE,fixture
731353,Hot-Humid LDU Climate Station 7 (demo),2023,8760,8585,0.98,COMPLETE,fixture
731354,Hot-Humid LDU Climate Station 1 (demo),2023,8760,8585,0.98,COMPLETE,fixture
731355,Hot-Humid LDU Climate Station 2 (demo),2023,8760,8410,0.96,COMPLETE,fixture
731356,Hot-Humid LDU Climate Station 3 (demo),2023,8760,8410,0.96,COMPLETE,fixture
731357,Hot-Humid LDU Climate Station 4 (demo),2023,8760,8234,0.94,COMPLETE,fixture
731358,Hot-Humid LDU Climate Station 5 (demo),2023,8760,8234,0.94,COMPLETE,fixture
731359,Hot-Humid LDU Climate Station 6 (demo),2023,8760,8059,0.92,COMPLETE,fixture
731360,Hot-Humid LDU Climate Station 7 (demo),2023,8760,8059,0.92,COMPLETE,fixture
731361,Hot-Humid LDU Climate Station 1 (demo),2023,8760,7884,0.9,COMPLETE,fixture
731362,Hot-Humid LDU Climate Station 2 (demo),2023,8760,7884,0.9,COMPLETE,fixture
731363,Hot-Humid LDU Climate Station 3 (demo),2023,8760,7709,0.88,INCOMPLETE,fixture
731364,Hot-Humid LDU Climate Station 4 (demo),2023,8760,7709,0.88,INCOMPLETE,fixture
731365,Hot-Humid LDU Climate Station 5 (demo),2023,8760,7534,0.86,INCOMPLETE,fixture
731366,Hot-Humid LDU Climate Station 6 (demo),2023,8760,7534,0.86,INCOMPLETE,fixture
731367,Hot-Humid LDU Climate Station 7 (demo),2023,8760,7358,0.84,INCOMPLETE,fixture
731368,Hot-Humid LDU Climate Station 1 (demo),2023,8760,7358,0.84,INCOMPLETE,fixture
731369,Hot-Humid LDU Climate Station 2 (demo),2023,8760,7183,0.82,INCOMPLETE,fixture
731370,Hot-Humid LDU Climate Station 3 (demo),2023,8760,7183,0.82,INCOMPLETE,fixture
731371,Hot-Humid LDU Climate Station 4 (demo),2023,8760,7008,0.8,INCOMPLETE,fixture
731372,Hot-Humid LDU Climate Station 5 (demo),2023,8760,7008,0.8,INCOMPLETE,fixture
731373,Hot-Humid LDU Climate Station 6 (demo),2023,8760,8672,0.99,COMPLETE,fixture
731374,Hot-Humid LDU Climate Station 7 (demo),2023,8760,8497,0.97,COMPLETE,fixture
731375,Hot-Humid LDU Climate Station 1 (demo),2023,8760,8497,0.97,COMPLETE,fixture
731376,Hot-Humid LDU Climate Station 2 (demo),2023,8760,8322,0.95,COMPLETE,fixture
731377,Hot-Humid LDU Climate Station 3 (demo),2023,8760,8322,0.95,COMPLETE,fixture
731378,Hot-Humid LDU Climate Station 4 (demo),2023,8760,8147,0.93,COMPLETE,fixture
731379,Hot-Humid LDU Climate Station 5 (demo),2023,8760,8147,0.93,COMPLETE,fixture
731380,Hot-Humid LDU Climate Station 6 (demo),2023,8760,7972,0.91,COMPLETE,fixture
731381,Hot-Humid LDU Climate Station 7 (demo),2023,8760,7972,0.91,COMPLETE,fixture
731382,Hot-Humid LDU Climate Station 1 (demo),2023,8760,7796,0.89,INCOMPLETE,fixture
731383,Hot-Humid LDU Climate Station 2 (demo),2023,8760,7796,0.89,INCOMPLETE,fixture
731384,Hot-Humid LDU Climate Station 3 (demo),2023,8760,7621,0.87,INCOMPLETE,fixture
731385,Hot-Humid LDU Climate Station 4 (demo),2023,8760,7621,0.87,INCOMPLETE,fixture
731386,Hot-Humid LDU Climate Station 5 (demo),2023,8760,7446,0.85,INCOMPLETE,fixture
731387,Hot-Humid LDU Climate Station 6 (demo),2023,8760,7446,0.85,INCOMPLETE,fixture
731388,Hot-Humid LDU Climate Station 7 (demo),2023,8760,7271,0.83,INCOMPLETE,fixture
731389,Hot-Humid LDU Climate Station 1 (demo),2023,8760,7271,0.83,INCOMPLETE,fixture
731390,Hot-Humid LDU Climate Station 2 (demo),2023,8760,7096,0.81,INCOMPLETE,fixture
731391,Hot-Humid LDU Climate Station 3 (demo),2023,8760,7096,0.81,INCOMPLETE,fixture
731392,Hot-Humid LDU Climate Station 4 (demo),2023,8760,8760,1.0,COMPLETE,fixture
731393,Hot-Humid LDU Climate Station 5 (demo),2023,8760,8760,1.0,COMPLETE,fixture
731394,Hot-Humid LDU Climate Station 6 (demo),2023,8760,8585,0.98,COMPLETE,fixture
731395,Hot-Humid LDU Climate Station 7 (demo),2023,8760,8585,0.98,COMPLETE,fixture
731396,Hot-Humid LDU Climate Station 1 (demo),2023,8760,8410,0.96,COMPLETE,fixture
731397,Hot-Humid LDU Climate Station 2 (demo),2023,8760,8410,0.96,COMPLETE,fixture
731398,Hot-Humid LDU Climate Station 3 (demo),2023,8760,8234,0.94,COMPLETE,fixture
731399,Hot-Humid LDU Climate Station 4 (demo),2023,8760,8234,0.94,COMPLETE,fixture
731400,Hot-Humid LDU Climate Station 5 (demo),2023,8760,8059,0.92,COMPLETE,fixture
731401,Hot-Humid LDU Climate Station 6 (demo),2023,8760,8059,0.92,COMPLETE,fixture
731402,Hot-Humid LDU Climate Station 7 (demo),2023,8760,7884,0.9,COMPLETE,fixture
731403,Hot-Humid LDU Climate Station 1 (demo),2023,8760,7884,0.9,COMPLETE,fixture
731404,Hot-Humid LDU Climate Station 2 (demo),2023,8760,7709,0.88,INCOMPLETE,fixture
731405,Hot-Humid LDU Climate Station 3 (demo),2023,8760,7709,0.88,INCOMPLETE,fixture
731406,Hot-Humid LDU Climate Station 4 (demo),2023,8760,7534,0.86,INCOMPLETE,fixture
731407,Hot-Humid LDU Climate Station 5 (demo),2023,8760,7534,0.86,INCOMPLETE,fixture
731408,Hot-Humid LDU Climate Station 6 (demo),2023,8760,7358,0.84,INCOMPLETE,fixture
731409,Hot-Humid LDU Climate Station 7 (demo),2023,8760,7358,0.84,INCOMPLETE,fixture
731410,Hot-Humid LDU Climate Station 1 (demo),2023,8760,7183,0.82,INCOMPLETE,fixture
731411,Hot-Humid LDU Climate Station 2 (demo),2023,8760,7008,0.8,INCOMPLETE,fixture
731412,Hot-Humid LDU Climate Station 3 (demo),2023,8760,7008,0.8,INCOMPLETE,fixture
731413,Hot-Humid LDU Climate Station 4 (demo),2023,8760,8672,0.99,COMPLETE,fixture
731414,Hot-Humid LDU Climate Station 5 (demo),2023,8760,8672,0.99,COMPLETE,fixture
731415,Hot-Humid LDU Climate Station 6 (demo),2023,8760,8497,0.97,COMPLETE,fixture
731416,Hot-Humid LDU Climate Station 7 (demo),2023,8760,8497,0.97,COMPLETE,fixture
731417,Hot-Humid LDU Climate Station 1 (demo),2023,8760,8322,0.95,COMPLETE,fixture
731418,Hot-Humid LDU Climate Station 2 (demo),2023,8760,8322,0.95,COMPLETE,fixture
731419,Hot-Humid LDU Climate Station 3 (demo),2023,8760,8147,0.93,COMPLETE,fixture
731420,Hot-Humid LDU Climate Station 4 (demo),2023,8760,8147,0.93,COMPLETE,fixture
731421,Hot-Humid LDU Climate Station 5 (demo),2023,8760,7972,0.91,COMPLETE,fixture
731422,Hot-Humid LDU Climate Station 6 (demo),2023,8760,7972,0.91,COMPLETE,fixture
731423,Hot-Humid LDU Climate Station 7 (demo),2023,8760,7796,0.89,INCOMPLETE,fixture
731424,Hot-Humid LDU Climate Station 1 (demo),2023,8760,7796,0.89,INCOMPLETE,fixture
731425,Hot-Humid LDU Climate Station 2 (demo),2023,8760,7621,0.87,INCOMPLETE,fixture
731426,Hot-Humid LDU Climate Station 3 (demo),2023,8760,7621,0.87,INCOMPLETE,fixture
731427,Hot-Humid LDU Climate Station 4 (demo),2023,8760,7446,0.85,INCOMPLETE,fixture
731428,Hot-Humid LDU Climate Station 5 (demo),2023,8760,7446,0.85,INCOMPLETE,fixture
731429,Hot-Humid LDU Climate Station 6 (demo),2023,8760,7271,0.83,INCOMPLETE,fixture
731430,Hot-Humid LDU Climate Station 7 (demo),2023,8760,7271,0.83,INCOMPLETE,fixture
731431,Hot-Humid LDU Climate Station 1 (demo),2023,8760,7096,0.81,INCOMPLETE,fixture
731432,Hot-Humid LDU Climate Station 2 (demo),2023,8760,7096,0.81,INCOMPLETE,fixture
731433,Hot-Humid LDU Climate Station 3 (demo),2023,8760,8760,1.0,COMPLETE,fixture
731434,Hot-Humid LDU Climate Station 4 (demo),2023,8760,8760,1.0,COMPLETE,fixture
731435,Hot-Humid LDU Climate Station 5 (demo),2023,8760,8585,0.98,COMPLETE,fixture
731436,Hot-Humid LDU Climate Station 6 (demo),2023,8760,8585,0.98,COMPLETE,fixture
731437,Hot-Humid LDU Climate Station 7 (demo),2023,8760,8410,0.96,COMPLETE,fixture
731438,Hot-Humid LDU Climate Station 1 (demo),2023,8760,8410,0.96,COMPLETE,fixture
731439,Hot-Humid LDU Climate Station 2 (demo),2023,8760,8234,0.94,COMPLETE,fixture
731440,Hot-Humid LDU Climate Station 3 (demo),2023,8760,8234,0.94,COMPLETE,fixture
731441,Hot-Humid LDU Climate Station 4 (demo),2023,8760,8059,0.92,COMPLETE,fixture
731442,Hot-Humid LDU Climate Station 5 (demo),2023,8760,8059,0.92,COMPLETE,fixture
731443,Hot-Humid LDU Climate Station 6 (demo),2023,8760,7884,0.9,COMPLETE,fixture
731444,Hot-Humid LDU Climate Station 7 (demo),2023,8760,7884,0.9,COMPLETE,fixture
731445,Hot-Humid LDU Climate Station 1 (demo),2023,8760,7709,0.88,INCOMPLETE,fixture
731446,Hot-Humid LDU Climate Station 2 (demo),2023,8760,7534,0.86,INCOMPLETE,fixture
731447,Hot-Humid LDU Climate Station 3 (demo),2023,8760,7534,0.86,INCOMPLETE,fixture
731448,Hot-Humid LDU Climate Station 4 (demo),2023,8760,7358,0.84,INCOMPLETE,fixture
731449,Hot-Humid LDU Climate Station 5 (demo),2023,8760,7358,0.84,INCOMPLETE,fixture
731450,Hot-Humid LDU Climate Station 6 (demo),2023,8760,7183,0.82,INCOMPLETE,fixture
731451,Hot-Humid LDU Climate Station 7 (demo),2023,8760,7183,0.82,INCOMPLETE,fixture
731452,Hot-Humid LDU Climate Station 1 (demo),2023,8760,7008,0.8,INCOMPLETE,fixture
731453,Hot-Humid LDU Climate Station 2 (demo),2023,8760,7008,0.8,INCOMPLETE,fixture
731454,Hot-Humid LDU Climate Station 3 (demo),2023,8760,8672,0.99,COMPLETE,fixture
731455,Hot-Humid LDU Climate Station 4 (demo),2023,8760,8672,0.99,COMPLETE,fixture
731456,Hot-Humid LDU Climate Station 5 (demo),2023,8760,8497,0.97,COMPLETE,fixture
731457,Hot-Humid LDU Climate Station 6 (demo),2023,8760,8497,0.97,COMPLETE,fixture
731458,Hot-Humid LDU Climate Station 7 (demo),2023,8760,8322,0.95,COMPLETE,fixture
731459,Hot-Humid LDU Climate Station 1 (demo),2023,8760,8322,0.95,COMPLETE,fixture
731460,Hot-Humid LDU Climate Station 2 (demo),2023,8760,8147,0.93,COMPLETE,fixture
731461,Hot-Humid LDU Climate Station 3 (demo),2023,8760,8147,0.93,COMPLETE,fixture
731462,Hot-Humid LDU Climate Station 4 (demo),2023,8760,7972,0.91,COMPLETE,fixture
731463,Hot-Humid LDU Climate Station 5 (demo),2023,8760,7972,0.91,COMPLETE,fixture
731464,Hot-Humid LDU Climate Station 6 (demo),2023,8760,7796,0.89,INCOMPLETE,fixture
731465,Hot-Humid LDU Climate Station 7 (demo),2023,8760,7796,0.89,INCOMPLETE,fixture
731466,Hot-Humid LDU Climate Station 1 (demo),2023,8760,7621,0.87,INCOMPLETE,fixture
731467,Hot-Humid LDU Climate Station 2 (demo),2023,8760,7621,0.87,INCOMPLETE,fixture
731468,Hot-Humid LDU Climate Station 3 (demo),2023,8760,7446,0.85,INCOMPLETE,fixture
731469,Hot-Humid LDU Climate Station 4 (demo),2023,8760,7446,0.85,INCOMPLETE,fixture
731470,Hot-Humid LDU Climate Station 5 (demo),2023,8760,7271,0.83,INCOMPLETE,fixture
731471,Hot-Humid LDU Climate Station 6 (demo),2023,8760,7271,0.83,INCOMPLETE,fixture
731472,Hot-Humid LDU Climate Station 7 (demo),2023,8760,7096,0.81,INCOMPLETE,fixture
731473,Hot-Humid LDU Climate Station 1 (demo),2023,8760,7096,0.81,INCOMPLETE,fixture
731474,Hot-Humid LDU Climate Station 2 (demo),2023,8760,8760,1.0,COMPLETE,fixture
731475,Hot-Humid LDU Climate Station 3 (demo),2023,8760,8760,1.0,COMPLETE,fixture
731476,Hot-Humid LDU Climate Station 4 (demo),2023,8760,8585,0.98,COMPLETE,fixture
731477,Hot-Humid LDU Climate Station 5 (demo),2023,8760,8585,0.98,COMPLETE,fixture
731478,Hot-Humid LDU Climate Station 6 (demo),2023,8760,8410,0.96,COMPLETE,fixture
731479,Hot-Humid LDU Climate Station 7 (demo),2023,8760,8410,0.96,COMPLETE,fixture
731480,Hot-Humid Suburban Climate Station 1 (demo),2023,8760,8234,0.94,COMPLETE,fixture
731481,Hot-Humid Suburban Climate Station 2 (demo),2023,8760,8234,0.94,COMPLETE,fixture
731482,Hot-Humid Suburban Climate Station 3 (demo),2023,8760,8059,0.92,COMPLETE,fixture
731483,Hot-Humid Suburban Climate Station 4 (demo),2023,8760,7884,0.9,COMPLETE,fixture
731484,Hot-Humid Suburban Climate Station 5 (demo),2023,8760,7884,0.9,COMPLETE,fixture
731485,Hot-Humid Suburban Climate Station 6 (demo),2023,8760,7709,0.88,INCOMPLETE,fixture
731486,Hot-Humid Suburban Climate Station 7 (demo),2023,8760,7709,0.88,INCOMPLETE,fixture
731487,Hot-Humid Suburban Climate Station 1 (demo),2023,8760,7534,0.86,INCOMPLETE,fixture
731488,Hot-Humid Suburban Climate Station 2 (demo),2023,8760,7534,0.86,INCOMPLETE,fixture
731489,Hot-Humid Suburban Climate Station 3 (demo),2023,8760,7358,0.84,INCOMPLETE,fixture
731490,Hot-Humid Suburban Climate Station 4 (demo),2023,8760,7358,0.84,INCOMPLETE,fixture
731491,Hot-Humid Suburban Climate Station 5 (demo),2023,8760,7183,0.82,INCOMPLETE,fixture
731492,Hot-Humid Suburban Climate Station 6 (demo),2023,8760,7183,0.82,INCOMPLETE,fixture
731493,Hot-Humid Suburban Climate Station 7 (demo),2023,8760,7008,0.8,INCOMPLETE,fixture
731494,Hot-Humid Suburban Climate Station 1 (demo),2023,8760,7008,0.8,INCOMPLETE,fixture
731495,Hot-Humid Suburban Climate Station 2 (demo),2023,8760,8672,0.99,COMPLETE,fixture
731496,Hot-Humid Suburban Climate Station 3 (demo),2023,8760,8672,0.99,COMPLETE,fixture
731497,Hot-Humid Suburban Climate Station 4 (demo),2023,8760,8497,0.97,COMPLETE,fixture
731498,Hot-Humid Suburban Climate Station 5 (demo),2023,8760,8497,0.97,COMPLETE,fixture
731499,Hot-Humid Suburban Climate Station 6 (demo),2023,8760,8322,0.95,COMPLETE,fixture
731500,Hot-Humid Suburban Climate Station 7 (demo),2023,8760,8322,0.95,COMPLETE,fixture
731501,Hot-Humid Suburban Climate Station 1 (demo),2023,8760,8147,0.93,COMPLETE,fixture
731502,Hot-Humid Suburban Climate Station 2 (demo),2023,8760,8147,0.93,COMPLETE,fixture
731503,Hot-Humid Suburban Climate Station 3 (demo),2023,8760,7972,0.91,COMPLETE,fixture
731504,Hot-Humid Suburban Climate Station 4 (demo),2023,8760,7972,0.91,COMPLETE,fixture
731505,Hot-Humid Suburban Climate Station 5 (demo),2023,8760,7796,0.89,INCOMPLETE,fixture
731506,Hot-Humid Suburban Climate Station 6 (demo),2023,8760,7796,0.89,INCOMPLETE,fixture
731507,Hot-Humid Suburban Climate Station 7 (demo),2023,8760,7621,0.87,INCOMPLETE,fixture
731508,Hot-Humid Suburban Climate Station 1 (demo),2023,8760,7621,0.87,INCOMPLETE,fixture
731509,Hot-Humid Suburban Climate Station 2 (demo),2023,8760,7446,0.85,INCOMPLETE,fixture
731510,Hot-Humid Suburban Climate Station 3 (demo),2023,8760,7446,0.85,INCOMPLETE,fixture
731511,Hot-Humid Suburban Climate Station 4 (demo),2023,8760,7271,0.83,INCOMPLETE,fixture
731512,Hot-Humid Suburban Climate Station 5 (demo),2023,8760,7271,0.83,INCOMPLETE,fixture
731513,Hot-Humid Suburban Climate Station 6 (demo),2023,8760,7096,0.81,INCOMPLETE,fixture
731514,Hot-Humid Suburban Climate Station 7 (demo),2023,8760,7096,0.81,INCOMPLETE,fixture
731515,Hot-Humid Suburban Climate Station 1 (demo),2023,8760,8760,1.0,COMPLETE,fixture
731516,Hot-Humid Suburban Climate Station 2 (demo),2023,8760,8760,1.0,COMPLETE,fixture
731517,Hot-Humid Suburban Climate Station 3 (demo),2023,8760,8585,0.98,COMPLETE,fixture
731518,Hot-Humid Suburban Climate Station 4 (demo),2023,8760,8410,0.96,COMPLETE,fixture
731519,Hot-Humid Suburban Climate Station 5 (demo),2023,8760,8410,0.96,COMPLETE,fixture
731520,Hot-Humid Suburban Climate Station 6 (demo),2023,8760,8234,0.94,COMPLETE,fixture
731521,Hot-Humid Suburban Climate Station 7 (demo),2023,8760,8234,0.94,COMPLETE,fixture
731522,Hot-Humid Suburban Climate Station 1 (demo),2023,8760,8059,0.92,COMPLETE,fixture
731523,Hot-Humid Suburban Climate Station 2 (demo),2023,8760,8059,0.92,COMPLETE,fixture
731524,Hot-Humid Suburban Climate Station 3 (demo),2023,8760,7884,0.9,COMPLETE,fixture
731525,Hot-Humid Suburban Climate Station 4 (demo),2023,8760,7884,0.9,COMPLETE,fixture
731526,Hot-Humid Suburban Climate Station 5 (demo),2023,8760,7709,0.88,INCOMPLETE,fixture
731527,Hot-Humid Suburban Climate Station 6 (demo),2023,8760,7709,0.88,INCOMPLETE,fixture
731528,Hot-Humid Suburban Climate Station 7 (demo),2023,8760,7534,0.86,INCOMPLETE,fixture
731529,Hot-Humid Suburban Climate Station 1 (demo),2023,8760,7534,0.86,INCOMPLETE,fixture
731530,Hot-Humid Suburban Climate Station 2 (demo),2023,8760,7358,0.84,INCOMPLETE,fixture
731531,Hot-Humid Suburban Climate Station 3 (demo),2023,8760,7358,0.84,INCOMPLETE,fixture
731532,Hot-Humid Suburban Climate Station 4 (demo),2023,8760,7183,0.82,INCOMPLETE,fixture
731533,Hot-Humid Suburban Climate Station 5 (demo),2023,8760,7183,0.82,INCOMPLETE,fixture
731534,Hot-Humid Suburban Climate Station 6 (demo),2023,8760,7008,0.8,INCOMPLETE,fixture
731535,Hot-Humid Suburban Climate Station 7 (demo),2023,8760,7008,0.8,INCOMPLETE,fixture
731536,Hot-Humid Suburban Climate Station 1 (demo),2023,8760,8672,0.99,COMPLETE,fixture
731537,Hot-Humid Suburban Climate Station 2 (demo),2023,8760,8672,0.99,COMPLETE,fixture
731538,Hot-Humid Suburban Climate Station 3 (demo),2023,8760,8497,0.97,COMPLETE,fixture
731539,Hot-Humid Suburban Climate Station 4 (demo),2023,8760,8497,0.97,COMPLETE,fixture
731540,Hot-Humid Suburban Climate Station 5 (demo),2023,8760,8322,0.95,COMPLETE,fixture
731541,Hot-Humid Suburban Climate Station 6 (demo),2023,8760,8322,0.95,COMPLETE,fixture
731542,Hot-Humid Suburban Climate Station 7 (demo),2023,8760,8147,0.93,COMPLETE,fixture
731543,Hot-Humid Suburban Climate Station 1 (demo),2023,8760,8147,0.93,COMPLETE,fixture
731544,Hot-Humid Suburban Climate Station 2 (demo),2023,8760,7972,0.91,COMPLETE,fixture
731545,Hot-Humid Suburban Climate Station 3 (demo),2023,8760,7972,0.91,COMPLETE,fixture
731546,Hot-Humid Suburban Climate Station 4 (demo),2023,8760,7796,0.89,INCOMPLETE,fixture
731547,Hot-Humid Suburban Climate Station 5 (demo),2023,8760,7796,0.89,INCOMPLETE,fixture
731548,Hot-Humid Suburban Climate Station 6 (demo),2023,8760,7621,0.87,INCOMPLETE,fixture
731549,Hot-Humid Suburban Climate Station 7 (demo),2023,8760,7621,0.87,INCOMPLETE,fixture
731550,Hot-Humid Suburban Climate Station 1 (demo),2023,8760,7446,0.85,INCOMPLETE,fixture
731551,Hot-Humid Suburban Climate Station 2 (demo),2023,8760,7446,0.85,INCOMPLETE,fixture
731552,Hot-Humid Suburban Climate Station 3 (demo),2023,8760,7271,0.83,INCOMPLETE,fixture
731553,Hot-Humid Suburban Climate Station 4 (demo),2023,8760,7271,0.83,INCOMPLETE,fixture
731554,Hot-Humid Suburban Climate Station 5 (demo),2023,8760,7096,0.81,INCOMPLETE,fixture
731555,Hot-Humid Suburban Climate Station 6 (demo),2023,8760,8760,1.0,COMPLETE,fixture
731556,Hot-Humid Suburban Climate Station 7 (demo),2023,8760,8760,1.0,COMPLETE,fixture
731557,Hot-Humid Suburban Climate Station 1 (demo),2023,8760,8585,0.98,COMPLETE,fixture
731558,Hot-Humid Suburban Climate Station 2 (demo),2023,8760,8585,0.98,COMPLETE,fixture
731559,Hot-Humid Suburban Climate Station 3 (demo),2023,8760,8410,0.96,COMPLETE,fixture
731560,Hot-Humid Suburban Climate Station 4 (demo),2023,8760,8410,0.96,COMPLETE,fixture
731561,Hot-Humid Suburban Climate Station 5 (demo),2023,8760,8234,0.94,COMPLETE,fixture
731562,Hot-Humid Suburban Climate Station 6 (demo),2023,8760,8234,0.94,COMPLETE,fixture
731563,Hot-Humid Suburban Climate Station 7 (demo),2023,8760,8059,0.92,COMPLETE,fixture
731564,Hot-Humid Suburban Climate Station 1 (demo),2023,8760,8059,0.92,COMPLETE,fixture
731565,Hot-Humid Suburban Climate Station 2 (demo),2023,8760,7884,0.9,COMPLETE,fixture
731566,Hot-Humid Suburban Climate Station 3 (demo),2023,8760,7884,0.9,COMPLETE,fixture
731567,Hot-Humid Suburban Climate Station 4 (demo),2023,8760,7709,0.88,INCOMPLETE,fixture
731568,Hot-Humid Suburban Climate Station 5 (demo),2023,8760,7709,0.88,INCOMPLETE,fixture
731569,Hot-Humid Suburban Climate Station 6 (demo),2023,8760,7534,0.86,INCOMPLETE,fixture
731570,Hot-Humid Suburban Climate Station 7 (demo),2023,8760,7534,0.86,INCOMPLETE,fixture
731571,Hot-Humid Suburban Climate Station 1 (demo),2023,8760,7358,0.84,INCOMPLETE,fixture
731572,Hot-Humid Suburban Climate Station 2 (demo),2023,8760,7358,0.84,INCOMPLETE,fixture
731573,Hot-Humid Suburban Climate Station 3 (demo),2023,8760,7183,0.82,INCOMPLETE,fixture
731574,Hot-Humid Suburban Climate Station 4 (demo),2023,8760,7183,0.82,INCOMPLETE,fixture
731575,Hot-Humid Suburban Climate Station 5 (demo),2023,8760,7008,0.8,INCOMPLETE,fixture
731576,Hot-Humid Suburban Climate Station 6 (demo),2023,8760,7008,0.8,INCOMPLETE,fixture
731577,Hot-Humid Suburban Climate Station 7 (demo),2023,8760,8672,0.99,COMPLETE,fixture
731578,Hot-Humid Suburban Climate Station 1 (demo),2023,8760,8672,0.99,COMPLETE,fixture
731579,Hot-Humid Suburban Climate Station 2 (demo),2023,8760,8497,0.97,COMPLETE,fixture
731580,Hot-Humid Suburban Climate Station 3 (demo),2023,8760,8497,0.97,COMPLETE,fixture
731581,Hot-Humid Suburban Climate Station 4 (demo),2023,8760,8322,0.95,COMPLETE,fixture
731582,Hot-Humid Suburban Climate Station 5 (demo),2023,8760,8322,0.95,COMPLETE,fixture
731583,Hot-Humid Suburban Climate Station 6 (demo),2023,8760,8147,0.93,COMPLETE,fixture
731584,Hot-Humid Suburban Climate Station 7 (demo),2023,8760,8147,0.93,COMPLETE,fixture
731585,Hot-Humid Suburban Climate Station 1 (demo),2023,8760,7972,0.91,COMPLETE,fixture
731586,Hot-Humid Suburban Climate Station 2 (demo),2023,8760,7972,0.91,COMPLETE,fixture
731587,Hot-Humid Suburban Climate Station 3 (demo),2023,8760,7796,0.89,INCOMPLETE,fixture
731588,Hot-Humid Suburban Climate Station 4 (demo),2023,8760,7796,0.89,INCOMPLETE,fixture
731589,Hot-Humid Suburban Climate Station 5 (demo),2023,8760,7621,0.87,INCOMPLETE,fixture
731590,Hot-Humid Suburban Climate Station 6 (demo),2023,8760,7446,0.85,INCOMPLETE,fixture
731591,Hot-Humid Suburban Climate Station 7 (demo),2023,8760,7446,0.85,INCOMPLETE,fixture
731592,Hot-Humid Suburban Climate Station 1 (demo),2023,8760,7271,0.83,INCOMPLETE,fixture
731593,Hot-Humid Suburban Climate Station 2 (demo),2023,8760,7271,0.83,INCOMPLETE,fixture
731594,Hot-Humid Suburban Climate Station 3 (demo),2023,8760,7096,0.81,INCOMPLETE,fixture
731595,Hot-Humid Suburban Climate Station 4 (demo),2023,8760,7096,0.81,INCOMPLETE,fixture
731596,Hot-Humid Suburban Climate Station 5 (demo),2023,8760,8760,1.0,COMPLETE,fixture
731597,Hot-Humid Suburban Climate Station 6 (demo),2023,8760,8760,1.0,COMPLETE,fixture
731598,Hot-Humid Suburban Climate Station 7 (demo),2023,8760,8585,0.98,COMPLETE,fixture
731599,Hot-Humid Suburban Climate Station 1 (demo),2023,8760,8585,0.98,COMPLETE,fixture
731600,Hot-Humid Suburban Climate Station 2 (demo),2023,8760,8410,0.96,COMPLETE,fixture
731601,Hot-Humid Suburban Climate Station 3 (demo),2023,8760,8410,0.96,COMPLETE,fixture
731602,Hot-Humid Suburban Climate Station 4 (demo),2023,8760,8234,0.94,COMPLETE,fixture
731603,Hot-Humid Suburban Climate Station 5 (demo),2023,8760,8234,0.94,COMPLETE,fixture
731604,Hot-Humid Suburban Climate Station 6 (demo),2023,8760,8059,0.92,COMPLETE,fixture
731605,Hot-Humid Suburban Climate Station 7 (demo),2023,8760,8059,0.92,COMPLETE,fixture
731606,Hot-Humid Suburban Climate Station 1 (demo),2023,8760,7884,0.9,COMPLETE,fixture
731607,Hot-Humid Suburban Climate Station 2 (demo),2023,8760,7884,0.9,COMPLETE,fixture
731608,Hot-Humid Suburban Climate Station 3 (demo),2023,8760,7709,0.88,INCOMPLETE,fixture
731609,Hot-Humid Suburban Climate Station 4 (demo),2023,8760,7709,0.88,INCOMPLETE,fixture
731610,Hot-Humid Suburban Climate Station 5 (demo),2023,8760,7534,0.86,INCOMPLETE,fixture
731611,Hot-Humid Suburban Climate Station 6 (demo),2023,8760,7534,0.86,INCOMPLETE,fixture
731612,Hot-Humid Suburban Climate Station 7 (demo),2023,8760,7358,0.84,INCOMPLETE,fixture
731613,Hot-Humid Suburban Climate Station 1 (demo),2023,8760,7358,0.84,INCOMPLETE,fixture
731614,Hot-Humid Suburban Climate Station 2 (demo),2023,8760,7183,0.82,INCOMPLETE,fixture
731615,Hot-Humid Suburban Climate Station 3 (demo),2023,8760,7183,0.82,INCOMPLETE,fixture
731616,Hot-Humid Suburban Climate Station 4 (demo),2023,8760,7008,0.8,INCOMPLETE,fixture
731617,Hot-Humid Suburban Climate Station 5 (demo),2023,8760,7008,0.8,INCOMPLETE,fixture
731618,Hot-Humid Suburban Climate Station 6 (demo),2023,8760,8672,0.99,COMPLETE,fixture
731619,Hot-Humid Suburban Climate Station 7 (demo),2023,8760,8672,0.99,COMPLETE,fixture
731620,Hot-Humid Suburban Climate Station 1 (demo),2023,8760,8497,0.97,COMPLETE,fixture
731621,Hot-Humid Suburban Climate Station 2 (demo),2023,8760,8497,0.97,COMPLETE,fixture
731622,Hot-Humid Suburban Climate Station 3 (demo),2023,8760,8322,0.95,COMPLETE,fixture
731623,Hot-Humid Suburban Climate Station 4 (demo),2023,8760,8322,0.95,COMPLETE,fixture
731624,Hot-Humid Suburban Climate Station 5 (demo),2023,8760,8147,0.93,COMPLETE,fixture
731625,Hot-Humid Suburban Climate Station 6 (demo),2023,8760,8147,0.93,COMPLETE,fixture
731626,Hot-Humid Suburban Climate Station 7 (demo),2023,8760,7972,0.91,COMPLETE,fixture
731627,Hot-Humid Suburban Climate Station 1 (demo),2023,8760,7796,0.89,INCOMPLETE,fixture
731628,Hot-Humid Rural Climate Station 2 (demo),2023,8760,7796,0.89,INCOMPLETE,fixture
731629,Hot-Humid Rural Climate Station 3 (demo),2023,8760,7621,0.87,INCOMPLETE,fixture
731630,Hot-Humid Rural Climate Station 4 (demo),2023,8760,7621,0.87,INCOMPLETE,fixture
731631,Hot-Humid Rural Climate Station 5 (demo),2023,8760,7446,0.85,INCOMPLETE,fixture
731632,Hot-Humid Rural Climate Station 6 (demo),2023,8760,7446,0.85,INCOMPLETE,fixture
731633,Hot-Humid Rural Climate Station 7 (demo),2023,8760,7271,0.83,INCOMPLETE,fixture
731634,Hot-Humid Rural Climate Station 1 (demo),2023,8760,7271,0.83,INCOMPLETE,fixture
731635,Hot-Humid Rural Climate Station 2 (demo),2023,8760,7096,0.81,INCOMPLETE,fixture
731636,Hot-Humid Rural Climate Station 3 (demo),2023,8760,7096,0.81,INCOMPLETE,fixture
731637,Hot-Humid Rural Climate Station 4 (demo),2023,8760,8760,1.0,COMPLETE,fixture
731638,Hot-Humid Rural Climate Station 5 (demo),2023,8760,8760,1.0,COMPLETE,fixture
731639,Hot-Humid Rural Climate Station 6 (demo),2023,8760,8585,0.98,COMPLETE,fixture
731640,Hot-Humid Rural Climate Station 7 (demo),2023,8760,8585,0.98,COMPLETE,fixture
731641,Hot-Humid Rural Climate Station 1 (demo),2023,8760,8410,0.96,COMPLETE,fixture
731642,Hot-Humid Rural Climate Station 2 (demo),2023,8760,8410,0.96,COMPLETE,fixture
731643,Hot-Humid Rural Climate Station 3 (demo),2023,8760,8234,0.94,COMPLETE,fixture
731644,Hot-Humid Rural Climate Station 4 (demo),2023,8760,8234,0.94,COMPLETE,fixture
731645,Hot-Humid Rural Climate Station 5 (demo),2023,8760,8059,0.92,COMPLETE,fixture
731646,Hot-Humid Rural Climate Station 6 (demo),2023,8760,8059,0.92,COMPLETE,fixture
731647,Hot-Humid Rural Climate Station 7 (demo),2023,8760,7884,0.9,COMPLETE,fixture
731648,Hot-Humid Rural Climate Station 1 (demo),2023,8760,7884,0.9,COMPLETE,fixture
731649,Hot-Humid Rural Climate Station 2 (demo),2023,8760,7709,0.88,INCOMPLETE,fixture
731650,Hot-Humid Rural Climate Station 3 (demo),2023,8760,7709,0.88,INCOMPLETE,fixture
731651,Hot-Humid Rural Climate Station 4 (demo),2023,8760,7534,0.86,INCOMPLETE,fixture
731652,Hot-Humid Rural Climate Station 5 (demo),2023,8760,7534,0.86,INCOMPLETE,fixture
731653,Hot-Humid Rural Climate Station 6 (demo),2023,8760,7358,0.84,INCOMPLETE,fixture
731654,Hot-Humid Rural Climate Station 7 (demo),2023,8760,7358,0.84,INCOMPLETE,fixture
731655,Hot-Humid Rural Climate Station 1 (demo),2023,8760,7183,0.82,INCOMPLETE,fixture
731656,Hot-Humid Rural Climate Station 2 (demo),2023,8760,7183,0.82,INCOMPLETE,fixture
731657,Hot-Humid Rural Climate Station 3 (demo),2023,8760,7008,0.8,INCOMPLETE,fixture
731658,Hot-Humid Rural Climate Station 4 (demo),2023,8760,7008,0.8,INCOMPLETE,fixture
731659,Hot-Humid Rural Climate Station 5 (demo),2023,8760,8672,0.99,COMPLETE,fixture
731660,Hot-Humid Rural Climate Station 6 (demo),2023,8760,8672,0.99,COMPLETE,fixture
731661,Hot-Humid Rural Climate Station 7 (demo),2023,8760,8497,0.97,COMPLETE,fixture
731662,Hot-Humid Rural Climate Station 1 (demo),2023,8760,8322,0.95,COMPLETE,fixture
731663,Hot-Humid Rural Climate Station 2 (demo),2023,8760,8322,0.95,COMPLETE,fixture
731664,Hot-Humid Rural Climate Station 3 (demo),2023,8760,8147,0.93,COMPLETE,fixture
731665,Hot-Humid Rural Climate Station 4 (demo),2023,8760,8147,0.93,COMPLETE,fixture
731666,Hot-Humid Rural Climate Station 5 (demo),2023,8760,7972,0.91,COMPLETE,fixture
731667,Hot-Humid Rural Climate Station 6 (demo),2023,8760,7972,0.91,COMPLETE,fixture
731668,Hot-Humid Rural Climate Station 7 (demo),2023,8760,7796,0.89,INCOMPLETE,fixture
731669,Hot-Humid Rural Climate Station 1 (demo),2023,8760,7796,0.89,INCOMPLETE,fixture
731670,Hot-Humid Rural Climate Station 2 (demo),2023,8760,7621,0.87,INCOMPLETE,fixture
731671,Hot-Humid Rural Climate Station 3 (demo),2023,8760,7621,0.87,INCOMPLETE,fixture
731672,Hot-Humid Rural Climate Station 4 (demo),2023,8760,7446,0.85,INCOMPLETE,fixture
731673,Hot-Humid Rural Climate Station 5 (demo),2023,8760,7446,0.85,INCOMPLETE,fixture
731674,Hot-Humid Rural Climate Station 6 (demo),2023,8760,7271,0.83,INCOMPLETE,fixture
731675,Hot-Humid Rural Climate Station 7 (demo),2023,8760,7271,0.83,INCOMPLETE,fixture
731676,Hot-Humid Rural Climate Station 1 (demo),2023,8760,7096,0.81,INCOMPLETE,fixture
731677,Hot-Humid Rural Climate Station 2 (demo),2023,8760,7096,0.81,INCOMPLETE,fixture
731678,Hot-Humid Rural Climate Station 3 (demo),2023,8760,8760,1.0,COMPLETE,fixture
731679,Hot-Humid Rural Climate Station 4 (demo),2023,8760,8760,1.0,COMPLETE,fixture
731680,Hot-Humid Rural Climate Station 5 (demo),2023,8760,8585,0.98,COMPLETE,fixture
731681,Hot-Humid Rural Climate Station 6 (demo),2023,8760,8585,0.98,COMPLETE,fixture
731682,Hot-Humid Rural Climate Station 7 (demo),2023,8760,8410,0.96,COMPLETE,fixture
731683,Hot-Humid Rural Climate Station 1 (demo),2023,8760,8410,0.96,COMPLETE,fixture
731684,Hot-Humid Rural Climate Station 2 (demo),2023,8760,8234,0.94,COMPLETE,fixture
731685,Hot-Humid Rural Climate Station 3 (demo),2023,8760,8234,0.94,COMPLETE,fixture
731686,Hot-Humid Rural Climate Station 4 (demo),2023,8760,8059,0.92,COMPLETE,fixture
731687,Hot-Humid Rural Climate Station 5 (demo),2023,8760,8059,0.92,COMPLETE,fixture
731688,Hot-Humid Rural Climate Station 6 (demo),2023,8760,7884,0.9,COMPLETE,fixture
731689,Hot-Humid Rural Climate Station 7 (demo),2023,8760,7884,0.9,COMPLETE,fixture
731690,Hot-Humid Rural Climate Station 1 (demo),2023,8760,7709,0.88,INCOMPLETE,fixture
731691,Hot-Humid Rural Climate Station 2 (demo),2023,8760,7709,0.88,INCOMPLETE,fixture
731692,Hot-Humid Rural Climate Station 3 (demo),2023,8760,7534,0.86,INCOMPLETE,fixture
731693,Hot-Humid Rural Climate Station 4 (demo),2023,8760,7534,0.86,INCOMPLETE,fixture
731694,Hot-Humid Rural Climate Station 5 (demo),2023,8760,7358,0.84,INCOMPLETE,fixture
731695,Hot-Humid Rural Climate Station 6 (demo),2023,8760,7358,0.84,INCOMPLETE,fixture
731696,Hot-Humid Rural Climate Station 7 (demo),2023,8760,7183,0.82,INCOMPLETE,fixture
731697,Hot-Humid Rural Climate Station 1 (demo),2023,8760,7183,0.82,INCOMPLETE,fixture
731698,Hot-Humid Rural Climate Station 2 (demo),2023,8760,7008,0.8,INCOMPLETE,fixture
731699,Hot-Humid Rural Climate Station 3 (demo),2023,8760,8672,0.99,COMPLETE,fixture
731700,Hot-Humid Rural Climate Station 4 (demo),2023,8760,8672,0.99,COMPLETE,fixture
731701,Hot-Humid Rural Climate Station 5 (demo),2023,8760,8497,0.97,COMPLETE,fixture
731702,Hot-Humid Rural Climate Station 6 (demo),2023,8760,8497,0.97,COMPLETE,fixture
731703,Hot-Humid Rural Climate Station 7 (demo),2023,8760,8322,0.95,COMPLETE,fixture
731704,Hot-Humid Rural Climate Station 1 (demo),2023,8760,8322,0.95,COMPLETE,fixture
731705,Hot-Humid Rural Climate Station 2 (demo),2023,8760,8147,0.93,COMPLETE,fixture
731706,Hot-Humid Rural Climate Station 3 (demo),2023,8760,8147,0.93,COMPLETE,fixture
731707,Hot-Humid Rural Climate Station 4 (demo),2023,8760,7972,0.91,COMPLETE,fixture
731708,Hot-Humid Rural Climate Station 5 (demo),2023,8760,7972,0.91,COMPLETE,fixture
731709,Hot-Humid Rural Climate Station 6 (demo),2023,8760,7796,0.89,INCOMPLETE,fixture
731710,Hot-Humid Rural Climate Station 7 (demo),2023,8760,7796,0.89,INCOMPLETE,fixture
731711,Hot-Humid Rural Climate Station 1 (demo),2023,8760,7621,0.87,INCOMPLETE,fixture
731712,Hot-Humid Rural Climate Station 2 (demo),2023,8760,7621,0.87,INCOMPLETE,fixture
731713,Hot-Humid Rural Climate Station 3 (demo),2023,8760,7446,0.85,INCOMPLETE,fixture
731714,Hot-Humid Rural Climate Station 4 (demo),2023,8760,7446,0.85,INCOMPLETE,fixture
731715,Hot-Humid Rural Climate Station 5 (demo),2023,8760,7271,0.83,INCOMPLETE,fixture
731716,Hot-Humid Rural Climate Station 6 (demo),2023,8760,7271,0.83,INCOMPLETE,fixture
731717,Hot-Humid Rural Climate Station 7 (demo),2023,8760,7096,0.81,INCOMPLETE,fixture
731718,Hot-Humid Rural Climate Station 1 (demo),2023,8760,7096,0.81,INCOMPLETE,fixture
731719,Hot-Humid Rural Climate Station 2 (demo),2023,8760,8760,1.0,COMPLETE,fixture
731720,Hot-Humid Rural Climate Station 3 (demo),2023,8760,8760,1.0,COMPLETE,fixture
731721,Hot-Humid Rural Climate Station 4 (demo),2023,8760,8585,0.98,COMPLETE,fixture
731722,Hot-Humid Rural Climate Station 5 (demo),2023,8760,8585,0.98,COMPLETE,fixture
731723,Hot-Humid Rural Climate Station 6 (demo),2023,8760,8410,0.96,COMPLETE,fixture
731724,Hot-Humid Rural Climate Station 7 (demo),2023,8760,8410,0.96,COMPLETE,fixture
731725,Hot-Humid Rural Climate Station 1 (demo),2023,8760,8234,0.94,COMPLETE,fixture
731726,Hot-Humid Rural Climate Station 2 (demo),2023,8760,8234,0.94,COMPLETE,fixture
731727,Hot-Humid Rural Climate Station 3 (demo),2023,8760,8059,0.92,COMPLETE,fixture
731728,Hot-Humid Rural Climate Station 4 (demo),2023,8760,8059,0.92,COMPLETE,fixture
731729,Hot-Humid Rural Climate Station 5 (demo),2023,8760,7884,0.9,COMPLETE,fixture
731730,Hot-Humid Rural Climate Station 6 (demo),2023,8760,7884,0.9,COMPLETE,fixture
731731,Hot-Humid Rural Climate Station 7 (demo),2023,8760,7709,0.88,INCOMPLETE,fixture
731732,Hot-Humid Rural Climate Station 1 (demo),2023,8760,7709,0.88,INCOMPLETE,fixture
731733,Hot-Humid Rural Climate Station 2 (demo),2023,8760,7534,0.86,INCOMPLETE,fixture
731734,Hot-Humid Rural Climate Station 3 (demo),2023,8760,7358,0.84,INCOMPLETE,fixture
731735,Hot-Humid Rural Climate Station 4 (demo),2023,8760,7358,0.84,INCOMPLETE,fixture
731736,Hot-Humid Rural Climate Station 5 (demo),2023,8760,7183,0.82,INCOMPLETE,fixture
731737,Hot-Humid Rural Climate Station 6 (demo),2023,8760,7183,0.82,INCOMPLETE,fixture
731738,Hot-Humid Rural Climate Station 7 (demo),2023,8760,7008,0.8,INCOMPLETE,fixture
731739,Hot-Humid Rural Climate Station 1 (demo),2023,8760,7008,0.8,INCOMPLETE,fixture
731740,Hot-Humid Rural Climate Station 2 (demo),2023,8760,8672,0.99,COMPLETE,fixture
731741,Hot-Humid Rural Climate Station 3 (demo),2023,8760,8672,0.99,COMPLETE,fixture
731742,Hot-Humid Rural Climate Station 4 (demo),2023,8760,8497,0.97,COMPLETE,fixture
731743,Hot-Humid Rural Climate Station 5 (demo),2023,8760,8497,0.97,COMPLETE,fixture
731744,Hot-Humid Rural Climate Station 6 (demo),2023,8760,8322,0.95,COMPLETE,fixture
731745,Hot-Humid Rural Climate Station 7 (demo),2023,8760,8322,0.95,COMPLETE,fixture
731746,Hot-Humid Rural Climate Station 1 (demo),2023,8760,8147,0.93,COMPLETE,fixture
731747,Hot-Humid Rural Climate Station 2 (demo),2023,8760,8147,0.93,COMPLETE,fixture
731748,Hot-Humid Rural Climate Station 3 (demo),2023,8760,7972,0.91,COMPLETE,fixture
731749,Hot-Humid Rural Climate Station 4 (demo),2023,8760,7972,0.91,COMPLETE,fixture
731750,Hot-Humid Rural Climate Station 5 (demo),2023,8760,7796,0.89,INCOMPLETE,fixture
731751,Hot-Humid Rural Climate Station 6 (demo),2023,8760,7796,0.89,INCOMPLETE,fixture
731752,Hot-Humid Rural Climate Station 7 (demo),2023,8760,7621,0.87,INCOMPLETE,fixture
731753,Hot-Humid Rural Climate Station 1 (demo),2023,8760,7621,0.87,INCOMPLETE,fixture
731754,Hot-Humid Rural Climate Station 2 (demo),2023,8760,7446,0.85,INCOMPLETE,fixture
731755,Hot-Humid Rural Climate Station 3 (demo),2023,8760,7446,0.85,INCOMPLETE,fixture
731756,Hot-Humid Rural Climate Station 4 (demo),2023,8760,7271,0.83,INCOMPLETE,fixture
731757,Hot-Humid Rural Climate Station 5 (demo),2023,8760,7271,0.83,INCOMPLETE,fixture
731758,Hot-Humid Rural Climate Station 6 (demo),2023,8760,7096,0.81,INCOMPLETE,fixture
731759,Hot-Humid Rural Climate Station 7 (demo),2023,8760,7096,0.81,INCOMPLETE,fixture
731760,Hot-Humid Rural Climate Station 1 (demo),2023,8760,8760,1.0,COMPLETE,fixture
731761,Hot-Humid Rural Climate Station 2 (demo),2023,8760,8760,1.0,COMPLETE,fixture
731762,Hot-Humid Rural Climate Station 3 (demo),2023,8760,8585,0.98,COMPLETE,fixture
731763,Hot-Humid Rural Climate Station 4 (demo),2023,8760,8585,0.98,COMPLETE,fixture
731764,Hot-Humid Rural Climate Station 5 (demo),2023,8760,8410,0.96,COMPLETE,fixture
731765,Hot-Humid Rural Climate Station 6 (demo),2023,8760,8410,0.96,COMPLETE,fixture
731766,Hot-Humid Rural Climate Station 7 (demo),2023,8760,8234,0.94,COMPLETE,fixture
731767,Hot-Humid Rural Climate Station 1 (demo),2023,8760,8234,0.94,COMPLETE,fixture
731768,Hot-Humid Rural Climate Station 2 (demo),2023,8760,8059,0.92,COMPLETE,fixture
731769,Hot-Humid Rural Climate Station 3 (demo),2023,8760,8059,0.92,COMPLETE,fixture
731770,Hot-Humid Rural Climate Station 4 (demo),2023,8760,7884,0.9,COMPLETE,fixture
731771,Hot-Humid Rural Climate Station 5 (demo),2023,8760,7709,0.88,INCOMPLETE,fixture
731772,Hot-Humid Rural Climate Station 6 (demo),2023,8760,7709,0.88,INCOMPLETE,fixture
731773,Hot-Humid Rural Climate Station 7 (demo),2023,8760,7534,0.86,INCOMPLETE,fixture
731774,Hot-Humid Rural Climate Station 1 (demo),2023,8760,7534,0.86,INCOMPLETE,fixture
731775,Hot-Humid Rural Climate Station 2 (demo),2023,8760,7358,0.84,INCOMPLETE,fixture
731776,Marine HDU Climate Station 3 (demo),2023,8760,7358,0.84,INCOMPLETE,fixture
731777,Marine HDU Climate Station 4 (demo),2023,8760,7183,0.82,INCOMPLETE,fixture
731778,Marine HDU Climate Station 5 (demo),2023,8760,7183,0.82,INCOMPLETE,fixture
731779,Marine HDU Climate Station 6 (demo),2023,8760,7008,0.8,INCOMPLETE,fixture
731780,Marine HDU Climate Station 7 (demo),2023,8760,7008,0.8,INCOMPLETE,fixture
731781,Marine HDU Climate Station 1 (demo),2023,8760,8672,0.99,COMPLETE,fixture
731782,Marine HDU Climate Station 2 (demo),2023,8760,8672,0.99,COMPLETE,fixture
731783,Marine HDU Climate Station 3 (demo),2023,8760,8497,0.97,COMPLETE,fixture
731784,Marine HDU Climate Station 4 (demo),2023,8760,8497,0.97,COMPLETE,fixture
731785,Marine HDU Climate Station 5 (demo),2023,8760,8322,0.95,COMPLETE,fixture
731786,Marine HDU Climate Station 6 (demo),2023,8760,8322,0.95,COMPLETE,fixture
731787,Marine HDU Climate Station 7 (demo),2023,8760,8147,0.93,COMPLETE,fixture
731788,Marine HDU Climate Station 1 (demo),2023,8760,8147,0.93,COMPLETE,fixture
731789,Marine HDU Climate Station 2 (demo),2023,8760,7972,0.91,COMPLETE,fixture
731790,Marine HDU Climate Station 3 (demo),2023,8760,7972,0.91,COMPLETE,fixture
731791,Marine HDU Climate Station 4 (demo),2023,8760,7796,0.89,INCOMPLETE,fixture
731792,Marine HDU Climate Station 5 (demo),2023,8760,7796,0.89,INCOMPLETE,fixture
731793,Marine HDU Climate Station 6 (demo),2023,8760,7621,0.87,INCOMPLETE,fixture
731794,Marine HDU Climate Station 7 (demo),2023,8760,7621,0.87,INCOMPLETE,fixture
731795,Marine HDU Climate Station 1 (demo),2023,8760,7446,0.85,INCOMPLETE,fixture
731796,Marine HDU Climate Station 2 (demo),2023,8760,7446,0.85,INCOMPLETE,fixture
731797,Marine HDU Climate Station 3 (demo),2023,8760,7271,0.83,INCOMPLETE,fixture
731798,Marine HDU Climate Station 4 (demo),2023,8760,7271,0.83,INCOMPLETE,fixture
731799,Marine HDU Climate Station 5 (demo),2023,8760,7096,0.81,INCOMPLETE,fixture
731800,Marine HDU Climate Station 6 (demo),2023,8760,7096,0.81,INCOMPLETE,fixture
731801,Marine HDU Climate Station 7 (demo),2023,8760,8760,1.0,COMPLETE,fixture
731802,Marine HDU Climate Station 1 (demo),2023,8760,8760,1.0,COMPLETE,fixture
731803,Marine HDU Climate Station 2 (demo),2023,8760,8585,0.98,COMPLETE,fixture
731804,Marine HDU Climate Station 3 (demo),2023,8760,8585,0.98,COMPLETE,fixture
731805,Marine HDU Climate Station 4 (demo),2023,8760,8410,0.96,COMPLETE,fixture
731806,Marine HDU Climate Station 5 (demo),2023,8760,8410,0.96,COMPLETE,fixture
731807,Marine HDU Climate Station 6 (demo),2023,8760,8234,0.94,COMPLETE,fixture
731808,Marine HDU Climate Station 7 (demo),2023,8760,8059,0.92,COMPLETE,fixture
731809,Marine HDU Climate Station 1 (demo),2023,8760,8059,0.92,COMPLETE,fixture
731810,Marine HDU Climate Station 2 (demo),2023,8760,7884,0.9,COMPLETE,fixture
731811,Marine HDU Climate Station 3 (demo),2023,8760,7884,0.9,COMPLETE,fixture
731812,Marine HDU Climate Station 4 (demo),2023,8760,7709,0.88,INCOMPLETE,fixture
731813,Marine HDU Climate Station 5 (demo),2023,8760,7709,0.88,INCOMPLETE,fixture
731814,Marine HDU Climate Station 6 (demo),2023,8760,7534,0.86,INCOMPLETE,fixture
731815,Marine HDU Climate Station 7 (demo),2023,8760,7534,0.86,INCOMPLETE,fixture
731816,Marine HDU Climate Station 1 (demo),2023,8760,7358,0.84,INCOMPLETE,fixture
731817,Marine HDU Climate Station 2 (demo),2023,8760,7358,0.84,INCOMPLETE,fixture
731818,Marine HDU Climate Station 3 (demo),2023,8760,7183,0.82,INCOMPLETE,fixture
731819,Marine HDU Climate Station 4 (demo),2023,8760,7183,0.82,INCOMPLETE,fixture
731820,Marine HDU Climate Station 5 (demo),2023,8760,7008,0.8,INCOMPLETE,fixture
731821,Marine HDU Climate Station 6 (demo),2023,8760,7008,0.8,INCOMPLETE,fixture
731822,Marine HDU Climate Station 7 (demo),2023,8760,8672,0.99,COMPLETE,fixture
731823,Marine HDU Climate Station 1 (demo),2023,8760,8672,0.99,COMPLETE,fixture
731824,Marine HDU Climate Station 2 (demo),2023,8760,8497,0.97,COMPLETE,fixture
731825,Marine HDU Climate Station 3 (demo),2023,8760,8497,0.97,COMPLETE,fixture
731826,Marine HDU Climate Station 4 (demo),2023,8760,8322,0.95,COMPLETE,fixture
731827,Marine HDU Climate Station 5 (demo),2023,8760,8322,0.95,COMPLETE,fixture
731828,Marine HDU Climate Station 6 (demo),2023,8760,8147,0.93,COMPLETE,fixture
731829,Marine HDU Climate Station 7 (demo),2023,8760,8147,0.93,COMPLETE,fixture
731830,Marine HDU Climate Station 1 (demo),2023,8760,7972,0.91,COMPLETE,fixture
731831,Marine HDU Climate Station 2 (demo),2023,8760,7972,0.91,COMPLETE,fixture
731832,Marine HDU Climate Station 3 (demo),2023,8760,7796,0.89,INCOMPLETE,fixture
731833,Marine HDU Climate Station 4 (demo),2023,8760,7796,0.89,INCOMPLETE,fixture
731834,Marine HDU Climate Station 5 (demo),2023,8760,7621,0.87,INCOMPLETE,fixture
731835,Marine HDU Climate Station 6 (demo),2023,8760,7621,0.87,INCOMPLETE,fixture
731836,Marine HDU Climate Station 7 (demo),2023,8760,7446,0.85,INCOMPLETE,fixture
731837,Marine HDU Climate Station 1 (demo),2023,8760,7446,0.85,INCOMPLETE,fixture
731838,Marine HDU Climate Station 2 (demo),2023,8760,7271,0.83,INCOMPLETE,fixture
731839,Marine HDU Climate Station 3 (demo),2023,8760,7271,0.83,INCOMPLETE,fixture
731840,Marine HDU Climate Station 4 (demo),2023,8760,7096,0.81,INCOMPLETE,fixture
731841,Marine HDU Climate Station 5 (demo),2023,8760,7096,0.81,INCOMPLETE,fixture
731842,Marine HDU Climate Station 6 (demo),2023,8760,8760,1.0,COMPLETE,fixture
731843,Marine HDU Climate Station 7 (demo),2023,8760,8585,0.98,COMPLETE,fixture
731844,Marine HDU Climate Station 1 (demo),2023,8760,8585,0.98,COMPLETE,fixture
731845,Marine HDU Climate Station 2 (demo),2023,8760,8410,0.96,COMPLETE,fixture
731846,Marine HDU Climate Station 3 (demo),2023,8760,8410,0.96,COMPLETE,fixture
731847,Marine HDU Climate Station 4 (demo),2023,8760,8234,0.94,COMPLETE,fixture
731848,Marine HDU Climate Station 5 (demo),2023,8760,8234,0.94,COMPLETE,fixture
731849,Marine HDU Climate Station 6 (demo),2023,8760,8059,0.92,COMPLETE,fixture
731850,Marine HDU Climate Station 7 (demo),2023,8760,8059,0.92,COMPLETE,fixture
731851,Marine HDU Climate Station 1 (demo),2023,8760,7884,0.9,COMPLETE,fixture
731852,Marine HDU Climate Station 2 (demo),2023,8760,7884,0.9,COMPLETE,fixture
731853,Marine HDU Climate Station 3 (demo),2023,8760,7709,0.88,INCOMPLETE,fixture
731854,Marine HDU Climate Station 4 (demo),2023,8760,7709,0.88,INCOMPLETE,fixture
731855,Marine HDU Climate Station 5 (demo),2023,8760,7534,0.86,INCOMPLETE,fixture
731856,Marine HDU Climate Station 6 (demo),2023,8760,7534,0.86,INCOMPLETE,fixture
731857,Marine HDU Climate Station 7 (demo),2023,8760,7358,0.84,INCOMPLETE,fixture
731858,Marine HDU Climate Station 1 (demo),2023,8760,7358,0.84,INCOMPLETE,fixture
731859,Marine HDU Climate Station 2 (demo),2023,8760,7183,0.82,INCOMPLETE,fixture
731860,Marine HDU Climate Station 3 (demo),2023,8760,7183,0.82,INCOMPLETE,fixture
731861,Marine HDU Climate Station 4 (demo),2023,8760,7008,0.8,INCOMPLETE,fixture
731862,Marine HDU Climate Station 5 (demo),2023,8760,7008,0.8,INCOMPLETE,fixture
731863,Marine HDU Climate Station 6 (demo),2023,8760,8672,0.99,COMPLETE,fixture
731864,Marine HDU Climate Station 7 (demo),2023,8760,8672,0.99,COMPLETE,fixture
731865,Marine HDU Climate Station 1 (demo),2023,8760,8497,0.97,COMPLETE,fixture
731866,Marine HDU Climate Station 2 (demo),2023,8760,8497,0.97,COMPLETE,fixture
731867,Marine HDU Climate Station 3 (demo),2023,8760,8322,0.95,COMPLETE,fixture
731868,Marine HDU Climate Station 4 (demo),2023,8760,8322,0.95,COMPLETE,fixture
731869,Marine HDU Climate Station 5 (demo),2023,8760,8147,0.93,COMPLETE,fixture
731870,Marine HDU Climate Station 6 (demo),2023,8760,8147,0.93,COMPLETE,fixture
731871,Marine HDU Climate Station 7 (demo),2023,8760,7972,0.91,COMPLETE,fixture
731872,Marine HDU Climate Station 1 (demo),2023,8760,7972,0.91,COMPLETE,fixture
731873,Marine HDU Climate Station 2 (demo),2023,8760,7796,0.89,INCOMPLETE,fixture
731874,Marine HDU Climate Station 3 (demo),2023,8760,7796,0.89,INCOMPLETE,fixture
731875,Marine HDU Climate Station 4 (demo),2023,8760,7621,0.87,INCOMPLETE,fixture
731876,Marine HDU Climate Station 5 (demo),2023,8760,7621,0.87,INCOMPLETE,fixture
731877,Marine HDU Climate Station 6 (demo),2023,8760,7446,0.85,INCOMPLETE,fixture
731878,Marine HDU Climate Station 7 (demo),2023,8760,7446,0.85,INCOMPLETE,fixture
731879,Marine HDU Climate Station 1 (demo),2023,8760,7271,0.83,INCOMPLETE,fixture
731880,Marine HDU Climate Station 2 (demo),2023,8760,7096,0.81,INCOMPLETE,fixture
731881,Marine HDU Climate Station 3 (demo),2023,8760,7096,0.81,INCOMPLETE,fixture
731882,Marine HDU Climate Station 4 (demo),2023,8760,8760,1.0,COMPLETE,fixture
731883,Marine HDU Climate Station 5 (demo),2023,8760,8760,1.0,COMPLETE,fixture
731884,Marine HDU Climate Station 6 (demo),2023,8760,8585,0.98,COMPLETE,fixture
731885,Marine HDU Climate Station 7 (demo),2023,8760,8585,0.98,COMPLETE,fixture
731886,Marine HDU Climate Station 1 (demo),2023,8760,8410,0.96,COMPLETE,fixture
731887,Marine HDU Climate Station 2 (demo),2023,8760,8410,0.96,COMPLETE,fixture
731888,Marine HDU Climate Station 3 (demo),2023,8760,8234,0.94,COMPLETE,fixture
731889,Marine HDU Climate Station 4 (demo),2023,8760,8234,0.94,COMPLETE,fixture
731890,Marine HDU Climate Station 5 (demo),2023,8760,8059,0.92,COMPLETE,fixture
731891,Marine HDU Climate Station 6 (demo),2023,8760,8059,0.92,COMPLETE,fixture
731892,Marine HDU Climate Station 7 (demo),2023,8760,7884,0.9,COMPLETE,fixture
731893,Marine HDU Climate Station 1 (demo),2023,8760,7884,0.9,COMPLETE,fixture
731894,Marine HDU Climate Station 2 (demo),2023,8760,7709,0.88,INCOMPLETE,fixture
731895,Marine HDU Climate Station 3 (demo),2023,8760,7709,0.88,INCOMPLETE,fixture
731896,Marine HDU Climate Station 4 (demo),2023,8760,7534,0.86,INCOMPLETE,fixture
731897,Marine HDU Climate Station 5 (demo),2023,8760,7534,0.86,INCOMPLETE,fixture
731898,Marine HDU Climate Station 6 (demo),2023,8760,7358,0.84,INCOMPLETE,fixture
731899,Marine HDU Climate Station 7 (demo),2023,8760,7358,0.84,INCOMPLETE,fixture
731900,Marine HDU Climate Station 1 (demo),2023,8760,7183,0.82,INCOMPLETE,fixture
731901,Marine HDU Climate Station 2 (demo),2023,8760,7183,0.82,INCOMPLETE,fixture
731902,Marine HDU Climate Station 3 (demo),2023,8760,7008,0.8,INCOMPLETE,fixture
731903,Marine HDU Climate Station 4 (demo),2023,8760,7008,0.8,INCOMPLETE,fixture
731904,Marine HDU Climate Station 5 (demo),2023,8760,8672,0.99,COMPLETE,fixture
731905,Marine HDU Climate Station 6 (demo),2023,8760,8672,0.99,COMPLETE,fixture
731906,Marine HDU Climate Station 7 (demo),2023,8760,8497,0.97,COMPLETE,fixture
731907,Marine HDU Climate Station 1 (demo),2023,8760,8497,0.97,COMPLETE,fixture
731908,Marine HDU Climate Station 2 (demo),2023,8760,8322,0.95,COMPLETE,fixture
731909,Marine HDU Climate Station 3 (demo),2023,8760,8322,0.95,COMPLETE,fixture
731910,Marine HDU Climate Station 4 (demo),2023,8760,8147,0.93,COMPLETE,fixture
731911,Marine HDU Climate Station 5 (demo),2023,8760,8147,0.93,COMPLETE,fixture
731912,Marine HDU Climate Station 6 (demo),2023,8760,7972,0.91,COMPLETE,fixture
731913,Marine HDU Climate Station 7 (demo),2023,8760,7972,0.91,COMPLETE,fixture
731914,Marine HDU Climate Station 1 (demo),2023,8760,7796,0.89,INCOMPLETE,fixture
731915,Marine HDU Climate Station 2 (demo),2023,8760,7621,0.87,INCOMPLETE,fixture
731916,Marine HDU Climate Station 3 (demo),2023,8760,7621,0.87,INCOMPLETE,fixture
731917,Marine HDU Climate Station 4 (demo),2023,8760,7446,0.85,INCOMPLETE,fixture
731918,Marine HDU Climate Station 5 (demo),2023,8760,7446,0.85,INCOMPLETE,fixture
731919,Marine HDU Climate Station 6 (demo),2023,8760,7271,0.83,INCOMPLETE,fixture
731920,Marine HDU Climate Station 7 (demo),2023,8760,7271,0.83,INCOMPLETE,fixture
731921,Marine HDU Climate Station 1 (demo),2023,8760,7096,0.81,INCOMPLETE,fixture
731922,Marine HDU Climate Station 2 (demo),2023,8760,7096,0.81,INCOMPLETE,fixture
731923,Marine HDU Climate Station 3 (demo),2023,8760,8760,1.0,COMPLETE,fixture
731924,Marine LDU Climate Station 4 (demo),2023,8760,8760,1.0,COMPLETE,fixture
731925,Marine LDU Climate Station 5 (demo),2023,8760,8585,0.98,COMPLETE,fixture
731926,Marine LDU Climate Station 6 (demo),2023,8760,8585,0.98,COMPLETE,fixture
731927,Marine LDU Climate Station 7 (demo),2023,8760,8410,0.96,COMPLETE,fixture
731928,Marine LDU Climate Station 1 (demo),2023,8760,8410,0.96,COMPLETE,fixture
731929,Marine LDU Climate Station 2 (demo),2023,8760,8234,0.94,COMPLETE,fixture
731930,Marine LDU Climate Station 3 (demo),2023,8760,8234,0.94,COMPLETE,fixture
731931,Marine LDU Climate Station 4 (demo),2023,8760,8059,0.92,COMPLETE,fixture
731932,Marine LDU Climate Station 5 (demo),2023,8760,8059,0.92,COMPLETE,fixture
731933,Marine LDU Climate Station 6 (demo),2023,8760,7884,0.9,COMPLETE,fixture
731934,Marine LDU Climate Station 7 (demo),2023,8760,7884,0.9,COMPLETE,fixture
731935,Marine LDU Climate Station 1 (demo),2023,8760,7709,0.88,INCOMPLETE,fixture
731936,Marine LDU Climate Station 2 (demo),2023,8760,7709,0.88,INCOMPLETE,fixture
731937,Marine LDU Climate Station 3 (demo),2023,8760,7534,0.86,INCOMPLETE,fixture
731938,Marine LDU Climate Station 4 (demo),2023,8760,7534,0.86,INCOMPLETE,fixture
731939,Marine LDU Climate Station 5 (demo),2023,8760,7358,0.84,INCOMPLETE,fixture
731940,Marine LDU Climate Station 6 (demo),2023,8760,7358,0.84,INCOMPLETE,fixture
731941,Marine LDU Climate Station 7 (demo),2023,8760,7183,0.82,INCOMPLETE,fixture
731942,Marine LDU Climate Station 1 (demo),2023,8760,7183,0.82,INCOMPLETE,fixture
731943,Marine LDU Climate Station 2 (demo),2023,8760,7008,0.8,INCOMPLETE,fixture
731944,Marine LDU Climate Station 3 (demo),2023,8760,7008,0.8,INCOMPLETE,fixture
731945,Marine LDU Climate Station 4 (demo),2023,8760,8672,0.99,COMPLETE,fixture
731946,Marine LDU Climate Station 5 (demo),2023,8760,8672,0.99,COMPLETE,fixture
731947,Marine LDU Climate Station 6 (demo),2023,8760,8497,0.97,COMPLETE,fixture
731948,Marine LDU Climate Station 7 (demo),2023,8760,8497,0.97,COMPLETE,fixture
731949,Marine LDU Climate Station 1 (demo),2023,8760,8322,0.95,COMPLETE,fixture
731950,Marine LDU Climate Station 2 (demo),2023,8760,8322,0.95,COMPLETE,fixture
731951,Marine LDU Climate Station 3 (demo),2023,8760,8147,0.93,COMPLETE,fixture
731952,Marine LDU Climate Station 4 (demo),2023,8760,7972,0.91,COMPLETE,fixture
731953,Marine LDU Climate Station 5 (demo),2023,8760,7972,0.91,COMPLETE,fixture
731954,Marine LDU Climate Station 6 (demo),2023,8760,7796,0.89,INCOMPLETE,fixture
731955,Marine LDU Climate Station 7 (demo),2023,8760,7796,0.89,INCOMPLETE,fixture
731956,Marine LDU Climate Station 1 (demo),2023,8760,7621,0.87,INCOMPLETE,fixture
731957,Marine LDU Climate Station 2 (demo),2023,8760,7621,0.87,INCOMPLETE,fixture
731958,Marine LDU Climate Station 3 (demo),2023,8760,7446,0.85,INCOMPLETE,fixture
731959,Marine LDU Climate Station 4 (demo),2023,8760,7446,0.85,INCOMPLETE,fixture
731960,Marine LDU Climate Station 5 (demo),2023,8760,7271,0.83,INCOMPLETE,fixture
731961,Marine LDU Climate Station 6 (demo),2023,8760,7271,0.83,INCOMPLETE,fixture
731962,Marine LDU Climate Station 7 (demo),2023,8760,7096,0.81,INCOMPLETE,fixture
731963,Marine LDU Climate Station 1 (demo),2023,8760,7096,0.81,INCOMPLETE,fixture
731964,Marine LDU Climate Station 2 (demo),2023,8760,8760,1.0,COMPLETE,fixture
731965,Marine LDU Climate Station 3 (demo),2023,8760,8760,1.0,COMPLETE,fixture
731966,Marine LDU Climate Station 4 (demo),2023,8760,8585,0.98,COMPLETE,fixture
731967,Marine LDU Climate Station 5 (demo),2023,8760,8585,0.98,COMPLETE,fixture
731968,Marine LDU Climate Station 6 (demo),2023,8760,8410,0.96,COMPLETE,fixture
731969,Marine LDU Climate Station 7 (demo),2023,8760,8410,0.96,COMPLETE,fixture
731970,Marine LDU Climate Station 1 (demo),2023,8760,8234,0.94,COMPLETE,fixture
731971,Marine LDU Climate Station 2 (demo),2023,8760,8234,0.94,COMPLETE,fixture
731972,Marine LDU Climate Station 3 (demo),2023,8760,8059,0.92,COMPLETE,fixture
731973,Marine LDU Climate Station 4 (demo),2023,8760,8059,0.92,COMPLETE,fixture
731974,Marine LDU Climate Station 5 (demo),2023,8760,7884,0.9,COMPLETE,fixture
731975,Marine LDU Climate Station 6 (demo),2023,8760,7884,0.9,COMPLETE,fixture
731976,Marine LDU Climate Station 7 (demo),2023,8760,7709,0.88,INCOMPLETE,fixture
731977,Marine LDU Climate Station 1 (demo),2023,8760,7709,0.88,INCOMPLETE,fixture
731978,Marine LDU Climate Station 2 (demo),2023,8760,7534,0.86,INCOMPLETE,fixture
731979,Marine LDU Climate Station 3 (demo),2023,8760,7534,0.86,INCOMPLETE,fixture
731980,Marine LDU Climate Station 4 (demo),2023,8760,7358,0.84,INCOMPLETE,fixture
731981,Marine LDU Climate Station 5 (demo),2023,8760,7358,0.84,INCOMPLETE,fixture
731982,Marine LDU Climate Station 6 (demo),2023,8760,7183,0.82,INCOMPLETE,fixture
731983,Marine LDU Climate Station 7 (demo),2023,8760,7183,0.82,INCOMPLETE,fixture
731984,Marine LDU Climate Station 1 (demo),2023,8760,7008,0.8,INCOMPLETE,fixture
731985,Marine LDU Climate Station 2 (demo),2023,8760,7008,0.8,INCOMPLETE,fixture
731986,Marine LDU Climate Station 3 (demo),2023,8760,8672,0.99,COMPLETE,fixture
731987,Marine LDU Climate Station 4 (demo),2023,8760,8497,0.97,COMPLETE,fixture
731988,Marine LDU Climate Station 5 (demo),2023,8760,8497,0.97,COMPLETE,fixture
731989,Marine LDU Climate Station 6 (demo),2023,8760,8322,0.95,COMPLETE,fixture
731990,Marine LDU Climate Station 7 (demo),2023,8760,8322,0.95,COMPLETE,fixture
731991,Marine LDU Climate Station 1 (demo),2023,8760,8147,0.93,COMPLETE,fixture
731992,Marine LDU Climate Station 2 (demo),2023,8760,8147,0.93,COMPLETE,fixture
731993,Marine LDU Climate Station 3 (demo),2023,8760,7972,0.91,COMPLETE,fixture
731994,Marine LDU Climate Station 4 (demo),2023,8760,7972,0.91,COMPLETE,fixture
731995,Marine LDU Climate Station 5 (demo),2023,8760,7796,0.89,INCOMPLETE,fixture
731996,Marine LDU Climate Station 6 (demo),2023,8760,7796,0.89,INCOMPLETE,fixture
731997,Marine LDU Climate Station 7 (demo),2023,8760,7621,0.87,INCOMPLETE,fixture
731998,Marine LDU Climate Station 1 (demo),2023,8760,7621,0.87,INCOMPLETE,fixture
731999,Marine LDU Climate Station 2 (demo),2023,8760,7446,0.85,INCOMPLETE,fixture
732000,Marine LDU Climate Station 3 (demo),2023,8760,7446,0.85,INCOMPLETE,fixture
732001,Marine LDU Climate Station 4 (demo),2023,8760,7271,0.83,INCOMPLETE,fixture
732002,Marine LDU Climate Station 5 (demo),2023,8760,7271,0.83,INCOMPLETE,fixture
732003,Marine LDU Climate Station 6 (demo),2023,8760,7096,0.81,INCOMPLETE,fixture
732004,Marine LDU Climate Station 7 (demo),2023,8760,7096,0.81,INCOMPLETE,fixture
732005,Marine LDU Climate Station 1 (demo),2023,8760,8760,1.0,COMPLETE,fixture
732006,Marine LDU Climate Station 2 (demo),2023,8760,8760,1.0,COMPLETE,fixture
732007,Marine LDU Climate Station 3 (demo),2023,8760,8585,0.98,COMPLETE,fixture
732008,Marine LDU Climate Station 4 (demo),2023,8760,8585,0.98,COMPLETE,fixture
732009,Marine LDU Climate Station 5 (demo),2023,8760,8410,0.96,COMPLETE,fixture
732010,Marine LDU Climate Station 6 (demo),2023,8760,8410,0.96,COMPLETE,fixture
732011,Marine LDU Climate Station 7 (demo),2023,8760,8234,0.94,COMPLETE,fixture
732012,Marine LDU Climate Station 1 (demo),2023,8760,8234,0.94,COMPLETE,fixture
732013,Marine LDU Climate Station 2 (demo),2023,8760,8059,0.92,COMPLETE,fixture
732014,Marine LDU Climate Station 3 (demo),2023,8760,8059,0.92,COMPLETE,fixture
732015,Marine LDU Climate Station 4 (demo),2023,8760,7884,0.9,COMPLETE,fixture
732016,Marine LDU Climate Station 5 (demo),2023,8760,7884,0.9,COMPLETE,fixture
732017,Marine LDU Climate Station 6 (demo),2023,8760,7709,0.88,INCOMPLETE,fixture
732018,Marine LDU Climate Station 7 (demo),2023,8760,7709,0.88,INCOMPLETE,fixture
732019,Marine LDU Climate Station 1 (demo),2023,8760,7534,0.86,INCOMPLETE,fixture
732020,Marine LDU Climate Station 2 (demo),2023,8760,7534,0.86,INCOMPLETE,fixture
732021,Marine LDU Climate Station 3 (demo),2023,8760,7358,0.84,INCOMPLETE,fixture
732022,Marine LDU Climate Station 4 (demo),2023,8760,7358,0.84,INCOMPLETE,fixture
732023,Marine LDU Climate Station 5 (demo),2023,8760,7183,0.82,INCOMPLETE,fixture
732024,Marine LDU Climate Station 6 (demo),2023,8760,7008,0.8,INCOMPLETE,fixture
732025,Marine LDU Climate Station 7 (demo),2023,8760,7008,0.8,INCOMPLETE,fixture
732026,Marine LDU Climate Station 1 (demo),2023,8760,8672,0.99,COMPLETE,fixture
732027,Marine LDU Climate Station 2 (demo),2023,8760,8672,0.99,COMPLETE,fixture
732028,Marine LDU Climate Station 3 (demo),2023,8760,8497,0.97,COMPLETE,fixture
732029,Marine LDU Climate Station 4 (demo),2023,8760,8497,0.97,COMPLETE,fixture
732030,Marine LDU Climate Station 5 (demo),2023,8760,8322,0.95,COMPLETE,fixture
732031,Marine LDU Climate Station 6 (demo),2023,8760,8322,0.95,COMPLETE,fixture
732032,Marine LDU Climate Station 7 (demo),2023,8760,8147,0.93,COMPLETE,fixture
732033,Marine LDU Climate Station 1 (demo),2023,8760,8147,0.93,COMPLETE,fixture
732034,Marine LDU Climate Station 2 (demo),2023,8760,7972,0.91,COMPLETE,fixture
732035,Marine LDU Climate Station 3 (demo),2023,8760,7972,0.91,COMPLETE,fixture
732036,Marine LDU Climate Station 4 (demo),2023,8760,7796,0.89,INCOMPLETE,fixture
732037,Marine LDU Climate Station 5 (demo),2023,8760,7796,0.89,INCOMPLETE,fixture
732038,Marine LDU Climate Station 6 (demo),2023,8760,7621,0.87,INCOMPLETE,fixture
732039,Marine LDU Climate Station 7 (demo),2023,8760,7621,0.87,INCOMPLETE,fixture
732040,Marine LDU Climate Station 1 (demo),2023,8760,7446,0.85,INCOMPLETE,fixture
732041,Marine LDU Climate Station 2 (demo),2023,8760,7446,0.85,INCOMPLETE,fixture
732042,Marine LDU Climate Station 3 (demo),2023,8760,7271,0.83,INCOMPLETE,fixture
732043,Marine LDU Climate Station 4 (demo),2023,8760,7271,0.83,INCOMPLETE,fixture
732044,Marine LDU Climate Station 5 (demo),2023,8760,7096,0.81,INCOMPLETE,fixture
732045,Marine LDU Climate Station 6 (demo),2023,8760,7096,0.81,INCOMPLETE,fixture
732046,Marine LDU Climate Station 7 (demo),2023,8760,8760,1.0,COMPLETE,fixture
732047,Marine LDU Climate Station 1 (demo),2023,8760,8760,1.0,COMPLETE,fixture
732048,Marine LDU Climate Station 2 (demo),2023,8760,8585,0.98,COMPLETE,fixture
732049,Marine LDU Climate Station 3 (demo),2023,8760,8585,0.98,COMPLETE,fixture
732050,Marine LDU Climate Station 4 (demo),2023,8760,8410,0.96,COMPLETE,fixture
732051,Marine LDU Climate Station 5 (demo),2023,8760,8410,0.96,COMPLETE,fixture
732052,Marine LDU Climate Station 6 (demo),2023,8760,8234,0.94,COMPLETE,fixture
732053,Marine LDU Climate Station 7 (demo),2023,8760,8234,0.94,COMPLETE,fixture
732054,Marine LDU Climate Station 1 (demo),2023,8760,8059,0.92,COMPLETE,fixture
732055,Marine LDU Climate Station 2 (demo),2023,8760,8059,0.92,COMPLETE,fixture
732056,Marine LDU Climate Station 3 (demo),2023,8760,7884,0.9,COMPLETE,fixture
732057,Marine LDU Climate Station 4 (demo),2023,8760,7884,0.9,COMPLETE,fixture
732058,Marine LDU Climate Station 5 (demo),2023,8760,7709,0.88,INCOMPLETE,fixture
732059,Marine LDU Climate Station 6 (demo),2023,8760,7534,0.86,INCOMPLETE,fixture
732060,Marine LDU Climate Station 7 (demo),2023,8760,7534,0.86,INCOMPLETE,fixture
732061,Marine LDU Climate Station 1 (demo),2023,8760,7358,0.84,INCOMPLETE,fixture
732062,Marine LDU Climate Station 2 (demo),2023,8760,7358,0.84,INCOMPLETE,fixture
732063,Marine LDU Climate Station 3 (demo),2023,8760,7183,0.82,INCOMPLETE,fixture
732064,Marine LDU Climate Station 4 (demo),2023,8760,7183,0.82,INCOMPLETE,fixture
732065,Marine LDU Climate Station 5 (demo),2023,8760,7008,0.8,INCOMPLETE,fixture
732066,Marine LDU Climate Station 6 (demo),2023,8760,7008,0.8,INCOMPLETE,fixture
732067,Marine LDU Climate Station 7 (demo),2023,8760,8672,0.99,COMPLETE,fixture
732068,Marine LDU Climate Station 1 (demo),2023,8760,8672,0.99,COMPLETE,fixture
732069,Marine LDU Climate Station 2 (demo),2023,8760,8497,0.97,COMPLETE,fixture
732070,Marine LDU Climate Station 3 (demo),2023,8760,8497,0.97,COMPLETE,fixture
732071,Marine LDU Climate Station 4 (demo),2023,8760,8322,0.95,COMPLETE,fixture
732072,Marine Suburban Climate Station 5 (demo),2023,8760,8322,0.95,COMPLETE,fixture
732073,Marine Suburban Climate Station 6 (demo),2023,8760,8147,0.93,COMPLETE,fixture
732074,Marine Suburban Climate Station 7 (demo),2023,8760,8147,0.93,COMPLETE,fixture
732075,Marine Suburban Climate Station 1 (demo),2023,8760,7972,0.91,COMPLETE,fixture
732076,Marine Suburban Climate Station 2 (demo),2023,8760,7972,0.91,COMPLETE,fixture
732077,Marine Suburban Climate Station 3 (demo),2023,8760,7796,0.89,INCOMPLETE,fixture
732078,Marine Suburban Climate Station 4 (demo),2023,8760,7796,0.89,INCOMPLETE,fixture
732079,Marine Suburban Climate Station 5 (demo),2023,8760,7621,0.87,INCOMPLETE,fixture
732080,Marine Suburban Climate Station 6 (demo),2023,8760,7621,0.87,INCOMPLETE,fixture
732081,Marine Suburban Climate Station 7 (demo),2023,8760,7446,0.85,INCOMPLETE,fixture
732082,Marine Suburban Climate Station 1 (demo),2023,8760,7446,0.85,INCOMPLETE,fixture
732083,Marine Suburban Climate Station 2 (demo),2023,8760,7271,0.83,INCOMPLETE,fixture
732084,Marine Suburban Climate Station 3 (demo),2023,8760,7271,0.83,INCOMPLETE,fixture
732085,Marine Suburban Climate Station 4 (demo),2023,8760,7096,0.81,INCOMPLETE,fixture
732086,Marine Suburban Climate Station 5 (demo),2023,8760,7096,0.81,INCOMPLETE,fixture
732087,Marine Suburban Climate Station 6 (demo),2023,8760,8760,1.0,COMPLETE,fixture
732088,Marine Suburban Climate Station 7 (demo),2023,8760,8760,1.0,COMPLETE,fixture
732089,Marine Suburban Climate Station 1 (demo),2023,8760,8585,0.98,COMPLETE,fixture
732090,Marine Suburban Climate Station 2 (demo),2023,8760,8585,0.98,COMPLETE,fixture
732091,Marine Suburban Climate Station 3 (demo),2023,8760,8410,0.96,COMPLETE,fixture
732092,Marine Suburban Climate Station 4 (demo),2023,8760,8410,0.96,COMPLETE,fixture
732093,Marine Suburban Climate Station 5 (demo),2023,8760,8234,0.94,COMPLETE,fixture
732094,Marine Suburban Climate Station 6 (demo),2023,8760,8234,0.94,COMPLETE,fixture
732095,Marine Suburban Climate Station 7 (demo),2023,8760,8059,0.92,COMPLETE,fixture
732096,Marine Suburban Climate Station 1 (demo),2023,8760,7884,0.9,COMPLETE,fixture
732097,Marine Suburban Climate Station 2 (demo),2023,8760,7884,0.9,COMPLETE,fixture
732098,Marine Suburban Climate Station 3 (demo),2023,8760,7709,0.88,INCOMPLETE,fixture
732099,Marine Suburban Climate Station 4 (demo),2023,8760,7709,0.88,INCOMPLETE,fixture
732100,Marine Suburban Climate Station 5 (demo),2023,8760,7534,0.86,INCOMPLETE,fixture
732101,Marine Suburban Climate Station 6 (demo),2023,8760,7534,0.86,INCOMPLETE,fixture
732102,Marine Suburban Climate Station 7 (demo),2023,8760,7358,0.84,INCOMPLETE,fixture
732103,Marine Suburban Climate Station 1 (demo),2023,8760,7358,0.84,INCOMPLETE,fixture
732104,Marine Suburban Climate Station 2 (demo),2023,8760,7183,0.82,INCOMPLETE,fixture
732105,Marine Suburban Climate Station 3 (demo),2023,8760,7183,0.82,INCOMPLETE,fixture
732106,Marine Suburban Climate Station 4 (demo),2023,8760,7008,0.8,INCOMPLETE,fixture
732107,Marine Suburban Climate Station 5 (demo),2023,8760,7008,0.8,INCOMPLETE,fixture
732108,Marine Suburban Climate Station 6 (demo),2023,8760,8672,0.99,COMPLETE,fixture
732109,Marine Suburban Climate Station 7 (demo),2023,8760,8672,0.99,COMPLETE,fixture
732110,Marine Suburban Climate Station 1 (demo),2023,8760,8497,0.97,COMPLETE,fixture
732111,Marine Suburban Climate Station 2 (demo),2023,8760,8497,0.97,COMPLETE,fixture
732112,Marine Suburban Climate Station 3 (demo),2023,8760,8322,0.95,COMPLETE,fixture
732113,Marine Suburban Climate Station 4 (demo),2023,8760,8322,0.95,COMPLETE,fixture
732114,Marine Suburban Climate Station 5 (demo),2023,8760,8147,0.93,COMPLETE,fixture
732115,Marine Suburban Climate Station 6 (demo),2023,8760,8147,0.93,COMPLETE,fixture
732116,Marine Suburban Climate Station 7 (demo),2023,8760,7972,0.91,COMPLETE,fixture
732117,Marine Suburban Climate Station 1 (demo),2023,8760,7972,0.91,COMPLETE,fixture
732118,Marine Suburban Climate Station 2 (demo),2023,8760,7796,0.89,INCOMPLETE,fixture
732119,Marine Suburban Climate Station 3 (demo),2023,8760,7796,0.89,INCOMPLETE,fixture
732120,Marine Suburban Climate Station 4 (demo),2023,8760,7621,0.87,INCOMPLETE,fixture
732121,Marine Suburban Climate Station 5 (demo),2023,8760,7621,0.87,INCOMPLETE,fixture
732122,Marine Suburban Climate Station 6 (demo),2023,8760,7446,0.85,INCOMPLETE,fixture
732123,Marine Suburban Climate Station 7 (demo),2023,8760,7446,0.85,INCOMPLETE,fixture
732124,Marine Suburban Climate Station 1 (demo),2023,8760,7271,0.83,INCOMPLETE,fixture
732125,Marine Suburban Climate Station 2 (demo),2023,8760,7271,0.83,INCOMPLETE,fixture
732126,Marine Suburban Climate Station 3 (demo),2023,8760,7096,0.81,INCOMPLETE,fixture
732127,Marine Suburban Climate Station 4 (demo),2023,8760,7096,0.81,INCOMPLETE,fixture
732128,Marine Suburban Climate Station 5 (demo),2023,8760,8760,1.0,COMPLETE,fixture
732129,Marine Suburban Climate Station 6 (demo),2023,8760,8760,1.0,COMPLETE,fixture
732130,Marine Suburban Climate Station 7 (demo),2023,8760,8585,0.98,COMPLETE,fixture
732131,Marine Suburban Climate Station 1 (demo),2023,8760,8410,0.96,COMPLETE,fixture
732132,Marine Suburban Climate Station 2 (demo),2023,8760,8410,0.96,COMPLETE,fixture
732133,Marine Suburban Climate Station 3 (demo),2023,8760,8234,0.94,COMPLETE,fixture
732134,Marine Suburban Climate Station 4 (demo),2023,8760,8234,0.94,COMPLETE,fixture
732135,Marine Suburban Climate Station 5 (demo),2023,8760,8059,0.92,COMPLETE,fixture
732136,Marine Suburban Climate Station 6 (demo),2023,8760,8059,0.92,COMPLETE,fixture
732137,Marine Suburban Climate Station 7 (demo),2023,8760,7884,0.9,COMPLETE,fixture
732138,Marine Suburban Climate Station 1 (demo),2023,8760,7884,0.9,COMPLETE,fixture
732139,Marine Suburban Climate Station 2 (demo),2023,8760,7709,0.88,INCOMPLETE,fixture
732140,Marine Suburban Climate Station 3 (demo),2023,8760,7709,0.88,INCOMPLETE,fixture
732141,Marine Suburban Climate Station 4 (demo),2023,8760,7534,0.86,INCOMPLETE,fixture
732142,Marine Suburban Climate Station 5 (demo),2023,8760,7534,0.86,INCOMPLETE,fixture
732143,Marine Suburban Climate Station 6 (demo),2023,8760,7358,0.84,INCOMPLETE,fixture
732144,Marine Suburban Climate Station 7 (demo),2023,8760,7358,0.84,INCOMPLETE,fixture
732145,Marine Suburban Climate Station 1 (demo),2023,8760,7183,0.82,INCOMPLETE,fixture
732146,Marine Suburban Climate Station 2 (demo),2023,8760,7183,0.82,INCOMPLETE,fixture
732147,Marine Suburban Climate Station 3 (demo),2023,8760,7008,0.8,INCOMPLETE,fixture
732148,Marine Suburban Climate Station 4 (demo),2023,8760,7008,0.8,INCOMPLETE,fixture
732149,Marine Suburban Climate Station 5 (demo),2023,8760,8672,0.99,COMPLETE,fixture
732150,Marine Suburban Climate Station 6 (demo),2023,8760,8672,0.99,COMPLETE,fixture
732151,Marine Suburban Climate Station 7 (demo),2023,8760,8497,0.97,COMPLETE,fixture
732152,Marine Suburban Climate Station 1 (demo),2023,8760,8497,0.97,COMPLETE,fixture
732153,Marine Suburban Climate Station 2 (demo),2023,8760,8322,0.95,COMPLETE,fixture
732154,Marine Suburban Climate Station 3 (demo),2023,8760,8322,0.95,COMPLETE,fixture
732155,Marine Suburban Climate Station 4 (demo),2023,8760,8147,0.93,COMPLETE,fixture
732156,Marine Suburban Climate Station 5 (demo),2023,8760,8147,0.93,COMPLETE,fixture
732157,Marine Suburban Climate Station 6 (demo),2023,8760,7972,0.91,COMPLETE,fixture
732158,Marine Suburban Climate Station 7 (demo),2023,8760,7972,0.91,COMPLETE,fixture
732159,Marine Suburban Climate Station 1 (demo),2023,8760,7796,0.89,INCOMPLETE,fixture
732160,Marine Suburban Climate Station 2 (demo),2023,8760,7796,0.89,INCOMPLETE,fixture
732161,Marine Suburban Climate Station 3 (demo),2023,8760,7621,0.87,INCOMPLETE,fixture
732162,Marine Suburban Climate Station 4 (demo),2023,8760,7621,0.87,INCOMPLETE,fixture
732163,Marine Suburban Climate Station 5 (demo),2023,8760,7446,0.85,INCOMPLETE,fixture
732164,Marine Suburban Climate Station 6 (demo),2023,8760,7446,0.85,INCOMPLETE,fixture
732165,Marine Suburban Climate Station 7 (demo),2023,8760,7271,0.83,INCOMPLETE,fixture
732166,Marine Suburban Climate Station 1 (demo),2023,8760,7271,0.83,INCOMPLETE,fixture
732167,Marine Suburban Climate Station 2 (demo),2023,8760,7096,0.81,INCOMPLETE,fixture
732168,Marine Suburban Climate Station 3 (demo),2023,8760,8760,1.0,COMPLETE,fixture
732169,Marine Suburban Climate Station 4 (demo),2023,8760,8760,1.0,COMPLETE,fixture
732170,Marine Suburban Climate Station 5 (demo),2023,8760,8585,0.98,COMPLETE,fixture
732171,Marine Suburban Climate Station 6 (demo),2023,8760,8585,0.98,COMPLETE,fixture
732172,Marine Suburban Climate Station 7 (demo),2023,8760,8410,0.96,COMPLETE,fixture
732173,Marine Suburban Climate Station 1 (demo),2023,8760,8410,0.96,COMPLETE,fixture
732174,Marine Suburban Climate Station 2 (demo),2023,8760,8234,0.94,COMPLETE,fixture
732175,Marine Suburban Climate Station 3 (demo),2023,8760,8234,0.94,COMPLETE,fixture
732176,Marine Suburban Climate Station 4 (demo),2023,8760,8059,0.92,COMPLETE,fixture
732177,Marine Suburban Climate Station 5 (demo),2023,8760,8059,0.92,COMPLETE,fixture
732178,Marine Suburban Climate Station 6 (demo),2023,8760,7884,0.9,COMPLETE,fixture
732179,Marine Suburban Climate Station 7 (demo),2023,8760,7884,0.9,COMPLETE,fixture
732180,Marine Suburban Climate Station 1 (demo),2023,8760,7709,0.88,INCOMPLETE,fixture
732181,Marine Suburban Climate Station 2 (demo),2023,8760,7709,0.88,INCOMPLETE,fixture
732182,Marine Suburban Climate Station 3 (demo),2023,8760,7534,0.86,INCOMPLETE,fixture
732183,Marine Suburban Climate Station 4 (demo),2023,8760,7534,0.86,INCOMPLETE,fixture
732184,Marine Suburban Climate Station 5 (demo),2023,8760,7358,0.84,INCOMPLETE,fixture
732185,Marine Suburban Climate Station 6 (demo),2023,8760,7358,0.84,INCOMPLETE,fixture
732186,Marine Suburban Climate Station 7 (demo),2023,8760,7183,0.82,INCOMPLETE,fixture
732187,Marine Suburban Climate Station 1 (demo),2023,8760,7183,0.82,INCOMPLETE,fixture
732188,Marine Suburban Climate Station 2 (demo),2023,8760,7008,0.8,INCOMPLETE,fixture
732189,Marine Suburban Climate Station 3 (demo),2023,8760,7008,0.8,INCOMPLETE,fixture
732190,Marine Suburban Climate Station 4 (demo),2023,8760,8672,0.99,COMPLETE,fixture
732191,Marine Suburban Climate Station 5 (demo),2023,8760,8672,0.99,COMPLETE,fixture
732192,Marine Suburban Climate Station 6 (demo),2023,8760,8497,0.97,COMPLETE,fixture
732193,Marine Suburban Climate Station 7 (demo),2023,8760,8497,0.97,COMPLETE,fixture
732194,Marine Suburban Climate Station 1 (demo),2023,8760,8322,0.95,COMPLETE,fixture
732195,Marine Suburban Climate Station 2 (demo),2023,8760,8322,0.95,COMPLETE,fixture
732196,Marine Suburban Climate Station 3 (demo),2023,8760,8147,0.93,COMPLETE,fixture
732197,Marine Suburban Climate Station 4 (demo),2023,8760,8147,0.93,COMPLETE,fixture
732198,Marine Suburban Climate Station 5 (demo),2023,8760,7972,0.91,COMPLETE,fixture
732199,Marine Suburban Climate Station 6 (demo),2023,8760,7972,0.91,COMPLETE,fixture
732200,Marine Suburban Climate Station 7 (demo),2023,8760,7796,0.89,INCOMPLETE,fixture
732201,Marine Suburban Climate Station 1 (demo),2023,8760,7796,0.89,INCOMPLETE,fixture
732202,Marine Suburban Climate Station 2 (demo),2023,8760,7621,0.87,INCOMPLETE,fixture
732203,Marine Suburban Climate Station 3 (demo),2023,8760,7446,0.85,INCOMPLETE,fixture
732204,Marine Suburban Climate Station 4 (demo),2023,8760,7446,0.85,INCOMPLETE,fixture
732205,Marine Suburban Climate Station 5 (demo),2023,8760,7271,0.83,INCOMPLETE,fixture
732206,Marine Suburban Climate Station 6 (demo),2023,8760,7271,0.83,INCOMPLETE,fixture
732207,Marine Suburban Climate Station 7 (demo),2023,8760,7096,0.81,INCOMPLETE,fixture
732208,Marine Suburban Climate Station 1 (demo),2023,8760,7096,0.81,INCOMPLETE,fixture
732209,Marine Suburban Climate Station 2 (demo),2023,8760,8760,1.0,COMPLETE,fixture
732210,Marine Suburban Climate Station 3 (demo),2023,8760,8760,1.0,COMPLETE,fixture
732211,Marine Suburban Climate Station 4 (demo),2023,8760,8585,0.98,COMPLETE,fixture
732212,Marine Suburban Climate Station 5 (demo),2023,8760,8585,0.98,COMPLETE,fixture
732213,Marine Suburban Climate Station 6 (demo),2023,8760,8410,0.96,COMPLETE,fixture
732214,Marine Suburban Climate Station 7 (demo),2023,8760,8410,0.96,COMPLETE,fixture
732215,Marine Suburban Climate Station 1 (demo),2023,8760,8234,0.94,COMPLETE,fixture
732216,Marine Suburban Climate Station 2 (demo),2023,8760,8234,0.94,COMPLETE,fixture
732217,Marine Suburban Climate Station 3 (demo),2023,8760,8059,0.92,COMPLETE,fixture
732218,Marine Suburban Climate Station 4 (demo),2023,8760,8059,0.92,COMPLETE,fixture
732219,Marine Suburban Climate Station 5 (demo),2023,8760,7884,0.9,COMPLETE,fixture
732220,Marine Rural Climate Station 6 (demo),2023,8760,7884,0.9,COMPLETE,fixture
732221,Marine Rural Climate Station 7 (demo),2023,8760,7709,0.88,INCOMPLETE,fixture
732222,Marine Rural Climate Station 1 (demo),2023,8760,7709,0.88,INCOMPLETE,fixture
732223,Marine Rural Climate Station 2 (demo),2023,8760,7534,0.86,INCOMPLETE,fixture
732224,Marine Rural Climate Station 3 (demo),2023,8760,7534,0.86,INCOMPLETE,fixture
732225,Marine Rural Climate Station 4 (demo),2023,8760,7358,0.84,INCOMPLETE,fixture
732226,Marine Rural Climate Station 5 (demo),2023,8760,7358,0.84,INCOMPLETE,fixture
732227,Marine Rural Climate Station 6 (demo),2023,8760,7183,0.82,INCOMPLETE,fixture
732228,Marine Rural Climate Station 7 (demo),2023,8760,7183,0.82,INCOMPLETE,fixture
732229,Marine Rural Climate Station 1 (demo),2023,8760,7008,0.8,INCOMPLETE,fixture
732230,Marine Rural Climate Station 2 (demo),2023,8760,7008,0.8,INCOMPLETE,fixture
732231,Marine Rural Climate Station 3 (demo),2023,8760,8672,0.99,COMPLETE,fixture
732232,Marine Rural Climate Station 4 (demo),2023,8760,8672,0.99,COMPLETE,fixture
732233,Marine Rural Climate Station 5 (demo),2023,8760,8497,0.97,COMPLETE,fixture
732234,Marine Rural Climate Station 6 (demo),2023,8760,8497,0.97,COMPLETE,fixture
732235,Marine Rural Climate Station 7 (demo),2023,8760,8322,0.95,COMPLETE,fixture
732236,Marine Rural Climate Station 1 (demo),2023,8760,8322,0.95,COMPLETE,fixture
732237,Marine Rural Climate Station 2 (demo),2023,8760,8147,0.93,COMPLETE,fixture
732238,Marine Rural Climate Station 3 (demo),2023,8760,8147,0.93,COMPLETE,fixture
732239,Marine Rural Climate Station 4 (demo),2023,8760,7972,0.91,COMPLETE,fixture
732240,Marine Rural Climate Station 5 (demo),2023,8760,7796,0.89,INCOMPLETE,fixture
732241,Marine Rural Climate Station 6 (demo),2023,8760,7796,0.89,INCOMPLETE,fixture
732242,Marine Rural Climate Station 7 (demo),2023,8760,7621,0.87,INCOMPLETE,fixture
732243,Marine Rural Climate Station 1 (demo),2023,8760,7621,0.87,INCOMPLETE,fixture
732244,Marine Rural Climate Station 2 (demo),2023,8760,7446,0.85,INCOMPLETE,fixture
732245,Marine Rural Climate Station 3 (demo),2023,8760,7446,0.85,INCOMPLETE,fixture
732246,Marine Rural Climate Station 4 (demo),2023,8760,7271,0.83,INCOMPLETE,fixture
732247,Marine Rural Climate Station 5 (demo),2023,8760,7271,0.83,INCOMPLETE,fixture
732248,Marine Rural Climate Station 6 (demo),2023,8760,7096,0.81,INCOMPLETE,fixture
732249,Marine Rural Climate Station 7 (demo),2023,8760,7096,0.81,INCOMPLETE,fixture
732250,Marine Rural Climate Station 1 (demo),2023,8760,8760,1.0,COMPLETE,fixture
732251,Marine Rural Climate Station 2 (demo),2023,8760,8760,1.0,COMPLETE,fixture
732252,Marine Rural Climate Station 3 (demo),2023,8760,8585,0.98,COMPLETE,fixture
732253,Marine Rural Climate Station 4 (demo),2023,8760,8585,0.98,COMPLETE,fixture
732254,Marine Rural Climate Station 5 (demo),2023,8760,8410,0.96,COMPLETE,fixture
732255,Marine Rural Climate Station 6 (demo),2023,8760,8410,0.96,COMPLETE,fixture
732256,Marine Rural Climate Station 7 (demo),2023,8760,8234,0.94,COMPLETE,fixture
732257,Marine Rural Climate Station 1 (demo),2023,8760,8234,0.94,COMPLETE,fixture
732258,Marine Rural Climate Station 2 (demo),2023,8760,8059,0.92,COMPLETE,fixture
732259,Marine Rural Climate Station 3 (demo),2023,8760,8059,0.92,COMPLETE,fixture
732260,Marine Rural Climate Station 4 (demo),2023,8760,7884,0.9,COMPLETE,fixture
732261,Marine Rural Climate Station 5 (demo),2023,8760,7884,0.9,COMPLETE,fixture
732262,Marine Rural Climate Station 6 (demo),2023,8760,7709,0.88,INCOMPLETE,fixture
732263,Marine Rural Climate Station 7 (demo),2023,8760,7709,0.88,INCOMPLETE,fixture
732264,Marine Rural Climate Station 1 (demo),2023,8760,7534,0.86,INCOMPLETE,fixture
732265,Marine Rural Climate Station 2 (demo),2023,8760,7534,0.86,INCOMPLETE,fixture
732266,Marine Rural Climate Station 3 (demo),2023,8760,7358,0.84,INCOMPLETE,fixture
732267,Marine Rural Climate Station 4 (demo),2023,8760,7358,0.84,INCOMPLETE,fixture
732268,Marine Rural Climate Station 5 (demo),2023,8760,7183,0.82,INCOMPLETE,fixture
732269,Marine Rural Climate Station 6 (demo),2023,8760,7183,0.82,INCOMPLETE,fixture
732270,Marine Rural Climate Station 7 (demo),2023,8760,7008,0.8,INCOMPLETE,fixture
732271,Marine Rural Climate Station 1 (demo),2023,8760,7008,0.8,INCOMPLETE,fixture
732272,Marine Rural Climate Station 2 (demo),2023,8760,8672,0.99,COMPLETE,fixture
732273,Marine Rural Climate Station 3 (demo),2023,8760,8672,0.99,COMPLETE,fixture
732274,Marine Rural Climate Station 4 (demo),2023,8760,8497,0.97,COMPLETE,fixture
732275,Marine Rural Climate Station 5 (demo),2023,8760,8322,0.95,COMPLETE,fixture
732276,Marine Rural Climate Station 6 (demo),2023,8760,8322,0.95,COMPLETE,fixture
732277,Marine Rural Climate Station 7 (demo),2023,8760,8147,0.93,COMPLETE,fixture
732278,Marine Rural Climate Station 1 (demo),2023,8760,8147,0.93,COMPLETE,fixture
732279,Marine Rural Climate Station 2 (demo),2023,8760,7972,0.91,COMPLETE,fixture
732280,Marine Rural Climate Station 3 (demo),2023,8760,7972,0.91,COMPLETE,fixture
732281,Marine Rural Climate Station 4 (demo),2023,8760,7796,0.89,INCOMPLETE,fixture
732282,Marine Rural Climate Station 5 (demo),2023,8760,7796,0.89,INCOMPLETE,fixture
732283,Marine Rural Climate Station 6 (demo),2023,8760,7621,0.87,INCOMPLETE,fixture
732284,Marine Rural Climate Station 7 (demo),2023,8760,7621,0.87,INCOMPLETE,fixture
732285,Marine Rural Climate Station 1 (demo),2023,8760,7446,0.85,INCOMPLETE,fixture
732286,Marine Rural Climate Station 2 (demo),2023,8760,7446,0.85,INCOMPLETE,fixture
732287,Marine Rural Climate Station 3 (demo),2023,8760,7271,0.83,INCOMPLETE,fixture
732288,Marine Rural Climate Station 4 (demo),2023,8760,7271,0.83,INCOMPLETE,fixture
732289,Marine Rural Climate Station 5 (demo),2023,8760,7096,0.81,INCOMPLETE,fixture
732290,Marine Rural Climate Station 6 (demo),2023,8760,7096,0.81,INCOMPLETE,fixture
732291,Marine Rural Climate Station 7 (demo),2023,8760,8760,1.0,COMPLETE,fixture
732292,Marine Rural Climate Station 1 (demo),2023,8760,8760,1.0,COMPLETE,fixture
732293,Marine Rural Climate Station 2 (demo),2023,8760,8585,0.98,COMPLETE,fixture
732294,Marine Rural Climate Station 3 (demo),2023,8760,8585,0.98,COMPLETE,fixture
732295,Marine Rural Climate Station 4 (demo),2023,8760,8410,0.96,COMPLETE,fixture
732296,Marine Rural Climate Station 5 (demo),2023,8760,8410,0.96,COMPLETE,fixture
732297,Marine Rural Climate Station 6 (demo),2023,8760,8234,0.94,COMPLETE,fixture
732298,Marine Rural Climate Station 7 (demo),2023,8760,8234,0.94,COMPLETE,fixture
732299,Marine Rural Climate Station 1 (demo),2023,8760,8059,0.92,COMPLETE,fixture
732300,Marine Rural Climate Station 2 (demo),2023,8760,8059,0.92,COMPLETE,fixture
732301,Marine Rural Climate Station 3 (demo),2023,8760,7884,0.9,COMPLETE,fixture
732302,Marine Rural Climate Station 4 (demo),2023,8760,7884,0.9,COMPLETE,fixture
732303,Marine Rural Climate Station 5 (demo),2023,8760,7709,0.88,INCOMPLETE,fixture
732304,Marine Rural Climate Station 6 (demo),2023,8760,7709,0.88,INCOMPLETE,fixture
732305,Marine Rural Climate Station 7 (demo),2023,8760,7534,0.86,INCOMPLETE,fixture
732306,Marine Rural Climate Station 1 (demo),2023,8760,7534,0.86,INCOMPLETE,fixture
732307,Marine Rural Climate Station 2 (demo),2023,8760,7358,0.84,INCOMPLETE,fixture
732308,Marine Rural Climate Station 3 (demo),2023,8760,7358,0.84,INCOMPLETE,fixture
732309,Marine Rural Climate Station 4 (demo),2023,8760,7183,0.82,INCOMPLETE,fixture
732310,Marine Rural Climate Station 5 (demo),2023,8760,7183,0.82,INCOMPLETE,fixture
732311,Marine Rural Climate Station 6 (demo),2023,8760,7008,0.8,INCOMPLETE,fixture
732312,Marine Rural Climate Station 7 (demo),2023,8760,8672,0.99,COMPLETE,fixture
732313,Marine Rural Climate Station 1 (demo),2023,8760,8672,0.99,COMPLETE,fixture
732314,Marine Rural Climate Station 2 (demo),2023,8760,8497,0.97,COMPLETE,fixture
732315,Marine Rural Climate Station 3 (demo),2023,8760,8497,0.97,COMPLETE,fixture
732316,Marine Rural Climate Station 4 (demo),2023,8760,8322,0.95,COMPLETE,fixture
732317,Marine Rural Climate Station 5 (demo),2023,8760,8322,0.95,COMPLETE,fixture
732318,Marine Rural Climate Station 6 (demo),2023,8760,8147,0.93,COMPLETE,fixture
732319,Marine Rural Climate Station 7 (demo),2023,8760,8147,0.93,COMPLETE,fixture
732320,Marine Rural Climate Station 1 (demo),2023,8760,7972,0.91,COMPLETE,fixture
732321,Marine Rural Climate Station 2 (demo),2023,8760,7972,0.91,COMPLETE,fixture
732322,Marine Rural Climate Station 3 (demo),2023,8760,7796,0.89,INCOMPLETE,fixture
732323,Marine Rural Climate Station 4 (demo),2023,8760,7796,0.89,INCOMPLETE,fixture
732324,Marine Rural Climate Station 5 (demo),2023,8760,7621,0.87,INCOMPLETE,fixture
732325,Marine Rural Climate Station 6 (demo),2023,8760,7621,0.87,INCOMPLETE,fixture
732326,Marine Rural Climate Station 7 (demo),2023,8760,7446,0.85,INCOMPLETE,fixture
732327,Marine Rural Climate Station 1 (demo),2023,8760,7446,0.85,INCOMPLETE,fixture
732328,Marine Rural Climate Station 2 (demo),2023,8760,7271,0.83,INCOMPLETE,fixture
732329,Marine Rural Climate Station 3 (demo),2023,8760,7271,0.83,INCOMPLETE,fixture
732330,Marine Rural Climate Station 4 (demo),2023,8760,7096,0.81,INCOMPLETE,fixture
732331,Marine Rural Climate Station 5 (demo),2023,8760,7096,0.81,INCOMPLETE,fixture
732332,Marine Rural Climate Station 6 (demo),2023,8760,8760,1.0,COMPLETE,fixture
732333,Marine Rural Climate Station 7 (demo),2023,8760,8760,1.0,COMPLETE,fixture
732334,Marine Rural Climate Station 1 (demo),2023,8760,8585,0.98,COMPLETE,fixture
732335,Marine Rural Climate Station 2 (demo),2023,8760,8585,0.98,COMPLETE,fixture
732336,Marine Rural Climate Station 3 (demo),2023,8760,8410,0.96,COMPLETE,fixture
732337,Marine Rural Climate Station 4 (demo),2023,8760,8410,0.96,COMPLETE,fixture
732338,Marine Rural Climate Station 5 (demo),2023,8760,8234,0.94,COMPLETE,fixture
732339,Marine Rural Climate Station 6 (demo),2023,8760,8234,0.94,COMPLETE,fixture
732340,Marine Rural Climate Station 7 (demo),2023,8760,8059,0.92,COMPLETE,fixture
732341,Marine Rural Climate Station 1 (demo),2023,8760,8059,0.92,COMPLETE,fixture
732342,Marine Rural Climate Station 2 (demo),2023,8760,7884,0.9,COMPLETE,fixture
732343,Marine Rural Climate Station 3 (demo),2023,8760,7884,0.9,COMPLETE,fixture
732344,Marine Rural Climate Station 4 (demo),2023,8760,7709,0.88,INCOMPLETE,fixture
732345,Marine Rural Climate Station 5 (demo),2023,8760,7709,0.88,INCOMPLETE,fixture
732346,Marine Rural Climate Station 6 (demo),2023,8760,7534,0.86,INCOMPLETE,fixture
732347,Marine Rural Climate Station 7 (demo),2023,8760,7358,0.84,INCOMPLETE,fixture
732348,Marine Rural Climate Station 1 (demo),2023,8760,7358,0.84,INCOMPLETE,fixture
732349,Marine Rural Climate Station 2 (demo),2023,8760,7183,0.82,INCOMPLETE,fixture
732350,Marine Rural Climate Station 3 (demo),2023,8760,7183,0.82,INCOMPLETE,fixture
732351,Marine Rural Climate Station 4 (demo),2023,8760,7008,0.8,INCOMPLETE,fixture
732352,Marine Rural Climate Station 5 (demo),2023,8760,7008,0.8,INCOMPLETE,fixture
732353,Marine Rural Climate Station 6 (demo),2023,8760,8672,0.99,COMPLETE,fixture
732354,Marine Rural Climate Station 7 (demo),2023,8760,8672,0.99,COMPLETE,fixture
732355,Marine Rural Climate Station 1 (demo),2023,8760,8497,0.97,COMPLETE,fixture
732356,Marine Rural Climate Station 2 (demo),2023,8760,8497,0.97,COMPLETE,fixture
732357,Marine Rural Climate Station 3 (demo),2023,8760,8322,0.95,COMPLETE,fixture
732358,Marine Rural Climate Station 4 (demo),2023,8760,8322,0.95,COMPLETE,fixture
732359,Marine Rural Climate Station 5 (demo),2023,8760,8147,0.93,COMPLETE,fixture
732360,Marine Rural Climate Station 6 (demo),2023,8760,8147,0.93,COMPLETE,fixture
732361,Marine Rural Climate Station 7 (demo),2023,8760,7972,0.91,COMPLETE,fixture
732362,Marine Rural Climate Station 1 (demo),2023,8760,7972,0.91,COMPLETE,fixture
732363,Marine Rural Climate Station 2 (demo),2023,8760,7796,0.89,INCOMPLETE,fixture
732364,Marine Rural Climate Station 3 (demo),2023,8760,7796,0.89,INCOMPLETE,fixture
732365,Marine Rural Climate Station 4 (demo),2023,8760,7621,0.87,INCOMPLETE,fixture
732366,Marine Rural Climate Station 5 (demo),2023,8760,7621,0.87,INCOMPLETE,fixture
732367,Marine Rural Climate Station 6 (demo),2023,8760,7446,0.85,INCOMPLETE,fixture
732368,Mixed-Humid HDU Climate Station 7 (demo),2023,8760,7446,0.85,INCOMPLETE,fixture
732369,Mixed-Humid HDU Climate Station 1 (demo),2023,8760,7271,0.83,INCOMPLETE,fixture
732370,Mixed-Humid HDU Climate Station 2 (demo),2023,8760,7271,0.83,INCOMPLETE,fixture
732371,Mixed-Humid HDU Climate Station 3 (demo),2023,8760,7096,0.81,INCOMPLETE,fixture
732372,Mixed-Humid HDU Climate Station 4 (demo),2023,8760,7096,0.81,INCOMPLETE,fixture
732373,Mixed-Humid HDU Climate Station 5 (demo),2023,8760,8760,1.0,COMPLETE,fixture
732374,Mixed-Humid HDU Climate Station 6 (demo),2023,8760,8760,1.0,COMPLETE,fixture
732375,Mixed-Humid HDU Climate Station 7 (demo),2023,8760,8585,0.98,COMPLETE,fixture
732376,Mixed-Humid HDU Climate Station 1 (demo),2023,8760,8585,0.98,COMPLETE,fixture
732377,Mixed-Humid HDU Climate Station 2 (demo),2023,8760,8410,0.96,COMPLETE,fixture
732378,Mixed-Humid HDU Climate Station 3 (demo),2023,8760,8410,0.96,COMPLETE,fixture
732379,Mixed-Humid HDU Climate Station 4 (demo),2023,8760,8234,0.94,COMPLETE,fixture
732380,Mixed-Humid HDU Climate Station 5 (demo),2023,8760,8234,0.94,COMPLETE,fixture
732381,Mixed-Humid HDU Climate Station 6 (demo),2023,8760,8059,0.92,COMPLETE,fixture
732382,Mixed-Humid HDU Climate Station 7 (demo),2023,8760,8059,0.92,COMPLETE,fixture
732383,Mixed-Humid HDU Climate Station 1 (demo),2023,8760,7884,0.9,COMPLETE,fixture
732384,Mixed-Humid HDU Climate Station 2 (demo),2023,8760,7709,0.88,INCOMPLETE,fixture
732385,Mixed-Humid HDU Climate Station 3 (demo),2023,8760,7709,0.88,INCOMPLETE,fixture
732386,Mixed-Humid HDU Climate Station 4 (demo),2023,8760,7534,0.86,INCOMPLETE,fixture
732387,Mixed-Humid HDU Climate Station 5 (demo),2023,8760,7534,0.86,INCOMPLETE,fixture
732388,Mixed-Humid HDU Climate Station 6 (demo),2023,8760,7358,0.84,INCOMPLETE,fixture
732389,Mixed-Humid HDU Climate Station 7 (demo),2023,8760,7358,0.84,INCOMPLETE,fixture
732390,Mixed-Humid HDU Climate Station 1 (demo),2023,8760,7183,0.82,INCOMPLETE,fixture
732391,Mixed-Humid HDU Climate Station 2 (demo),2023,8760,7183,0.82,INCOMPLETE,fixture
732392,Mixed-Humid HDU Climate Station 3 (demo),2023,8760,7008,0.8,INCOMPLETE,fixture
732393,Mixed-Humid HDU Climate Station 4 (demo),2023,8760,7008,0.8,INCOMPLETE,fixture
732394,Mixed-Humid HDU Climate Station 5 (demo),2023,8760,8672,0.99,COMPLETE,fixture
732395,Mixed-Humid HDU Climate Station 6 (demo),2023,8760,8672,0.99,COMPLETE,fixture
732396,Mixed-Humid HDU Climate Station 7 (demo),2023,8760,8497,0.97,COMPLETE,fixture
732397,Mixed-Humid HDU Climate Station 1 (demo),2023,8760,8497,0.97,COMPLETE,fixture
732398,Mixed-Humid HDU Climate Station 2 (demo),2023,8760,8322,0.95,COMPLETE,fixture
732399,Mixed-Humid HDU Climate Station 3 (demo),2023,8760,8322,0.95,COMPLETE,fixture
732400,Mixed-Humid HDU Climate Station 4 (demo),2023,8760,8147,0.93,COMPLETE,fixture
732401,Mixed-Humid HDU Climate Station 5 (demo),2023,8760,8147,0.93,COMPLETE,fixture
732402,Mixed-Humid HDU Climate Station 6 (demo),2023,8760,7972,0.91,COMPLETE,fixture
732403,Mixed-Humid HDU Climate Station 7 (demo),2023,8760,7972,0.91,COMPLETE,fixture
732404,Mixed-Humid HDU Climate Station 1 (demo),2023,8760,7796,0.89,INCOMPLETE,fixture
732405,Mixed-Humid HDU Climate Station 2 (demo),2023,8760,7796,0.89,INCOMPLETE,fixture
732406,Mixed-Humid HDU Climate Station 3 (demo),2023,8760,7621,0.87,INCOMPLETE,fixture
732407,Mixed-Humid HDU Climate Station 4 (demo),2023,8760,7621,0.87,INCOMPLETE,fixture
732408,Mixed-Humid HDU Climate Station 5 (demo),2023,8760,7446,0.85,INCOMPLETE,fixture
732409,Mixed-Humid HDU Climate Station 6 (demo),2023,8760,7446,0.85,INCOMPLETE,fixture
732410,Mixed-Humid HDU Climate Station 7 (demo),2023,8760,7271,0.83,INCOMPLETE,fixture
732411,Mixed-Humid HDU Climate Station 1 (demo),2023,8760,7271,0.83,INCOMPLETE,fixture
732412,Mixed-Humid HDU Climate Station 2 (demo),2023,8760,7096,0.81,INCOMPLETE,fixture
732413,Mixed-Humid HDU Climate Station 3 (demo),2023,8760,7096,0.81,INCOMPLETE,fixture
732414,Mixed-Humid HDU Climate Station 4 (demo),2023,8760,8760,1.0,COMPLETE,fixture
732415,Mixed-Humid HDU Climate Station 5 (demo),2023,8760,8760,1.0,COMPLETE,fixture
732416,Mixed-Humid HDU Climate Station 6 (demo),2023,8760,8585,0.98,COMPLETE,fixture
732417,Mixed-Humid HDU Climate Station 7 (demo),2023,8760,8585,0.98,COMPLETE,fixture
732418,Mixed-Humid HDU Climate Station 1 (demo),2023,8760,8410,0.96,COMPLETE,fixture
732419,Mixed-Humid HDU Climate Station 2 (demo),2023,8760,8410,0.96,COMPLETE,fixture
732420,Mixed-Humid HDU Climate Station 3 (demo),2023,8760,8234,0.94,COMPLETE,fixture
732421,Mixed-Humid HDU Climate Station 4 (demo),2023,8760,8059,0.92,COMPLETE,fixture
732422,Mixed-Humid HDU Climate Station 5 (demo),2023,8760,8059,0.92,COMPLETE,fixture
732423,Mixed-Humid HDU Climate Station 6 (demo),2023,8760,7884,0.9,COMPLETE,fixture
732424,Mixed-Humid HDU Climate Station 7 (demo),2023,8760,7884,0.9,COMPLETE,fixture
732425,Mixed-Humid HDU Climate Station 1 (demo),2023,8760,7709,0.88,INCOMPLETE,fixture
732426,Mixed-Humid HDU Climate Station 2 (demo),2023,8760,7709,0.88,INCOMPLETE,fixture
732427,Mixed-Humid HDU Climate Station 3 (demo),2023,8760,7534,0.86,INCOMPLETE,fixture
732428,Mixed-Humid HDU Climate Station 4 (demo),2023,8760,7534,0.86,INCOMPLETE,fixture
732429,Mixed-Humid HDU Climate Station 5 (demo),2023,8760,7358,0.84,INCOMPLETE,fixture
732430,Mixed-Humid HDU Climate Station 6 (demo),2023,8760,7358,0.84,INCOMPLETE,fixture
732431,Mixed-Humid HDU Climate Station 7 (demo),2023,8760,7183,0.82,INCOMPLETE,fixture
732432,Mixed-Humid HDU Climate Station 1 (demo),2023,8760,7183,0.82,INCOMPLETE,fixture
732433,Mixed-Humid HDU Climate Station 2 (demo),2023,8760,7008,0.8,INCOMPLETE,fixture
732434,Mixed-Humid HDU Climate Station 3 (demo),2023,8760,7008,0.8,INCOMPLETE,fixture
732435,Mixed-Humid HDU Climate Station 4 (demo),2023,8760,8672,0.99,COMPLETE,fixture
732436,Mixed-Humid HDU Climate Station 5 (demo),2023,8760,8672,0.99,COMPLETE,fixture
732437,Mixed-Humid HDU Climate Station 6 (demo),2023,8760,8497,0.97,COMPLETE,fixture
732438,Mixed-Humid HDU Climate Station 7 (demo),2023,8760,8497,0.97,COMPLETE,fixture
732439,Mixed-Humid HDU Climate Station 1 (demo),2023,8760,8322,0.95,COMPLETE,fixture
732440,Mixed-Humid HDU Climate Station 2 (demo),2023,8760,8322,0.95,COMPLETE,fixture
732441,Mixed-Humid HDU Climate Station 3 (demo),2023,8760,8147,0.93,COMPLETE,fixture
732442,Mixed-Humid HDU Climate Station 4 (demo),2023,8760,8147,0.93,COMPLETE,fixture
732443,Mixed-Humid HDU Climate Station 5 (demo),2023,8760,7972,0.91,COMPLETE,fixture
732444,Mixed-Humid HDU Climate Station 6 (demo),2023,8760,7972,0.91,COMPLETE,fixture
732445,Mixed-Humid HDU Climate Station 7 (demo),2023,8760,7796,0.89,INCOMPLETE,fixture
732446,Mixed-Humid HDU Climate Station 1 (demo),2023,8760,7796,0.89,INCOMPLETE,fixture
732447,Mixed-Humid HDU Climate Station 2 (demo),2023,8760,7621,0.87,INCOMPLETE,fixture
732448,Mixed-Humid HDU Climate Station 3 (demo),2023,8760,7621,0.87,INCOMPLETE,fixture
732449,Mixed-Humid HDU Climate Station 4 (demo),2023,8760,7446,0.85,INCOMPLETE,fixture
732450,Mixed-Humid HDU Climate Station 5 (demo),2023,8760,7446,0.85,INCOMPLETE,fixture
732451,Mixed-Humid HDU Climate Station 6 (demo),2023,8760,7271,0.83,INCOMPLETE,fixture
732452,Mixed-Humid HDU Climate Station 7 (demo),2023,8760,7271,0.83,INCOMPLETE,fixture
732453,Mixed-Humid HDU Climate Station 1 (demo),2023,8760,7096,0.81,INCOMPLETE,fixture
732454,Mixed-Humid HDU Climate Station 2 (demo),2023,8760,7096,0.81,INCOMPLETE,fixture
732455,Mixed-Humid HDU Climate Station 3 (demo),2023,8760,8760,1.0,COMPLETE,fixture
732456,Mixed-Humid HDU Climate Station 4 (demo),2023,8760,8585,0.98,COMPLETE,fixture
732457,Mixed-Humid HDU Climate Station 5 (demo),2023,8760,8585,0.98,COMPLETE,fixture
732458,Mixed-Humid HDU Climate Station 6 (demo),2023,8760,8410,0.96,COMPLETE,fixture
732459,Mixed-Humid HDU Climate Station 7 (demo),2023,8760,8410,0.96,COMPLETE,fixture
732460,Mixed-Humid HDU Climate Station 1 (demo),2023,8760,8234,0.94,COMPLETE,fixture
732461,Mixed-Humid HDU Climate Station 2 (demo),2023,8760,8234,0.94,COMPLETE,fixture
732462,Mixed-Humid HDU Climate Station 3 (demo),2023,8760,8059,0.92,COMPLETE,fixture
732463,Mixed-Humid HDU Climate Station 4 (demo),2023,8760,8059,0.92,COMPLETE,fixture
732464,Mixed-Humid HDU Climate Station 5 (demo),2023,8760,7884,0.9,COMPLETE,fixture
732465,Mixed-Humid HDU Climate Station 6 (demo),2023,8760,7884,0.9,COMPLETE,fixture
732466,Mixed-Humid HDU Climate Station 7 (demo),2023,8760,7709,0.88,INCOMPLETE,fixture
732467,Mixed-Humid HDU Climate Station 1 (demo),2023,8760,7709,0.88,INCOMPLETE,fixture
732468,Mixed-Humid HDU Climate Station 2 (demo),2023,8760,7534,0.86,INCOMPLETE,fixture
732469,Mixed-Humid HDU Climate Station 3 (demo),2023,8760,7534,0.86,INCOMPLETE,fixture
732470,Mixed-Humid HDU Climate Station 4 (demo),2023,8760,7358,0.84,INCOMPLETE,fixture
732471,Mixed-Humid HDU Climate Station 5 (demo),2023,8760,7358,0.84,INCOMPLETE,fixture
732472,Mixed-Humid HDU Climate Station 6 (demo),2023,8760,7183,0.82,INCOMPLETE,fixture
732473,Mixed-Humid HDU Climate Station 7 (demo),2023,8760,7183,0.82,INCOMPLETE,fixture
732474,Mixed-Humid HDU Climate Station 1 (demo),2023,8760,7008,0.8,INCOMPLETE,fixture
732475,Mixed-Humid HDU Climate Station 2 (demo),2023,8760,7008,0.8,INCOMPLETE,fixture
732476,Mixed-Humid HDU Climate Station 3 (demo),2023,8760,8672,0.99,COMPLETE,fixture
732477,Mixed-Humid HDU Climate Station 4 (demo),2023,8760,8672,0.99,COMPLETE,fixture
732478,Mixed-Humid HDU Climate Station 5 (demo),2023,8760,8497,0.97,COMPLETE,fixture
732479,Mixed-Humid HDU Climate Station 6 (demo),2023,8760,8497,0.97,COMPLETE,fixture
732480,Mixed-Humid HDU Climate Station 7 (demo),2023,8760,8322,0.95,COMPLETE,fixture
732481,Mixed-Humid HDU Climate Station 1 (demo),2023,8760,8322,0.95,COMPLETE,fixture
732482,Mixed-Humid HDU Climate Station 2 (demo),2023,8760,8147,0.93,COMPLETE,fixture
732483,Mixed-Humid HDU Climate Station 3 (demo),2023,8760,8147,0.93,COMPLETE,fixture
732484,Mixed-Humid HDU Climate Station 4 (demo),2023,8760,7972,0.91,COMPLETE,fixture
732485,Mixed-Humid HDU Climate Station 5 (demo),2023,8760,7972,0.91,COMPLETE,fixture
732486,Mixed-Humid HDU Climate Station 6 (demo),2023,8760,7796,0.89,INCOMPLETE,fixture
732487,Mixed-Humid HDU Climate Station 7 (demo),2023,8760,7796,0.89,INCOMPLETE,fixture
732488,Mixed-Humid HDU Climate Station 1 (demo),2023,8760,7621,0.87,INCOMPLETE,fixture
732489,Mixed-Humid HDU Climate Station 2 (demo),2023,8760,7621,0.87,INCOMPLETE,fixture
732490,Mixed-Humid HDU Climate Station 3 (demo),2023,8760,7446,0.85,INCOMPLETE,fixture
732491,Mixed-Humid HDU Climate Station 4 (demo),2023,8760,7446,0.85,INCOMPLETE,fixture
732492,Mixed-Humid HDU Climate Station 5 (demo),2023,8760,7271,0.83,INCOMPLETE,fixture
732493,Mixed-Humid HDU Climate Station 6 (demo),2023,8760,7096,0.81,INCOMPLETE,fixture
732494,Mixed-Humid HDU Climate Station 7 (demo),2023,8760,7096,0.81,INCOMPLETE,fixture
732495,Mixed-Humid HDU Climate Station 1 (demo),2023,8760,8760,1.0,COMPLETE,fixture
732496,Mixed-Humid HDU Climate Station 2 (demo),2023,8760,8760,1.0,COMPLETE,fixture
732497,Mixed-Humid HDU Climate Station 3 (demo),2023,8760,8585,0.98,COMPLETE,fixture
732498,Mixed-Humid HDU Climate Station 4 (demo),2023,8760,8585,0.98,COMPLETE,fixture
732499,Mixed-Humid HDU Climate Station 5 (demo),2023,8760,8410,0.96,COMPLETE,fixture
732500,Mixed-Humid HDU Climate Station 6 (demo),2023,8760,8410,0.96,COMPLETE,fixture
732501,Mixed-Humid HDU Climate Station 7 (demo),2023,8760,8234,0.94,COMPLETE,fixture
732502,Mixed-Humid HDU Climate Station 1 (demo),2023,8760,8234,0.94,COMPLETE,fixture
732503,Mixed-Humid HDU Climate Station 2 (demo),2023,8760,8059,0.92,COMPLETE,fixture
732504,Mixed-Humid HDU Climate Station 3 (demo),2023,8760,8059,0.92,COMPLETE,fixture
732505,Mixed-Humid HDU Climate Station 4 (demo),2023,8760,7884,0.9,COMPLETE,fixture
732506,Mixed-Humid HDU Climate Station 5 (demo),2023,8760,7884,0.9,COMPLETE,fixture
732507,Mixed-Humid HDU Climate Station 6 (demo),2023,8760,7709,0.88,INCOMPLETE,fixture
732508,Mixed-Humid HDU Climate Station 7 (demo),2023,8760,7709,0.88,INCOMPLETE,fixture
732509,Mixed-Humid HDU Climate Station 1 (demo),2023,8760,7534,0.86,INCOMPLETE,fixture
732510,Mixed-Humid HDU Climate Station 2 (demo),2023,8760,7534,0.86,INCOMPLETE,fixture
732511,Mixed-Humid HDU Climate Station 3 (demo),2023,8760,7358,0.84,INCOMPLETE,fixture
732512,Mixed-Humid HDU Climate Station 4 (demo),2023,8760,7358,0.84,INCOMPLETE,fixture
732513,Mixed-Humid HDU Climate Station 5 (demo),2023,8760,7183,0.82,INCOMPLETE,fixture
732514,Mixed-Humid HDU Climate Station 6 (demo),2023,8760,7183,0.82,INCOMPLETE,fixture
732515,Mixed-Humid HDU Climate Station 7 (demo),2023,8760,7008,0.8,INCOMPLETE,fixture
732516,Mixed-Humid LDU Climate Station 1 (demo),2023,8760,7008,0.8,INCOMPLETE,fixture
732517,Mixed-Humid LDU Climate Station 2 (demo),2023,8760,8672,0.99,COMPLETE,fixture
732518,Mixed-Humid LDU Climate Station 3 (demo),2023,8760,8672,0.99,COMPLETE,fixture
732519,Mixed-Humid LDU Climate Station 4 (demo),2023,8760,8497,0.97,COMPLETE,fixture
732520,Mixed-Humid LDU Climate Station 5 (demo),2023,8760,8497,0.97,COMPLETE,fixture
732521,Mixed-Humid LDU Climate Station 6 (demo),2023,8760,8322,0.95,COMPLETE,fixture
732522,Mixed-Humid LDU Climate Station 7 (demo),2023,8760,8322,0.95,COMPLETE,fixture
732523,Mixed-Humid LDU Climate Station 1 (demo),2023,8760,8147,0.93,COMPLETE,fixture
732524,Mixed-Humid LDU Climate Station 2 (demo),2023,8760,8147,0.93,COMPLETE,fixture
732525,Mixed-Humid LDU Climate Station 3 (demo),2023,8760,7972,0.91,COMPLETE,fixture
732526,Mixed-Humid LDU Climate Station 4 (demo),2023,8760,7972,0.91,COMPLETE,fixture
732527,Mixed-Humid LDU Climate Station 5 (demo),2023,8760,7796,0.89,INCOMPLETE,fixture
732528,Mixed-Humid LDU Climate Station 6 (demo),2023,8760,7621,0.87,INCOMPLETE,fixture
732529,Mixed-Humid LDU Climate Station 7 (demo),2023,8760,7621,0.87,INCOMPLETE,fixture
732530,Mixed-Humid LDU Climate Station 1 (demo),2023,8760,7446,0.85,INCOMPLETE,fixture
732531,Mixed-Humid LDU Climate Station 2 (demo),2023,8760,7446,0.85,INCOMPLETE,fixture
732532,Mixed-Humid LDU Climate Station 3 (demo),2023,8760,7271,0.83,INCOMPLETE,fixture
732533,Mixed-Humid LDU Climate Station 4 (demo),2023,8760,7271,0.83,INCOMPLETE,fixture
732534,Mixed-Humid LDU Climate Station 5 (demo),2023,8760,7096,0.81,INCOMPLETE,fixture
732535,Mixed-Humid LDU Climate Station 6 (demo),2023,8760,7096,0.81,INCOMPLETE,fixture
732536,Mixed-Humid LDU Climate Station 7 (demo),2023,8760,8760,1.0,COMPLETE,fixture
732537,Mixed-Humid LDU Climate Station 1 (demo),2023,8760,8760,1.0,COMPLETE,fixture
732538,Mixed-Humid LDU Climate Station 2 (demo),2023,8760,8585,0.98,COMPLETE,fixture
732539,Mixed-Humid LDU Climate Station 3 (demo),2023,8760,8585,0.98,COMPLETE,fixture
732540,Mixed-Humid LDU Climate Station 4 (demo),2023,8760,8410,0.96,COMPLETE,fixture
732541,Mixed-Humid LDU Climate Station 5 (demo),2023,8760,8410,0.96,COMPLETE,fixture
732542,Mixed-Humid LDU Climate Station 6 (demo),2023,8760,8234,0.94,COMPLETE,fixture
732543,Mixed-Humid LDU Climate Station 7 (demo),2023,8760,8234,0.94,COMPLETE,fixture
732544,Mixed-Humid LDU Climate Station 1 (demo),2023,8760,8059,0.92,COMPLETE,fixture
732545,Mixed-Humid LDU Climate Station 2 (demo),2023,8760,8059,0.92,COMPLETE,fixture
732546,Mixed-Humid LDU Climate Station 3 (demo),2023,8760,7884,0.9,COMPLETE,fixture
732547,Mixed-Humid LDU Climate Station 4 (demo),2023,8760,7884,0.9,COMPLETE,fixture
732548,Mixed-Humid LDU Climate Station 5 (demo),2023,8760,7709,0.88,INCOMPLETE,fixture
732549,Mixed-Humid LDU Climate Station 6 (demo),2023,8760,7709,0.88,INCOMPLETE,fixture
732550,Mixed-Humid LDU Climate Station 7 (demo),2023,8760,7534,0.86,INCOMPLETE,fixture
732551,Mixed-Humid LDU Climate Station 1 (demo),2023,8760,7534,0.86,INCOMPLETE,fixture
732552,Mixed-Humid LDU Climate Station 2 (demo),2023,8760,7358,0.84,INCOMPLETE,fixture
732553,Mixed-Humid LDU Climate Station 3 (demo),2023,8760,7358,0.84,INCOMPLETE,fixture
732554,Mixed-Humid LDU Climate Station 4 (demo),2023,8760,7183,0.82,INCOMPLETE,fixture
732555,Mixed-Humid LDU Climate Station 5 (demo),2023,8760,7183,0.82,INCOMPLETE,fixture
732556,Mixed-Humid LDU Climate Station 6 (demo),2023,8760,7008,0.8,INCOMPLETE,fixture
732557,Mixed-Humid LDU Climate Station 7 (demo),2023,8760,7008,0.8,INCOMPLETE,fixture
732558,Mixed-Humid LDU Climate Station 1 (demo),2023,8760,8672,0.99,COMPLETE,fixture
732559,Mixed-Humid LDU Climate Station 2 (demo),2023,8760,8672,0.99,COMPLETE,fixture
732560,Mixed-Humid LDU Climate Station 3 (demo),2023,8760,8497,0.97,COMPLETE,fixture
732561,Mixed-Humid LDU Climate Station 4 (demo),2023,8760,8497,0.97,COMPLETE,fixture
732562,Mixed-Humid LDU Climate Station 5 (demo),2023,8760,8322,0.95,COMPLETE,fixture
732563,Mixed-Humid LDU Climate Station 6 (demo),2023,8760,8322,0.95,COMPLETE,fixture
732564,Mixed-Humid LDU Climate Station 7 (demo),2023,8760,8147,0.93,COMPLETE,fixture
732565,Mixed-Humid LDU Climate Station 1 (demo),2023,8760,7972,0.91,COMPLETE,fixture
732566,Mixed-Humid LDU Climate Station 2 (demo),2023,8760,7972,0.91,COMPLETE,fixture
732567,Mixed-Humid LDU Climate Station 3 (demo),2023,8760,7796,0.89,INCOMPLETE,fixture
732568,Mixed-Humid LDU Climate Station 4 (demo),2023,8760,7796,0.89,INCOMPLETE,fixture
732569,Mixed-Humid LDU Climate Station 5 (demo),2023,8760,7621,0.87,INCOMPLETE,fixture
732570,Mixed-Humid LDU Climate Station 6 (demo),2023,8760,7621,0.87,INCOMPLETE,fixture
732571,Mixed-Humid LDU Climate Station 7 (demo),2023,8760,7446,0.85,INCOMPLETE,fixture
732572,Mixed-Humid LDU Climate Station 1 (demo),2023,8760,7446,0.85,INCOMPLETE,fixture
732573,Mixed-Humid LDU Climate Station 2 (demo),2023,8760,7271,0.83,INCOMPLETE,fixture
732574,Mixed-Humid LDU Climate Station 3 (demo),2023,8760,7271,0.83,INCOMPLETE,fixture
732575,Mixed-Humid LDU Climate Station 4 (demo),2023,8760,7096,0.81,INCOMPLETE,fixture
732576,Mixed-Humid LDU Climate Station 5 (demo),2023,8760,7096,0.81,INCOMPLETE,fixture
732577,Mixed-Humid LDU Climate Station 6 (demo),2023,8760,8760,1.0,COMPLETE,fixture
732578,Mixed-Humid LDU Climate Station 7 (demo),2023,8760,8760,1.0,COMPLETE,fixture
732579,Mixed-Humid LDU Climate Station 1 (demo),2023,8760,8585,0.98,COMPLETE,fixture
732580,Mixed-Humid LDU Climate Station 2 (demo),2023,8760,8585,0.98,COMPLETE,fixture
732581,Mixed-Humid LDU Climate Station 3 (demo),2023,8760,8410,0.96,COMPLETE,fixture
732582,Mixed-Humid LDU Climate Station 4 (demo),2023,8760,8410,0.96,COMPLETE,fixture
732583,Mixed-Humid LDU Climate Station 5 (demo),2023,8760,8234,0.94,COMPLETE,fixture
732584,Mixed-Humid LDU Climate Station 6 (demo),2023,8760,8234,0.94,COMPLETE,fixture
732585,Mixed-Humid LDU Climate Station 7 (demo),2023,8760,8059,0.92,COMPLETE,fixture
732586,Mixed-Humid LDU Climate Station 1 (demo),2023,8760,8059,0.92,COMPLETE,fixture
732587,Mixed-Humid LDU Climate Station 2 (demo),2023,8760,7884,0.9,COMPLETE,fixture
732588,Mixed-Humid LDU Climate Station 3 (demo),2023,8760,7884,0.9,COMPLETE,fixture
732589,Mixed-Humid LDU Climate Station 4 (demo),2023,8760,7709,0.88,INCOMPLETE,fixture
732590,Mixed-Humid LDU Climate Station 5 (demo),2023,8760,7709,0.88,INCOMPLETE,fixture
732591,Mixed-Humid LDU Climate Station 6 (demo),2023,8760,7534,0.86,INCOMPLETE,fixture
732592,Mixed-Humid LDU Climate Station 7 (demo),2023,8760,7534,0.86,INCOMPLETE,fixture
732593,Mixed-Humid LDU Climate Station 1 (demo),2023,8760,7358,0.84,INCOMPLETE,fixture
732594,Mixed-Humid LDU Climate Station 2 (demo),2023,8760,7358,0.84,INCOMPLETE,fixture
732595,Mixed-Humid LDU Climate Station 3 (demo),2023,8760,7183,0.82,INCOMPLETE,fixture
732596,Mixed-Humid LDU Climate Station 4 (demo),2023,8760,7183,0.82,INCOMPLETE,fixture
732597,Mixed-Humid LDU Climate Station 5 (demo),2023,8760,7008,0.8,INCOMPLETE,fixture
732598,Mixed-Humid LDU Climate Station 6 (demo),2023,8760,7008,0.8,INCOMPLETE,fixture
732599,Mixed-Humid LDU Climate Station 7 (demo),2023,8760,8672,0.99,COMPLETE,fixture
732600,Mixed-Humid LDU Climate Station 1 (demo),2023,8760,8497,0.97,COMPLETE,fixture
732601,Mixed-Humid LDU Climate Station 2 (demo),2023,8760,8497,0.97,COMPLETE,fixture
732602,Mixed-Humid LDU Climate Station 3 (demo),2023,8760,8322,0.95,COMPLETE,fixture
732603,Mixed-Humid LDU Climate Station 4 (demo),2023,8760,8322,0.95,COMPLETE,fixture
732604,Mixed-Humid LDU Climate Station 5 (demo),2023,8760,8147,0.93,COMPLETE,fixture
732605,Mixed-Humid LDU Climate Station 6 (demo),2023,8760,8147,0.93,COMPLETE,fixture
732606,Mixed-Humid LDU Climate Station 7 (demo),2023,8760,7972,0.91,COMPLETE,fixture
732607,Mixed-Humid LDU Climate Station 1 (demo),2023,8760,7972,0.91,COMPLETE,fixture
732608,Mixed-Humid LDU Climate Station 2 (demo),2023,8760,7796,0.89,INCOMPLETE,fixture
732609,Mixed-Humid LDU Climate Station 3 (demo),2023,8760,7796,0.89,INCOMPLETE,fixture
732610,Mixed-Humid LDU Climate Station 4 (demo),2023,8760,7621,0.87,INCOMPLETE,fixture
732611,Mixed-Humid LDU Climate Station 5 (demo),2023,8760,7621,0.87,INCOMPLETE,fixture
732612,Mixed-Humid LDU Climate Station 6 (demo),2023,8760,7446,0.85,INCOMPLETE,fixture
732613,Mixed-Humid LDU Climate Station 7 (demo),2023,8760,7446,0.85,INCOMPLETE,fixture
732614,Mixed-Humid LDU Climate Station 1 (demo),2023,8760,7271,0.83,INCOMPLETE,fixture
732615,Mixed-Humid LDU Climate Station 2 (demo),2023,8760,7271,0.83,INCOMPLETE,fixture
732616,Mixed-Humid LDU Climate Station 3 (demo),2023,8760,7096,0.81,INCOMPLETE,fixture
732617,Mixed-Humid LDU Climate Station 4 (demo),2023,8760,7096,0.81,INCOMPLETE,fixture
732618,Mixed-Humid LDU Climate Station 5 (demo),2023,8760,8760,1.0,COMPLETE,fixture
732619,Mixed-Humid LDU Climate Station 6 (demo),2023,8760,8760,1.0,COMPLETE,fixture
732620,Mixed-Humid LDU Climate Station 7 (demo),2023,8760,8585,0.98,COMPLETE,fixture
732621,Mixed-Humid LDU Climate Station 1 (demo),2023,8760,8585,0.98,COMPLETE,fixture
732622,Mixed-Humid LDU Climate Station 2 (demo),2023,8760,8410,0.96,COMPLETE,fixture
732623,Mixed-Humid LDU Climate Station 3 (demo),2023,8760,8410,0.96,COMPLETE,fixture
732624,Mixed-Humid LDU Climate Station 4 (demo),2023,8760,8234,0.94,COMPLETE,fixture
732625,Mixed-Humid LDU Climate Station 5 (demo),2023,8760,8234,0.94,COMPLETE,fixture
732626,Mixed-Humid LDU Climate Station 6 (demo),2023,8760,8059,0.92,COMPLETE,fixture
732627,Mixed-Humid LDU Climate Station 7 (demo),2023,8760,8059,0.92,COMPLETE,fixture
732628,Mixed-Humid LDU Climate Station 1 (demo),2023,8760,7884,0.9,COMPLETE,fixture
732629,Mixed-Humid LDU Climate Station 2 (demo),2023,8760,7884,0.9,COMPLETE,fixture
732630,Mixed-Humid LDU Climate Station 3 (demo),2023,8760,7709,0.88,INCOMPLETE,fixture
732631,Mixed-Humid LDU Climate Station 4 (demo),2023,8760,7709,0.88,INCOMPLETE,fixture
732632,Mixed-Humid LDU Climate Station 5 (demo),2023,8760,7534,0.86,INCOMPLETE,fixture
732633,Mixed-Humid LDU Climate Station 6 (demo),2023,8760,7534,0.86,INCOMPLETE,fixture
732634,Mixed-Humid LDU Climate Station 7 (demo),2023,8760,7358,0.84,INCOMPLETE,fixture
732635,Mixed-Humid LDU Climate Station 1 (demo),2023,8760,7358,0.84,INCOMPLETE,fixture
732636,Mixed-Humid LDU Climate Station 2 (demo),2023,8760,7183,0.82,INCOMPLETE,fixture
732637,Mixed-Humid LDU Climate Station 3 (demo),2023,8760,7008,0.8,INCOMPLETE,fixture
732638,Mixed-Humid LDU Climate Station 4 (demo),2023,8760,7008,0.8,INCOMPLETE,fixture
732639,Mixed-Humid LDU Climate Station 5 (demo),2023,8760,8672,0.99,COMPLETE,fixture
732640,Mixed-Humid LDU Climate Station 6 (demo),2023,8760,8672,0.99,COMPLETE,fixture
732641,Mixed-Humid LDU Climate Station 7 (demo),2023,8760,8497,0.97,COMPLETE,fixture
732642,Mixed-Humid LDU Climate Station 1 (demo),2023,8760,8497,0.97,COMPLETE,fixture
732643,Mixed-Humid LDU Climate Station 2 (demo),2023,8760,8322,0.95,COMPLETE,fixture
732644,Mixed-Humid LDU Climate Station 3 (demo),2023,8760,8322,0.95,COMPLETE,fixture
732645,Mixed-Humid LDU Climate Station 4 (demo),2023,8760,8147,0.93,COMPLETE,fixture
732646,Mixed-Humid LDU Climate Station 5 (demo),2023,8760,8147,0.93,COMPLETE,fixture
732647,Mixed-Humid LDU Climate Station 6 (demo),2023,8760,7972,0.91,COMPLETE,fixture
732648,Mixed-Humid LDU Climate Station 7 (demo),2023,8760,7972,0.91,COMPLETE,fixture
732649,Mixed-Humid LDU Climate Station 1 (demo),2023,8760,7796,0.89,INCOMPLETE,fixture
732650,Mixed-Humid LDU Climate Station 2 (demo),2023,8760,7796,0.89,INCOMPLETE,fixture
732651,Mixed-Humid LDU Climate Station 3 (demo),2023,8760,7621,0.87,INCOMPLETE,fixture
732652,Mixed-Humid LDU Climate Station 4 (demo),2023,8760,7621,0.87,INCOMPLETE,fixture
732653,Mixed-Humid LDU Climate Station 5 (demo),2023,8760,7446,0.85,INCOMPLETE,fixture
732654,Mixed-Humid LDU Climate Station 6 (demo),2023,8760,7446,0.85,INCOMPLETE,fixture
732655,Mixed-Humid LDU Climate Station 7 (demo),2023,8760,7271,0.83,INCOMPLETE,fixture
732656,Mixed-Humid LDU Climate Station 1 (demo),2023,8760,7271,0.83,INCOMPLETE,fixture
732657,Mixed-Humid LDU Climate Station 2 (demo),2023,8760,7096,0.81,INCOMPLETE,fixture
732658,Mixed-Humid LDU Climate Station 3 (demo),2023,8760,7096,0.81,INCOMPLETE,fixture
732659,Mixed-Humid LDU Climate Station 4 (demo),2023,8760,8760,1.0,COMPLETE,fixture
732660,Mixed-Humid LDU Climate Station 5 (demo),2023,8760,8760,1.0,COMPLETE,fixture
732661,Mixed-Humid LDU Climate Station 6 (demo),2023,8760,8585,0.98,COMPLETE,fixture
732662,Mixed-Humid LDU Climate Station 7 (demo),2023,8760,8585,0.98,COMPLETE,fixture
732663,Mixed-Humid LDU Climate Station 1 (demo),2023,8760,8410,0.96,COMPLETE,fixture
732664,Mixed-Humid Suburban Climate Station 2 (demo),2023,8760,8410,0.96,COMPLETE,fixture
732665,Mixed-Humid Suburban Climate Station 3 (demo),2023,8760,8234,0.94,COMPLETE,fixture
732666,Mixed-Humid Suburban Climate Station 4 (demo),2023,8760,8234,0.94,COMPLETE,fixture
732667,Mixed-Humid Suburban Climate Station 5 (demo),2023,8760,8059,0.92,COMPLETE,fixture
732668,Mixed-Humid Suburban Climate Station 6 (demo),2023,8760,8059,0.92,COMPLETE,fixture
732669,Mixed-Humid Suburban Climate Station 7 (demo),2023,8760,7884,0.9,COMPLETE,fixture
732670,Mixed-Humid Suburban Climate Station 1 (demo),2023,8760,7884,0.9,COMPLETE,fixture
732671,Mixed-Humid Suburban Climate Station 2 (demo),2023,8760,7709,0.88,INCOMPLETE,fixture
732672,Mixed-Humid Suburban Climate Station 3 (demo),2023,8760,7534,0.86,INCOMPLETE,fixture
732673,Mixed-Humid Suburban Climate Station 4 (demo),2023,8760,7534,0.86,INCOMPLETE,fixture
732674,Mixed-Humid Suburban Climate Station 5 (demo),2023,8760,7358,0.84,INCOMPLETE,fixture
732675,Mixed-Humid Suburban Climate Station 6 (demo),2023,8760,7358,0.84,INCOMPLETE,fixture
732676,Mixed-Humid Suburban Climate Station 7 (demo),2023,8760,7183,0.82,INCOMPLETE,fixture
732677,Mixed-Humid Suburban Climate Station 1 (demo),2023,8760,7183,0.82,INCOMPLETE,fixture
732678,Mixed-Humid Suburban Climate Station 2 (demo),2023,8760,7008,0.8,INCOMPLETE,fixture
732679,Mixed-Humid Suburban Climate Station 3 (demo),2023,8760,7008,0.8,INCOMPLETE,fixture
732680,Mixed-Humid Suburban Climate Station 4 (demo),2023,8760,8672,0.99,COMPLETE,fixture
732681,Mixed-Humid Suburban Climate Station 5 (demo),2023,8760,8672,0.99,COMPLETE,fixture
732682,Mixed-Humid Suburban Climate Station 6 (demo),2023,8760,8497,0.97,COMPLETE,fixture
732683,Mixed-Humid Suburban Climate Station 7 (demo),2023,8760,8497,0.97,COMPLETE,fixture
732684,Mixed-Humid Suburban Climate Station 1 (demo),2023,8760,8322,0.95,COMPLETE,fixture
732685,Mixed-Humid Suburban Climate Station 2 (demo),2023,8760,8322,0.95,COMPLETE,fixture
732686,Mixed-Humid Suburban Climate Station 3 (demo),2023,8760,8147,0.93,COMPLETE,fixture
732687,Mixed-Humid Suburban Climate Station 4 (demo),2023,8760,8147,0.93,COMPLETE,fixture
732688,Mixed-Humid Suburban Climate Station 5 (demo),2023,8760,7972,0.91,COMPLETE,fixture
732689,Mixed-Humid Suburban Climate Station 6 (demo),2023,8760,7972,0.91,COMPLETE,fixture
732690,Mixed-Humid Suburban Climate Station 7 (demo),2023,8760,7796,0.89,INCOMPLETE,fixture
732691,Mixed-Humid Suburban Climate Station 1 (demo),2023,8760,7796,0.89,INCOMPLETE,fixture
732692,Mixed-Humid Suburban Climate Station 2 (demo),2023,8760,7621,0.87,INCOMPLETE,fixture
732693,Mixed-Humid Suburban Climate Station 3 (demo),2023,8760,7621,0.87,INCOMPLETE,fixture
732694,Mixed-Humid Suburban Climate Station 4 (demo),2023,8760,7446,0.85,INCOMPLETE,fixture
732695,Mixed-Humid Suburban Climate Station 5 (demo),2023,8760,7446,0.85,INCOMPLETE,fixture
732696,Mixed-Humid Suburban Climate Station 6 (demo),2023,8760,7271,0.83,INCOMPLETE,fixture
732697,Mixed-Humid Suburban Climate Station 7 (demo),2023,8760,7271,0.83,INCOMPLETE,fixture
732698,Mixed-Humid Suburban Climate Station 1 (demo),2023,8760,7096,0.81,INCOMPLETE,fixture
732699,Mixed-Humid Suburban Climate Station 2 (demo),2023,8760,7096,0.81,INCOMPLETE,fixture
732700,Mixed-Humid Suburban Climate Station 3 (demo),2023,8760,8760,1.0,COMPLETE,fixture
732701,Mixed-Humid Suburban Climate Station 4 (demo),2023,8760,8760,1.0,COMPLETE,fixture
732702,Mixed-Humid Suburban Climate Station 5 (demo),2023,8760,8585,0.98,COMPLETE,fixture
732703,Mixed-Humid Suburban Climate Station 6 (demo),2023,8760,8585,0.98,COMPLETE,fixture
732704,Mixed-Humid Suburban Climate Station 7 (demo),2023,8760,8410,0.96,COMPLETE,fixture
732705,Mixed-Humid Suburban Climate Station 1 (demo),2023,8760,8410,0.96,COMPLETE,fixture
732706,Mixed-Humid Suburban Climate Station 2 (demo),2023,8760,8234,0.94,COMPLETE,fixture
732707,Mixed-Humid Suburban Climate Station 3 (demo),2023,8760,8234,0.94,COMPLETE,fixture
732708,Mixed-Humid Suburban Climate Station 4 (demo),2023,8760,8059,0.92,COMPLETE,fixture
732709,Mixed-Humid Suburban Climate Station 5 (demo),2023,8760,7884,0.9,COMPLETE,fixture
732710,Mixed-Humid Suburban Climate Station 6 (demo),2023,8760,7884,0.9,COMPLETE,fixture
732711,Mixed-Humid Suburban Climate Station 7 (demo),2023,8760,7709,0.88,INCOMPLETE,fixture
732712,Mixed-Humid Suburban Climate Station 1 (demo),2023,8760,7709,0.88,INCOMPLETE,fixture
732713,Mixed-Humid Suburban Climate Station 2 (demo),2023,8760,7534,0.86,INCOMPLETE,fixture
732714,Mixed-Humid Suburban Climate Station 3 (demo),2023,8760,7534,0.86,INCOMPLETE,fixture
732715,Mixed-Humid Suburban Climate Station 4 (demo),2023,8760,7358,0.84,INCOMPLETE,fixture
732716,Mixed-Humid Suburban Climate Station 5 (demo),2023,8760,7358,0.84,INCOMPLETE,fixture
732717,Mixed-Humid Suburban Climate Station 6 (demo),2023,8760,7183,0.82,INCOMPLETE,fixture
732718,Mixed-Humid Suburban Climate Station 7 (demo),2023,8760,7183,0.82,INCOMPLETE,fixture
732719,Mixed-Humid Suburban Climate Station 1 (demo),2023,8760,7008,0.8,INCOMPLETE,fixture
732720,Mixed-Humid Suburban Climate Station 2 (demo),2023,8760,7008,0.8,INCOMPLETE,fixture
732721,Mixed-Humid Suburban Climate Station 3 (demo),2023,8760,8672,0.99,COMPLETE,fixture
732722,Mixed-Humid Suburban Climate Station 4 (demo),2023,8760,8672,0.99,COMPLETE,fixture
732723,Mixed-Humid Suburban Climate Station 5 (demo),2023,8760,8497,0.97,COMPLETE,fixture
732724,Mixed-Humid Suburban Climate Station 6 (demo),2023,8760,8497,0.97,COMPLETE,fixture
732725,Mixed-Humid Suburban Climate Station 7 (demo),2023,8760,8322,0.95,COMPLETE,fixture
732726,Mixed-Humid Suburban Climate Station 1 (demo),2023,8760,8322,0.95,COMPLETE,fixture
732727,Mixed-Humid Suburban Climate Station 2 (demo),2023,8760,8147,0.93,COMPLETE,fixture
732728,Mixed-Humid Suburban Climate Station 3 (demo),2023,8760,8147,0.93,COMPLETE,fixture
732729,Mixed-Humid Suburban Climate Station 4 (demo),2023,8760,7972,0.91,COMPLETE,fixture
732730,Mixed-Humid Suburban Climate Station 5 (demo),2023,8760,7972,0.91,COMPLETE,fixture
732731,Mixed-Humid Suburban Climate Station 6 (demo),2023,8760,7796,0.89,INCOMPLETE,fixture
732732,Mixed-Humid Suburban Climate Station 7 (demo),2023,8760,7796,0.89,INCOMPLETE,fixture
732733,Mixed-Humid Suburban Climate Station 1 (demo),2023,8760,7621,0.87,INCOMPLETE,fixture
732734,Mixed-Humid Suburban Climate Station 2 (demo),2023,8760,7621,0.87,INCOMPLETE,fixture
732735,Mixed-Humid Suburban Climate Station 3 (demo),2023,8760,7446,0.85,INCOMPLETE,fixture
732736,Mixed-Humid Suburban Climate Station 4 (demo),2023,8760,7446,0.85,INCOMPLETE,fixture
732737,Mixed-Humid Suburban Climate Station 5 (demo),2023,8760,7271,0.83,INCOMPLETE,fixture
732738,Mixed-Humid Suburban Climate Station 6 (demo),2023,8760,7271,0.83,INCOMPLETE,fixture
732739,Mixed-Humid Suburban Climate Station 7 (demo),2023,8760,7096,0.81,INCOMPLETE,fixture
732740,Mixed-Humid Suburban Climate Station 1 (demo),2023,8760,7096,0.81,INCOMPLETE,fixture
732741,Mixed-Humid Suburban Climate Station 2 (demo),2023,8760,8760,1.0,COMPLETE,fixture
732742,Mixed-Humid Suburban Climate Station 3 (demo),2023,8760,8760,1.0,COMPLETE,fixture
732743,Mixed-Humid Suburban Climate Station 4 (demo),2023,8760,8585,0.98,COMPLETE,fixture
732744,Mixed-Humid Suburban Climate Station 5 (demo),2023,8760,8410,0.96,COMPLETE,fixture
732745,Mixed-Humid Suburban Climate Station 6 (demo),2023,8760,8410,0.96,COMPLETE,fixture
732746,Mixed-Humid Suburban Climate Station 7 (demo),2023,8760,8234,0.94,COMPLETE,fixture
732747,Mixed-Humid Suburban Climate Station 1 (demo),2023,8760,8234,0.94,COMPLETE,fixture
732748,Mixed-Humid Suburban Climate Station 2 (demo),2023,8760,8059,0.92,COMPLETE,fixture
732749,Mixed-Humid Suburban Climate Station 3 (demo),2023,8760,8059,0.92,COMPLETE,fixture
732750,Mixed-Humid Suburban Climate Station 4 (demo),2023,8760,7884,0.9,COMPLETE,fixture
732751,Mixed-Humid Suburban Climate Station 5 (demo),2023,8760,7884,0.9,COMPLETE,fixture
732752,Mixed-Humid Suburban Climate Station 6 (demo),2023,8760,7709,0.88,INCOMPLETE,fixture
732753,Mixed-Humid Suburban Climate Station 7 (demo),2023,8760,7709,0.88,INCOMPLETE,fixture
732754,Mixed-Humid Suburban Climate Station 1 (demo),2023,8760,7534,0.86,INCOMPLETE,fixture
732755,Mixed-Humid Suburban Climate Station 2 (demo),2023,8760,7534,0.86,INCOMPLETE,fixture
732756,Mixed-Humid Suburban Climate Station 3 (demo),2023,8760,7358,0.84,INCOMPLETE,fixture
732757,Mixed-Humid Suburban Climate Station 4 (demo),2023,8760,7358,0.84,INCOMPLETE,fixture
732758,Mixed-Humid Suburban Climate Station 5 (demo),2023,8760,7183,0.82,INCOMPLETE,fixture
732759,Mixed-Humid Suburban Climate Station 6 (demo),2023,8760,7183,0.82,INCOMPLETE,fixture
732760,Mixed-Humid Suburban Climate Station 7 (demo),2023,8760,7008,0.8,INCOMPLETE,fixture
732761,Mixed-Humid Suburban Climate Station 1 (demo),2023,8760,7008,0.8,INCOMPLETE,fixture
732762,Mixed-Humid Suburban Climate Station 2 (demo),2023,8760,8672,0.99,COMPLETE,fixture
732763,Mixed-Humid Suburban Climate Station 3 (demo),2023,8760,8672,0.99,COMPLETE,fixture
732764,Mixed-Humid Suburban Climate Station 4 (demo),2023,8760,8497,0.97,COMPLETE,fixture
732765,Mixed-Humid Suburban Climate Station 5 (demo),2023,8760,8497,0.97,COMPLETE,fixture
732766,Mixed-Humid Suburban Climate Station 6 (demo),2023,8760,8322,0.95,COMPLETE,fixture
732767,Mixed-Humid Suburban Climate Station 7 (demo),2023,8760,8322,0.95,COMPLETE,fixture
732768,Mixed-Humid Suburban Climate Station 1 (demo),2023,8760,8147,0.93,COMPLETE,fixture
732769,Mixed-Humid Suburban Climate Station 2 (demo),2023,8760,8147,0.93,COMPLETE,fixture
732770,Mixed-Humid Suburban Climate Station 3 (demo),2023,8760,7972,0.91,COMPLETE,fixture
732771,Mixed-Humid Suburban Climate Station 4 (demo),2023,8760,7972,0.91,COMPLETE,fixture
732772,Mixed-Humid Suburban Climate Station 5 (demo),2023,8760,7796,0.89,INCOMPLETE,fixture
732773,Mixed-Humid Suburban Climate Station 6 (demo),2023,8760,7796,0.89,INCOMPLETE,fixture
732774,Mixed-Humid Suburban Climate Station 7 (demo),2023,8760,7621,0.87,INCOMPLETE,fixture
732775,Mixed-Humid Suburban Climate Station 1 (demo),2023,8760,7621,0.87,INCOMPLETE,fixture
732776,Mixed-Humid Suburban Climate Station 2 (demo),2023,8760,7446,0.85,INCOMPLETE,fixture
732777,Mixed-Humid Suburban Climate Station 3 (demo),2023,8760,7446,0.85,INCOMPLETE,fixture
732778,Mixed-Humid Suburban Climate Station 4 (demo),2023,8760,7271,0.83,INCOMPLETE,fixture
732779,Mixed-Humid Suburban Climate Station 5 (demo),2023,8760,7271,0.83,INCOMPLETE,fixture
732780,Mixed-Humid Suburban Climate Station 6 (demo),2023,8760,7096,0.81,INCOMPLETE,fixture
732781,Mixed-Humid Suburban Climate Station 7 (demo),2023,8760,8760,1.0,COMPLETE,fixture
732782,Mixed-Humid Suburban Climate Station 1 (demo),2023,8760,8760,1.0,COMPLETE,fixture
732783,Mixed-Humid Suburban Climate Station 2 (demo),2023,8760,8585,0.98,COMPLETE,fixture
732784,Mixed-Humid Suburban Climate Station 3 (demo),2023,8760,8585,0.98,COMPLETE,fixture
732785,Mixed-Humid Suburban Climate Station 4 (demo),2023,8760,8410,0.96,COMPLETE,fixture
732786,Mixed-Humid Suburban Climate Station 5 (demo),2023,8760,8410,0.96,COMPLETE,fixture
732787,Mixed-Humid Suburban Climate Station 6 (demo),2023,8760,8234,0.94,COMPLETE,fixture
732788,Mixed-Humid Suburban Climate Station 7 (demo),2023,8760,8234,0.94,COMPLETE,fixture
732789,Mixed-Humid Suburban Climate Station 1 (demo),2023,8760,8059,0.92,COMPLETE,fixture
732790,Mixed-Humid Suburban Climate Station 2 (demo),2023,8760,8059,0.92,COMPLETE,fixture
732791,Mixed-Humid Suburban Climate Station 3 (demo),2023,8760,7884,0.9,COMPLETE,fixture
732792,Mixed-Humid Suburban Climate Station 4 (demo),2023,8760,7884,0.9,COMPLETE,fixture
732793,Mixed-Humid Suburban Climate Station 5 (demo),2023,8760,7709,0.88,INCOMPLETE,fixture
732794,Mixed-Humid Suburban Climate Station 6 (demo),2023,8760,7709,0.88,INCOMPLETE,fixture
732795,Mixed-Humid Suburban Climate Station 7 (demo),2023,8760,7534,0.86,INCOMPLETE,fixture
732796,Mixed-Humid Suburban Climate Station 1 (demo),2023,8760,7534,0.86,INCOMPLETE,fixture
732797,Mixed-Humid Suburban Climate Station 2 (demo),2023,8760,7358,0.84,INCOMPLETE,fixture
732798,Mixed-Humid Suburban Climate Station 3 (demo),2023,8760,7358,0.84,INCOMPLETE,fixture
732799,Mixed-Humid Suburban Climate Station 4 (demo),2023,8760,7183,0.82,INCOMPLETE,fixture
732800,Mixed-Humid Suburban Climate Station 5 (demo),2023,8760,7183,0.82,INCOMPLETE,fixture
732801,Mixed-Humid Suburban Climate Station 6 (demo),2023,8760,7008,0.8,INCOMPLETE,fixture
732802,Mixed-Humid Suburban Climate Station 7 (demo),2023,8760,7008,0.8,INCOMPLETE,fixture
732803,Mixed-Humid Suburban Climate Station 1 (demo),2023,8760,8672,0.99,COMPLETE,fixture
732804,Mixed-Humid Suburban Climate Station 2 (demo),2023,8760,8672,0.99,COMPLETE,fixture
732805,Mixed-Humid Suburban Climate Station 3 (demo),2023,8760,8497,0.97,COMPLETE,fixture
732806,Mixed-Humid Suburban Climate Station 4 (demo),2023,8760,8497,0.97,COMPLETE,fixture
732807,Mixed-Humid Suburban Climate Station 5 (demo),2023,8760,8322,0.95,COMPLETE,fixture
732808,Mixed-Humid Suburban Climate Station 6 (demo),2023,8760,8322,0.95,COMPLETE,fixture
732809,Mixed-Humid Suburban Climate Station 7 (demo),2023,8760,8147,0.93,COMPLETE,fixture
732810,Mixed-Humid Suburban Climate Station 1 (demo),2023,8760,8147,0.93,COMPLETE,fixture
732811,Mixed-Humid Suburban Climate Station 2 (demo),2023,8760,7972,0.91,COMPLETE,fixture
732812,Mixed-Humid Rural Climate Station 3 (demo),2023,8760,7972,0.91,COMPLETE,fixture
732813,Mixed-Humid Rural Climate Station 4 (demo),2023,8760,7796,0.89,INCOMPLETE,fixture
732814,Mixed-Humid Rural Climate Station 5 (demo),2023,8760,7796,0.89,INCOMPLETE,fixture
732815,Mixed-Humid Rural Climate Station 6 (demo),2023,8760,7621,0.87,INCOMPLETE,fixture
732816,Mixed-Humid Rural Climate Station 7 (demo),2023,8760,7446,0.85,INCOMPLETE,fixture
732817,Mixed-Humid Rural Climate Station 1 (demo),2023,8760,7446,0.85,INCOMPLETE,fixture
732818,Mixed-Humid Rural Climate Station 2 (demo),2023,8760,7271,0.83,INCOMPLETE,fixture
732819,Mixed-Humid Rural Climate Station 3 (demo),2023,8760,7271,0.83,INCOMPLETE,fixture
732820,Mixed-Humid Rural Climate Station 4 (demo),2023,8760,7096,0.81,INCOMPLETE,fixture
732821,Mixed-Humid Rural Climate Station 5 (demo),2023,8760,7096,0.81,INCOMPLETE,fixture
732822,Mixed-Humid Rural Climate Station 6 (demo),2023,8760,8760,1.0,COMPLETE,fixture
732823,Mixed-Humid Rural Climate Station 7 (demo),2023,8760,8760,1.0,COMPLETE,fixture
732824,Mixed-Humid Rural Climate Station 1 (demo),2023,8760,8585,0.98,COMPLETE,fixture
732825,Mixed-Humid Rural Climate Station 2 (demo),2023,8760,8585,0.98,COMPLETE,fixture
732826,Mixed-Humid Rural Climate Station 3 (demo),2023,8760,8410,0.96,COMPLETE,fixture
732827,Mixed-Humid Rural Climate Station 4 (demo),2023,8760,8410,0.96,COMPLETE,fixture
732828,Mixed-Humid Rural Climate Station 5 (demo),2023,8760,8234,0.94,COMPLETE,fixture
732829,Mixed-Humid Rural Climate Station 6 (demo),2023,8760,8234,0.94,COMPLETE,fixture
732830,Mixed-Humid Rural Climate Station 7 (demo),2023,8760,8059,0.92,COMPLETE,fixture
732831,Mixed-Humid Rural Climate Station 1 (demo),2023,8760,8059,0.92,COMPLETE,fixture
732832,Mixed-Humid Rural Climate Station 2 (demo),2023,8760,7884,0.9,COMPLETE,fixture
732833,Mixed-Humid Rural Climate Station 3 (demo),2023,8760,7884,0.9,COMPLETE,fixture
732834,Mixed-Humid Rural Climate Station 4 (demo),2023,8760,7709,0.88,INCOMPLETE,fixture
732835,Mixed-Humid Rural Climate Station 5 (demo),2023,8760,7709,0.88,INCOMPLETE,fixture
732836,Mixed-Humid Rural Climate Station 6 (demo),2023,8760,7534,0.86,INCOMPLETE,fixture
732837,Mixed-Humid Rural Climate Station 7 (demo),2023,8760,7534,0.86,INCOMPLETE,fixture
732838,Mixed-Humid Rural Climate Station 1 (demo),2023,8760,7358,0.84,INCOMPLETE,fixture
732839,Mixed-Humid Rural Climate Station 2 (demo),2023,8760,7358,0.84,INCOMPLETE,fixture
732840,Mixed-Humid Rural Climate Station 3 (demo),2023,8760,7183,0.82,INCOMPLETE,fixture
732841,Mixed-Humid Rural Climate Station 4 (demo),2023,8760,7183,0.82,INCOMPLETE,fixture
732842,Mixed-Humid Rural Climate Station 5 (demo),2023,8760,7008,0.8,INCOMPLETE,fixture
732843,Mixed-Humid Rural Climate Station 6 (demo),2023,8760,7008,0.8,INCOMPLETE,fixture
732844,Mixed-Humid Rural Climate Station 7 (demo),2023,8760,8672,0.99,COMPLETE,fixture
732845,Mixed-Humid Rural Climate Station 1 (demo),2023,8760,8672,0.99,COMPLETE,fixture
732846,Mixed-Humid Rural Climate Station 2 (demo),2023,8760,8497,0.97,COMPLETE,fixture
732847,Mixed-Humid Rural Climate Station 3 (demo),2023,8760,8497,0.97,COMPLETE,fixture
732848,Mixed-Humid Rural Climate Station 4 (demo),2023,8760,8322,0.95,COMPLETE,fixture
732849,Mixed-Humid Rural Climate Station 5 (demo),2023,8760,8322,0.95,COMPLETE,fixture
732850,Mixed-Humid Rural Climate Station 6 (demo),2023,8760,8147,0.93,COMPLETE,fixture
732851,Mixed-Humid Rural Climate Station 7 (demo),2023,8760,8147,0.93,COMPLETE,fixture
732852,Mixed-Humid Rural Climate Station 1 (demo),2023,8760,7972,0.91,COMPLETE,fixture
732853,Mixed-Humid Rural Climate Station 2 (demo),2023,8760,7796,0.89,INCOMPLETE,fixture
732854,Mixed-Humid Rural Climate Station 3 (demo),2023,8760,7796,0.89,INCOMPLETE,fixture
732855,Mixed-Humid Rural Climate Station 4 (demo),2023,8760,7621,0.87,INCOMPLETE,fixture
732856,Mixed-Humid Rural Climate Station 5 (demo),2023,8760,7621,0.87,INCOMPLETE,fixture
732857,Mixed-Humid Rural Climate Station 6 (demo),2023,8760,7446,0.85,INCOMPLETE,fixture
732858,Mixed-Humid Rural Climate Station 7 (demo),2023,8760,7446,0.85,INCOMPLETE,fixture
732859,Mixed-Humid Rural Climate Station 1 (demo),2023,8760,7271,0.83,INCOMPLETE,fixture
732860,Mixed-Humid Rural Climate Station 2 (demo),2023,8760,7271,0.83,INCOMPLETE,fixture
732861,Mixed-Humid Rural Climate Station 3 (demo),2023,8760,7096,0.81,INCOMPLETE,fixture
732862,Mixed-Humid Rural Climate Station 4 (demo),2023,8760,7096,0.81,INCOMPLETE,fixture
732863,Mixed-Humid Rural Climate Station 5 (demo),2023,8760,8760,1.0,COMPLETE,fixture
732864,Mixed-Humid Rural Climate Station 6 (demo),2023,8760,8760,1.0,COMPLETE,fixture
732865,Mixed-Humid Rural Climate Station 7 (demo),2023,8760,8585,0.98,COMPLETE,fixture
732866,Mixed-Humid Rural Climate Station 1 (demo),2023,8760,8585,0.98,COMPLETE,fixture
732867,Mixed-Humid Rural Climate Station 2 (demo),2023,8760,8410,0.96,COMPLETE,fixture
732868,Mixed-Humid Rural Climate Station 3 (demo),2023,8760,8410,0.96,COMPLETE,fixture
732869,Mixed-Humid Rural Climate Station 4 (demo),2023,8760,8234,0.94,COMPLETE,fixture
732870,Mixed-Humid Rural Climate Station 5 (demo),2023,8760,8234,0.94,COMPLETE,fixture
732871,Mixed-Humid Rural Climate Station 6 (demo),2023,8760,8059,0.92,COMPLETE,fixture
732872,Mixed-Humid Rural Climate Station 7 (demo),2023,8760,8059,0.92,COMPLETE,fixture
732873,Mixed-Humid Rural Climate Station 1 (demo),2023,8760,7884,0.9,COMPLETE,fixture
732874,Mixed-Humid Rural Climate Station 2 (demo),2023,8760,7884,0.9,COMPLETE,fixture
732875,Mixed-Humid Rural Climate Station 3 (demo),2023,8760,7709,0.88,INCOMPLETE,fixture
732876,Mixed-Humid Rural Climate Station 4 (demo),2023,8760,7709,0.88,INCOMPLETE,fixture
732877,Mixed-Humid Rural Climate Station 5 (demo),2023,8760,7534,0.86,INCOMPLETE,fixture
732878,Mixed-Humid Rural Climate Station 6 (demo),2023,8760,7534,0.86,INCOMPLETE,fixture
732879,Mixed-Humid Rural Climate Station 7 (demo),2023,8760,7358,0.84,INCOMPLETE,fixture
732880,Mixed-Humid Rural Climate Station 1 (demo),2023,8760,7358,0.84,INCOMPLETE,fixture
732881,Mixed-Humid Rural Climate Station 2 (demo),2023,8760,7183,0.82,INCOMPLETE,fixture
732882,Mixed-Humid Rural Climate Station 3 (demo),2023,8760,7183,0.82,INCOMPLETE,fixture
732883,Mixed-Humid Rural Climate Station 4 (demo),2023,8760,7008,0.8,INCOMPLETE,fixture
732884,Mixed-Humid Rural Climate Station 5 (demo),2023,8760,7008,0.8,INCOMPLETE,fixture
732885,Mixed-Humid Rural Climate Station 6 (demo),2023,8760,8672,0.99,COMPLETE,fixture
732886,Mixed-Humid Rural Climate Station 7 (demo),2023,8760,8672,0.99,COMPLETE,fixture
732887,Mixed-Humid Rural Climate Station 1 (demo),2023,8760,8497,0.97,COMPLETE,fixture
732888,Mixed-Humid Rural Climate Station 2 (demo),2023,8760,8322,0.95,COMPLETE,fixture
732889,Mixed-Humid Rural Climate Station 3 (demo),2023,8760,8322,0.95,COMPLETE,fixture
732890,Mixed-Humid Rural Climate Station 4 (demo),2023,8760,8147,0.93,COMPLETE,fixture
732891,Mixed-Humid Rural Climate Station 5 (demo),2023,8760,8147,0.93,COMPLETE,fixture
732892,Mixed-Humid Rural Climate Station 6 (demo),2023,8760,7972,0.91,COMPLETE,fixture
732893,Mixed-Humid Rural Climate Station 7 (demo),2023,8760,7972,0.91,COMPLETE,fixture
732894,Mixed-Humid Rural Climate Station 1 (demo),2023,8760,7796,0.89,INCOMPLETE,fixture
732895,Mixed-Humid Rural Climate Station 2 (demo),2023,8760,7796,0.89,INCOMPLETE,fixture
732896,Mixed-Humid Rural Climate Station 3 (demo),2023,8760,7621,0.87,INCOMPLETE,fixture
732897,Mixed-Humid Rural Climate Station 4 (demo),2023,8760,7621,0.87,INCOMPLETE,fixture
732898,Mixed-Humid Rural Climate Station 5 (demo),2023,8760,7446,0.85,INCOMPLETE,fixture
732899,Mixed-Humid Rural Climate Station 6 (demo),2023,8760,7446,0.85,INCOMPLETE,fixture
732900,Mixed-Humid Rural Climate Station 7 (demo),2023,8760,7271,0.83,INCOMPLETE,fixture
732901,Mixed-Humid Rural Climate Station 1 (demo),2023,8760,7271,0.83,INCOMPLETE,fixture
732902,Mixed-Humid Rural Climate Station 2 (demo),2023,8760,7096,0.81,INCOMPLETE,fixture
732903,Mixed-Humid Rural Climate Station 3 (demo),2023,8760,7096,0.81,INCOMPLETE,fixture
732904,Mixed-Humid Rural Climate Station 4 (demo),2023,8760,8760,1.0,COMPLETE,fixture
732905,Mixed-Humid Rural Climate Station 5 (demo),2023,8760,8760,1.0,COMPLETE,fixture
732906,Mixed-Humid Rural Climate Station 6 (demo),2023,8760,8585,0.98,COMPLETE,fixture
732907,Mixed-Humid Rural Climate Station 7 (demo),2023,8760,8585,0.98,COMPLETE,fixture
732908,Mixed-Humid Rural Climate Station 1 (demo),2023,8760,8410,0.96,COMPLETE,fixture
732909,Mixed-Humid Rural Climate Station 2 (demo),2023,8760,8410,0.96,COMPLETE,fixture
732910,Mixed-Humid Rural Climate Station 3 (demo),2023,8760,8234,0.94,COMPLETE,fixture
732911,Mixed-Humid Rural Climate Station 4 (demo),2023,8760,8234,0.94,COMPLETE,fixture
732912,Mixed-Humid Rural Climate Station 5 (demo),2023,8760,8059,0.92,COMPLETE,fixture
732913,Mixed-Humid Rural Climate Station 6 (demo),2023,8760,8059,0.92,COMPLETE,fixture
732914,Mixed-Humid Rural Climate Station 7 (demo),2023,8760,7884,0.9,COMPLETE,fixture
732915,Mixed-Humid Rural Climate Station 1 (demo),2023,8760,7884,0.9,COMPLETE,fixture
732916,Mixed-Humid Rural Climate Station 2 (demo),2023,8760,7709,0.88,INCOMPLETE,fixture
732917,Mixed-Humid Rural Climate Station 3 (demo),2023,8760,7709,0.88,INCOMPLETE,fixture
732918,Mixed-Humid Rural Climate Station 4 (demo),2023,8760,7534,0.86,INCOMPLETE,fixture
732919,Mixed-Humid Rural Climate Station 5 (demo),2023,8760,7534,0.86,INCOMPLETE,fixture
732920,Mixed-Humid Rural Climate Station 6 (demo),2023,8760,7358,0.84,INCOMPLETE,fixture
732921,Mixed-Humid Rural Climate Station 7 (demo),2023,8760,7358,0.84,INCOMPLETE,fixture
732922,Mixed-Humid Rural Climate Station 1 (demo),2023,8760,7183,0.82,INCOMPLETE,fixture
732923,Mixed-Humid Rural Climate Station 2 (demo),2023,8760,7183,0.82,INCOMPLETE,fixture
732924,Mixed-Humid Rural Climate Station 3 (demo),2023,8760,7008,0.8,INCOMPLETE,fixture
732925,Mixed-Humid Rural Climate Station 4 (demo),2023,8760,8672,0.99,COMPLETE,fixture
732926,Mixed-Humid Rural Climate Station 5 (demo),2023,8760,8672,0.99,COMPLETE,fixture
732927,Mixed-Humid Rural Climate Station 6 (demo),2023,8760,8497,0.97,COMPLETE,fixture
732928,Mixed-Humid Rural Climate Station 7 (demo),2023,8760,8497,0.97,COMPLETE,fixture
732929,Mixed-Humid Rural Climate Station 1 (demo),2023,8760,8322,0.95,COMPLETE,fixture
732930,Mixed-Humid Rural Climate Station 2 (demo),2023,8760,8322,0.95,COMPLETE,fixture
732931,Mixed-Humid Rural Climate Station 3 (demo),2023,8760,8147,0.93,COMPLETE,fixture
732932,Mixed-Humid Rural Climate Station 4 (demo),2023,8760,8147,0.93,COMPLETE,fixture
732933,Mixed-Humid Rural Climate Station 5 (demo),2023,8760,7972,0.91,COMPLETE,fixture
732934,Mixed-Humid Rural Climate Station 6 (demo),2023,8760,7972,0.91,COMPLETE,fixture
732935,Mixed-Humid Rural Climate Station 7 (demo),2023,8760,7796,0.89,INCOMPLETE,fixture
732936,Mixed-Humid Rural Climate Station 1 (demo),2023,8760,7796,0.89,INCOMPLETE,fixture
732937,Mixed-Humid Rural Climate Station 2 (demo),2023,8760,7621,0.87,INCOMPLETE,fixture
732938,Mixed-Humid Rural Climate Station 3 (demo),2023,8760,7621,0.87,INCOMPLETE,fixture
732939,Mixed-Humid Rural Climate Station 4 (demo),2023,8760,7446,0.85,INCOMPLETE,fixture
732940,Mixed-Humid Rural Climate Station 5 (demo),2023,8760,7446,0.85,INCOMPLETE,fixture
732941,Mixed-Humid Rural Climate Station 6 (demo),2023,8760,7271,0.83,INCOMPLETE,fixture
732942,Mixed-Humid Rural Climate Station 7 (demo),2023,8760,7271,0.83,INCOMPLETE,fixture
732943,Mixed-Humid Rural Climate Station 1 (demo),2023,8760,7096,0.81,INCOMPLETE,fixture
732944,Mixed-Humid Rural Climate Station 2 (demo),2023,8760,7096,0.81,INCOMPLETE,fixture
732945,Mixed-Humid Rural Climate Station 3 (demo),2023,8760,8760,1.0,COMPLETE,fixture
732946,Mixed-Humid Rural Climate Station 4 (demo),2023,8760,8760,1.0,COMPLETE,fixture
732947,Mixed-Humid Rural Climate Station 5 (demo),2023,8760,8585,0.98,COMPLETE,fixture
732948,Mixed-Humid Rural Climate Station 6 (demo),2023,8760,8585,0.98,COMPLETE,fixture
732949,Mixed-Humid Rural Climate Station 7 (demo),2023,8760,8410,0.96,COMPLETE,fixture
732950,Mixed-Humid Rural Climate Station 1 (demo),2023,8760,8410,0.96,COMPLETE,fixture
732951,Mixed-Humid Rural Climate Station 2 (demo),2023,8760,8234,0.94,COMPLETE,fixture
732952,Mixed-Humid Rural Climate Station 3 (demo),2023,8760,8234,0.94,COMPLETE,fixture
732953,Mixed-Humid Rural Climate Station 4 (demo),2023,8760,8059,0.92,COMPLETE,fixture
732954,Mixed-Humid Rural Climate Station 5 (demo),2023,8760,8059,0.92,COMPLETE,fixture
732955,Mixed-Humid Rural Climate Station 6 (demo),2023,8760,7884,0.9,COMPLETE,fixture
732956,Mixed-Humid Rural Climate Station 7 (demo),2023,8760,7884,0.9,COMPLETE,fixture
732957,Mixed-Humid Rural Climate Station 1 (demo),2023,8760,7709,0.88,INCOMPLETE,fixture
732958,Mixed-Humid Rural Climate Station 2 (demo),2023,8760,7709,0.88,INCOMPLETE,fixture
